Workbook

Sheet Schedule
B3: September | M3: =RANDBETWEEN(1,31) -> 4 | N3: 30
B4: Sun | C4: Mon | D4: Tue | E4: Wed | F4: Thu | G4: Fri | H4: Sat | M4: =RANDBETWEEN(1,31) -> 13 | N4: 5
G5: =F5+1 -> 1 | H5: =G5+1 -> 2 | M5: =RANDBETWEEN(1,31) -> 11 | N5: 14
B6: =H5+1 -> 3 | C6: =B6+1 -> 4 | D6: =C6+1 -> 5 | E6: =D6+1 -> 6 | F6: =E6+1 -> 7 | G6: =F6+1 -> 8 | H6: =G6+1 -> 9 | M6: =RANDBETWEEN(1,31) -> 7 | N6: 26
B7: =H6+1 -> 10 | C7: =B7+1 -> 11 | D7: =C7+1 -> 12 | E7: =D7+1 -> 13 | F7: =E7+1 -> 14 | G7: =F7+1 -> 15 | H7: =G7+1 -> 16 | M7: =RANDBETWEEN(1,31) -> 8 | N7: 7
B8: =H7+1 -> 17 | C8: =B8+1 -> 18 | D8: =C8+1 -> 19 | E8: =D8+1 -> 20 | F8: =E8+1 -> 21 | G8: =F8+1 -> 22 | H8: =G8+1 -> 23 | M8: =RANDBETWEEN(1,31) -> 14 | N8: 3
B9: =H8+1 -> 24 | C9: =B9+1 -> 25 | D9: =C9+1 -> 26 | E9: =D9+1 -> 27 | F9: =E9+1 -> 28 | G9: =F9+1 -> 29 | H9: =G9+1 -> 30 | M9: =RANDBETWEEN(1,31) -> 28 | N9: 8
M10: =RANDBETWEEN(1,31) -> 29 | N10: 28
M11: =RANDBETWEEN(1,31) -> 1 | N11: 24
B12: October | M12: =RANDBETWEEN(1,31) -> 13 | N12: 17
B13: Sun | C13: Mon | D13: Tue | E13: Wed | F13: Thu | G13: Fri | H13: Sat | M13: =RANDBETWEEN(1,31) -> 6 | N13: 14
B14: 1 | C14: =B14+1 -> 2 | D14: =C14+1 -> 3 | E14: =D14+1 -> 4 | F14: =E14+1 -> 5 | G14: =F14+1 -> 6 | H14: =G14+1 -> 7 | M14: =RANDBETWEEN(1,31) -> 22 | N14: 25
B15: =H14+1 -> 8 | C15: =B15+1 -> 9 | D15: =C15+1 -> 10 | E15: =D15+1 -> 11 | F15: =E15+1 -> 12 | G15: =F15+1 -> 13 | H15: =G15+1 -> 14 | M15: =RANDBETWEEN(1,31) -> 20 | N15: 13
B16: =H15+1 -> 15 | C16: =B16+1 -> 16 | D16: =C16+1 -> 17 | E16: =D16+1 -> 18 | F16: =E16+1 -> 19 | G16: =F16+1 -> 20 | H16: =G16+1 -> 21 | M16: =RANDBETWEEN(1,31) -> 22 | N16: 20
B17: =H16+1 -> 22 | C17: =B17+1 -> 23 | D17: =C17+1 -> 24 | E17: =D17+1 -> 25 | F17: =E17+1 -> 26 | G17: =F17+1 -> 27 | H17: =G17+1 -> 28 | M17: =RANDBETWEEN(1,31) -> 22 | N17: 3
B18: =H17+1 -> 29 | C18: =B18+1 -> 30 | D18: =C18+1 -> 31 | E18: =D18+1 -> 32
B20: February
B21: Sun | C21: Mon | D21: Tue | E21: Wed | F21: Thu | G21: Fri | H21: Sat
F22: 1 | G22: =F22+1 -> 2 | H22: =G22+1 -> 3
B23: =H22+1 -> 4 | C23: =B23+1 -> 5 | D23: =C23+1 -> 6 | E23: =D23+1 -> 7 | F23: =E23+1 -> 8 | G23: =F23+1 -> 9 | H23: =G23+1 -> 10
B24: =H23+1 -> 11 | C24: =B24+1 -> 12 | D24: =C24+1 -> 13 | E24: =D24+1 -> 14 | F24: =E24+1 -> 15 | G24: =F24+1 -> 16 | H24: =G24+1 -> 17
B25: =H24+1 -> 18 | C25: =B25+1 -> 19 | D25: =C25+1 -> 20 | E25: =D25+1 -> 21 | F25: =E25+1 -> 22 | G25: =F25+1 -> 23 | H25: =G25+1 -> 24
B26: =H25+1 -> 25 | C26: =B26+1 -> 26 | D26: =C26+1 -> 27 | E26: =D26+1 -> 28 | F26: =E26+1 -> 29
B28: September
B29: Sun | C29: Mon | D29: Tue | E29: Wed | F29: Thu | G29: Fri | H29: Sat
G30: =F30+1 -> 1 | H30: =G30+1 -> 2
B31: =H30+1 -> 3 | C31: =B31+1 -> 4 | D31: =C31+1 -> 5 | E31: =D31+1 -> 6 | F31: =E31+1 -> 7 | G31: =F31+1 -> 8 | H31: =G31+1 -> 9
B32: =H31+1 -> 10 | C32: =B32+1 -> 11 | D32: =C32+1 -> 12 | E32: =D32+1 -> 13 | F32: =E32+1 -> 14 | G32: =F32+1 -> 15 | H32: =G32+1 -> 16
B33: =H32+1 -> 17 | C33: =B33+1 -> 18 | D33: =C33+1 -> 19 | E33: =D33+1 -> 20 | F33: =E33+1 -> 21 | G33: =F33+1 -> 22 | H33: =G33+1 -> 23
B34: =H33+1 -> 24 | C34: =B34+1 -> 25 | D34: =C34+1 -> 26 | E34: =D34+1 -> 27 | F34: =E34+1 -> 28 | G34: =F34+1 -> 29 | H34: =G34+1 -> 30

Sheet Boat Expansion
A1: 2024 McNary Reservoir Harvest Model
V2: ( D )
H4: Peak Hour Expansion | K4: Expansion converting trailer counts to daily peak trailer counts
H5: Area Expansion Factor | I5: 1.1 | K5: Expansion of the peak trailer count to the peak boat count for the river from McNary Dam to Hwy 395
D6: 1.285 | H6: Sept | I6: 1.285 | K6: Expansion of the peak boat count to the day's total boat trips
A7: ______________________________________________________________________________________________________________________________________________________________________________________________________________
D8: Trailers | F8: Peak hour | G8: % Salmon | H8: Boats (exp.) | I8: Boats (Total) | K8: Interviews
A9: Date | C9: Ramp | D9: counted | E9: Hour | F9: expansion | H9: (exp) | K9: Salmon | L9: Steelhead | M9: Sal/StHd | N9: Other | O9: Rec
C10: OR | F10: 1
C11: WA | F11: 1
F12: 1.2 | H12: =F12*D12 -> 0 | K12: Boats
C13: Boats | F13: 1.2 | H13: =F13*D13 -> 0 | K13: Salmon | L13: Steelhead | M13: Sal/StHd | N13: Other | O13: Rec
H14: =SUM(H10:H13) -> 0 | I14: =H14*I$6*I$5 -> 0 | K14: 0 | L14: 0 | M14: 0 | N14: 0 | O14: 0
A16: Monday | B16: 45516 | C16: OR | F16: 1
C17: WA | F17: 1
F18: 1.2 | H18: =F18*D18 -> 0 | K18: Boats
C19: Boats | F19: 1.2 | H19: =F19*D19 -> 0 | K19: Salmon | L19: Steelhead | M19: Sal/StHd | N19: Other | O19: Rec
H20: =SUM(H16:H19) -> 0 | I20: =H20*I$6*I$5 -> 0 | K20: =K16/SUM(K16:O16)*I20 -> #DIV/0! | L20: =L16/SUM(K16:O16)*$I20 -> #DIV/0! | M20: =M16/SUM(K16:O16)*$I20 -> #DIV/0! | N20: =N16/SUM(K16:O16)*$I20 -> #DIV/0! | O20: =O16/SUM(K16:O16)*$I20 -> #DIV/0!
A22: Tue | B22: =B16+1 -> 45517 | C22: OR | F22: 1
C23: WA | F23: 1
F24: 1.2 | H24: =F24*D24 -> 0 | K24: Boats
C25: Boats | F25: 1.2 | H25: =F25*D25 -> 0 | K25: Salmon | L25: Steelhead | M25: Sal/StHd | N25: Other | O25: Rec
H26: =SUM(H22:H25) -> 0 | I26: =H26*I$6*I$5 -> 0 | K26: =K22/SUM(K22:O22)*I26 -> #DIV/0! | L26: =L22/SUM(K22:O22)*$I26 -> #DIV/0! | M26: =M22/SUM(K22:O22)*$I26 -> #DIV/0! | N26: =N22/SUM(K22:O22)*$I26 -> #DIV/0! | O26: =O22/SUM(K22:O22)*$I26 -> #DIV/0!
A28: Wed | B28: =B22+1 -> 45518 | C28: OR | F28: 1 | K28: 0 | L28: 0 | M28: 0 | N28: 0 | O28: 0
C29: WA | F29: 1
F30: 1.2 | H30: =F30*D30 -> 0 | K30: Boats
C31: Boats | F31: 1.2 | H31: =F31*D31 -> 0 | K31: Salmon | L31: Steelhead | M31: Sal/StHd | N31: Other | O31: Rec
H32: =SUM(H28:H31) -> 0 | I32: =H32*I$6*I$5 -> 0 | K32: 0 | L32: 0 | M32: 0 | N32: 0 | O32: 0
A34: Thu | B34: =B28+1 -> 45519 | C34: OR | F34: 1 | K34: 0 | L34: 0 | M34: 0 | N34: 0 | O34: 0
C35: WA | F35: 1
F36: 1.2 | H36: =F36*D36 -> 0 | K36: Boats
C37: Boats | F37: 1.2 | H37: =F37*D37 -> 0 | K37: Salmon | L37: Steelhead | M37: Sal/StHd | N37: Other | O37: Rec
H38: =SUM(H34:H37) -> 0 | I38: =H38*I$6*I$5 -> 0 | K38: 0 | L38: 0 | M38: 0 | N38: 0 | O38: 0
A40: Fri | B40: =B34+1 -> 45520 | C40: OR | F40: 1 | H40: =F40*D40*G40 -> 0
C41: WA | F41: 1 | H41: =F41*D41 -> 0
F42: 1.2 | H42: =F42*D42 -> 0 | K42: Boats
C43: Boats | F43: 1 | G43: 100 | H43: =F43*D43 -> 0 | K43: Salmon | L43: Steelhead | M43: Sal/StHd | N43: Other | O43: Rec
H44: =SUM(H40:H43) -> 0 | I44: =H44*I$6*I$5 -> 0 | K44: =K40/SUM(K40:O40)*I44 -> #DIV/0! | L44: =L40/SUM(K40:O40)*$I44 -> #DIV/0! | M44: =M40/SUM(K40:O40)*$I44 -> #DIV/0! | N44: =N40/SUM(K40:O40)*$I44 -> #DIV/0! | O44: =O40/SUM(K40:O40)*$I44 -> #DIV/0!
A46: Sat | B46: =B40+1 -> 45521 | C46: OR | F46: 1 | H46: =D46*F46*G46 -> 0 | L46: 1
C47: WA | F47: 1 | H47: =D47*F47*G47 -> 0
F48: 1.2 | H48: =F48*D48 -> 0 | K48: Boats
C49: Boats | F49: 1.2 | G49: =0/2 -> 0 | H49: =F49*D49 -> 0 | K49: Salmon | L49: Steelhead | M49: Sal/StHd | N49: Other | O49: Rec
H50: =SUM(H46:H49) -> 0 | I50: =H50*I$6*I$5 -> 0 | K50: =K46/SUM(K46:O46)*I50 -> 0 | L50: =L46/SUM(K46:O46)*$I50 -> 0 | M50: =M46/SUM(K46:O46)*$I50 -> 0 | N50: =N46/SUM(K46:O46)*$I50 -> 0 | O50: =O46/SUM(K46:O46)*$I50 -> 0
A52: Sun | B52: =B46+1 -> 45522 | C52: OR | D52: 1 | E52: 7.3 | F52: 1 | G52: 100 | H52: =F52*D52 -> 1
C53: WA | D53: 0 | E53: 7.1 | F53: 1 | G53: 100 | H53: =F53*D53 -> 0
F54: 1.2 | H54: =F54*D54 -> 0 | K54: Boats
C55: Boats | F55: 1.2 | H55: =F55*D55 -> 0 | K55: Salmon | L55: Steelhead | M55: Sal/StHd | N55: Other | O55: Rec
H56: =SUM(H52:H55) -> 1 | I56: =H56*I$6*I$5 -> 1.4135 | K56: 0 | L56: 0 | M56: 0 | N56: 0 | O56: 0
A58: Monday | B58: =B52+1 -> 45523 | C58: OR | F58: 1 | H58: =F58*D58 -> 0
C59: WA | F59: 1 | H59: =F59*D59 -> 0
F60: 1.2 | H60: =F60*D60 -> 0 | K60: Boats
C61: Boats | F61: 1.2 | H61: =F61*D61 -> 0 | K61: Salmon | L61: Steelhead | M61: Sal/StHd | N61: Other | O61: Rec
H62: =SUM(H58:H61) -> 0 | I62: =H62*I$6*I$5 -> 0 | K62: =K58/SUM(K58:O58)*I62 -> #DIV/0! | L62: =L58/SUM(K58:O58)*$I62 -> #DIV/0! | M62: =M58/SUM(K58:O58)*$I62 -> #DIV/0! | N62: =N58/SUM(K58:O58)*$I62 -> #DIV/0! | O62: =O58/SUM(K58:O58)*$I62 -> #DIV/0!
A64: Tue | B64: =B58+1 -> 45524 | C64: OR | F64: 1
C65: WA | F65: 1
F66: 1.2 | H66: =F66*D66 -> 0 | K66: Boats
C67: Boats | F67: 1.2 | H67: =F67*D67 -> 0 | K67: Salmon | L67: Steelhead | M67: Sal/StHd | N67: Other | O67: Rec
H68: =SUM(H64:H67) -> 0 | I68: =H68*I$6*I$5 -> 0 | K68: =K64/SUM(K64:O64)*I68 -> #DIV/0! | L68: =L64/SUM(K64:O64)*$I68 -> #DIV/0! | M68: =M64/SUM(K64:O64)*$I68 -> #DIV/0! | N68: =N64/SUM(K64:O64)*$I68 -> #DIV/0! | O68: =O64/SUM(K64:O64)*$I68 -> #DIV/0!
A70: Wed | B70: =B64+1 -> 45525 | C70: OR | F70: 1
C71: WA | F71: 1
F72: 1.2 | H72: =F72*D72 -> 0 | K72: Boats
C73: Boats | F73: 1.2 | H73: =F73*D73 -> 0 | K73: Salmon | L73: Steelhead | M73: Sal/StHd | N73: Other | O73: Rec
H74: =SUM(H70:H73) -> 0 | I74: =H74*I$6*I$5 -> 0 | K74: =K70/SUM(K70:O70)*I74 -> #DIV/0! | L74: =L70/SUM(K70:O70)*$I74 -> #DIV/0! | M74: =M70/SUM(K70:O70)*$I74 -> #DIV/0! | N74: =N70/SUM(K70:O70)*$I74 -> #DIV/0! | O74: =O70/SUM(K70:O70)*$I74 -> #DIV/0!
A76: Thu | B76: =B70+1 -> 45526 | C76: OR | F76: 1
C77: WA | F77: 1
F78: 1 | H78: =F78*D78 -> 0 | K78: Boats
C79: Boat | F79: 1 | H79: =F79*D79 -> 0 | K79: Salmon | L79: Steelhead | M79: Sal/StHd | N79: Other | O79: Rec
H80: =SUM(H76:H79) -> 0 | I80: =H80*I$6*I$5 -> 0 | K80: 0 | L80: 0 | M80: 0 | N80: 0 | O80: 0
A82: Fri | B82: =B76+1 -> 45527 | C82: OR | F82: 1 | G82: 0 | H82: =D82*F82*G82 -> 0 | L82: 1
C83: WA | F83: 1 | H83: =F83*D83 -> 0
F84: 1 | H84: =F84*D84 -> 0 | K84: Boats
C85: Boat | F85: 1 | H85: =F85*D85 -> 0 | K85: Salmon | L85: Steelhead | M85: Sal/StHd | N85: Other | O85: Rec
H86: =SUM(H82:H85) -> 0 | I86: =H86*I$6*I$5 -> 0 | K86: =K82/SUM(K82:O82)*I86 -> 0 | L86: =L82/SUM(K82:O82)*$I86 -> 0 | M86: =M82/SUM(K82:O82)*$I86 -> 0 | N86: =N82/SUM(K82:O82)*$I86 -> 0 | O86: =O82/SUM(K82:O82)*$I86 -> 0
A88: Sat | B88: =B82+1 -> 45528 | C88: OR | F88: 1 | H88: =F88*D88 -> 0
C89: WA | F89: 1 | H89: =F89*D89 -> 0
F90: 1 | H90: =F90*D90 -> 0 | K90: Boats
C91: Boat | F91: 1 | H91: =F91*D91 -> 0 | K91: Salmon | L91: Steelhead | M91: Sal/StHd | N91: Other | O91: Rec
H92: =SUM(H88:H91) -> 0 | I92: =H92*I$6*I$5 -> 0 | K92: =K88/SUM(K88:O88)*I92 -> #DIV/0! | L92: =L88/SUM(K88:O88)*$I92 -> #DIV/0! | M92: =M88/SUM(K88:O88)*$I92 -> #DIV/0! | N92: =N88/SUM(K88:O88)*$I92 -> #DIV/0! | O92: =O88/SUM(K88:O88)*$I92 -> #DIV/0!
A94: Sun | B94: =B88+1 -> 45529 | C94: OR | F94: 1.2 | H94: =F94*D94 -> 0
C95: WA | F95: 0.1 | H95: =F95*D95 -> 0
F96: 1.2 | H96: =F96*D96 -> 0 | K96: Boats
F97: 1.2 | H97: =F97*D97 -> 0 | K97: Salmon | L97: Steelhead | M97: Sal/StHd | N97: Other | O97: Rec
H98: =SUM(H94:H97) -> 0 | I98: =H98*I$6*I$5 -> 0 | K98: =K94/SUM(K94:O94)*I98 -> #DIV/0! | L98: =L94/SUM(K94:O94)*$I98 -> #DIV/0! | M98: =M94/SUM(K94:O94)*$I98 -> #DIV/0! | N98: =N94/SUM(K94:O94)*$I98 -> #DIV/0! | O98: =O94/SUM(K94:O94)*$I98 -> #DIV/0!
A100: Monday | B100: =B94+1 -> 45530 | C100: OR | F100: 1.2 | H100: =F100*D100 -> 0
C101: WA | F101: 1 | H101: =F101*D101 -> 0
F102: 1.2 | H102: =F102*D102 -> 0 | K102: Boats
F103: 1.2 | H103: =F103*D103 -> 0 | K103: Salmon | L103: Steelhead | M103: Sal/StHd | N103: Other | O103: Rec
H104: =SUM(H100:H103) -> 0 | I104: =H104*I$6*I$5 -> 0 | K104: =K100/SUM(K100:O100)*I104 -> #DIV/0! | L104: =L100/SUM(K100:O100)*$I104 -> #DIV/0! | M104: =M100/SUM(K100:O100)*$I104 -> #DIV/0! | N104: =N100/SUM(K100:O100)*$I104 -> #DIV/0! | O104: =O100/SUM(K100:O100)*$I104 -> #DIV/0!
A106: Tue | B106: =B100+1 -> 45531 | C106: OR | F106: 1.2 | H106: =F106*D106 -> 0
C107: WA | F107: 1.2 | H107: =F107*D107 -> 0
F108: 1.2 | H108: =F108*D108 -> 0 | K108: Boats
F109: 1.2 | H109: =F109*D109 -> 0 | K109: Salmon | L109: Steelhead | M109: Sal/StHd | N109: Other | O109: Rec
H110: =SUM(H106:H109) -> 0 | I110: =H110*I$6*I$5 -> 0 | K110: =K106/SUM(K106:O106)*I110 -> #DIV/0! | L110: =L106/SUM(K106:O106)*$I110 -> #DIV/0! | M110: =M106/SUM(K106:O106)*$I110 -> #DIV/0! | N110: =N106/SUM(K106:O106)*$I110 -> #DIV/0! | O110: =O106/SUM(K106:O106)*$I110 -> #DIV/0!
A112: Wed | B112: =B106+1 -> 45532 | C112: OR | F112: 1.2
C113: WA | F113: 1.2 | H113: =F113*D113 -> 0
F114: 1.2 | H114: =F114*D114 -> 0 | K114: Boats
C115: Boat | F115: 1.2 | H115: =F115*D115 -> 0 | K115: Salmon | L115: Steelhead | M115: Sal/StHd | N115: Other | O115: Rec
H116: =SUM(H112:H115) -> 0 | I116: 0 | K116: =K112/SUM(K112:O112)*I116 -> #DIV/0! | L116: =L112/SUM(K112:O112)*$I116 -> #DIV/0! | M116: =M112/SUM(K112:O112)*$I116 -> #DIV/0! | N116: =N112/SUM(K112:O112)*$I116 -> #DIV/0! | O116: =O112/SUM(K112:O112)*$I116 -> #DIV/0!
A118: Thu | B118: =B112+1 -> 45533 | C118: OR | F118: 1.2 | H118: =F118*D118 -> 0
C119: WA | F119: 1.2 | H119: =F119*D119 -> 0
...

Sheet Boat
K10: Sampled
K11: Steelhead | S11: Coho | W11: Chinook
D12: Sampled | K12: Harvest | O12: Catch & Release | W12: Harvest | AA12: C & R | AC12: White Sturgeon
D13: Target | E13: Boats | F13: Anglers | G13: Pole | H13: Estimated | I13: Sample | K13: AD | M13: Other | O13: AD | Q13: Wild | S13: Harvest | U13: C & R | W13: Adult | Y13: Jack | AD13: Legal | AH13: Walleye | AJ13: Trout | AL13: Bass | AN13: NPM | AP13: Sucker | AR13: C. Catfish | AT13: YP
C14: Date | E14: (#) | F14: (#) | G14: Hours | H14: Total boats | I14: Rate | K14: <78 | L14: ≥78 | M14: <78 | N14: ≥78 | O14: <78 | P14: ≥78 | Q14: <78 | R14: ≥78 | S14: NM | T14: AD | U14: NM | V14: AD | W14: NM | X14: AD | Y14: NM | Z14: AD | AA14: Adult | AB14: Jack | AC14: Sub | AD14: Rel | AE14: Kept | AF14: Over | AG14: Unk | AH14: Kept | AI14: Rel | AJ14: Kept | AK14: Rel | AL14: Kept | AM14: Rel | AN14: Kept | AO14: Rel | AP14: Kept | AQ14: Rel | AR14: Kept | AS14: Rel | AT14: Kept | AU14: Rel
H15: ='Boat Expansion'!I20 -> 0
C18: 45505
C19: =C18+1 -> 45506 | H19: ='Boat Expansion'!I44 -> 0
C20: =C19+1 -> 45507 | H20: ='Boat Expansion'!I50 -> 0
C21: =C20+1 -> 45508
C22: Total | E22: =SUM(E15:E21) -> 0 | F22: =SUM(F15:F21) -> 0 | G22: =SUM(G15:G21) -> 0 | H22: =SUM(H15:H21) -> 0 | I22: =E22/H22 -> #DIV/0! | K22: =SUM(K15:K21) -> 0 | L22: =SUM(L15:L21) -> 0 | M22: =SUM(M15:M21) -> 0 | N22: =SUM(N15:N21) -> 0 | O22: =SUM(O15:O21) -> 0 | P22: =SUM(P15:P21) -> 0 | Q22: =SUM(Q15:Q21) -> 0 | R22: =SUM(R15:R21) -> 0 | ... AO22: =SUM(AO15:AO21) -> 0 | AR22: =SUM(AR15:AR21) -> 0 | AS22: =SUM(AS15:AS21) -> 0 | AT22: =SUM(AT15:AT21) -> 0 | AU22: =SUM(AU15:AU21) -> 0
K23: =K22/$I22 -> #DIV/0! | L23: =L22/$I22 -> #DIV/0! | M23: =M22/$I22 -> #DIV/0! | N23: =N22/$I22 -> #DIV/0! | O23: =O22/$I22 -> #DIV/0! | P23: =P22/$I22 -> #DIV/0! | Q23: =Q22/$I22 -> #DIV/0! | R23: =R22/$I22 -> #DIV/0! | ... AO23: =AO22/$I22 -> #DIV/0! | AR23: =AR22/$I22 -> #DIV/0! | AS23: =AS22/$I22 -> #DIV/0! | AT23: =AT22/$I22 -> #DIV/0! | AU23: =AU22/$I22 -> #DIV/0!
C25: 45509 | H25: ='Boat Expansion'!I56 -> 1.4135
C26: =C25+1 -> 45510
C27: =C26+1 -> 45511
C28: =C27+1 -> 45512 | H28: ='Boat Expansion'!I74 -> 0
C29: =C28+1 -> 45513
C30: =C29+1 -> 45514 | H30: ='Boat Expansion'!I86 -> 0
C31: =C30+1 -> 45515 | H31: 0
C32: Total | E32: =SUM(E25:E31) -> 0 | F32: =SUM(F25:F31) -> 0 | G32: =SUM(G25:G31) -> 0 | H32: =SUM(H25:H31) -> 1.4135 | I32: 0 | K32: =SUM(K25:K31) -> 0 | L32: =SUM(L25:L31) -> 0 | M32: =SUM(M25:M31) -> 0 | N32: =SUM(N25:N31) -> 0 | O32: =SUM(O25:O31) -> 0 | P32: =SUM(P25:P31) -> 0 | Q32: =SUM(Q25:Q31) -> 0 | R32: =SUM(R25:R31) -> 0 | ... AO32: =SUM(AO25:AO31) -> 0 | AR32: =SUM(AR25:AR31) -> 0 | AS32: =SUM(AS25:AS31) -> 0 | AT32: =SUM(AT25:AT31) -> 0 | AU32: =SUM(AU25:AU31) -> 0
K33: 0 | L33: 0 | M33: 0 | N33: 0 | O33: 0 | P33: 0 | Q33: 0 | R33: 0 | S33: 0 | T33: 0 | U33: 0 | V33: 0 | W33: 0 | X33: 0 | Y33: 0 | Z33: 0 | AA33: 0 | AB33: 0 | AC33: 0 | AD33: 0 | AE33: 0 | AF33: 0 | AG33: 0 | AH33: 0 | AI33: 0 | AJ33: 0 | AK33: 0 | AL33: 0 | AM33: 0 | AN33: 0 | AO33: 0 | AP33: 0 | AQ33: 0 | AR33: 0 | AS33: 0 | AT33: 0 | AU33: 0
C35: =C31+1 -> 45516
C36: =C35+1 -> 45517
C37: =C36+1 -> 45518
C38: =C37+1 -> 45519 | H38: ='Boat Expansion'!I116 -> 0
C39: =C38+1 -> 45520
C40: =C39+1 -> 45521 | H40: ='Boat Expansion'!I128 -> 0
C41: =C40+1 -> 45522 | H41: ='Boat Expansion'!I134 -> 0
C42: Total | E42: =SUM(E35:E41) -> 0 | F42: =SUM(F35:F41) -> 0 | G42: =SUM(G35:G41) -> 0 | H42: =SUM(H35:H41) -> 0 | I42: =E42/H42 -> #DIV/0! | K42: =SUM(K35:K41) -> 0 | L42: =SUM(L35:L41) -> 0 | M42: =SUM(M35:M41) -> 0 | N42: =SUM(N35:N41) -> 0 | O42: =SUM(O35:O41) -> 0 | P42: =SUM(P35:P41) -> 0 | Q42: =SUM(Q35:Q41) -> 0 | R42: =SUM(R35:R41) -> 0 | ... AU42: =SUM(AU35:AU41) -> 0
K43: =K42/$I42 -> #DIV/0! | L43: =L42/$I42 -> #DIV/0! | M43: =M42/$I42 -> #DIV/0! | N43: =N42/$I42 -> #DIV/0! | O43: =O42/$I42 -> #DIV/0! | P43: =P42/$I42 -> #DIV/0! | Q43: =Q42/$I42 -> #DIV/0! | R43: =R42/$I42 -> #DIV/0! | ... AU43: =AU42/$I42 -> #DIV/0!
C45: =C41+1 -> 45523
C46: =C45+1 -> 45524
C47: =C46+1 -> 45525
C48: =C47+1 -> 45526
C49: =C48+1 -> 45527
C50: =C49+1 -> 45528
C51: =C50+1 -> 45529
C52: Total | E52: =SUM(E45:E51) -> 0 | F52: =SUM(F45:F51) -> 0 | G52: =SUM(G45:G51) -> 0 | H52: =SUM(H45:H51) -> 0 | I52: =E52/H52 -> #DIV/0! | K52: =SUM(K45:K51) -> 0 | L52: =SUM(L45:L51) -> 0 | M52: =SUM(M45:M51) -> 0 | N52: =SUM(N45:N51) -> 0 | O52: =SUM(O45:O51) -> 0 | P52: =SUM(P45:P51) -> 0 | Q52: =SUM(Q45:Q51) -> 0 | R52: =SUM(R45:R51) -> 0 | ... AU52: =SUM(AU45:AU51) -> 0
K53: =K52/$I52 -> #DIV/0! | L53: =L52/$I52 -> #DIV/0! | M53: =M52/$I52 -> #DIV/0! | N53: =N52/$I52 -> #DIV/0! | O53: =O52/$I52 -> #DIV/0! | P53: =P52/$I52 -> #DIV/0! | Q53: =Q52/$I52 -> #DIV/0! | R53: =R52/$I52 -> #DIV/0! | ... AU53: =AU52/$I52 -> #DIV/0!
C55: =C51+1 -> 45530
C56: =C55+1 -> 45531 | H56: ='Boat Expansion'!I188 -> 9.8945
C57: =C56+1 -> 45532 | H57: ='Boat Expansion'!I194 -> 9.8945
C58: =C57+1 -> 45533
C59: =C58+1 -> 45534 | H59: ='Boat Expansion'!I206 -> 0
C60: =C59+1 -> 45535
C61: =C60+1 -> 45536 | H61: ='Boat Expansion'!I218 -> 26.8565
C62: Total | E62: =SUM(E55:E61) -> 0 | F62: =SUM(F55:F61) -> 0 | G62: =SUM(G55:G61) -> 0 | H62: =SUM(H55:H61) -> 46.6455 | I62: =E62/H62 -> 0 | K62: =SUM(K55:K61) -> 0 | L62: =SUM(L55:L61) -> 0 | M62: =SUM(M55:M61) -> 0 | N62: =SUM(N55:N61) -> 0 | O62: =SUM(O55:O61) -> 0 | P62: =SUM(P55:P61) -> 0 | Q62: =SUM(Q55:Q61) -> 0 | R62: =SUM(R55:R61) -> 0 | ... AU62: =SUM(AU55:AU61) -> 0
K63: =K62/$I62 -> #DIV/0! | L63: =L62/$I62 -> #DIV/0! | M63: =M62/$I62 -> #DIV/0! | N63: =N62/$I62 -> #DIV/0! | O63: =O62/$I62 -> #DIV/0! | P63: =P62/$I62 -> #DIV/0! | Q63: =Q62/$I62 -> #DIV/0! | R63: =R62/$I62 -> #DIV/0! | ... AU63: =AU62/$I62 -> #DIV/0!
C65: =C61+1 -> 45537 | H65: 1.4
C66: =C65+1 -> 45538 | H66: ='Boat Expansion'!I152 -> 0
C67: =C66+1 -> 45539 | E67: 6 | F67: 12 | G67: 88.13 | H67: ='Boat Expansion'!I158 -> 8.7637 | W67: 1
C68: =C67+1 -> 45540 | H68: ='Boat Expansion'!I164 -> 0
C69: =C68+1 -> 45541 | E69: 7 | F69: 11 | G69: 56.02 | H69: ='Boat Expansion'!I170 -> 16.962 | O69: 1
C70: =C69+1 -> 45542 | E70: 11 | F70: 22 | G70: 104.36 | H70: ='Boat Expansion'!I176 -> 16.962 | Q70: 1 | W70: 1 | X70: 1
C71: =C70+1 -> 45543 | E71: 9 | F71: 16 | G71: 73.91 | H71: ='Boat Expansion'!I182 -> 14.135 | Q71: 1 | X71: 1
C72: Total | E72: =SUM(E65:E71) -> 33 | F72: =SUM(F65:F71) -> 61 | G72: =SUM(G65:G71) -> 322.42 | H72: =SUM(H65:H71) -> 58.2227 | I72: =E72/H72 -> 0.56678924 | K72: =SUM(K65:K71) -> 0 | L72: =SUM(L65:L71) -> 0 | M72: =SUM(M65:M71) -> 0 | N72: =SUM(N65:N71) -> 0 | O72: =SUM(O65:O71) -> 1 | P72: =SUM(P65:P71) -> 0 | Q72: =SUM(Q65:Q71) -> 2 | R72: =SUM(R65:R71) -> 0 | ... AU72: =SUM(AU65:AU71) -> 0
K73: =K72/$I72 -> 0 | L73: =L72/$I72 -> 0 | M73: =M72/$I72 -> 0 | N73: =N72/$I72 -> 0 | O73: =O72/$I72 -> 1.7643242 | P73: =P72/$I72 -> 0 | Q73: =Q72/$I72 -> 3.5286485 | R73: =R72/$I72 -> 0 | ... AU73: =AU72/$I72 -> 0
C75: =C71+1 -> 45544 | E75: 4 | F75: 16 | G75: 33.46 | H75: ='Boat Expansion'!I188 -> 9.8945 | AU75: 2
C76: =C75+1 -> 45545 | E76: 4 | F76: 9 | G76: 37.07 | H76: ='Boat Expansion'!I194 -> 9.8945
C77: =C76+1 -> 45546 | E77: 4 | F77: 6 | G77: 21.29 | H77: ='Boat Expansion'!I200 -> 4.2405
C78: =C77+1 -> 45547 | H78: ='Boat Expansion'!I284 -> 5.654
C79: =C78+1 -> 45548 | H79: ='Boat Expansion'!I290 -> 9.8945
C80: =C79+1 -> 45549 | E80: 14 | F80: 30 | G80: 126.59 | H80: ='Boat Expansion'!I218 -> 26.8565 | AM80: 2
C81: =C80+1 -> 45550 | E81: 8 | F81: 20 | G81: 74.68 | H81: =+'Boat Expansion'!I224 -> 19.789
C82: Total | E82: =SUM(E75:E81) -> 34 | F82: =SUM(F75:F81) -> 81 | G82: =SUM(G75:G81) -> 293.09 | H82: =SUM(H75:H81) -> 86.2235 | I82: =E82/H82 -> 0.39432405 | K82: =SUM(K75:K81) -> 0 | L82: =SUM(L75:L81) -> 0 | M82: =SUM(M75:M81) -> 0 | N82: =SUM(N75:N81) -> 0 | O82: =SUM(O75:O81) -> 0 | P82: =SUM(P75:P81) -> 0 | Q82: =SUM(Q75:Q81) -> 0 | R82: =SUM(R75:R81) -> 0 | ... AU82: =SUM(AU75:AU81) -> 2
K83: =K82/$I82 -> 0 | L83: =L82/$I82 -> 0 | M83: =M82/$I82 -> 0 | N83: =N82/$I82 -> 0 | O83: =O82/$I82 -> 0 | P83: =P82/$I82 -> 0 | Q83: =Q82/$I82 -> 0 | R83: =R82/$I82 -> 0 | ... AU83: =AU82/$I82 -> 5.0719706
C85: =C81+1 -> 45551 | H85: ='Boat Expansion'!I308 -> 11.308
C86: =C85+1 -> 45552 | E86: ='Boat Expansion'!I236 -> 0 | F86: 0 | G86: 0 | H86: 0
C87: =C86+1 -> 45553
C88: =C87+1 -> 45554 | H88: 4
C89: =C88+1 -> 45555 | E89: 9 | F89: 14 | G89: 61.58 | H89: ='Boat Expansion'!I254 -> 8.481 | AM89: 1
C90: =C89+1 -> 45556 | E90: 13 | F90: 23 | G90: 117.91 | H90: ='Boat Expansion'!I260 -> 24.0295 | Q90: 1 | X90: 1
C91: =C90+1 -> 45557 | E91: 7 | F91: 12 | G91: 56.42 | H91: ='Boat Expansion'!I266 -> 11.308 | X91: 1 | Z91: 1
C92: Total | E92: =SUM(E85:E91) -> 29 | F92: =SUM(F85:F91) -> 49 | G92: =SUM(G85:G91) -> 235.91 | H92: =SUM(H85:H91) -> 59.1265 | I92: =E92/H92 -> 0.49047381 | K92: =SUM(K85:K91) -> 0 | L92: =SUM(L85:L91) -> 0 | M92: =SUM(M85:M91) -> 0 | N92: =SUM(N85:N91) -> 0 | O92: =SUM(O85:O91) -> 0 | P92: =SUM(P85:P91) -> 0 | Q92: =SUM(Q85:Q91) -> 1 | R92: =SUM(R85:R91) -> 0 | ... AU92: =SUM(AU85:AU91) -> 0
K93: =K92/$I92 -> 0 | L93: =L92/$I92 -> 0 | M93: =M92/$I92 -> 0 | N93: =N92/$I92 -> 0 | O93: =O92/$I92 -> 0 | P93: =P92/$I92 -> 0 | Q93: =Q92/$I92 -> 2.0388448 | R93: =R92/$I92 -> 0 | ... AU93: =AU92/$I92 -> 0
C95: =C91+1 -> 45558 | E95: 7 | F95: 16 | G95: 69.72 | H95: ='Boat Expansion'!I272 -> 11.308 | AB95: 1
C96: =C95+1 -> 45559
C97: =C96+1 -> 45560 | E97: 4 | F97: 5 | G97: 18.68 | H97: ='Boat Expansion'!I284 -> 5.654 | V97: 1
C98: =C97+1 -> 45561 | E98: 4 | F98: 6 | G98: 32.35 | H98: ='Boat Expansion'!I290 -> 9.8945 | AM98: 1
C99: =C98+1 -> 45562
C100: =C99+1 -> 45563 | E100: 14 | F100: 28 | G100: 127.79 | H100: ='Boat Expansion'!I302 -> 19.789 | W100: 1 | Y100: 1
C101: =C100+1 -> 45564 | H101: ='Boat Expansion'!I308 -> 11.308
C102: Total | E102: =SUM(E95:E101) -> 29 | F102: =SUM(F95:F101) -> 55 | G102: =SUM(G95:G101) -> 248.54 | H102: =SUM(H95:H101) -> 57.9535 | I102: =E102/H102 -> 0.50040118 | K102: =SUM(K95:K101) -> 0 | L102: =SUM(L95:L101) -> 0 | M102: =SUM(M95:M101) -> 0 | N102: =SUM(N95:N101) -> 0 | O102: =SUM(O95:O101) -> 0 | P102: =SUM(P95:P101) -> 0 | Q102: =SUM(Q95:Q101) -> 0 | R102: =SUM(R95:R101) -> 0 | ... AU102: =SUM(AU95:AU101) -> 0
K103: =K102/$I102 -> 0 | L103: =L102/$I102 -> 0 | M103: =M102/$I102 -> 0 | N103: =N102/$I102 -> 0 | O103: =O102/$I102 -> 0 | P103: =P102/$I102 -> 0 | Q103: =Q102/$I102 -> 0 | R103: =R102/$I102 -> 0 | ... AU103: =AU102/$I102 -> 0
C105: =C101+1 -> 45565
C106: =C105+1 -> 45566 | H106: ='Boat Expansion'!I320 -> 5.654
C107: =C106+1 -> 45567 | E107: 2 | F107: 4 | G107: 22.16 | H107: ='Boat Expansion'!I326 -> 5.654
C108: =C107+1 -> 45568
C109: =C108+1 -> 45569 | E109: 3 | F109: 5 | G109: 16.68 | H109: ='Boat Expansion'!I338 -> 7.0675 | Q109: 1 | Y109: 1 | Z109: 1 | AU109: 1
C110: =C109+1 -> 45570 | E110: 6 | F110: 10 | G110: 38.54 | H110: ='Boat Expansion'!I344 -> 15.5485 | Q110: 1 | AM110: 1
C111: =C110+1 -> 45571 | E111: 6 | F111: 13 | G111: 65.98 | H111: ='Boat Expansion'!I350 -> 9.8945
C112: Total | E112: =SUM(E105:E111) -> 17 | F112: =SUM(F105:F111) -> 32 | G112: =SUM(G105:G111) -> 143.36 | H112: =SUM(H105:H111) -> 43.8185 | I112: =E112/H112 -> 0.38796399 | K112: =SUM(K105:K111) -> 0 | L112: =SUM(L105:L111) -> 0 | M112: =SUM(M105:M111) -> 0 | N112: =SUM(N105:N111) -> 0 | O112: =SUM(O105:O111) -> 0 | P112: =SUM(P105:P111) -> 0 | Q112: =SUM(Q105:Q111) -> 2 | R112: =SUM(R105:R111) -> 0 | ... AU112: =SUM(AU105:AU111) -> 1
K113: =K112/$I112 -> 0 | L113: =L112/$I112 -> 0 | M113: =M112/$I112 -> 0 | N113: =N112/$I112 -> 0 | O113: =O112/$I112 -> 0 | P113: =P112/$I112 -> 0 | Q113: =Q112/$I112 -> 5.1551176 | R113: =R112/$I112 -> 0 | ... AU113: =AU112/$I112 -> 2.5775588
C115: =C111+1 -> 45572 | E115: 10 | F115: 15 | G115: 81.63 | H115: ='Boat Expansion'!I356 -> 11.308 | Q115: 1 | S115: 1 | X115: 1 | AU115: 3
C116: =C115+1 -> 45573 | E116: 4 | F116: 6 | G116: 28.36 | H116: ='Boat Expansion'!I362 -> 5.654 | K116: 1 | T116: 1 | W116: 2
C117: =C116+1 -> 45574 | E117: 1 | F117: 3 | G117: 17.04 | H117: ='Boat Expansion'!I368 -> 2.827 | W117: 1
C118: =C117+1 -> 45575
C119: =C118+1 -> 45576
C120: =C119+1 -> 45577 | E120: 4 | F120: 15 | G120: 65.91 | H120: ='Boat Expansion'!I386 -> 7.9156 | Q120: 1 | Y120: 1 | Z120: 2 | AB120: 1 | AM120: 4
C121: =C120+1 -> 45578 | E121: 7 | F121: 17 | G121: 109.37 | H121: ='Boat Expansion'!I392 -> 9.8945 | Q121: 1
...

Sheet Bank
P1: 1 | Q1: 2 | R1: 3 | S1: 4 | T1: 5 | U1: 6 | V1: 7 | W1: 8 | X1: 9 | Y1: 10 | Z1: 11 | AA1: 12 | AB1: 13 | AC1: 14 | AD1: 15 | AE1: 16 | AF1: 17 | AG1: 18 | AH1: 19 | AI1: 20 | AJ1: 21 | AK1: 22 | AL1: 23 | AM1: 24 | AN1: 25 | AO1: 26 | AP1: 27 | BA1: 28 | BB1: 0 | BC1: 0 | BD1: 0 | BE1: 0 | BF1: 0 | BG1: 0 | BH1: 0 | BI1: 0 | BJ1: 0 | BK1: 0 | BL1: 0 | BM1: 0 | BN1: 0 | BO1: 0 | BP1: 0 | BQ1: 0 | BR1: 0 | BS1: 0 | BT1: 0 | BU1: 0 | BV1: 0 | BW1: 0 | BX1: 0 | BY1: 0 | BZ1: 0 | CA1: 0 | CB1: 0 | CC1: 0 | CD1: 0 | CE1: 0 | CF1: 0 | CG1: 0 | CH1: 0 | CI1: 0 | CJ1: 0
B2: Bank Angler Harvest Estimates
BB3: Catch & Harvest | DX3: CPUE
M4: Expansion | N4: 1.1 | P4: Sampled | BB4: CPUE | CN4: CPUE | DX4: CPUE
L5: +2 | P5: Steelhead | AB5: Chinook | AM5: =AM16+AM25+AM34+AM43+AM52+AM61+AM70+AM79+AM88+AM97+AM106+AM115+AM124+AM133+AM142+AM151+AM160+AM169+AM182+AM194+AM204+AM215 -> 0 | AN5: =AN16+AN25+AN34+AN43+AN52+AN61+AN70+AN79+AN88+AN97+AN106+AN115+AN124+AN133+AN142+AN151+AN160+AN169+AN182+AN194+AN204+AN215 -> 0 | AO5: =AO16+AO25+AO34+AO43+AO52+AO61+AO70+AO79+AO88+AO97+AO106+AO115+AO124+AO133+AO142+AO151+AO160+AO169+AO182+AO194+AO204+AO215 -> 0 | AP5: =AP16+AP25+AP34+AP43+AP52+AP61+AP70+AP79+AP88+AP97+AP106+AP115+AP124+AP133+AP142+AP151+AP160+AP169+AP182+AP194+AP204+AP215 -> 0 | AQ5: =AQ16+AQ25+AQ34+AQ43+AQ52+AQ61+AQ70+AQ79+AQ88+AQ97+AQ106+AQ115+AQ124+AQ133+AQ142+AQ151+AQ160+AQ169+AQ182+AQ194+AQ204+AQ215 -> 7 | AR5: =AR16+AR25+AR34+AR43+AR52+AR61+AR70+AR79+AR88+AR97+AR106+AR115+AR124+AR133+AR142+AR151+AR160+AR169+AR182+AR194+AR204+AR215 -> 3 | AS5: =AS16+AS25+AS34+AS43+AS52+AS61+AS70+AS79+AS88+AS97+AS106+AS115+AS124+AS133+AS142+AS151+AS160+AS169+AS182+AS194+AS204+AS215 -> 0 | AT5: =AT16+AT25+AT34+AT43+AT52+AT61+AT70+AT79+AT88+AT97+AT106+AT115+AT124+AT133+AT142+AT151+AT160+AT169+AT182+AT194+AT204+AT215 -> 0 | ... AZ5: =AZ16+AZ25+AZ34+AZ43+AZ52+AZ61+AZ70+AZ79+AZ88+AZ97+AZ106+AZ115+AZ124+AZ133+AZ142+AZ151+AZ160+AZ169+AZ182+AZ194+AZ204+AZ215 -> 13 | BB5: Steelhead | BN5: Chinook | CN5: Steelhead | CZ5: Chinook | DX5: Steelhead | EJ5: Chinook
H6: Effort | P6: Harvest | T6: Catch & Release | X6: Coho | AB6: Harvest | AF6: C & R | AH6: White Sturgeon | BB6: Harvest | BF6: Catch & Release | BJ6: Coho | BN6: Harvest | BR6: C & R | BT6: White Sturgeon | CN6: Harvest | CR6: Catch & Release | CV6: Coho | CZ6: Harvest | DD6: C & R | DF6: White Sturgeon | DX6: Harvest | EB6: Catch & Release | EF6: Coho | EJ6: Harvest | EN6: C & R | EP6: White Sturgeon
C7: Target | D7: Anglers | E7: Pole | F7: % | L7: Day | M7: Pole Hours | P7: AD | R7: Other | T7: AD | V7: Wild | X7: Harvest | Z7: C & R | AB7: Adult | AD7: Jack | AI7: Legal | AM7: NPM | AO7: Trout | AQ7: Bass | AS7: Shad | AU7: C. Catfish | AW7: Sucker | AY7: YP | BB7: AD | BD7: Other | BF7: AD | BH7: Wild | BJ7: Harvest | BL7: C & R | BN7: Adult | BP7: Jack | BU7: Legal | BY7: Walleye | CA7: Shad | CC7: Bass | CE7: NPM | CG7: C. Catfish | CI7: YP | CN7: AD | CP7: Other | CR7: AD | CT7: Wild | CV7: Harvest | CX7: C & R | CZ7: Adult | DB7: Jack | DG7: Legal | DK7: Walleye | DM7: Shad | DO7: Bass | DQ7: NPM | DS7: C. Catfish | DU7: YP | DX7: AD | DZ7: Other | EB7: AD | ED7: Wild | EF7: Harvest | EH7: C & R | EJ7: Adult | EL7: Jack | EQ7: Legal | EU7: Walleye | EW7: Shad | EY7: Bass | FA7: NPM | FC7: C. Catfish | FE7: YP
B8: Date | D8: (#) | E8: Hours | F8: Sampled | H8: Count | I8: Index | J8: % Sal | K8: %Oth | L8: Light | M8: Other | N8: Salmon | P8: <78 | Q8: ≥78 | R8: <78 | S8: ≥78 | T8: <78 | U8: ≥78 | V8: <78 | W8: ≥78 | X8: NM | Y8: AD | Z8: NM | AA8: AD | AB8: NM | AC8: AD | AD8: NM | AE8: AD | AF8: Adult | AG8: Jack | AH8: Sub | AI8: Rel | AJ8: Kept | AK8: Over | AL8: Unk | AM8: Kept | AN8: Rel | AO8: Kept | AP8: Rel | AQ8: Kept | AR8: Rel | AS8: Kept | AT8: Rel | AU8: Kept | AV8: Rel | AW8: Kept | AX8: Rel | AY8: Kept | AZ8: Rel | BB8: <79 | BC8: >78 | BD8: <79 | BE8: >78 | BF8: <79 | BG8: >78 | BH8: <79 | BI8: >78 | BJ8: NM | BK8: AD | BL8: NM | BM8: AD | BN8: NM | BO8: AD | BP8: NM | BQ8: AD | BR8: Adult | BS8: Jack | BT8: Sub | BU8: Rel | BV8: Kept | BW8: Over | BX8: Unk | BY8: Kept | BZ8: Rel | CA8: Kept | CB8: Rel | CC8: Kept | CD8: Rel | CE8: Kept | CF8: Rel | CG8: Kept | CH8: Rel | CI8: Kept | CJ8: Rel | CL8: Days | CN8: <79 | CO8: >78 | CP8: <79 | CQ8: >78 | CR8: <79 | CS8: >78 | CT8: <79 | CU8: >78 | CV8: NM | CW8: AD | CX8: NM | CY8: AD | CZ8: NM | DA8: AD | DB8: NM | DC8: AD | DD8: Adult | DE8: Jack | DF8: Sub | DG8: Rel | DH8: Kept | DI8: Over | DJ8: Unk | DK8: Kept | DL8: Rel | DM8: Kept | DN8: Rel | DO8: Kept | DP8: Rel | DQ8: Kept | DR8: Rel | DS8: Kept | DT8: Rel | DU8: Kept | DV8: Rel | DX8: <79 | DY8: >78 | DZ8: <79 | EA8: >78 | EB8: <79 | EC8: >78 | ED8: <79 | EE8: >78 | EF8: NM | EG8: AD | EH8: NM | EI8: AD | EJ8: NM | EK8: AD | EL8: NM | EM8: AD | EN8: Adult | EO8: Jack | EP8: Sub | EQ8: Rel | ER8: Kept | ES8: Over | ET8: Unk | EU8: Kept | EV8: Rel | EW8: Kept | EX8: Rel | EY8: Kept | EZ8: Rel | FA8: Kept | FB8: Rel | FC8: Kept | FD8: Rel | FE8: Kept | FF8: Rel
L9: 16 | M9: =H9/I9*K9*L9*1.5 -> #DIV/0! | N9: =H9/I9*J9*L9*N$4 -> #DIV/0! | BB9: =$N9*DX9 -> #DIV/0! | BC9: =$N9*DY9 -> #DIV/0! | BD9: =$N9*DZ9 -> #DIV/0! | BE9: =$N9*EA9 -> #DIV/0! | BF9: =$N9*EB9 -> #DIV/0! | BG9: =$N9*EC9 -> #DIV/0! | BH9: =$N9*ED9 -> #DIV/0! | BI9: =$N9*EE9 -> #DIV/0! | ... CJ9: =$N9*FF9 -> #DIV/0! | CL9: 5 | CN9: =AVERAGE(BB9:BB13)*$CL9 -> #DIV/0! | CO9: =AVERAGE(BC9:BC13)*$CL9 -> #DIV/0! | CP9: =AVERAGE(BD9:BD13)*$CL9 -> #DIV/0! | CQ9: =AVERAGE(BE9:BE13)*$CL9 -> #DIV/0! | CR9: =AVERAGE(BF9:BF13)*$CL9 -> #DIV/0! | CS9: =AVERAGE(BG9:BG13)*$CL9 -> #DIV/0! | CT9: =AVERAGE(BH9:BH13)*$CL9 -> #DIV/0! | CU9: =AVERAGE(BI9:BI13)*$CL9 -> #DIV/0! | ... DV9: =AVERAGE(CJ9:CJ13)*$CL9 -> #DIV/0! | DX9: =P9/$E9 -> #DIV/0! | DY9: =Q9/$E9 -> #DIV/0! | DZ9: =R9/$E9 -> #DIV/0! | EA9: =S9/$E9 -> #DIV/0! | EB9: =T9/$E9 -> #DIV/0! | EC9: =U9/$E9 -> #DIV/0! | ED9: =V9/$E9 -> #DIV/0! | EE9: =W9/$E9 -> #DIV/0! | ... FD9: =AV9/$E9 -> #DIV/0! | FE9: =AY9/$E9 -> #DIV/0! | FF9: =AZ9/$E9 -> #DIV/0!
M10: =H10/I10*K10*L10*1.5 -> #DIV/0! | N10: =H10/I10*J10*L10*N$4 -> #DIV/0! | BB10: =$N10*DX10 -> #DIV/0! | BC10: =$N10*DY10 -> #DIV/0! | BD10: =$N10*DZ10 -> #DIV/0! | BE10: =$N10*EA10 -> #DIV/0! | BF10: =$N10*EB10 -> #DIV/0! | BG10: =$N10*EC10 -> #DIV/0! | BH10: =$N10*ED10 -> #DIV/0! | BI10: =$N10*EE10 -> #DIV/0! | ... CJ10: =$N10*FF10 -> #DIV/0! | DX10: =P10/$E10 -> #DIV/0! | DY10: =Q10/$E10 -> #DIV/0! | DZ10: =R10/$E10 -> #DIV/0! | EA10: =S10/$E10 -> #DIV/0! | EB10: =T10/$E10 -> #DIV/0! | EC10: =U10/$E10 -> #DIV/0! | ED10: =V10/$E10 -> #DIV/0! | EE10: =W10/$E10 -> #DIV/0! | ... FD10: =AV10/$E10 -> #DIV/0! | FE10: =AY10/$E10 -> #DIV/0! | FF10: =AZ10/$E10 -> #DIV/0!
M11: =H11/I11*K11*L11*1.5 -> #DIV/0! | N11: =H11/I11*J11*L11*N$4 -> #DIV/0! | BB11: =$N11*DX11 -> #DIV/0! | BC11: =$N11*DY11 -> #DIV/0! | BD11: =$N11*DZ11 -> #DIV/0! | BE11: =$N11*EA11 -> #DIV/0! | BF11: =$N11*EB11 -> #DIV/0! | BG11: =$N11*EC11 -> #DIV/0! | BH11: =$N11*ED11 -> #DIV/0! | BI11: =$N11*EE11 -> #DIV/0! | ... CJ11: =$N11*FF11 -> #DIV/0! | DX11: =P11/$E11 -> #DIV/0! | DY11: =Q11/$E11 -> #DIV/0! | DZ11: =R11/$E11 -> #DIV/0! | EA11: =S11/$E11 -> #DIV/0! | EB11: =T11/$E11 -> #DIV/0! | EC11: =U11/$E11 -> #DIV/0! | ED11: =V11/$E11 -> #DIV/0! | EE11: =W11/$E11 -> #DIV/0! | ... FD11: =AV11/$E11 -> #DIV/0! | FE11: =AY11/$E11 -> #DIV/0! | FF11: =AZ11/$E11 -> #DIV/0!
B12: 45505 | M12: =H12/I12*K12*L12*1.5 -> #DIV/0! | N12: =H12/I12*J12*L12*N$4 -> #DIV/0! | BB12: =$N12*DX12 -> #DIV/0! | BC12: =$N12*DY12 -> #DIV/0! | BD12: =$N12*DZ12 -> #DIV/0! | BE12: =$N12*EA12 -> #DIV/0! | BF12: =$N12*EB12 -> #DIV/0! | BG12: =$N12*EC12 -> #DIV/0! | BH12: =$N12*ED12 -> #DIV/0! | BI12: =$N12*EE12 -> #DIV/0! | ... CJ12: =$N12*FF12 -> #DIV/0! | DX12: =P12/$E12 -> #DIV/0! | DY12: =Q12/$E12 -> #DIV/0! | DZ12: =R12/$E12 -> #DIV/0! | EA12: =S12/$E12 -> #DIV/0! | EB12: =T12/$E12 -> #DIV/0! | EC12: =U12/$E12 -> #DIV/0! | ED12: =V12/$E12 -> #DIV/0! | EE12: =W12/$E12 -> #DIV/0! | ... FD12: =AV12/$E12 -> #DIV/0! | FE12: =AY12/$E12 -> #DIV/0! | FF12: =AZ12/$E12 -> #DIV/0!
B13: =B12+1 -> 45506 | L13: 15.8 | M13: =H13/I13*K13*L13*1.5 -> #DIV/0! | N13: =H13/I13*J13*L13*N$4 -> #DIV/0! | BB13: =$N13*DX13 -> #DIV/0! | BC13: =$N13*DY13 -> #DIV/0! | BD13: =$N13*DZ13 -> #DIV/0! | BE13: =$N13*EA13 -> #DIV/0! | BF13: =$N13*EB13 -> #DIV/0! | BG13: =$N13*EC13 -> #DIV/0! | BH13: =$N13*ED13 -> #DIV/0! | BI13: =$N13*EE13 -> #DIV/0! | ... CJ13: =$N13*FF13 -> #DIV/0! | DX13: =P13/$E13 -> #DIV/0! | DY13: =Q13/$E13 -> #DIV/0! | DZ13: =R13/$E13 -> #DIV/0! | EA13: =S13/$E13 -> #DIV/0! | EB13: =T13/$E13 -> #DIV/0! | EC13: =U13/$E13 -> #DIV/0! | ED13: =V13/$E13 -> #DIV/0! | EE13: =W13/$E13 -> #DIV/0! | ... FD13: =AV13/$E13 -> #DIV/0! | FE13: =AY13/$E13 -> #DIV/0! | FF13: =AZ13/$E13 -> #DIV/0!
B14: =B13+1 -> 45507 | L14: 15.7 | M14: =H14/I14*K14*L14*1.5 -> #DIV/0! | N14: =H14/I14*J14*L14*N$4 -> #DIV/0! | BB14: =$N14*DX14 -> #DIV/0! | BC14: =$N14*DY14 -> #DIV/0! | BD14: =$N14*DZ14 -> #DIV/0! | BE14: =$N14*EA14 -> #DIV/0! | BF14: =$N14*EB14 -> #DIV/0! | BG14: =$N14*EC14 -> #DIV/0! | BH14: =$N14*ED14 -> #DIV/0! | BI14: =$N14*EE14 -> #DIV/0! | ... CJ14: =$N14*FF14 -> #DIV/0! | CL14: 2 | CN14: =AVERAGE(BB14:BB15)*$CL14 -> #DIV/0! | CO14: =AVERAGE(BC14:BC15)*$CL14 -> #DIV/0! | CP14: =AVERAGE(BD14:BD15)*$CL14 -> #DIV/0! | CQ14: =AVERAGE(BE14:BE15)*$CL14 -> #DIV/0! | CR14: =AVERAGE(BF14:BF15)*$CL14 -> #DIV/0! | CS14: =AVERAGE(BG14:BG15)*$CL14 -> #DIV/0! | CT14: =AVERAGE(BH14:BH15)*$CL14 -> #DIV/0! | CU14: =AVERAGE(BI14:BI15)*$CL14 -> #DIV/0! | ... DV14: =AVERAGE(CJ14:CJ15)*$CL14 -> #DIV/0! | DX14: =P14/$E14 -> #DIV/0! | DY14: =Q14/$E14 -> #DIV/0! | DZ14: =R14/$E14 -> #DIV/0! | EA14: =S14/$E14 -> #DIV/0! | EB14: =T14/$E14 -> #DIV/0! | EC14: =U14/$E14 -> #DIV/0! | ED14: =V14/$E14 -> #DIV/0! | EE14: =W14/$E14 -> #DIV/0! | ... FD14: =AV14/$E14 -> #DIV/0! | FE14: =AY14/$E14 -> #DIV/0! | FF14: =AZ14/$E14 -> #DIV/0!
B15: =B14+1 -> 45508 | M15: =H15/I15*K15*L15*1.5 -> #DIV/0! | N15: =H15/I15*J15*L15*N$4 -> #DIV/0! | BB15: =$N15*DX15 -> #DIV/0! | BC15: =$N15*DY15 -> #DIV/0! | BD15: =$N15*DZ15 -> #DIV/0! | BE15: =$N15*EA15 -> #DIV/0! | BF15: =$N15*EB15 -> #DIV/0! | BG15: =$N15*EC15 -> #DIV/0! | BH15: =$N15*ED15 -> #DIV/0! | BI15: =$N15*EE15 -> #DIV/0! | ... CJ15: =$N15*FF15 -> #DIV/0! | DX15: =P15/$E15 -> #DIV/0! | DY15: =Q15/$E15 -> #DIV/0! | DZ15: =R15/$E15 -> #DIV/0! | EA15: =S15/$E15 -> #DIV/0! | EB15: =T15/$E15 -> #DIV/0! | EC15: =U15/$E15 -> #DIV/0! | ED15: =V15/$E15 -> #DIV/0! | EE15: =W15/$E15 -> #DIV/0! | ... FD15: =AV15/$E15 -> #DIV/0! | FE15: =AY15/$E15 -> #DIV/0! | FF15: =AZ15/$E15 -> #DIV/0!
B16: Total | D16: =SUM(D9:D15) -> 0 | E16: =SUM(E9:E15) -> 0 | N16: =AVERAGE(N9:N13)*5+AVERAGE(N14:N15)*2 -> #DIV/0! | P16: =SUM(P9:P15) -> 0 | Q16: =SUM(Q9:Q15) -> 0 | R16: =SUM(R9:R15) -> 0 | S16: =SUM(S9:S15) -> 0 | T16: =SUM(T9:T15) -> 0 | U16: =SUM(U9:U15) -> 0 | V16: =SUM(V9:V15) -> 0 | W16: =SUM(W9:W15) -> 0 | ... AZ16: =SUM(AZ9:AZ15) -> 0 | BB16: =SUM(BB9:BB15) -> #DIV/0! | BC16: =SUM(BC9:BC15) -> #DIV/0! | BD16: =SUM(BD9:BD15) -> #DIV/0! | BE16: =SUM(BE9:BE15) -> #DIV/0! | BF16: =SUM(BF9:BF15) -> #DIV/0! | BG16: =SUM(BG9:BG15) -> #DIV/0! | BH16: =SUM(BH9:BH15) -> #DIV/0! | BI16: =SUM(BI9:BI15) -> #DIV/0! | ... CJ16: =SUM(CJ9:CJ15) -> #DIV/0! | CN16: =SUM(CN9:CN15) -> #DIV/0! | CO16: =SUM(CO9:CO15) -> #DIV/0! | CP16: =SUM(CP9:CP15) -> #DIV/0! | CQ16: =SUM(CQ9:CQ15) -> #DIV/0! | CR16: =SUM(CR9:CR15) -> #DIV/0! | CS16: =SUM(CS9:CS15) -> #DIV/0! | CT16: =SUM(CT9:CT15) -> #DIV/0! | CU16: =SUM(CU9:CU15) -> #DIV/0! | ... DV16: =SUM(DV9:DV15) -> #DIV/0! | DX16: =AVERAGE(DX9:DX15) -> #DIV/0! | DY16: =AVERAGE(DY9:DY15) -> #DIV/0! | DZ16: =AVERAGE(DZ9:DZ15) -> #DIV/0! | EA16: =AVERAGE(EA9:EA15) -> #DIV/0! | EB16: =AVERAGE(EB9:EB15) -> #DIV/0! | EC16: =AVERAGE(EC9:EC15) -> #DIV/0! | ED16: =AVERAGE(ED9:ED15) -> #DIV/0! | EE16: =AVERAGE(EE9:EE15) -> #DIV/0! | ... FF16: =AVERAGE(FF9:FF15) -> #DIV/0!
L17: +2
B18: 45509 | L18: 16.7 | M18: =H18/I18*K18*L18*1.5 -> #DIV/0! | N18: =H18/I18*J18*L18*N$4 -> #DIV/0! | BB18: =$N18*DX18 -> #DIV/0! | BC18: =$N18*DY18 -> #DIV/0! | BD18: =$N18*DZ18 -> #DIV/0! | BE18: =$N18*EA18 -> #DIV/0! | BF18: =$N18*EB18 -> #DIV/0! | BG18: =$N18*EC18 -> #DIV/0! | BH18: =$N18*ED18 -> #DIV/0! | BI18: =$N18*EE18 -> #DIV/0! | ... CJ18: =$N18*FF18 -> #DIV/0! | CL18: 5 | CN18: =AVERAGE(BB18:BB22)*$CL18 -> #DIV/0! | CO18: =AVERAGE(BC18:BC22)*$CL18 -> #DIV/0! | CP18: =AVERAGE(BD18:BD22)*$CL18 -> #DIV/0! | CQ18: =AVERAGE(BE18:BE22)*$CL18 -> #DIV/0! | CR18: =AVERAGE(BF18:BF22)*$CL18 -> #DIV/0! | CS18: =AVERAGE(BG18:BG22)*$CL18 -> #DIV/0! | CT18: =AVERAGE(BH18:BH22)*$CL18 -> #DIV/0! | CU18: =AVERAGE(BI18:BI22)*$CL18 -> #DIV/0! | ... DV18: =AVERAGE(CJ18:CJ22)*$CL18 -> #DIV/0! | DX18: =P18/$E18 -> #DIV/0! | DY18: =Q18/$E18 -> #DIV/0! | DZ18: =R18/$E18 -> #DIV/0! | EA18: =S18/$E18 -> #DIV/0! | EB18: =T18/$E18 -> #DIV/0! | EC18: =U18/$E18 -> #DIV/0! | ED18: =V18/$E18 -> #DIV/0! | EE18: =W18/$E18 -> #DIV/0! | ... FD18: =AV18/$E18 -> #DIV/0! | FE18: =AY18/$E18 -> #DIV/0! | FF18: =AZ18/$E18 -> #DIV/0!
B19: =B18+1 -> 45510 | M19: =H19/I19*K19*L19*1.5 -> #DIV/0! | N19: =H19/I19*J19*L19*N$4 -> #DIV/0! | BB19: =$N19*DX19 -> #DIV/0! | BC19: =$N19*DY19 -> #DIV/0! | BD19: =$N19*DZ19 -> #DIV/0! | BE19: =$N19*EA19 -> #DIV/0! | BF19: =$N19*EB19 -> #DIV/0! | BG19: =$N19*EC19 -> #DIV/0! | BH19: =$N19*ED19 -> #DIV/0! | BI19: =$N19*EE19 -> #DIV/0! | ... CJ19: =$N19*FF19 -> #DIV/0! | DX19: =P19/$E19 -> #DIV/0! | DY19: =Q19/$E19 -> #DIV/0! | DZ19: =R19/$E19 -> #DIV/0! | EA19: =S19/$E19 -> #DIV/0! | EB19: =T19/$E19 -> #DIV/0! | EC19: =U19/$E19 -> #DIV/0! | ED19: =V19/$E19 -> #DIV/0! | EE19: =W19/$E19 -> #DIV/0! | ... FD19: =AV19/$E19 -> #DIV/0! | FE19: =AY19/$E19 -> #DIV/0! | FF19: =AZ19/$E19 -> #DIV/0!
B20: =B19+1 -> 45511 | M20: =H20/I20*K20*L20*1.5 -> #DIV/0! | N20: =H20/I20*J20*L20*N$4 -> #DIV/0! | BB20: =$N20*DX20 -> #DIV/0! | BC20: =$N20*DY20 -> #DIV/0! | BD20: =$N20*DZ20 -> #DIV/0! | BE20: =$N20*EA20 -> #DIV/0! | BF20: =$N20*EB20 -> #DIV/0! | BG20: =$N20*EC20 -> #DIV/0! | BH20: =$N20*ED20 -> #DIV/0! | BI20: =$N20*EE20 -> #DIV/0! | ... CJ20: =$N20*FF20 -> #DIV/0! | DX20: =P20/$E20 -> #DIV/0! | DY20: =Q20/$E20 -> #DIV/0! | DZ20: =R20/$E20 -> #DIV/0! | EA20: =S20/$E20 -> #DIV/0! | EB20: =T20/$E20 -> #DIV/0! | EC20: =U20/$E20 -> #DIV/0! | ED20: =V20/$E20 -> #DIV/0! | EE20: =W20/$E20 -> #DIV/0! | ... FD20: =AV20/$E20 -> #DIV/0! | FE20: =AY20/$E20 -> #DIV/0! | FF20: =AZ20/$E20 -> #DIV/0!
B21: =B20+1 -> 45512 | L21: 16.5 | M21: =H21/I21*K21*L21*1.5 -> #DIV/0! | N21: =H21/I21*J21*L21*N$4 -> #DIV/0! | BB21: =$N21*DX21 -> #DIV/0! | BC21: =$N21*DY21 -> #DIV/0! | BD21: =$N21*DZ21 -> #DIV/0! | BE21: =$N21*EA21 -> #DIV/0! | BF21: =$N21*EB21 -> #DIV/0! | BG21: =$N21*EC21 -> #DIV/0! | BH21: =$N21*ED21 -> #DIV/0! | BI21: =$N21*EE21 -> #DIV/0! | ... CJ21: =$N21*FF21 -> #DIV/0! | DX21: =P21/$E21 -> #DIV/0! | DY21: =Q21/$E21 -> #DIV/0! | DZ21: =R21/$E21 -> #DIV/0! | EA21: =S21/$E21 -> #DIV/0! | EB21: =T21/$E21 -> #DIV/0! | EC21: =U21/$E21 -> #DIV/0! | ED21: =V21/$E21 -> #DIV/0! | EE21: =W21/$E21 -> #DIV/0! | ... FD21: =AV21/$E21 -> #DIV/0! | FE21: =AY21/$E21 -> #DIV/0! | FF21: =AZ21/$E21 -> #DIV/0!
B22: =B21+1 -> 45513 | M22: =H22/I22*K22*L22*1.5 -> #DIV/0! | N22: =H22/I22*J22*L22*N$4 -> #DIV/0! | BB22: =$N22*DX22 -> #DIV/0! | BC22: =$N22*DY22 -> #DIV/0! | BD22: =$N22*DZ22 -> #DIV/0! | BE22: =$N22*EA22 -> #DIV/0! | BF22: =$N22*EB22 -> #DIV/0! | BG22: =$N22*EC22 -> #DIV/0! | BH22: =$N22*ED22 -> #DIV/0! | BI22: =$N22*EE22 -> #DIV/0! | ... CJ22: =$N22*FF22 -> #DIV/0! | DX22: =P22/$E22 -> #DIV/0! | DY22: =Q22/$E22 -> #DIV/0! | DZ22: =R22/$E22 -> #DIV/0! | EA22: =S22/$E22 -> #DIV/0! | EB22: =T22/$E22 -> #DIV/0! | EC22: =U22/$E22 -> #DIV/0! | ED22: =V22/$E22 -> #DIV/0! | EE22: =W22/$E22 -> #DIV/0! | ... FD22: =AV22/$E22 -> #DIV/0! | FE22: =AY22/$E22 -> #DIV/0! | FF22: =AZ22/$E22 -> #DIV/0!
B23: =B22+1 -> 45514 | L23: 16.4 | M23: =H23/I23*K23*L23*1.5 -> #DIV/0! | N23: =H23/I23*J23*L23*N$4 -> #DIV/0! | BB23: =$N23*DX23 -> #DIV/0! | BC23: =$N23*DY23 -> #DIV/0! | BD23: =$N23*DZ23 -> #DIV/0! | BE23: =$N23*EA23 -> #DIV/0! | BF23: =$N23*EB23 -> #DIV/0! | BG23: =$N23*EC23 -> #DIV/0! | BH23: =$N23*ED23 -> #DIV/0! | BI23: =$N23*EE23 -> #DIV/0! | ... CJ23: =$N23*FF23 -> #DIV/0! | CL23: 2 | CN23: =AVERAGE(BB23:BB24)*$CL23 -> #DIV/0! | CO23: =AVERAGE(BC23:BC24)*$CL23 -> #DIV/0! | CP23: =AVERAGE(BD23:BD24)*$CL23 -> #DIV/0! | CQ23: =AVERAGE(BE23:BE24)*$CL23 -> #DIV/0! | CR23: =AVERAGE(BF23:BF24)*$CL23 -> #DIV/0! | CS23: =AVERAGE(BG23:BG24)*$CL23 -> #DIV/0! | CT23: =AVERAGE(BH23:BH24)*$CL23 -> #DIV/0! | CU23: =AVERAGE(BI23:BI24)*$CL23 -> #DIV/0! | ... DV23: =AVERAGE(CJ23:CJ24)*$CL23 -> #DIV/0! | DX23: =P23/$E23 -> #DIV/0! | DY23: =Q23/$E23 -> #DIV/0! | DZ23: =R23/$E23 -> #DIV/0! | EA23: =S23/$E23 -> #DIV/0! | EB23: =T23/$E23 -> #DIV/0! | EC23: =U23/$E23 -> #DIV/0! | ED23: =V23/$E23 -> #DIV/0! | EE23: =W23/$E23 -> #DIV/0! | ... FD23: =AV23/$E23 -> #DIV/0! | FE23: =AY23/$E23 -> #DIV/0! | FF23: =AZ23/$E23 -> #DIV/0!
B24: =B23+1 -> 45515 | L24: 16.4 | M24: =H24/I24*K24*L24*1.5 -> #DIV/0! | N24: =H24/I24*J24*L24*N$4 -> #DIV/0! | BB24: =$N24*DX24 -> #DIV/0! | BC24: =$N24*DY24 -> #DIV/0! | BD24: =$N24*DZ24 -> #DIV/0! | BE24: =$N24*EA24 -> #DIV/0! | BF24: =$N24*EB24 -> #DIV/0! | BG24: =$N24*EC24 -> #DIV/0! | BH24: =$N24*ED24 -> #DIV/0! | BI24: =$N24*EE24 -> #DIV/0! | ... CJ24: =$N24*FF24 -> #DIV/0! | DX24: =P24/$E24 -> #DIV/0! | DY24: =Q24/$E24 -> #DIV/0! | DZ24: =R24/$E24 -> #DIV/0! | EA24: =S24/$E24 -> #DIV/0! | EB24: =T24/$E24 -> #DIV/0! | EC24: =U24/$E24 -> #DIV/0! | ED24: =V24/$E24 -> #DIV/0! | EE24: =W24/$E24 -> #DIV/0! | ... FD24: =AV24/$E24 -> #DIV/0! | FE24: =AY24/$E24 -> #DIV/0! | FF24: =AZ24/$E24 -> #DIV/0!
D25: =SUM(D18:D24) -> 0 | E25: =SUM(E18:E24) -> 0 | N25: =AVERAGE(N18:N22)*5+AVERAGE(N23:N24)*2 -> #DIV/0! | P25: =SUM(P18:P24) -> 0 | Q25: =SUM(Q18:Q24) -> 0 | R25: =SUM(R18:R24) -> 0 | S25: =SUM(S18:S24) -> 0 | T25: =SUM(T18:T24) -> 0 | U25: =SUM(U18:U24) -> 0 | V25: =SUM(V18:V24) -> 0 | W25: =SUM(W18:W24) -> 0 | ... AZ25: =SUM(AZ18:AZ24) -> 0 | BB25: =SUM(BB18:BB24) -> #DIV/0! | BC25: =SUM(BC18:BC24) -> #DIV/0! | BD25: =SUM(BD18:BD24) -> #DIV/0! | BE25: =SUM(BE18:BE24) -> #DIV/0! | BF25: =SUM(BF18:BF24) -> #DIV/0! | BG25: =SUM(BG18:BG24) -> #DIV/0! | BH25: =SUM(BH18:BH24) -> #DIV/0! | BI25: =SUM(BI18:BI24) -> #DIV/0! | ... CJ25: =SUM(CJ18:CJ24) -> #DIV/0! | CN25: =SUM(CN18:CN24) -> #DIV/0! | CO25: =SUM(CO18:CO24) -> #DIV/0! | CP25: =SUM(CP18:CP24) -> #DIV/0! | CQ25: =SUM(CQ18:CQ24) -> #DIV/0! | CR25: =SUM(CR18:CR24) -> #DIV/0! | CS25: =SUM(CS18:CS24) -> #DIV/0! | CT25: =SUM(CT18:CT24) -> #DIV/0! | CU25: =SUM(CU18:CU24) -> #DIV/0! | ... DV25: =SUM(DV18:DV24) -> #DIV/0! | DX25: =AVERAGE(DX18:DX24) -> #DIV/0! | DY25: =AVERAGE(DY18:DY24) -> #DIV/0! | DZ25: =AVERAGE(DZ18:DZ24) -> #DIV/0! | EA25: =AVERAGE(EA18:EA24) -> #DIV/0! | EB25: =AVERAGE(EB18:EB24) -> #DIV/0! | EC25: =AVERAGE(EC18:EC24) -> #DIV/0! | ED25: =AVERAGE(ED18:ED24) -> #DIV/0! | EE25: =AVERAGE(EE18:EE24) -> #DIV/0! | ... FF25: =AVERAGE(FF18:FF24) -> #DIV/0!
L26: +2
B27: =B18+7 -> 45516 | M27: =H27/I27*K27*L27*1.5 -> #DIV/0! | N27: =H27/I27*J27*L27*N$4 -> #DIV/0! | BB27: =$N27*DX27 -> #DIV/0! | BC27: =$N27*DY27 -> #DIV/0! | BD27: =$N27*DZ27 -> #DIV/0! | BE27: =$N27*EA27 -> #DIV/0! | BF27: =$N27*EB27 -> #DIV/0! | BG27: =$N27*EC27 -> #DIV/0! | BH27: =$N27*ED27 -> #DIV/0! | BI27: =$N27*EE27 -> #DIV/0! | ... CJ27: =$N27*FF27 -> #DIV/0! | CL27: 5 | CN27: =AVERAGE(BB27:BB31)*$CL27 -> #DIV/0! | CO27: =AVERAGE(BC27:BC31)*$CL27 -> #DIV/0! | CP27: =AVERAGE(BD27:BD31)*$CL27 -> #DIV/0! | CQ27: =AVERAGE(BE27:BE31)*$CL27 -> #DIV/0! | CR27: =AVERAGE(BF27:BF31)*$CL27 -> #DIV/0! | CS27: =AVERAGE(BG27:BG31)*$CL27 -> #DIV/0! | CT27: =AVERAGE(BH27:BH31)*$CL27 -> #DIV/0! | CU27: =AVERAGE(BI27:BI31)*$CL27 -> #DIV/0! | ... DV27: =AVERAGE(CJ27:CJ31)*$CL27 -> #DIV/0! | DX27: =P27/$E27 -> #DIV/0! | DY27: =Q27/$E27 -> #DIV/0! | DZ27: =R27/$E27 -> #DIV/0! | EA27: =S27/$E27 -> #DIV/0! | EB27: =T27/$E27 -> #DIV/0! | EC27: =U27/$E27 -> #DIV/0! | ED27: =V27/$E27 -> #DIV/0! | EE27: =W27/$E27 -> #DIV/0! | ... FD27: =AV27/$E27 -> #DIV/0! | FE27: =AY27/$E27 -> #DIV/0! | FF27: =AZ27/$E27 -> #DIV/0!
B28: =B27+1 -> 45517 | M28: =H28/I28*K28*L28*1.5 -> #DIV/0! | N28: =H28/I28*J28*L28*N$4 -> #DIV/0! | BB28: =$N28*DX28 -> #DIV/0! | BC28: =$N28*DY28 -> #DIV/0! | BD28: =$N28*DZ28 -> #DIV/0! | BE28: =$N28*EA28 -> #DIV/0! | BF28: =$N28*EB28 -> #DIV/0! | BG28: =$N28*EC28 -> #DIV/0! | BH28: =$N28*ED28 -> #DIV/0! | BI28: =$N28*EE28 -> #DIV/0! | ... CJ28: =$N28*FF28 -> #DIV/0! | DX28: =P28/$E28 -> #DIV/0! | DY28: =Q28/$E28 -> #DIV/0! | DZ28: =R28/$E28 -> #DIV/0! | EA28: =S28/$E28 -> #DIV/0! | EB28: =T28/$E28 -> #DIV/0! | EC28: =U28/$E28 -> #DIV/0! | ED28: =V28/$E28 -> #DIV/0! | EE28: =W28/$E28 -> #DIV/0! | ... FD28: =AV28/$E28 -> #DIV/0! | FE28: =AY28/$E28 -> #DIV/0! | FF28: =AZ28/$E28 -> #DIV/0!
B29: =B28+1 -> 45518 | M29: =H29/I29*K29*L29*1.5 -> #DIV/0! | N29: =H29/I29*J29*L29*N$4 -> #DIV/0! | BB29: =$N29*DX29 -> #DIV/0! | BC29: =$N29*DY29 -> #DIV/0! | BD29: =$N29*DZ29 -> #DIV/0! | BE29: =$N29*EA29 -> #DIV/0! | BF29: =$N29*EB29 -> #DIV/0! | BG29: =$N29*EC29 -> #DIV/0! | BH29: =$N29*ED29 -> #DIV/0! | BI29: =$N29*EE29 -> #DIV/0! | ... CJ29: =$N29*FF29 -> #DIV/0! | DX29: =P29/$E29 -> #DIV/0! | DY29: =Q29/$E29 -> #DIV/0! | DZ29: =R29/$E29 -> #DIV/0! | EA29: =S29/$E29 -> #DIV/0! | EB29: =T29/$E29 -> #DIV/0! | EC29: =U29/$E29 -> #DIV/0! | ED29: =V29/$E29 -> #DIV/0! | EE29: =W29/$E29 -> #DIV/0! | ... FD29: =AV29/$E29 -> #DIV/0! | FE29: =AY29/$E29 -> #DIV/0! | FF29: =AZ29/$E29 -> #DIV/0!
B30: =B29+1 -> 45519 | L30: 16.2 | M30: =H30/I30*K30*L30*1.5 -> #DIV/0! | N30: =H30/I30*J30*L30*N$4 -> #DIV/0! | BB30: =$N30*DX30 -> #DIV/0! | BC30: =$N30*DY30 -> #DIV/0! | BD30: =$N30*DZ30 -> #DIV/0! | BE30: =$N30*EA30 -> #DIV/0! | BF30: =$N30*EB30 -> #DIV/0! | BG30: =$N30*EC30 -> #DIV/0! | BH30: =$N30*ED30 -> #DIV/0! | BI30: =$N30*EE30 -> #DIV/0! | ... CJ30: =$N30*FF30 -> #DIV/0! | DX30: =P30/$E30 -> #DIV/0! | DY30: =Q30/$E30 -> #DIV/0! | DZ30: =R30/$E30 -> #DIV/0! | EA30: =S30/$E30 -> #DIV/0! | EB30: =T30/$E30 -> #DIV/0! | EC30: =U30/$E30 -> #DIV/0! | ED30: =V30/$E30 -> #DIV/0! | EE30: =W30/$E30 -> #DIV/0! | ... FD30: =AV30/$E30 -> #DIV/0! | FE30: =AY30/$E30 -> #DIV/0! | FF30: =AZ30/$E30 -> #DIV/0!
B31: =B30+1 -> 45520 | M31: =H31/I31*K31*L31*1.5 -> #DIV/0! | N31: =H31/I31*J31*L31*N$4 -> #DIV/0! | BB31: =$N31*DX31 -> #DIV/0! | BC31: =$N31*DY31 -> #DIV/0! | BD31: =$N31*DZ31 -> #DIV/0! | BE31: =$N31*EA31 -> #DIV/0! | BF31: =$N31*EB31 -> #DIV/0! | BG31: =$N31*EC31 -> #DIV/0! | BH31: =$N31*ED31 -> #DIV/0! | BI31: =$N31*EE31 -> #DIV/0! | ... CJ31: =$N31*FF31 -> #DIV/0! | DX31: =P31/$E31 -> #DIV/0! | DY31: =Q31/$E31 -> #DIV/0! | DZ31: =R31/$E31 -> #DIV/0! | EA31: =S31/$E31 -> #DIV/0! | EB31: =T31/$E31 -> #DIV/0! | EC31: =U31/$E31 -> #DIV/0! | ED31: =V31/$E31 -> #DIV/0! | EE31: =W31/$E31 -> #DIV/0! | ... FD31: =AV31/$E31 -> #DIV/0! | FE31: =AY31/$E31 -> #DIV/0! | FF31: =AZ31/$E31 -> #DIV/0!
B32: =B31+1 -> 45521 | L32: 16.1 | M32: =H32/I32*K32*L32*1.5 -> #DIV/0! | N32: =H32/I32*J32*L32*N$4 -> #DIV/0! | BB32: =$N32*DX32 -> #DIV/0! | BC32: =$N32*DY32 -> #DIV/0! | BD32: =$N32*DZ32 -> #DIV/0! | BE32: =$N32*EA32 -> #DIV/0! | BF32: =$N32*EB32 -> #DIV/0! | BG32: =$N32*EC32 -> #DIV/0! | BH32: =$N32*ED32 -> #DIV/0! | BI32: =$N32*EE32 -> #DIV/0! | ... CJ32: =$N32*FF32 -> #DIV/0! | CL32: 2 | CN32: =AVERAGE(BB32:BB33)*$CL32 -> #DIV/0! | CO32: =AVERAGE(BC32:BC33)*$CL32 -> #DIV/0! | CP32: =AVERAGE(BD32:BD33)*$CL32 -> #DIV/0! | CQ32: =AVERAGE(BE32:BE33)*$CL32 -> #DIV/0! | CR32: =AVERAGE(BF32:BF33)*$CL32 -> #DIV/0! | CS32: =AVERAGE(BG32:BG33)*$CL32 -> #DIV/0! | CT32: =AVERAGE(BH32:BH33)*$CL32 -> #DIV/0! | CU32: =AVERAGE(BI32:BI33)*$CL32 -> #DIV/0! | ... DV32: =AVERAGE(CJ32:CJ33)*$CL32 -> #DIV/0! | DX32: =P32/$E32 -> #DIV/0! | DY32: =Q32/$E32 -> #DIV/0! | DZ32: =R32/$E32 -> #DIV/0! | EA32: =S32/$E32 -> #DIV/0! | EB32: =T32/$E32 -> #DIV/0! | EC32: =U32/$E32 -> #DIV/0! | ED32: =V32/$E32 -> #DIV/0! | EE32: =W32/$E32 -> #DIV/0! | ... FD32: =AV32/$E32 -> #DIV/0! | FE32: =AY32/$E32 -> #DIV/0! | FF32: =AZ32/$E32 -> #DIV/0!
B33: =B32+1 -> 45522 | L33: 16 | M33: =H33/I33*K33*L33*1.5 -> #DIV/0! | N33: =H33/I33*J33*L33*N$4 -> #DIV/0! | BB33: =$N33*DX33 -> #DIV/0! | BC33: =$N33*DY33 -> #DIV/0! | BD33: =$N33*DZ33 -> #DIV/0! | BE33: =$N33*EA33 -> #DIV/0! | BF33: =$N33*EB33 -> #DIV/0! | BG33: =$N33*EC33 -> #DIV/0! | BH33: =$N33*ED33 -> #DIV/0! | BI33: =$N33*EE33 -> #DIV/0! | ... CJ33: =$N33*FF33 -> #DIV/0! | DX33: =P33/$E33 -> #DIV/0! | DY33: =Q33/$E33 -> #DIV/0! | DZ33: =R33/$E33 -> #DIV/0! | EA33: =S33/$E33 -> #DIV/0! | EB33: =T33/$E33 -> #DIV/0! | EC33: =U33/$E33 -> #DIV/0! | ED33: =V33/$E33 -> #DIV/0! | EE33: =W33/$E33 -> #DIV/0! | ... FD33: =AV33/$E33 -> #DIV/0! | FE33: =AY33/$E33 -> #DIV/0! | FF33: =AZ33/$E33 -> #DIV/0!
D34: =SUM(D27:D33) -> 0 | E34: =SUM(E27:E33) -> 0 | N34: =AVERAGE(N27:N31)*5+AVERAGE(N32:N33)*2 -> #DIV/0! | P34: =SUM(P27:P33) -> 0 | Q34: =SUM(Q27:Q33) -> 0 | R34: =SUM(R27:R33) -> 0 | S34: =SUM(S27:S33) -> 0 | T34: =SUM(T27:T33) -> 0 | U34: =SUM(U27:U33) -> 0 | V34: =SUM(V27:V33) -> 0 | W34: =SUM(W27:W33) -> 0 | ... AZ34: =SUM(AZ27:AZ33) -> 0 | BB34: =SUM(BB27:BB33) -> #DIV/0! | BC34: =SUM(BC27:BC33) -> #DIV/0! | BD34: =SUM(BD27:BD33) -> #DIV/0! | BE34: =SUM(BE27:BE33) -> #DIV/0! | BF34: =SUM(BF27:BF33) -> #DIV/0! | BG34: =SUM(BG27:BG33) -> #DIV/0! | BH34: =SUM(BH27:BH33) -> #DIV/0! | BI34: =SUM(BI27:BI33) -> #DIV/0! | ... CJ34: =SUM(CJ27:CJ33) -> #DIV/0! | CN34: =SUM(CN27:CN33) -> #DIV/0! | CO34: =SUM(CO27:CO33) -> #DIV/0! | CP34: =SUM(CP27:CP33) -> #DIV/0! | CQ34: =SUM(CQ27:CQ33) -> #DIV/0! | CR34: =SUM(CR27:CR33) -> #DIV/0! | CS34: =SUM(CS27:CS33) -> #DIV/0! | CT34: =SUM(CT27:CT33) -> #DIV/0! | CU34: =SUM(CU27:CU33) -> #DIV/0! | ... DV34: =SUM(DV27:DV33) -> #DIV/0! | DX34: =AVERAGE(DX27:DX33) -> #DIV/0! | DY34: =AVERAGE(DY27:DY33) -> #DIV/0! | DZ34: =AVERAGE(DZ27:DZ33) -> #DIV/0! | EA34: =AVERAGE(EA27:EA33) -> #DIV/0! | EB34: =AVERAGE(EB27:EB33) -> #DIV/0! | EC34: =AVERAGE(EC27:EC33) -> #DIV/0! | ED34: =AVERAGE(ED27:ED33) -> #DIV/0! | EE34: =AVERAGE(EE27:EE33) -> #DIV/0! | ... FF34: =AVERAGE(FF27:FF33) -> #DIV/0!
L35: +2
B36: =B27+7 -> 45523 | L36: 16 | M36: =H36/I36*K36*L36*1.5 -> #DIV/0! | N36: =H36/I36*J36*L36*N$4 -> #DIV/0! | BB36: =$N36*DX36 -> #DIV/0! | BC36: =$N36*DY36 -> #DIV/0! | BD36: =$N36*DZ36 -> #DIV/0! | BE36: =$N36*EA36 -> #DIV/0! | BF36: =$N36*EB36 -> #DIV/0! | BG36: =$N36*EC36 -> #DIV/0! | BH36: =$N36*ED36 -> #DIV/0! | BI36: =$N36*EE36 -> #DIV/0! | ... CJ36: =$N36*FF36 -> #DIV/0! | CL36: 5 | CN36: =AVERAGE(BB36:BB40)*$CL36 -> #DIV/0! | CO36: =AVERAGE(BC36:BC40)*$CL36 -> #DIV/0! | CP36: =AVERAGE(BD36:BD40)*$CL36 -> #DIV/0! | CQ36: =AVERAGE(BE36:BE40)*$CL36 -> #DIV/0! | CR36: =AVERAGE(BF36:BF40)*$CL36 -> #DIV/0! | CS36: =AVERAGE(BG36:BG40)*$CL36 -> #DIV/0! | CT36: =AVERAGE(BH36:BH40)*$CL36 -> #DIV/0! | CU36: =AVERAGE(BI36:BI40)*$CL36 -> #DIV/0! | ... DV36: =AVERAGE(CJ36:CJ40)*$CL36 -> #DIV/0! | DX36: =P36/$E36 -> #DIV/0! | DY36: =Q36/$E36 -> #DIV/0! | DZ36: =R36/$E36 -> #DIV/0! | EA36: =S36/$E36 -> #DIV/0! | EB36: =T36/$E36 -> #DIV/0! | EC36: =U36/$E36 -> #DIV/0! | ED36: =V36/$E36 -> #DIV/0! | EE36: =W36/$E36 -> #DIV/0! | ... FD36: =AV36/$E36 -> #DIV/0! | FE36: =AY36/$E36 -> #DIV/0! | FF36: =AZ36/$E36 -> #DIV/0!
B37: =B36+1 -> 45524 | L37: 15.9 | M37: =H37/I37*K37*L37*1.5 -> #DIV/0! | N37: =H37/I37*J37*L37*N$4 -> #DIV/0! | BB37: =$N37*DX37 -> #DIV/0! | BC37: =$N37*DY37 -> #DIV/0! | BD37: =$N37*DZ37 -> #DIV/0! | BE37: =$N37*EA37 -> #DIV/0! | BF37: =$N37*EB37 -> #DIV/0! | BG37: =$N37*EC37 -> #DIV/0! | BH37: =$N37*ED37 -> #DIV/0! | BI37: =$N37*EE37 -> #DIV/0! | ... CJ37: =$N37*FF37 -> #DIV/0! | DX37: =P37/$E37 -> #DIV/0! | DY37: =Q37/$E37 -> #DIV/0! | DZ37: =R37/$E37 -> #DIV/0! | EA37: =S37/$E37 -> #DIV/0! | EB37: =T37/$E37 -> #DIV/0! | EC37: =U37/$E37 -> #DIV/0! | ED37: =V37/$E37 -> #DIV/0! | EE37: =W37/$E37 -> #DIV/0! | ... FD37: =AV37/$E37 -> #DIV/0! | FE37: =AY37/$E37 -> #DIV/0! | FF37: =AZ37/$E37 -> #DIV/0!
B38: =B37+1 -> 45525 | L38: 15.9 | M38: =H38/I38*K38*L38*1.5 -> #DIV/0! | N38: =H38/I38*J38*L38*N$4 -> #DIV/0! | BB38: =$N38*DX38 -> #DIV/0! | BC38: =$N38*DY38 -> #DIV/0! | BD38: =$N38*DZ38 -> #DIV/0! | BE38: =$N38*EA38 -> #DIV/0! | BF38: =$N38*EB38 -> #DIV/0! | BG38: =$N38*EC38 -> #DIV/0! | BH38: =$N38*ED38 -> #DIV/0! | BI38: =$N38*EE38 -> #DIV/0! | ... CJ38: =$N38*FF38 -> #DIV/0! | DX38: =P38/$E38 -> #DIV/0! | DY38: =Q38/$E38 -> #DIV/0! | DZ38: =R38/$E38 -> #DIV/0! | EA38: =S38/$E38 -> #DIV/0! | EB38: =T38/$E38 -> #DIV/0! | EC38: =U38/$E38 -> #DIV/0! | ED38: =V38/$E38 -> #DIV/0! | EE38: =W38/$E38 -> #DIV/0! | ... FD38: =AV38/$E38 -> #DIV/0! | FE38: =AY38/$E38 -> #DIV/0! | FF38: =AZ38/$E38 -> #DIV/0!
B39: =B38+1 -> 45526 | L39: 15.8 | M39: =H39/I39*K39*L39*1.5 -> #DIV/0! | N39: =H39/I39*J39*L39*N$4 -> #DIV/0! | BB39: =$N39*DX39 -> #DIV/0! | BC39: =$N39*DY39 -> #DIV/0! | BD39: =$N39*DZ39 -> #DIV/0! | BE39: =$N39*EA39 -> #DIV/0! | BF39: =$N39*EB39 -> #DIV/0! | BG39: =$N39*EC39 -> #DIV/0! | BH39: =$N39*ED39 -> #DIV/0! | BI39: =$N39*EE39 -> #DIV/0! | ... CJ39: =$N39*FF39 -> #DIV/0! | DX39: =P39/$E39 -> #DIV/0! | DY39: =Q39/$E39 -> #DIV/0! | DZ39: =R39/$E39 -> #DIV/0! | EA39: =S39/$E39 -> #DIV/0! | EB39: =T39/$E39 -> #DIV/0! | EC39: =U39/$E39 -> #DIV/0! | ED39: =V39/$E39 -> #DIV/0! | EE39: =W39/$E39 -> #DIV/0! | ... FD39: =AV39/$E39 -> #DIV/0! | FE39: =AY39/$E39 -> #DIV/0! | FF39: =AZ39/$E39 -> #DIV/0!
B40: =B39+1 -> 45527 | L40: 15.8 | M40: =H40/I40*K40*L40*1.5 -> #DIV/0! | N40: =H40/I40*J40*L40*N$4 -> #DIV/0! | BB40: =$N40*DX40 -> #DIV/0! | BC40: =$N40*DY40 -> #DIV/0! | BD40: =$N40*DZ40 -> #DIV/0! | BE40: =$N40*EA40 -> #DIV/0! | BF40: =$N40*EB40 -> #DIV/0! | BG40: =$N40*EC40 -> #DIV/0! | BH40: =$N40*ED40 -> #DIV/0! | BI40: =$N40*EE40 -> #DIV/0! | ... CJ40: =$N40*FF40 -> #DIV/0! | DX40: =P40/$E40 -> #DIV/0! | DY40: =Q40/$E40 -> #DIV/0! | DZ40: =R40/$E40 -> #DIV/0! | EA40: =S40/$E40 -> #DIV/0! | EB40: =T40/$E40 -> #DIV/0! | EC40: =U40/$E40 -> #DIV/0! | ED40: =V40/$E40 -> #DIV/0! | EE40: =W40/$E40 -> #DIV/0! | ... FD40: =AV40/$E40 -> #DIV/0! | FE40: =AY40/$E40 -> #DIV/0! | FF40: =AZ40/$E40 -> #DIV/0!
B41: =B40+1 -> 45528 | L41: 15.7 | M41: =H41/I41*K41*L41*1.5 -> #DIV/0! | N41: =H41/I41*J41*L41*N$4 -> #DIV/0! | BB41: =$N41*DX41 -> #DIV/0! | BC41: =$N41*DY41 -> #DIV/0! | BD41: =$N41*DZ41 -> #DIV/0! | BE41: =$N41*EA41 -> #DIV/0! | BF41: =$N41*EB41 -> #DIV/0! | BG41: =$N41*EC41 -> #DIV/0! | BH41: =$N41*ED41 -> #DIV/0! | BI41: =$N41*EE41 -> #DIV/0! | ... CJ41: =$N41*FF41 -> #DIV/0! | CL41: 2 | CN41: =AVERAGE(BB41:BB42)*$CL41 -> #DIV/0! | CO41: =AVERAGE(BC41:BC42)*$CL41 -> #DIV/0! | CP41: =AVERAGE(BD41:BD42)*$CL41 -> #DIV/0! | CQ41: =AVERAGE(BE41:BE42)*$CL41 -> #DIV/0! | CR41: =AVERAGE(BF41:BF42)*$CL41 -> #DIV/0! | CS41: =AVERAGE(BG41:BG42)*$CL41 -> #DIV/0! | CT41: =AVERAGE(BH41:BH42)*$CL41 -> #DIV/0! | CU41: =AVERAGE(BI41:BI42)*$CL41 -> #DIV/0! | ... DV41: =AVERAGE(CJ41:CJ42)*$CL41 -> #DIV/0! | DX41: =P41/$E41 -> #DIV/0! | DY41: =Q41/$E41 -> #DIV/0! | DZ41: =R41/$E41 -> #DIV/0! | EA41: =S41/$E41 -> #DIV/0! | EB41: =T41/$E41 -> #DIV/0! | EC41: =U41/$E41 -> #DIV/0! | ED41: =V41/$E41 -> #DIV/0! | EE41: =W41/$E41 -> #DIV/0! | ... FD41: =AV41/$E41 -> #DIV/0! | FE41: =AY41/$E41 -> #DIV/0! | FF41: =AZ41/$E41 -> #DIV/0!
B42: =B41+1 -> 45529 | L42: 15.6 | M42: =H42/I42*K42*L42*1.5 -> #DIV/0! | N42: =H42/I42*J42*L42*N$4 -> #DIV/0! | BB42: =$N42*DX42 -> #DIV/0! | BC42: =$N42*DY42 -> #DIV/0! | BD42: =$N42*DZ42 -> #DIV/0! | BE42: =$N42*EA42 -> #DIV/0! | BF42: =$N42*EB42 -> #DIV/0! | BG42: =$N42*EC42 -> #DIV/0! | BH42: =$N42*ED42 -> #DIV/0! | BI42: =$N42*EE42 -> #DIV/0! | ... CJ42: =$N42*FF42 -> #DIV/0! | DX42: =P42/$E42 -> #DIV/0! | DY42: =Q42/$E42 -> #DIV/0! | DZ42: =R42/$E42 -> #DIV/0! | EA42: =S42/$E42 -> #DIV/0! | EB42: =T42/$E42 -> #DIV/0! | EC42: =U42/$E42 -> #DIV/0! | ED42: =V42/$E42 -> #DIV/0! | EE42: =W42/$E42 -> #DIV/0! | ... FD42: =AV42/$E42 -> #DIV/0! | FE42: =AY42/$E42 -> #DIV/0! | FF42: =AZ42/$E42 -> #DIV/0!
D43: =SUM(D36:D42) -> 0 | E43: =SUM(E36:E42) -> 0 | N43: =AVERAGE(N36:N40)*5+AVERAGE(N41:N42)*2 -> #DIV/0! | P43: =SUM(P36:P42) -> 0 | Q43: =SUM(Q36:Q42) -> 0 | R43: =SUM(R36:R42) -> 0 | S43: =SUM(S36:S42) -> 0 | T43: =SUM(T36:T42) -> 0 | U43: =SUM(U36:U42) -> 0 | V43: =SUM(V36:V42) -> 0 | W43: =SUM(W36:W42) -> 0 | ... AZ43: =SUM(AZ36:AZ42) -> 0 | BB43: =SUM(BB36:BB42) -> #DIV/0! | BC43: =SUM(BC36:BC42) -> #DIV/0! | BD43: =SUM(BD36:BD42) -> #DIV/0! | BE43: =SUM(BE36:BE42) -> #DIV/0! | BF43: =SUM(BF36:BF42) -> #DIV/0! | BG43: =SUM(BG36:BG42) -> #DIV/0! | BH43: =SUM(BH36:BH42) -> #DIV/0! | BI43: =SUM(BI36:BI42) -> #DIV/0! | ... CJ43: =SUM(CJ36:CJ42) -> #DIV/0! | CN43: =SUM(CN36:CN42) -> #DIV/0! | CO43: =SUM(CO36:CO42) -> #DIV/0! | CP43: =SUM(CP36:CP42) -> #DIV/0! | CQ43: =SUM(CQ36:CQ42) -> #DIV/0! | CR43: =SUM(CR36:CR42) -> #DIV/0! | CS43: =SUM(CS36:CS42) -> #DIV/0! | CT43: =SUM(CT36:CT42) -> #DIV/0! | CU43: =SUM(CU36:CU42) -> #DIV/0! | ... DV43: =SUM(DV36:DV42) -> #DIV/0! | DX43: =AVERAGE(DX36:DX42) -> #DIV/0! | DY43: =AVERAGE(DY36:DY42) -> #DIV/0! | DZ43: =AVERAGE(DZ36:DZ42) -> #DIV/0! | EA43: =AVERAGE(EA36:EA42) -> #DIV/0! | EB43: =AVERAGE(EB36:EB42) -> #DIV/0! | EC43: =AVERAGE(EC36:EC42) -> #DIV/0! | ED43: =AVERAGE(ED36:ED42) -> #DIV/0! | EE43: =AVERAGE(EE36:EE42) -> #DIV/0! | ... FF43: =AVERAGE(FF36:FF42) -> #DIV/0!
B45: =B36+7 -> 45530 | CL45: 1 | CN45: =AVERAGE(BB45:BB49)*$CL45 -> #DIV/0! | CO45: =AVERAGE(BC45:BC49)*$CL45 -> #DIV/0! | CP45: =AVERAGE(BD45:BD49)*$CL45 -> #DIV/0! | CQ45: =AVERAGE(BE45:BE49)*$CL45 -> #DIV/0! | CR45: =AVERAGE(BF45:BF49)*$CL45 -> #DIV/0! | CS45: =AVERAGE(BG45:BG49)*$CL45 -> #DIV/0! | CT45: =AVERAGE(BH45:BH49)*$CL45 -> #DIV/0! | CU45: =AVERAGE(BI45:BI49)*$CL45 -> #DIV/0! | ... DV45: =AVERAGE(CJ45:CJ49)*$CL45 -> #DIV/0! | DX45: =P45/$E45 -> #DIV/0! | DY45: =Q45/$E45 -> #DIV/0! | DZ45: =R45/$E45 -> #DIV/0! | EA45: =S45/$E45 -> #DIV/0! | EB45: =T45/$E45 -> #DIV/0!
B46: =B45+1 -> 45531 | DX46: =P46/$E46 -> #DIV/0! | DY46: =Q46/$E46 -> #DIV/0! | DZ46: =R46/$E46 -> #DIV/0! | EA46: =S46/$E46 -> #DIV/0! | EB46: =T46/$E46 -> #DIV/0!
B47: =B46+1 -> 45532 | DX47: =P47/$E47 -> #DIV/0! | DY47: =Q47/$E47 -> #DIV/0! | DZ47: =R47/$E47 -> #DIV/0! | EA47: =S47/$E47 -> #DIV/0! | EB47: =T47/$E47 -> #DIV/0!
B48: =B47+1 -> 45533 | DX48: =P48/$E48 -> #DIV/0! | DY48: =Q48/$E48 -> #DIV/0! | DZ48: =R48/$E48 -> #DIV/0! | EA48: =S48/$E48 -> #DIV/0! | EB48: =T48/$E48 -> #DIV/0!
B49: =B48+1 -> 45534 | L49: 14.3 | M49: =H49/I49*K49*L49*1.5 -> #DIV/0! | N49: =H49/I49*J49*L49*N$4 -> #DIV/0! | BB49: =$N49*DX49 -> #DIV/0! | BC49: =$N49*DY49 -> #DIV/0! | BD49: =$N49*DZ49 -> #DIV/0! | BE49: =$N49*EA49 -> #DIV/0! | BF49: =$N49*EB49 -> #DIV/0! | BG49: =$N49*EC49 -> #DIV/0! | BH49: =$N49*ED49 -> #DIV/0! | BI49: =$N49*EE49 -> #DIV/0! | ... CJ49: =$N49*FF49 -> #DIV/0! | DX49: =P49/$E49 -> #DIV/0! | DY49: =Q49/$E49 -> #DIV/0! | DZ49: =R49/$E49 -> #DIV/0! | EA49: =S49/$E49 -> #DIV/0! | EB49: =T49/$E49 -> #DIV/0! | EC49: =U49/$E49 -> #DIV/0! | ED49: =V49/$E49 -> #DIV/0! | EE49: =W49/$E49 -> #DIV/0! | ... FD49: =AV49/$E49 -> #DIV/0! | FE49: =AY49/$E49 -> #DIV/0! | FF49: =AZ49/$E49 -> #DIV/0!
B50: =B49+1 -> 45535 | CL50: 2 | CN50: =AVERAGE(BB50:BB51)*$CL50 -> #DIV/0! | CO50: =AVERAGE(BC50:BC51)*$CL50 -> #DIV/0! | CP50: =AVERAGE(BD50:BD51)*$CL50 -> #DIV/0! | CQ50: =AVERAGE(BE50:BE51)*$CL50 -> #DIV/0! | CR50: =AVERAGE(BF50:BF51)*$CL50 -> #DIV/0! | CS50: =AVERAGE(BG50:BG51)*$CL50 -> #DIV/0! | CT50: =AVERAGE(BH50:BH51)*$CL50 -> #DIV/0! | CU50: =AVERAGE(BI50:BI51)*$CL50 -> #DIV/0! | ... DV50: =AVERAGE(CJ50:CJ51)*$CL50 -> #DIV/0! | DX50: =P50/$E50 -> #DIV/0! | DY50: =Q50/$E50 -> #DIV/0! | DZ50: =R50/$E50 -> #DIV/0! | EA50: =S50/$E50 -> #DIV/0! | EB50: =T50/$E50 -> #DIV/0!
B51: =B50+1 -> 45536 | L51: 14.3 | M51: =H51/I51*K51*L51*1.5 -> #DIV/0! | N51: =H51/I51*J51*L51*N$4 -> #DIV/0! | BB51: =$N51*DX51 -> #DIV/0! | BC51: =$N51*DY51 -> #DIV/0! | BD51: =$N51*DZ51 -> #DIV/0! | BE51: =$N51*EA51 -> #DIV/0! | BF51: =$N51*EB51 -> #DIV/0! | BG51: =$N51*EC51 -> #DIV/0! | BH51: =$N51*ED51 -> #DIV/0! | BI51: =$N51*EE51 -> #DIV/0! | ... CJ51: =$N51*FF51 -> #DIV/0! | DX51: =P51/$E51 -> #DIV/0! | DY51: =Q51/$E51 -> #DIV/0! | DZ51: =R51/$E51 -> #DIV/0! | EA51: =S51/$E51 -> #DIV/0! | EB51: =T51/$E51 -> #DIV/0! | EC51: =U51/$E51 -> #DIV/0! | ED51: =V51/$E51 -> #DIV/0! | EE51: =W51/$E51 -> #DIV/0! | ... FD51: =AV51/$E51 -> #DIV/0! | FE51: =AY51/$E51 -> #DIV/0! | FF51: =AZ51/$E51 -> #DIV/0!
D52: =SUM(D45:D51) -> 0 | E52: =SUM(E45:E51) -> 0 | N52: =AVERAGE(N45:N49)*1+AVERAGE(N50:N51)*2 -> #DIV/0! | P52: =SUM(P45:P51) -> 0 | Q52: =SUM(Q45:Q51) -> 0 | R52: =SUM(R45:R51) -> 0 | S52: =SUM(S45:S51) -> 0 | T52: =SUM(T45:T51) -> 0 | U52: =SUM(U45:U51) -> 0 | V52: =SUM(V45:V51) -> 0 | W52: =SUM(W45:W51) -> 0 | ... AZ52: =SUM(AZ45:AZ51) -> 0 | BB52: =SUM(BB45:BB51) -> #DIV/0! | BC52: =SUM(BC45:BC51) -> #DIV/0! | BD52: =SUM(BD45:BD51) -> #DIV/0! | BE52: =SUM(BE45:BE51) -> #DIV/0! | BF52: =SUM(BF45:BF51) -> #DIV/0! | BG52: =SUM(BG45:BG51) -> #DIV/0! | BH52: =SUM(BH45:BH51) -> #DIV/0! | BI52: =SUM(BI45:BI51) -> #DIV/0! | ... CJ52: =SUM(CJ45:CJ51) -> #DIV/0! | CN52: =SUM(CN45:CN51) -> #DIV/0! | CO52: =SUM(CO45:CO51) -> #DIV/0! | CP52: =SUM(CP45:CP51) -> #DIV/0! | CQ52: =SUM(CQ45:CQ51) -> #DIV/0! | CR52: =SUM(CR45:CR51) -> #DIV/0! | CS52: =SUM(CS45:CS51) -> #DIV/0! | CT52: =SUM(CT45:CT51) -> #DIV/0! | CU52: =SUM(CU45:CU51) -> #DIV/0! | ... DV52: =SUM(DV45:DV51) -> #DIV/0! | DX52: =AVERAGE(DX45:DX51) -> #DIV/0! | DY52: =AVERAGE(DY45:DY51) -> #DIV/0! | DZ52: =AVERAGE(DZ45:DZ51) -> #DIV/0! | EA52: =AVERAGE(EA45:EA51) -> #DIV/0! | EB52: =AVERAGE(EB45:EB51) -> #DIV/0! | EC52: =AVERAGE(EC45:EC51) -> #DIV/0! | ED52: =AVERAGE(ED45:ED51) -> #DIV/0! | EE52: =AVERAGE(EE45:EE51) -> #DIV/0! | ... FF52: =AVERAGE(FF45:FF51) -> #DIV/0!
L53: +1
B54: =B45+7 -> 45537 | CL54: 5 | CN54: =AVERAGE(BB54:BB58)*$CL54 -> 0 | CO54: =AVERAGE(BC54:BC58)*$CL54 -> 0 | CP54: =AVERAGE(BD54:BD58)*$CL54 -> 0 | CQ54: =AVERAGE(BE54:BE58)*$CL54 -> 0 | CR54: =AVERAGE(BF54:BF58)*$CL54 -> 0 | CS54: =AVERAGE(BG54:BG58)*$CL54 -> 0 | CT54: =AVERAGE(BH54:BH58)*$CL54 -> 0 | CU54: =AVERAGE(BI54:BI58)*$CL54 -> 0 | ... DV54: =AVERAGE(CJ54:CJ58)*$CL54 -> 0
B55: =B54+1 -> 45538 | D55: 3 | E55: 0.46 | H55: 3 | I55: 2 | J55: 0.5 | L55: 14.2 | M55: =H55/I55*K55*L55*1.5 -> 0 | N55: =H55/I55*J55*L55*N$4 -> 11.715 | BB55: =$N55*DX55 -> 0 | BC55: =$N55*DY55 -> 0 | BD55: =$N55*DZ55 -> 0 | BE55: =$N55*EA55 -> 0 | BF55: =$N55*EB55 -> 0 | BG55: =$N55*EC55 -> 0 | BH55: =$N55*ED55 -> 0 | BI55: =$N55*EE55 -> 0 | ... CJ55: =$N55*FF55 -> 0
B56: =B55+1 -> 45539 | D56: 0 | E56: 0 | H56: 0 | I56: 2 | M56: =H56/I56*K56*L56*1.5 -> 0 | N56: =H56/I56*J56*L56*N$4 -> 0
B57: =B56+1 -> 45540
B58: =B57+1 -> 45541 | D58: 5 | E58: 2 | H58: 5 | I58: 2 | J58: 0.33 | L58: 14.1 | M58: =H58/I58*K58*L58*1.5 -> 0 | N58: =H58/I58*J58*L58*N$4 -> 12.79575 | BB58: =$N58*DX58 -> 0 | BC58: =$N58*DY58 -> 0 | BD58: =$N58*DZ58 -> 0 | BE58: =$N58*EA58 -> 0 | BF58: =$N58*EB58 -> 0 | BG58: =$N58*EC58 -> 0 | BH58: =$N58*ED58 -> 0 | BI58: =$N58*EE58 -> 0 | ... CJ58: =$N58*FF58 -> 0 | DX58: =P58/$E58 -> 0 | DY58: =Q58/$E58 -> 0 | DZ58: =R58/$E58 -> 0 | EA58: =S58/$E58 -> 0 | EB58: =T58/$E58 -> 0 | EC58: =U58/$E58 -> 0 | ED58: =V58/$E58 -> 0 | EE58: =W58/$E58 -> 0 | ... FD58: =AV58/$E58 -> 0 | FE58: =AY58/$E58 -> 0 | FF58: =AZ58/$E58 -> 0
B59: =B58+1 -> 45542 | D59: 12 | E59: 8.63 | H59: 12 | I59: 2 | J59: =3/8 -> 0.375 | L59: 14 | M59: =H59/I59*K59*L59*1.5 -> 0 | N59: =H59/I59*J59*L59*N$4 -> 34.65 | BB59: =$N59*DX59 -> 0 | BC59: =$N59*DY59 -> 0 | BD59: =$N59*DZ59 -> 0 | BE59: =$N59*EA59 -> 0 | BF59: =$N59*EB59 -> 0 | BG59: =$N59*EC59 -> 0 | BH59: =$N59*ED59 -> 0 | BI59: =$N59*EE59 -> 0 | ... CJ59: =$N59*FF59 -> 0 | CL59: 2 | CN59: =AVERAGE(BB59:BB60)*$CL59 -> 0 | CO59: =AVERAGE(BC59:BC60)*$CL59 -> 0 | CP59: =AVERAGE(BD59:BD60)*$CL59 -> 0 | CQ59: =AVERAGE(BE59:BE60)*$CL59 -> 0 | CR59: =AVERAGE(BF59:BF60)*$CL59 -> 5.4734704 | CS59: =AVERAGE(BG59:BG60)*$CL59 -> 0 | CT59: =AVERAGE(BH59:BH60)*$CL59 -> 5.4734704 | CU59: =AVERAGE(BI59:BI60)*$CL59 -> 0 | ... DV59: =AVERAGE(CJ59:CJ60)*$CL59 -> 0 | DX59: =P59/$E59 -> 0 | DY59: =Q59/$E59 -> 0 | DZ59: =R59/$E59 -> 0 | EA59: =S59/$E59 -> 0 | EB59: =T59/$E59 -> 0 | EC59: =U59/$E59 -> 0 | ED59: =V59/$E59 -> 0 | EE59: =W59/$E59 -> 0 | ... FD59: =AV59/$E59 -> 0 | FE59: =AY59/$E59 -> 0 | FF59: =AZ59/$E59 -> 0
B60: =B59+1 -> 45543 | D60: 21 | E60: 18.18 | H60: 21 | I60: 2 | J60: =8/13 -> 0.61538462 | L60: 14 | M60: =H60/I60*K60*L60*1.5 -> 0 | N60: =H60/I60*J60*L60*N$4 -> 99.507692 | T60: 1 | V60: 1 | BB60: =$N60*DX60 -> 0 | BC60: =$N60*DY60 -> 0 | BD60: =$N60*DZ60 -> 0 | BE60: =$N60*EA60 -> 0 | BF60: =$N60*EB60 -> 5.4734704 | BG60: =$N60*EC60 -> 0 | BH60: =$N60*ED60 -> 5.4734704 | BI60: =$N60*EE60 -> 0 | ... CJ60: =$N60*FF60 -> 0 | DX60: =P60/$E60 -> 0 | DY60: =Q60/$E60 -> 0 | DZ60: =R60/$E60 -> 0 | EA60: =S60/$E60 -> 0 | EB60: =T60/$E60 -> 0.055005501 | EC60: =U60/$E60 -> 0 | ED60: =V60/$E60 -> 0.055005501 | EE60: =W60/$E60 -> 0 | ... FD60: =AV60/$E60 -> 0 | FE60: =AY60/$E60 -> 0 | FF60: =AZ60/$E60 -> 0
D61: =SUM(D54:D60) -> 41 | E61: =SUM(E54:E60) -> 29.27 | N61: =AVERAGE(N54:N58)*5+AVERAGE(N59:N60)*2 -> 175.00894 | P61: =SUM(P54:P60) -> 0 | Q61: =SUM(Q54:Q60) -> 0 | R61: =SUM(R54:R60) -> 0 | S61: =SUM(S54:S60) -> 0 | T61: =SUM(T54:T60) -> 1 | U61: =SUM(U54:U60) -> 0 | V61: =SUM(V54:V60) -> 1 | W61: =SUM(W54:W60) -> 0 | ... AZ61: =SUM(AZ54:AZ60) -> 0 | BB61: =SUM(BB54:BB60) -> 0 | BC61: =SUM(BC54:BC60) -> 0 | BD61: =SUM(BD54:BD60) -> 0 | BE61: =SUM(BE54:BE60) -> 0 | BF61: =SUM(BF54:BF60) -> 5.4734704 | BG61: =SUM(BG54:BG60) -> 0 | BH61: =SUM(BH54:BH60) -> 5.4734704 | BI61: =SUM(BI54:BI60) -> 0 | ... CJ61: =SUM(CJ54:CJ60) -> 0 | CN61: =SUM(CN54:CN60) -> 0 | CO61: =SUM(CO54:CO60) -> 0 | CP61: =SUM(CP54:CP60) -> 0 | CQ61: =SUM(CQ54:CQ60) -> 0 | CR61: =SUM(CR54:CR60) -> 5.4734704 | CS61: =SUM(CS54:CS60) -> 0 | CT61: =SUM(CT54:CT60) -> 5.4734704 | CU61: =SUM(CU54:CU60) -> 0 | ... DV61: =SUM(DV54:DV60) -> 0 | DX61: =AVERAGE(DX54:DX60) -> 0 | DY61: =AVERAGE(DY54:DY60) -> 0 | DZ61: =AVERAGE(DZ54:DZ60) -> 0 | EA61: =AVERAGE(EA54:EA60) -> 0 | EB61: =AVERAGE(EB54:EB60) -> 0.018335167 | EC61: =AVERAGE(EC54:EC60) -> 0 | ED61: =AVERAGE(ED54:ED60) -> 0.018335167 | EE61: =AVERAGE(EE54:EE60) -> 0 | ... FF61: =AVERAGE(FF54:FF60) -> 0
B63: =B54+7 -> 45544 | D63: 3 | E63: 2.8 | H63: 3 | I63: 2 | J63: =1/4 -> 0.25 | L63: 13.9 | M63: =H63/I63*K63*L63*1.5 -> 0 | N63: =H63/I63*J63*L63*N$4 -> 5.73375 | AR63: 1 | AZ63: 2 | BB63: =$N63*DX63 -> 0 | BC63: =$N63*DY63 -> 0 | BD63: =$N63*DZ63 -> 0 | BE63: =$N63*EA63 -> 0 | BF63: =$N63*EB63 -> 0 | BG63: =$N63*EC63 -> 0 | BH63: =$N63*ED63 -> 0 | BI63: =$N63*EE63 -> 0 | ... CJ63: =$N63*FF63 -> 4.0955357 | CL63: 5 | CN63: =AVERAGE(BB63:BB67)*$CL63 -> 0 | CO63: =AVERAGE(BC63:BC67)*$CL63 -> 0 | CP63: =AVERAGE(BD63:BD67)*$CL63 -> 0 | CQ63: =AVERAGE(BE63:BE67)*$CL63 -> 0 | CR63: =AVERAGE(BF63:BF67)*$CL63 -> 0 | CS63: =AVERAGE(BG63:BG67)*$CL63 -> 0 | CT63: =AVERAGE(BH63:BH67)*$CL63 -> 0 | CU63: =AVERAGE(BI63:BI67)*$CL63 -> 0 | ... DV63: =AVERAGE(CJ63:CJ67)*$CL63 -> 6.8258929 | DX63: =P63/$E63 -> 0 | DY63: =Q63/$E63 -> 0 | DZ63: =R63/$E63 -> 0 | EA63: =S63/$E63 -> 0 | EB63: =T63/$E63 -> 0 | EC63: =U63/$E63 -> 0 | ED63: =V63/$E63 -> 0 | EE63: =W63/$E63 -> 0 | ... FD63: =AV63/$E63 -> 0 | FE63: =AY63/$E63 -> 0 | FF63: =AZ63/$E63 -> 0.71428571
B64: =B63+1 -> 45545 | D64: 4 | E64: 4.23 | H64: 4 | I64: 2 | J64: =3/6 -> 0.5 | L64: 13.8 | M64: =H64/I64*K64*L64*1.5 -> 0 | N64: =H64/I64*J64*L64*N$4 -> 15.18 | BB64: =$N64*DX64 -> 0 | BC64: =$N64*DY64 -> 0 | BD64: =$N64*DZ64 -> 0 | BE64: =$N64*EA64 -> 0 | BF64: =$N64*EB64 -> 0 | BG64: =$N64*EC64 -> 0 | BH64: =$N64*ED64 -> 0 | BI64: =$N64*EE64 -> 0 | ... CJ64: =$N64*FF64 -> 0 | DX64: =P64/$E64 -> 0 | DY64: =Q64/$E64 -> 0 | DZ64: =R64/$E64 -> 0 | EA64: =S64/$E64 -> 0 | EB64: =T64/$E64 -> 0 | EC64: =U64/$E64 -> 0 | ED64: =V64/$E64 -> 0 | EE64: =W64/$E64 -> 0 | ... FD64: =AV64/$E64 -> 0 | FE64: =AY64/$E64 -> 0 | FF64: =AZ64/$E64 -> 0
B65: =B64+1 -> 45546 | D65: 2 | E65: 4.66 | H65: 2 | I65: 2 | J65: =3/4 -> 0.75 | L65: 13.8 | M65: =H65/I65*K65*L65*1.5 -> 0 | N65: =H65/I65*J65*L65*N$4 -> 11.385 | BB65: =$N65*DX65 -> 0 | BC65: =$N65*DY65 -> 0 | BD65: =$N65*DZ65 -> 0 | BE65: =$N65*EA65 -> 0 | BF65: =$N65*EB65 -> 0 | BG65: =$N65*EC65 -> 0 | BH65: =$N65*ED65 -> 0 | BI65: =$N65*EE65 -> 0 | ... CJ65: =$N65*FF65 -> 0 | DX65: =P65/$E65 -> 0 | DY65: =Q65/$E65 -> 0 | DZ65: =R65/$E65 -> 0 | EA65: =S65/$E65 -> 0 | EB65: =T65/$E65 -> 0 | EC65: =U65/$E65 -> 0 | ED65: =V65/$E65 -> 0 | EE65: =W65/$E65 -> 0 | ... FD65: =AV65/$E65 -> 0 | FE65: =AY65/$E65 -> 0 | FF65: =AZ65/$E65 -> 0
B66: =B65+1 -> 45547 | DX66: 0 | DY66: 0 | DZ66: 0 | EA66: 0 | EB66: 0 | EC66: 0 | ED66: 0 | EE66: 0 | EF66: 0 | EG66: 0 | EH66: 0 | EI66: 0 | EJ66: 0 | EK66: 0 | EL66: 0 | EM66: 0 | EN66: 0 | EO66: 0 | EP66: 0 | EQ66: 0 | ER66: 0 | ES66: 0 | ET66: 0 | EU66: 0 | EV66: 0 | EW66: 0 | EX66: 0 | EY66: 0 | EZ66: 0 | FA66: 0 | FB66: 0 | FC66: 0 | FD66: 0 | FE66: 0 | FF66: 0
B67: =B66+1 -> 45548
B68: =B67+1 -> 45549 | D68: 10 | E68: 14.79 | H68: 10 | I68: 2 | J68: =9/10 -> 0.9 | L68: 13.6 | M68: =H68/I68*K68*L68*1.5 -> 0 | N68: =H68/I68*J68*L68*N$4 -> 67.32 | AR68: 2 | BB68: =$N68*DX68 -> 0 | BC68: =$N68*DY68 -> 0 | BD68: =$N68*DZ68 -> 0 | BE68: =$N68*EA68 -> 0 | BF68: =$N68*EB68 -> 0 | BG68: =$N68*EC68 -> 0 | BH68: =$N68*ED68 -> 0 | BI68: =$N68*EE68 -> 0 | ... CJ68: =$N68*FF68 -> 0 | CL68: 2 | CN68: =AVERAGE(BB68:BB69)*$CL68 -> 0 | CO68: =AVERAGE(BC68:BC69)*$CL68 -> 0 | CP68: =AVERAGE(BD68:BD69)*$CL68 -> 0 | CQ68: =AVERAGE(BE68:BE69)*$CL68 -> 0 | CR68: =AVERAGE(BF68:BF69)*$CL68 -> 0 | CS68: =AVERAGE(BG68:BG69)*$CL68 -> 0 | CT68: =AVERAGE(BH68:BH69)*$CL68 -> 0 | CU68: =AVERAGE(BI68:BI69)*$CL68 -> 0 | ... DV68: =AVERAGE(CJ68:CJ69)*$CL68 -> 12.768137 | DX68: =P68/$E68 -> 0 | DY68: =Q68/$E68 -> 0 | DZ68: =R68/$E68 -> 0 | EA68: =S68/$E68 -> 0 | EB68: =T68/$E68 -> 0 | EC68: =U68/$E68 -> 0 | ED68: =V68/$E68 -> 0 | EE68: =W68/$E68 -> 0 | ... FD68: =AV68/$E68 -> 0 | FE68: =AY68/$E68 -> 0 | FF68: =AZ68/$E68 -> 0
B69: =B68+1 -> 45550 | D69: 5 | E69: 21.09 | H69: 5 | I69: 2 | J69: =4/5 -> 0.8 | L69: 13.6 | M69: =H69/I69*K69*L69*1.5 -> 0 | N69: =H69/I69*J69*L69*N$4 -> 29.92 | AZ69: 9 | BB69: =$N69*DX69 -> 0 | BC69: =$N69*DY69 -> 0 | BD69: =$N69*DZ69 -> 0 | BE69: =$N69*EA69 -> 0 | BF69: =$N69*EB69 -> 0 | BG69: =$N69*EC69 -> 0 | BH69: =$N69*ED69 -> 0 | BI69: =$N69*EE69 -> 0 | ... CJ69: =$N69*FF69 -> 12.768137 | DX69: =P69/$E69 -> 0 | DY69: =Q69/$E69 -> 0 | DZ69: =R69/$E69 -> 0 | EA69: =S69/$E69 -> 0 | EB69: =T69/$E69 -> 0 | EC69: =U69/$E69 -> 0 | ED69: =V69/$E69 -> 0 | EE69: =W69/$E69 -> 0 | ... FD69: =AV69/$E69 -> 0 | FE69: =AY69/$E69 -> 0 | FF69: =AZ69/$E69 -> 0.42674253
D70: =SUM(D63:D69) -> 24 | E70: =SUM(E63:E69) -> 47.57 | N70: =AVERAGE(N63:N67)*5+AVERAGE(N68:N69)*2 -> 151.07125 | P70: =SUM(P63:P69) -> 0 | Q70: =SUM(Q63:Q69) -> 0 | R70: =SUM(R63:R69) -> 0 | S70: =SUM(S63:S69) -> 0 | T70: =SUM(T63:T69) -> 0 | U70: =SUM(U63:U69) -> 0 | V70: =SUM(V63:V69) -> 0 | W70: =SUM(W63:W69) -> 0 | ... AZ70: =SUM(AZ63:AZ69) -> 11 | BB70: =SUM(BB63:BB69) -> 0 | BC70: =SUM(BC63:BC69) -> 0 | BD70: =SUM(BD63:BD69) -> 0 | BE70: =SUM(BE63:BE69) -> 0 | BF70: =SUM(BF63:BF69) -> 0 | BG70: =SUM(BG63:BG69) -> 0 | BH70: =SUM(BH63:BH69) -> 0 | BI70: =SUM(BI63:BI69) -> 0 | ... CJ70: =SUM(CJ63:CJ69) -> 16.863672 | CN70: =SUM(CN63:CN69) -> 0 | CO70: =SUM(CO63:CO69) -> 0 | CP70: =SUM(CP63:CP69) -> 0 | CQ70: =SUM(CQ63:CQ69) -> 0 | CR70: =SUM(CR63:CR69) -> 0 | CS70: =SUM(CS63:CS69) -> 0 | CT70: =SUM(CT63:CT69) -> 0 | CU70: =SUM(CU63:CU69) -> 0 | ... DV70: =SUM(DV63:DV69) -> 19.594029 | DX70: =AVERAGE(DX63:DX69) -> 0 | DY70: =AVERAGE(DY63:DY69) -> 0 | DZ70: =AVERAGE(DZ63:DZ69) -> 0 | EA70: =AVERAGE(EA63:EA69) -> 0 | EB70: =AVERAGE(EB63:EB69) -> 0 | EC70: =AVERAGE(EC63:EC69) -> 0 | ED70: =AVERAGE(ED63:ED69) -> 0 | EE70: =AVERAGE(EE63:EE69) -> 0 | ... FF70: =AVERAGE(FF63:FF69) -> 0.19017137
B72: =B63+7 -> 45551 | L72: 13.5 | CL72: 5 | CN72: =AVERAGE(BB72:BB76)*$CL72 -> 0 | CO72: =AVERAGE(BC72:BC76)*$CL72 -> 0 | CP72: =AVERAGE(BD72:BD76)*$CL72 -> 0 | CQ72: =AVERAGE(BE72:BE76)*$CL72 -> 0 | CR72: =AVERAGE(BF72:BF76)*$CL72 -> 0 | CS72: =AVERAGE(BG72:BG76)*$CL72 -> 0 | CT72: =AVERAGE(BH72:BH76)*$CL72 -> 0 | CU72: =AVERAGE(BI72:BI76)*$CL72 -> 0 | ... DV72: =AVERAGE(CJ72:CJ76)*$CL72 -> 0
B73: =B72+1 -> 45552 | D73: 2 | E73: 3.64 | H73: 2 | I73: 1 | J73: 1 | L73: 13.5 | M73: =H73/I73*K73*L73*1.5 -> 0 | N73: =H73/I73*J73*L73*N$4 -> 29.7 | BB73: =$N73*DX73 -> 0 | BC73: =$N73*DY73 -> 0 | BD73: =$N73*DZ73 -> 0 | BE73: =$N73*EA73 -> 0 | BF73: =$N73*EB73 -> 0 | BG73: =$N73*EC73 -> 0 | BH73: =$N73*ED73 -> 0 | BI73: =$N73*EE73 -> 0 | ... CJ73: =$N73*FF73 -> 0 | DX73: =P73/$E73 -> 0 | DY73: =Q73/$E73 -> 0 | DZ73: =R73/$E73 -> 0 | EA73: =S73/$E73 -> 0 | EB73: =T73/$E73 -> 0 | EC73: =U73/$E73 -> 0 | ED73: =V73/$E73 -> 0 | EE73: =W73/$E73 -> 0 | ... FD73: =AV73/$E73 -> 0 | FE73: =AY73/$E73 -> 0 | FF73: =AZ73/$E73 -> 0
B74: =B73+1 -> 45553
B75: =B74+1 -> 45554
B76: =B75+1 -> 45555 | D76: 3 | E76: 7.78 | H76: 4 | I76: 2 | J76: =3/5 -> 0.6 | L76: 13.3 | M76: =H76/I76*K76*L76*1.5 -> 0 | N76: =H76/I76*J76*L76*N$4 -> 17.556 | BB76: =$N76*DX76 -> 0 | BC76: =$N76*DY76 -> 0 | BD76: =$N76*DZ76 -> 0 | BE76: =$N76*EA76 -> 0 | BF76: =$N76*EB76 -> 0 | BG76: =$N76*EC76 -> 0 | BH76: =$N76*ED76 -> 0 | BI76: =$N76*EE76 -> 0 | ... CJ76: =$N76*FF76 -> 0 | DX76: =P76/$E76 -> 0 | DY76: =Q76/$E76 -> 0 | DZ76: =R76/$E76 -> 0 | EA76: =S76/$E76 -> 0 | EB76: =T76/$E76 -> 0 | EC76: =U76/$E76 -> 0 | ED76: =V76/$E76 -> 0 | EE76: =W76/$E76 -> 0 | ... FD76: =AV76/$E76 -> 0 | FE76: =AY76/$E76 -> 0 | FF76: =AZ76/$E76 -> 0
B77: =B76+1 -> 45556 | D77: 2 | E77: 4.2 | H77: 6 | I77: 2 | J77: =2/8 -> 0.25 | L77: 13.2 | M77: =H77/I77*K77*L77*1.5 -> 0 | N77: =H77/I77*J77*L77*N$4 -> 10.89 | BB77: =$N77*DX77 -> 0 | BC77: =$N77*DY77 -> 0 | BD77: =$N77*DZ77 -> 0 | BE77: =$N77*EA77 -> 0 | BF77: =$N77*EB77 -> 0 | BG77: =$N77*EC77 -> 0 | BH77: =$N77*ED77 -> 0 | BI77: =$N77*EE77 -> 0 | ... CJ77: =$N77*FF77 -> 0 | CL77: 2 | CN77: =AVERAGE(BB77:BB78)*$CL77 -> 0 | CO77: =AVERAGE(BC77:BC78)*$CL77 -> 0 | CP77: =AVERAGE(BD77:BD78)*$CL77 -> 0 | CQ77: =AVERAGE(BE77:BE78)*$CL77 -> 0 | CR77: =AVERAGE(BF77:BF78)*$CL77 -> 0 | CS77: =AVERAGE(BG77:BG78)*$CL77 -> 0 | CT77: =AVERAGE(BH77:BH78)*$CL77 -> 0 | CU77: =AVERAGE(BI77:BI78)*$CL77 -> 0 | ... DV77: =AVERAGE(CJ77:CJ78)*$CL77 -> 0 | DX77: =P77/$E77 -> 0 | DY77: =Q77/$E77 -> 0 | DZ77: =R77/$E77 -> 0 | EA77: =S77/$E77 -> 0 | EB77: =T77/$E77 -> 0 | EC77: =U77/$E77 -> 0 | ED77: =V77/$E77 -> 0 | EE77: =W77/$E77 -> 0 | ... FD77: =AV77/$E77 -> 0 | FE77: =AY77/$E77 -> 0 | FF77: =AZ77/$E77 -> 0
B78: =B77+1 -> 45557 | D78: 2 | E78: 4.99 | H78: 7 | I78: 3 | J78: =2/6 -> 0.33333333 | L78: 13.1 | M78: =H78/I78*K78*L78*1.5 -> 0 | N78: =H78/I78*J78*L78*N$4 -> 11.207778 | BB78: =$N78*DX78 -> 0 | BC78: =$N78*DY78 -> 0 | BD78: =$N78*DZ78 -> 0 | BE78: =$N78*EA78 -> 0 | BF78: =$N78*EB78 -> 0 | BG78: =$N78*EC78 -> 0 | BH78: =$N78*ED78 -> 0 | BI78: =$N78*EE78 -> 0 | ... CJ78: =$N78*FF78 -> 0 | DX78: =P78/$E78 -> 0 | DY78: =Q78/$E78 -> 0 | DZ78: =R78/$E78 -> 0 | EA78: =S78/$E78 -> 0 | EB78: =T78/$E78 -> 0 | EC78: =U78/$E78 -> 0 | ED78: =V78/$E78 -> 0 | EE78: =W78/$E78 -> 0 | ... FD78: =AV78/$E78 -> 0 | FE78: =AY78/$E78 -> 0 | FF78: =AZ78/$E78 -> 0
D79: =SUM(D72:D78) -> 9 | E79: =SUM(E72:E78) -> 20.61 | N79: =AVERAGE(N72:N76)*5+AVERAGE(N77:N78)*2 -> 140.23778 | P79: =SUM(P72:P78) -> 0 | Q79: =SUM(Q72:Q78) -> 0 | R79: =SUM(R72:R78) -> 0 | S79: =SUM(S72:S78) -> 0 | T79: =SUM(T72:T78) -> 0 | U79: =SUM(U72:U78) -> 0 | V79: =SUM(V72:V78) -> 0 | W79: =SUM(W72:W78) -> 0 | ... AZ79: =SUM(AZ72:AZ78) -> 0 | BB79: =SUM(BB72:BB78) -> 0 | BC79: =SUM(BC72:BC78) -> 0 | BD79: =SUM(BD72:BD78) -> 0 | BE79: =SUM(BE72:BE78) -> 0 | BF79: =SUM(BF72:BF78) -> 0 | BG79: =SUM(BG72:BG78) -> 0 | BH79: =SUM(BH72:BH78) -> 0 | BI79: =SUM(BI72:BI78) -> 0 | ... CJ79: =SUM(CJ72:CJ78) -> 0 | CN79: =SUM(CN72:CN78) -> 0 | CO79: =SUM(CO72:CO78) -> 0 | CP79: =SUM(CP72:CP78) -> 0 | CQ79: =SUM(CQ72:CQ78) -> 0 | CR79: =SUM(CR72:CR78) -> 0 | CS79: =SUM(CS72:CS78) -> 0 | CT79: =SUM(CT72:CT78) -> 0 | CU79: =SUM(CU72:CU78) -> 0 | ... DV79: =SUM(DV72:DV78) -> 0 | DX79: =AVERAGE(DX72:DX78) -> 0 | DY79: =AVERAGE(DY72:DY78) -> 0 | DZ79: =AVERAGE(DZ72:DZ78) -> 0 | EA79: =AVERAGE(EA72:EA78) -> 0 | EB79: =AVERAGE(EB72:EB78) -> 0 | EC79: =AVERAGE(EC72:EC78) -> 0 | ED79: =AVERAGE(ED72:ED78) -> 0 | EE79: =AVERAGE(EE72:EE78) -> 0 | ... FF79: =AVERAGE(FF72:FF78) -> 0
L80: +2
B81: =B72+7 -> 45558 | D81: 4 | E81: 4.15 | H81: 4 | I81: 2 | J81: 0.5 | L81: 13.1 | M81: =H81/I81*K81*L81*1.5 -> 0 | N81: =H81/I81*J81*L81*N$4 -> 14.41 | BB81: =$N81*DX81 -> 0 | BC81: =$N81*DY81 -> 0 | BD81: =$N81*DZ81 -> 0 | BE81: =$N81*EA81 -> 0 | BF81: =$N81*EB81 -> 0 | BG81: =$N81*EC81 -> 0 | BH81: =$N81*ED81 -> 0 | BI81: =$N81*EE81 -> 0 | ... CJ81: =$N81*FF81 -> 0 | CL81: 5 | CN81: =AVERAGE(BB81:BB85)*$CL81 -> 0 | CO81: =AVERAGE(BC81:BC85)*$CL81 -> 0 | CP81: =AVERAGE(BD81:BD85)*$CL81 -> 0 | CQ81: =AVERAGE(BE81:BE85)*$CL81 -> 0 | CR81: =AVERAGE(BF81:BF85)*$CL81 -> 0 | CS81: =AVERAGE(BG81:BG85)*$CL81 -> 0 | CT81: =AVERAGE(BH81:BH85)*$CL81 -> 0 | CU81: =AVERAGE(BI81:BI85)*$CL81 -> 0 | ... DV81: =AVERAGE(CJ81:CJ85)*$CL81 -> 0 | DX81: =P81/$E81 -> 0 | DY81: =Q81/$E81 -> 0 | DZ81: =R81/$E81 -> 0 | EA81: =S81/$E81 -> 0 | EB81: =T81/$E81 -> 0 | EC81: =U81/$E81 -> 0 | ED81: =V81/$E81 -> 0 | EE81: =W81/$E81 -> 0 | ... FD81: =AV81/$E81 -> 0 | FE81: =AY81/$E81 -> 0 | FF81: =AZ81/$E81 -> 0
B82: =B81+1 -> 45559
B83: =B82+1 -> 45560 | D83: 4 | E83: 27.44 | H83: 4 | I83: 2 | J83: =3/5 -> 0.6 | L83: 13 | M83: =H83/I83*K83*L83*1.5 -> 0 | N83: =H83/I83*J83*L83*N$4 -> 17.16 | DX83: =P83/$E83 -> 0 | DY83: =Q83/$E83 -> 0 | DZ83: =R83/$E83 -> 0 | EA83: =S83/$E83 -> 0 | EB83: =T83/$E83 -> 0 | EC83: =U83/$E83 -> 0 | ED83: =V83/$E83 -> 0 | EE83: =W83/$E83 -> 0 | ... FD83: =AV83/$E83 -> 0 | FE83: =AY83/$E83 -> 0 | FF83: =AZ83/$E83 -> 0
B84: =B83+1 -> 45561 | D84: 4 | E84: 2.7 | H84: 4 | I84: 2 | J84: =1/3 -> 0.33333333 | L84: 12.9 | M84: =H84/I84*K84*L84*1.5 -> 0 | N84: =H84/I84*J84*L84*N$4 -> 9.46 | BB84: =$N84*DX84 -> 0 | BC84: =$N84*DY84 -> 0 | BD84: =$N84*DZ84 -> 0 | BE84: =$N84*EA84 -> 0 | BF84: =$N84*EB84 -> 0 | BG84: =$N84*EC84 -> 0 | BH84: =$N84*ED84 -> 0 | BI84: =$N84*EE84 -> 0 | ... CJ84: =$N84*FF84 -> 0 | DX84: =P84/$E84 -> 0 | DY84: =Q84/$E84 -> 0 | DZ84: =R84/$E84 -> 0 | EA84: =S84/$E84 -> 0 | EB84: =T84/$E84 -> 0 | EC84: =U84/$E84 -> 0 | ED84: =V84/$E84 -> 0 | EE84: =W84/$E84 -> 0 | ... FD84: =AV84/$E84 -> 0 | FE84: =AY84/$E84 -> 0 | FF84: =AZ84/$E84 -> 0
B85: =B84+1 -> 45562
B86: =B85+1 -> 45563 | D86: 9 | E86: 6.48 | H86: 9 | I86: 2 | J86: =4/8 -> 0.5 | L86: 12.8 | M86: =H86/I86*K86*L86*1.5 -> 0 | N86: =H86/I86*J86*L86*N$4 -> 31.68 | BB86: =$N86*DX86 -> 0 | BC86: =$N86*DY86 -> 0 | BD86: =$N86*DZ86 -> 0 | BE86: =$N86*EA86 -> 0 | BF86: =$N86*EB86 -> 0 | BG86: =$N86*EC86 -> 0 | BH86: =$N86*ED86 -> 0 | BI86: =$N86*EE86 -> 0 | ... CJ86: =$N86*FF86 -> 0 | CL86: 2 | CN86: =AVERAGE(BB86:BB87)*$CL86 -> 0 | CO86: =AVERAGE(BC86:BC87)*$CL86 -> 0 | CP86: =AVERAGE(BD86:BD87)*$CL86 -> 0 | CQ86: =AVERAGE(BE86:BE87)*$CL86 -> 0 | CR86: =AVERAGE(BF86:BF87)*$CL86 -> 0 | CS86: =AVERAGE(BG86:BG87)*$CL86 -> 0 | CT86: =AVERAGE(BH86:BH87)*$CL86 -> 0 | CU86: =AVERAGE(BI86:BI87)*$CL86 -> 0 | ... DV86: =AVERAGE(CJ86:CJ87)*$CL86 -> 0 | DX86: =P86/$E86 -> 0 | DY86: =Q86/$E86 -> 0 | DZ86: =R86/$E86 -> 0 | EA86: =S86/$E86 -> 0 | EB86: =T86/$E86 -> 0 | EC86: =U86/$E86 -> 0 | ED86: =V86/$E86 -> 0 | EE86: =W86/$E86 -> 0 | ... FD86: =AV86/$E86 -> 0 | FE86: =AY86/$E86 -> 0 | FF86: =AZ86/$E86 -> 0
B87: =B86+1 -> 45564 | L87: 12.8
D88: =SUM(D81:D87) -> 21 | E88: =SUM(E81:E87) -> 40.77 | N88: =AVERAGE(N81:N85)*5+AVERAGE(N86:N87)*2 -> 131.74333 | P88: =SUM(P81:P87) -> 0 | Q88: =SUM(Q81:Q87) -> 0 | R88: =SUM(R81:R87) -> 0 | S88: =SUM(S81:S87) -> 0 | T88: =SUM(T81:T87) -> 0 | U88: =SUM(U81:U87) -> 0 | V88: =SUM(V81:V87) -> 0 | W88: =SUM(W81:W87) -> 0 | ... AZ88: =SUM(AZ81:AZ87) -> 0 | BB88: =SUM(BB81:BB87) -> 0 | BC88: =SUM(BC81:BC87) -> 0 | BD88: =SUM(BD81:BD87) -> 0 | BE88: =SUM(BE81:BE87) -> 0 | BF88: =SUM(BF81:BF87) -> 0 | BG88: =SUM(BG81:BG87) -> 0 | BH88: =SUM(BH81:BH87) -> 0 | BI88: =SUM(BI81:BI87) -> 0 | ... CJ88: =SUM(CJ81:CJ87) -> 0 | CN88: =SUM(CN81:CN87) -> 0 | CO88: =SUM(CO81:CO87) -> 0 | CP88: =SUM(CP81:CP87) -> 0 | CQ88: =SUM(CQ81:CQ87) -> 0 | CR88: =SUM(CR81:CR87) -> 0 | CS88: =SUM(CS81:CS87) -> 0 | CT88: =SUM(CT81:CT87) -> 0 | CU88: =SUM(CU81:CU87) -> 0 | ... DV88: =SUM(DV81:DV87) -> 0 | DX88: =AVERAGE(DX81:DX87) -> 0 | DY88: =AVERAGE(DY81:DY87) -> 0 | DZ88: =AVERAGE(DZ81:DZ87) -> 0 | EA88: =AVERAGE(EA81:EA87) -> 0 | EB88: =AVERAGE(EB81:EB87) -> 0 | EC88: =AVERAGE(EC81:EC87) -> 0 | ED88: =AVERAGE(ED81:ED87) -> 0 | EE88: =AVERAGE(EE81:EE87) -> 0 | ... FF88: =AVERAGE(FF81:FF87) -> 0
B90: =B81+7 -> 45565 | CL90: 5 | CN90: =AVERAGE(BB90:BB94)*$CL90 -> 0 | CO90: =AVERAGE(BC90:BC94)*$CL90 -> 0 | CP90: =AVERAGE(BD90:BD94)*$CL90 -> 0 | CQ90: =AVERAGE(BE90:BE94)*$CL90 -> 0 | CR90: =AVERAGE(BF90:BF94)*$CL90 -> 0 | CS90: =AVERAGE(BG90:BG94)*$CL90 -> 0 | CT90: =AVERAGE(BH90:BH94)*$CL90 -> 0 | CU90: =AVERAGE(BI90:BI94)*$CL90 -> 0 | ... DV90: =AVERAGE(CJ90:CJ94)*$CL90 -> 0
B91: =B90+1 -> 45566
B92: =B91+1 -> 45567 | D92: 4 | E92: 6.14 | H92: 4 | I92: 2 | J92: 1 | L92: 12.6 | M92: =H92/I92*K92*L92*1.5 -> 0 | N92: =H92/I92*J92*L92*N$4 -> 27.72 | BB92: =$N92*DX92 -> 0 | BC92: =$N92*DY92 -> 0 | BD92: =$N92*DZ92 -> 0 | BE92: =$N92*EA92 -> 0 | BF92: =$N92*EB92 -> 0 | BG92: =$N92*EC92 -> 0 | BH92: =$N92*ED92 -> 0 | BI92: =$N92*EE92 -> 0 | ... CJ92: =$N92*FF92 -> 0 | DX92: =P92/$E92 -> 0 | DY92: =Q92/$E92 -> 0 | DZ92: =R92/$E92 -> 0 | EA92: =S92/$E92 -> 0 | EB92: =T92/$E92 -> 0 | EC92: =U92/$E92 -> 0 | ED92: =V92/$E92 -> 0 | EE92: =W92/$E92 -> 0 | ... FD92: =AV92/$E92 -> 0 | FE92: =AY92/$E92 -> 0 | FF92: =AZ92/$E92 -> 0
B93: =B92+1 -> 45568
B94: =B93+1 -> 45569 | D94: 3 | E94: 11.08 | H94: 3 | I94: 2 | J94: =5/9 -> 0.55555556 | L94: 12.5 | M94: =H94/I94*K94*L94*1.5 -> 0 | N94: =H94/I94*J94*L94*N$4 -> 11.458333 | BB94: =$N94*DX94 -> 0 | BC94: =$N94*DY94 -> 0 | BD94: =$N94*DZ94 -> 0 | BE94: =$N94*EA94 -> 0 | BF94: =$N94*EB94 -> 0 | BG94: =$N94*EC94 -> 0 | BH94: =$N94*ED94 -> 0 | BI94: =$N94*EE94 -> 0 | ... CJ94: =$N94*FF94 -> 0 | DX94: =P94/$E94 -> 0 | DY94: =Q94/$E94 -> 0 | DZ94: =R94/$E94 -> 0 | EA94: =S94/$E94 -> 0 | EB94: =T94/$E94 -> 0 | EC94: =U94/$E94 -> 0 | ED94: =V94/$E94 -> 0 | EE94: =W94/$E94 -> 0 | ... FD94: =AV94/$E94 -> 0 | FE94: =AY94/$E94 -> 0 | FF94: =AZ94/$E94 -> 0
B95: =B94+1 -> 45570 | D95: 3 | E95: 14.33 | H95: 3 | I95: 2 | J95: 1 | L95: 12.4 | M95: =H95/I95*K95*L95*1.5 -> 0 | N95: =H95/I95*J95*L95*N$4 -> 20.46 | BB95: =$N95*DX95 -> 0 | BC95: =$N95*DY95 -> 0 | BD95: =$N95*DZ95 -> 0 | BE95: =$N95*EA95 -> 0 | BF95: =$N95*EB95 -> 0 | BG95: =$N95*EC95 -> 0 | BH95: =$N95*ED95 -> 0 | BI95: =$N95*EE95 -> 0 | ... CJ95: =$N95*FF95 -> 0 | CL95: 2 | CN95: =AVERAGE(BB95:BB96)*$CL95 -> 0 | CO95: =AVERAGE(BC95:BC96)*$CL95 -> 0 | CP95: =AVERAGE(BD95:BD96)*$CL95 -> 0 | CQ95: =AVERAGE(BE95:BE96)*$CL95 -> 0 | CR95: =AVERAGE(BF95:BF96)*$CL95 -> 0 | CS95: =AVERAGE(BG95:BG96)*$CL95 -> 0 | CT95: =AVERAGE(BH95:BH96)*$CL95 -> 0 | CU95: =AVERAGE(BI95:BI96)*$CL95 -> 0 | ... DV95: =AVERAGE(CJ95:CJ96)*$CL95 -> 0 | DX95: =P95/$E95 -> 0 | DY95: =Q95/$E95 -> 0 | DZ95: =R95/$E95 -> 0 | EA95: =S95/$E95 -> 0 | EB95: =T95/$E95 -> 0 | EC95: =U95/$E95 -> 0 | ED95: =V95/$E95 -> 0 | EE95: =W95/$E95 -> 0 | ... FD95: =AV95/$E95 -> 0 | FE95: =AY95/$E95 -> 0 | FF95: =AZ95/$E95 -> 0
B96: =B95+1 -> 45571 | D96: 1 | E96: 2.1 | H96: 1 | I96: 2 | J96: 0.5 | L96: 12.4 | M96: =H96/I96*K96*L96*1.5 -> 0 | N96: =H96/I96*J96*L96*N$4 -> 3.41 | BB96: =$N96*DX96 -> 0 | BC96: =$N96*DY96 -> 0 | BD96: =$N96*DZ96 -> 0 | BE96: =$N96*EA96 -> 0 | BF96: =$N96*EB96 -> 0 | BG96: =$N96*EC96 -> 0 | BH96: =$N96*ED96 -> 0 | BI96: =$N96*EE96 -> 0 | ... CJ96: =$N96*FF96 -> 0 | DX96: =P96/$E96 -> 0 | DY96: =Q96/$E96 -> 0 | DZ96: =R96/$E96 -> 0 | EA96: =S96/$E96 -> 0 | EB96: =T96/$E96 -> 0 | EC96: =U96/$E96 -> 0 | ED96: =V96/$E96 -> 0 | EE96: =W96/$E96 -> 0 | ... FD96: =AV96/$E96 -> 0 | FE96: =AY96/$E96 -> 0 | FF96: =AZ96/$E96 -> 0
D97: =SUM(D90:D96) -> 11 | E97: =SUM(E90:E96) -> 33.65 | N97: =AVERAGE(N90:N94)*5+AVERAGE(N95:N96)*2 -> 121.81583 | P97: =SUM(P90:P96) -> 0 | Q97: =SUM(Q90:Q96) -> 0 | R97: =SUM(R90:R96) -> 0 | S97: =SUM(S90:S96) -> 0 | T97: =SUM(T90:T96) -> 0 | U97: =SUM(U90:U96) -> 0 | V97: =SUM(V90:V96) -> 0 | W97: =SUM(W90:W96) -> 0 | ... AZ97: =SUM(AZ90:AZ96) -> 0 | BB97: =SUM(BB90:BB96) -> 0 | BC97: =SUM(BC90:BC96) -> 0 | BD97: =SUM(BD90:BD96) -> 0 | BE97: =SUM(BE90:BE96) -> 0 | BF97: =SUM(BF90:BF96) -> 0 | BG97: =SUM(BG90:BG96) -> 0 | BH97: =SUM(BH90:BH96) -> 0 | BI97: =SUM(BI90:BI96) -> 0 | ... CJ97: =SUM(CJ90:CJ96) -> 0 | CN97: =SUM(CN90:CN96) -> 0 | CO97: =SUM(CO90:CO96) -> 0 | CP97: =SUM(CP90:CP96) -> 0 | CQ97: =SUM(CQ90:CQ96) -> 0 | CR97: =SUM(CR90:CR96) -> 0 | CS97: =SUM(CS90:CS96) -> 0 | CT97: =SUM(CT90:CT96) -> 0 | CU97: =SUM(CU90:CU96) -> 0 | ... DV97: =SUM(DV90:DV96) -> 0 | DX97: =AVERAGE(DX90:DX96) -> 0 | DY97: =AVERAGE(DY90:DY96) -> 0 | DZ97: =AVERAGE(DZ90:DZ96) -> 0 | EA97: =AVERAGE(EA90:EA96) -> 0 | EB97: =AVERAGE(EB90:EB96) -> 0 | EC97: =AVERAGE(EC90:EC96) -> 0 | ED97: =AVERAGE(ED90:ED96) -> 0 | EE97: =AVERAGE(EE90:EE96) -> 0 | ... FF97: =AVERAGE(FF90:FF96) -> 0
B99: =B90+7 -> 45572 | D99: 6 | E99: 10.15 | H99: 6 | I99: 3 | J99: 1 | L99: 12.3 | M99: =H99/I99*K99*L99*1.5 -> 0 | N99: =H99/I99*J99*L99*N$4 -> 27.06 | V99: 1 | BB99: =$N99*DX99 -> 0 | BC99: =$N99*DY99 -> 0 | BD99: =$N99*DZ99 -> 0 | BE99: =$N99*EA99 -> 0 | BF99: =$N99*EB99 -> 0 | BG99: =$N99*EC99 -> 0 | BH99: =$N99*ED99 -> 2.6660099 | BI99: =$N99*EE99 -> 0 | ... CJ99: =$N99*FF99 -> 0 | CL99: 5 | CN99: =AVERAGE(BB99:BB103)*$CL99 -> 0 | CO99: =AVERAGE(BC99:BC103)*$CL99 -> 0 | CP99: =AVERAGE(BD99:BD103)*$CL99 -> 0 | CQ99: =AVERAGE(BE99:BE103)*$CL99 -> 0 | CR99: =AVERAGE(BF99:BF103)*$CL99 -> 0 | CS99: =AVERAGE(BG99:BG103)*$CL99 -> 0 | CT99: =AVERAGE(BH99:BH103)*$CL99 -> 4.4433498 | CU99: =AVERAGE(BI99:BI103)*$CL99 -> 0 | ... DV99: =AVERAGE(CJ99:CJ103)*$CL99 -> 0 | DX99: =P99/$E99 -> 0 | DY99: =Q99/$E99 -> 0 | DZ99: =R99/$E99 -> 0 | EA99: =S99/$E99 -> 0 | EB99: =T99/$E99 -> 0 | EC99: =U99/$E99 -> 0 | ED99: =V99/$E99 -> 0.098522167 | EE99: =W99/$E99 -> 0 | ... FD99: =AV99/$E99 -> 0 | FE99: =AY99/$E99 -> 0 | FF99: =AZ99/$E99 -> 0
B100: =B99+1 -> 45573 | D100: 14 | E100: 22.97 | H100: 6 | I100: 3 | J100: 1 | L100: 12.2 | M100: =H100/I100*K100*L100*1.5 -> 0 | N100: =H100/I100*J100*L100*N$4 -> 26.84 | BB100: =$N100*DX100 -> 0 | BC100: =$N100*DY100 -> 0 | BD100: =$N100*DZ100 -> 0 | BE100: =$N100*EA100 -> 0 | BF100: =$N100*EB100 -> 0 | BG100: =$N100*EC100 -> 0 | BH100: =$N100*ED100 -> 0 | BI100: =$N100*EE100 -> 0 | ... CJ100: =$N100*FF100 -> 0 | DX100: =P100/$E100 -> 0 | DY100: =Q100/$E100 -> 0 | DZ100: =R100/$E100 -> 0 | EA100: =S100/$E100 -> 0 | EB100: =T100/$E100 -> 0 | EC100: =U100/$E100 -> 0 | ED100: =V100/$E100 -> 0 | EE100: =W100/$E100 -> 0 | ... FD100: =AV100/$E100 -> 0 | FE100: =AY100/$E100 -> 0 | FF100: =AZ100/$E100 -> 0
B101: =B100+1 -> 45574 | D101: 5 | E101: 6.97 | H101: 5 | I101: 3 | J101: =3/4 -> 0.75 | L101: 12.2 | M101: =H101/I101*K101*L101*1.5 -> 0 | N101: =H101/I101*J101*L101*N$4 -> 16.775 | BB101: =$N101*DX101 -> 0 | BC101: =$N101*DY101 -> 0 | BD101: =$N101*DZ101 -> 0 | BE101: =$N101*EA101 -> 0 | BF101: =$N101*EB101 -> 0 | BG101: =$N101*EC101 -> 0 | BH101: =$N101*ED101 -> 0 | BI101: =$N101*EE101 -> 0 | ... CJ101: =$N101*FF101 -> 0 | DX101: =P101/$E101 -> 0 | DY101: =Q101/$E101 -> 0 | DZ101: =R101/$E101 -> 0 | EA101: =S101/$E101 -> 0 | EB101: =T101/$E101 -> 0 | EC101: =U101/$E101 -> 0 | ED101: =V101/$E101 -> 0 | EE101: =W101/$E101 -> 0 | ... FD101: =AV101/$E101 -> 0 | FE101: =AY101/$E101 -> 0 | FF101: =AZ101/$E101 -> 0
B102: =B101+1 -> 45575
B103: =B102+1 -> 45576
B104: =B103+1 -> 45577 | D104: 5 | E104: 8.16 | H104: 5 | I104: 3 | J104: =4/8 -> 0.5 | L104: 12 | M104: =H104/I104*K104*L104*1.5 -> 0 | N104: =H104/I104*J104*L104*N$4 -> 11 | BB104: =$N104*DX104 -> 0 | BC104: =$N104*DY104 -> 0 | BD104: =$N104*DZ104 -> 0 | BE104: =$N104*EA104 -> 0 | BF104: =$N104*EB104 -> 0 | BG104: =$N104*EC104 -> 0 | BH104: =$N104*ED104 -> 0 | BI104: =$N104*EE104 -> 0 | ... CJ104: =$N104*FF104 -> 0 | CL104: 2 | CN104: =AVERAGE(BB104:BB105)*$CL104 -> 0 | CO104: =AVERAGE(BC104:BC105)*$CL104 -> 0 | CP104: =AVERAGE(BD104:BD105)*$CL104 -> 0 | CQ104: =AVERAGE(BE104:BE105)*$CL104 -> 0 | CR104: =AVERAGE(BF104:BF105)*$CL104 -> 0 | CS104: =AVERAGE(BG104:BG105)*$CL104 -> 0 | CT104: =AVERAGE(BH104:BH105)*$CL104 -> 2.9175334 | CU104: =AVERAGE(BI104:BI105)*$CL104 -> 0 | ... DV104: =AVERAGE(CJ104:CJ105)*$CL104 -> 0 | DX104: =P104/$E104 -> 0 | DY104: =Q104/$E104 -> 0 | DZ104: =R104/$E104 -> 0 | EA104: =S104/$E104 -> 0 | EB104: =T104/$E104 -> 0 | EC104: =U104/$E104 -> 0 | ED104: =V104/$E104 -> 0 | EE104: =W104/$E104 -> 0 | ... FD104: =AV104/$E104 -> 0 | FE104: =AY104/$E104 -> 0 | FF104: =AZ104/$E104 -> 0
B105: =B104+1 -> 45578 | D105: 9 | E105: 13.46 | H105: 9 | I105: 3 | J105: 1 | L105: 11.9 | M105: =H105/I105*K105*L105*1.5 -> 0 | N105: =H105/I105*J105*L105*N$4 -> 39.27 | V105: 1 | BB105: =$N105*DX105 -> 0 | BC105: =$N105*DY105 -> 0 | BD105: =$N105*DZ105 -> 0 | BE105: =$N105*EA105 -> 0 | BF105: =$N105*EB105 -> 0 | BG105: =$N105*EC105 -> 0 | BH105: =$N105*ED105 -> 2.9175334 | BI105: =$N105*EE105 -> 0 | ... CJ105: =$N105*FF105 -> 0 | DX105: =P105/$E105 -> 0 | DY105: =Q105/$E105 -> 0 | DZ105: =R105/$E105 -> 0 | EA105: =S105/$E105 -> 0 | EB105: =T105/$E105 -> 0 | EC105: =U105/$E105 -> 0 | ED105: =V105/$E105 -> 0.074294205 | EE105: =W105/$E105 -> 0 | ... FD105: =AV105/$E105 -> 0 | FE105: =AY105/$E105 -> 0 | FF105: =AZ105/$E105 -> 0
...

Sheet Summary
A3: Estimated Steelhead Harvest in the McNary Reservoir, September 1 - Oct 31, 2024
K5: Catch & Harvest | AS5: Sampled
K6: Steelhead | Q6: Coho | U6: Chinook | AA6: White Sturgeon | AS6: Steelhead | BA6: Coho | BE6: Chinook | BK6: White Sturgeon
A7: Bank & Boat Combined | K7: Harvest | M7: Catch & Release | U7: Harvest | Y7: C & R | AS7: Harvest | AW7: Catch & Release | BE7: Harvest | BI7: C & R
B8: Sampled | F8: Estimated | I8: Anglers | K8: AD | M8: AD | O8: Wild | Q8: Harvest | S8: C & R | U8: Adult | W8: Jack | AB8: Legal | AF8: Walleye | AH8: Trout | AJ8: Bass | AL8: NPM | AN8: C. Catfish | AP8: YP | AS8: AD | AU8: Other | AW8: AD | AY8: Wild | BA8: Harvest | BC8: C & R | BE8: Adult | BG8: Jack | BL8: Legal | BP8: Walleye | BR8: Trout | BT8: Bass | BV8: Shad | BX8: C. Catfish | BZ8: YP
A9: Date | B9: Boats | C9: Anglers | D9: Hours | F9: Boat | G9: Anglers | H9: Hours | I9: Sampled | K9: <78 | L9: ≥78 | M9: <78 | N9: ≥78 | O9: <78 | P9: ≥78 | Q9: NM | R9: AD | S9: NM | T9: AD | U9: NM | V9: AD | W9: NM | X9: AD | Y9: Adult | Z9: Jack | AA9: Sub | AB9: Rel | AC9: Kept | AD9: Over | AE9: Unk | AF9: Kept | AG9: Rel | AH9: Kept | AI9: Rel | AJ9: Kept | AK9: Rel | AL9: Kept | AM9: Rel | AN9: Kept | AO9: Rel | AP9: Kept | AQ9: Rel | AS9: <79 | AT9: >78 | AU9: <79 | AV9: >78 | AW9: <79 | AX9: >78 | AY9: <79 | AZ9: >78 | BA9: NM | BB9: AD | BC9: NM | BD9: AD | BE9: NM | BF9: AD | BG9: NM | BH9: AD | BI9: Adult | BJ9: Jack | BK9: Sub | BL9: Rel | BM9: Kept | BN9: Over | BO9: Unk | BP9: Kept | BQ9: Rel | BR9: Kept | BS9: Rel | BT9: Kept | BU9: Rel | BV9: Kept | BW9: Rel | BX9: Kept | BY9: Rel | BZ9: Kept | CA9: Rel | CF9: Hatch | CG9: Wild | CH9: % Hatch
A10: Aug 1-4 | B10: =B39 -> 0 | C10: =C39+C68 -> 0 | D10: =D39+D68 -> 0 | F10: =F39 -> 0 | G10: =G39+G68 -> #DIV/0! | H10: =H39+H68 -> #DIV/0! | I10: =C10/G10 -> #DIV/0! | K10: =K39+K68 -> #DIV/0! | L10: =L39+L68 -> #DIV/0! | M10: =M39+M68 -> #DIV/0! | N10: =N39+N68 -> #DIV/0! | O10: =O39+O68 -> #DIV/0! | P10: =P39+P68 -> #DIV/0! | Q10: =Q39+Q68 -> #DIV/0! | R10: =R39+R68 -> #DIV/0! | ... AQ10: =AQ39+AQ68 -> #DIV/0! | AS10: =AS39+AS68 -> #DIV/0! | AT10: =AT39+AT68 -> #DIV/0! | AU10: =AU39+AU68 -> #DIV/0! | AV10: =AV39+AV68 -> #DIV/0! | AW10: =AW39+AW68 -> #DIV/0! | AX10: =AX39+AX68 -> #DIV/0! | AY10: =AY39+AY68 -> #DIV/0! | AZ10: =AZ39+AZ68 -> #DIV/0! | ... CA10: =CA39+CA68 -> 0
A11: Aug 5-11 | B11: =B40 -> 0 | C11: =C40+C69 -> 0 | D11: =D40+D69 -> 0 | F11: =F40 -> 1.4135 | G11: =G40+G69 -> #DIV/0! | H11: =H40+H69 -> #DIV/0! | I11: =C11/G11 -> #DIV/0! | K11: =K40+K69 -> #DIV/0! | L11: =L40+L69 -> #DIV/0! | M11: =M40+M69 -> #DIV/0! | N11: =N40+N69 -> #DIV/0! | O11: =O40+O69 -> #DIV/0! | P11: =P40+P69 -> #DIV/0! | Q11: =Q40+Q69 -> #DIV/0! | R11: =R40+R69 -> #DIV/0! | ... AQ11: =AQ40+AQ69 -> #DIV/0! | AS11: =AS40+AS69 -> 0 | AT11: =AT40+AT69 -> 0 | AU11: =AU40+AU69 -> 0 | AV11: =AV40+AV69 -> 0 | AW11: =AW40+AW69 -> 0 | AX11: =AX40+AX69 -> 0 | AY11: =AY40+AY69 -> 0 | AZ11: =AZ40+AZ69 -> 0 | ... CA11: =CA40+CA69 -> 0
A12: Aug 12-18 | B12: =B41 -> 0 | C12: =C41+C70 -> 0 | D12: =D41+D70 -> 0 | F12: =F41 -> 0 | G12: =G41+G70 -> #DIV/0! | H12: =H41+H70 -> #DIV/0! | I12: =C12/G12 -> #DIV/0! | K12: =K41+K70 -> #DIV/0! | L12: =L41+L70 -> #DIV/0! | M12: =M41+M70 -> #DIV/0! | N12: =N41+N70 -> #DIV/0! | O12: =O41+O70 -> #DIV/0! | P12: =P41+P70 -> #DIV/0! | Q12: =Q41+Q70 -> #DIV/0! | R12: =R41+R70 -> #DIV/0! | ... AQ12: =AQ41+AQ70 -> #DIV/0! | AS12: =AS41+AS70 -> 0 | AT12: =AT41+AT70 -> 0 | AU12: =AU41+AU70 -> 0 | AV12: =AV41+AV70 -> 0 | AW12: =AW41+AW70 -> 0 | AX12: =AX41+AX70 -> 0 | AY12: =AY41+AY70 -> 0 | AZ12: =AZ41+AZ70 -> 0 | ... CA12: =CA41+CA70 -> 0
A13: Aug 19-25 | B13: =B42 -> 0 | C13: =C42+C71 -> 0 | D13: =D42+D71 -> 0 | F13: =F42 -> 0 | G13: =G42+G71 -> #DIV/0! | H13: =H42+H71 -> #DIV/0! | I13: =C13/G13 -> #DIV/0! | K13: =K42+K71 -> #DIV/0! | L13: =L42+L71 -> #DIV/0! | M13: =M42+M71 -> #DIV/0! | N13: =N42+N71 -> #DIV/0! | O13: =O42+O71 -> #DIV/0! | P13: =P42+P71 -> #DIV/0! | Q13: =Q42+Q71 -> #DIV/0! | R13: =R42+R71 -> #DIV/0! | ... AQ13: =AQ42+AQ71 -> #DIV/0! | AS13: =AS42+AS71 -> 0 | AT13: =AT42+AT71 -> 0 | AU13: =AU42+AU71 -> 0 | AV13: =AV42+AV71 -> 0 | AW13: =AW42+AW71 -> 0 | AX13: =AX42+AX71 -> 0 | AY13: =AY42+AY71 -> 0 | AZ13: =AZ42+AZ71 -> 0 | ... CA13: =CA42+CA71 -> 0
A14: Aug 26-Sept 1 | B14: =B43 -> 0 | C14: =C43+C72 -> 0 | D14: =D43+D72 -> 0 | F14: =F43 -> 46.6455 | G14: =G43+G72 -> #DIV/0! | H14: =H43+H72 -> #DIV/0! | I14: =C14/G14 -> #DIV/0! | K14: =K43+K72 -> #DIV/0! | L14: =L43+L72 -> #DIV/0! | M14: =M43+M72 -> #DIV/0! | N14: =N43+N72 -> #DIV/0! | O14: =O43+O72 -> #DIV/0! | P14: =P43+P72 -> #DIV/0! | Q14: =Q43+Q72 -> #DIV/0! | R14: =R43+R72 -> #DIV/0! | ... AQ14: =AQ43+AQ72 -> #DIV/0! | AS14: =AS43+AS72 -> 0 | AT14: =AT43+AT72 -> 0 | AU14: =AU43+AU72 -> 0 | AV14: =AV43+AV72 -> 0 | AW14: =AW43+AW72 -> 0 | AX14: =AX43+AX72 -> 0 | AY14: =AY43+AY72 -> 0 | AZ14: =AZ43+AZ72 -> 0 | ... CA14: =CA43+CA72 -> 0
A15: Sept 2-8 | B15: =B44 -> 33 | C15: =C44+C73 -> 102 | D15: =D44+D73 -> 351.69 | F15: =F44 -> 58.2227 | G15: =G44+G73 -> 352.76784 | H15: =H44+H73 -> 743.86236 | I15: =C15/G15 -> 0.289142 | K15: =K44+K73 -> 0 | L15: =L44+L73 -> 0 | M15: =M44+M73 -> 7.2377947 | N15: =N44+N73 -> 0 | O15: =O44+O73 -> 9.0021189 | P15: =P44+P73 -> 0 | Q15: =Q44+Q73 -> 0 | R15: =R44+R73 -> 0 | ... AQ15: =AQ44+AQ73 -> 0 | AS15: =AS44+AS73 -> 0 | AT15: =AT44+AT73 -> 0 | AU15: =AU44+AU73 -> 0 | AV15: =AV44+AV73 -> 0 | AW15: =AW44+AW73 -> 2 | AX15: =AX44+AX73 -> 0 | AY15: =AY44+AY73 -> 3 | AZ15: =AZ44+AZ73 -> 0 | ... CA15: =CA44+CA73 -> 0
A16: Sept 9-15 | B16: =B45 -> 34 | C16: =C45+C74 -> 105 | D16: =D45+D74 -> 340.66 | F16: =F45 -> 86.2235 | G16: =G45+G74 -> 281.63322 | H16: =H45+H74 -> 894.34318 | I16: =C16/G16 -> 0.37282533 | K16: =K45+K74 -> 0 | L16: =L45+L74 -> 0 | M16: =M45+M74 -> 0 | N16: =N45+N74 -> 0 | O16: =O45+O74 -> 0 | P16: =P45+P74 -> 0 | Q16: =Q45+Q74 -> 0 | R16: =R45+R74 -> 0 | ... AQ16: =AQ45+AQ74 -> 24.666 | AS16: =AS45+AS74 -> 0 | AT16: =AT45+AT74 -> 0 | AU16: =AU45+AU74 -> 0 | AV16: =AV45+AV74 -> 0 | AW16: =AW45+AW74 -> 0 | AX16: =AX45+AX74 -> 0 | AY16: =AY45+AY74 -> 0 | AZ16: =AZ45+AZ74 -> 0 | ... CA16: =CA45+CA74 -> 11
A17: Sept 16-22 | B17: =B46 -> 29 | C17: =C46+C75 -> 58 | D17: =D46+D75 -> 256.52 | F17: =F46 -> 59.1265 | G17: =G46+G75 -> 161.1426 | H17: =H46+H75 -> 621.22166 | I17: =C17/G17 -> 0.35992965 | K17: =K46+K75 -> 0 | L17: =L46+L75 -> 0 | M17: =M46+M75 -> 0 | N17: =N46+N75 -> 0 | O17: =O46+O75 -> 2.0388448 | P17: =P46+P75 -> 0 | Q17: =Q46+Q75 -> 0 | R17: =R46+R75 -> 0 | ... AQ17: =AQ46+AQ75 -> 0 | AS17: =AS46+AS75 -> 0 | AT17: =AT46+AT75 -> 0 | AU17: =AU46+AU75 -> 0 | AV17: =AV46+AV75 -> 0 | AW17: =AW46+AW75 -> 0 | AX17: =AX46+AX75 -> 0 | AY17: =AY46+AY75 -> 1 | AZ17: =AZ46+AZ75 -> 0 | ... CA17: =CA46+CA75 -> 0 | CF17: =SUM(AS17:AX17) -> 0 | CG17: =SUM(AY17:AZ17) -> 1 | CH17: =CF17/(CG17+CF17) -> 0
A18: Sept 23-29 | B18: =B47 -> 29 | C18: =C47+C76 -> 76 | D18: =D47+D76 -> 289.31 | F18: =F47 -> 57.9535 | G18: =G47+G76 -> 177.77078 | H18: =H47+H76 -> 628.42481 | I18: =C18/G18 -> 0.42751684 | K18: =K47+K76 -> 0 | L18: =L47+L76 -> 0 | M18: =M47+M76 -> 0 | N18: =N47+N76 -> 0 | O18: =O47+O76 -> 0 | P18: =P47+P76 -> 0 | Q18: =Q47+Q76 -> 0 | R18: =R47+R76 -> 0 | ... AQ18: =AQ47+AQ76 -> 0 | AS18: =AS47+AS76 -> 0 | AT18: =AT47+AT76 -> 0 | AU18: =AU47+AU76 -> 0 | AV18: =AV47+AV76 -> 0 | AW18: =AW47+AW76 -> 0 | AX18: =AX47+AX76 -> 0 | AY18: =AY47+AY76 -> 0 | AZ18: =AZ47+AZ76 -> 0 | ... CA18: =CA47+CA76 -> 0 | CF18: =SUM(AS18:AX18) -> 0 | CG18: =SUM(AY18:AZ18) -> 0 | CH18: =CF18/(CG18+CF18) -> #DIV/0!
A19: Sept 30-Oct 6 | B19: =B48 -> 17 | C19: =C48+C77 -> 43 | D19: =D48+D77 -> 177.01 | F19: =F48 -> 43.8185 | G19: =G48+G77 -> 122.30281 | H19: =H48+H77 -> 491.33467 | I19: =C19/G19 -> 0.35158637 | K19: =K48+K77 -> 0 | L19: =L48+L77 -> 0 | M19: =M48+M77 -> 0 | N19: =N48+N77 -> 0 | O19: =O48+O77 -> 5.1551176 | P19: =P48+P77 -> 0 | Q19: =Q48+Q77 -> 0 | R19: =R48+R77 -> 0 | ... AQ19: =AQ48+AQ77 -> 2.5775588 | AS19: =AS48+AS77 -> 0 | AT19: =AT48+AT77 -> 0 | AU19: =AU48+AU77 -> 0 | AV19: =AV48+AV77 -> 0 | AW19: =AW48+AW77 -> 0 | AX19: =AX48+AX77 -> 0 | AY19: =AY48+AY77 -> 2 | AZ19: =AZ48+AZ77 -> 0 | ... CA19: =CA48+CA77 -> 0 | CF19: =SUM(AS19:AX19) -> 0 | CG19: =SUM(AY19:AZ19) -> 2 | CH19: =CF19/(CG19+CF19) -> 0
A20: Oct 7-13 | B20: =B49 -> 26 | C20: =C49+C78 -> 95 | D20: =D49+D78 -> 364.02 | F20: =F49 -> 37.5991 | G20: =G49+G78 -> 187.19569 | H20: =H49+H78 -> 605.23797 | I20: =C20/G20 -> 0.50749032 | K20: =K49+K78 -> 1.4461192 | L20: =L49+L78 -> 0 | M20: =M49+M78 -> 0 | N20: =N49+N78 -> 0 | O20: =O49+O78 -> 11.699241 | P20: =P49+P78 -> 0 | Q20: =Q49+Q78 -> 1.4461192 | R20: =R49+R78 -> 1.4461192 | ... AQ20: =AQ49+AQ78 -> 4.3383577 | AS20: =AS49+AS78 -> 1 | AT20: =AT49+AT78 -> 0 | AU20: =AU49+AU78 -> 0 | AV20: =AV49+AV78 -> 0 | AW20: =AW49+AW78 -> 0 | AX20: =AX49+AX78 -> 0 | AY20: =AY49+AY78 -> 5 | AZ20: =AZ49+AZ78 -> 0 | ... CA20: =CA49+CA78 -> 0 | CF20: =SUM(AS20:AX20) -> 1 | CG20: =SUM(AY20:AZ20) -> 5 | CH20: =CF20/(CG20+CF20) -> 0.16666667
A21: Oct 14-20 | B21: =B50 -> 14 | C21: =C50+C79 -> 48 | D21: =D50+D79 -> 148.23 | F21: =F50 -> 42.405 | G21: =G50+G79 -> 143.99912 | H21: =H50+H79 -> 446.07897 | I21: =C21/G21 -> 0.33333536 | K21: =K50+K79 -> 0 | L21: =L50+L79 -> 0 | M21: =M50+M79 -> 12.666754 | N21: =N50+N79 -> 0 | O21: =O50+O79 -> 18.940599 | P21: =P50+P79 -> 0 | Q21: =Q50+Q79 -> 7.4047959 | R21: =R50+R79 -> 3.0289286 | ... AQ21: =AQ50+AQ79 -> 3.0289286 | AS21: =AS50+AS79 -> 0 | AT21: =AT50+AT79 -> 0 | AU21: =AU50+AU79 -> 0 | AV21: =AV50+AV79 -> 0 | AW21: =AW50+AW79 -> 3 | AX21: =AX50+AX79 -> 0 | AY21: =AY50+AY79 -> 5 | AZ21: =AZ50+AZ79 -> 0 | ... CA21: =CA50+CA79 -> 0 | CF21: =SUM(AS21:AX21) -> 3 | CG21: =SUM(AY21:AZ21) -> 5 | CH21: =CF21/(CG21+CF21) -> 0.375
A22: Oct 21-27 | B22: =B51 -> 4 | C22: =C51+C80 -> 28 | D22: =D51+D80 -> 72.01 | F22: =F51 -> 14.8945 | G22: =G51+G80 -> 123.78278 | H22: =H51+H80 -> 312.98839 | I22: =C22/G22 -> 0.2262027 | K22: =K51+K80 -> 0 | L22: =L51+L80 -> 0 | M22: =M51+M80 -> 0 | N22: =N51+N80 -> 19.06519 | O22: =O51+O80 -> 5.8499815 | P22: =P51+P80 -> 19.396557 | Q22: =Q51+Q80 -> 7.44725 | R22: =R51+R80 -> 3.723625 | ... AQ22: =AQ51+AQ80 -> 0 | AS22: =AS51+AS80 -> 0 | AT22: =AT51+AT80 -> 0 | AU22: =AU51+AU80 -> 0 | AV22: =AV51+AV80 -> 0 | AW22: =AW51+AW80 -> 0 | AX22: =AX51+AX80 -> 5 | AY22: =AY51+AY80 -> 1 | AZ22: =AZ51+AZ80 -> 5 | ... CA22: =CA51+CA80 -> 0
A23: Oct 28-Nov 3 | B23: =B52 -> 10 | C23: =C52+C81 -> 61 | D23: =D52+D81 -> 95.5 | F23: =F52 -> 24.158286 | G23: =G52+G81 -> 173.97226 | H23: =H52+H81 -> 236.21241 | I23: =C23/G23 -> 0.35063061 | K23: =K52+K81 -> 16.9108 | L23: =L52+L81 -> 12.079143 | M23: =M52+M81 -> 0 | N23: =N52+N81 -> 0 | O23: =O52+O81 -> 127.69954 | P23: =P52+P81 -> 0 | Q23: =Q52+Q81 -> 4.8316571 | R23: =R52+R81 -> 0 | ... AQ23: =AQ52+AQ81 -> 2.4158286 | AS23: =AS52+AS81 -> 10 | AT23: =AT52+AT81 -> 5 | AU23: =AU52+AU81 -> 0 | AV23: =AV52+AV81 -> 0 | AW23: =AW52+AW81 -> 0 | AX23: =AX52+AX81 -> 0 | AY23: =AY52+AY81 -> 63 | AZ23: =AZ52+AZ81 -> 0 | ... CA23: =CA52+CA81 -> 2
A24: Nov 4-10 | B24: =B53 -> 26 | C24: =C53+C82 -> 76 | D24: =D53+D82 -> 267.57 | F24: =F53 -> 183.426 | G24: =G53+G82 -> 483.45878 | H24: =H53+H82 -> 1756.533 | I24: =C24/G24 -> 0.15720058 | K24: =K44+K73 -> 0 | L24: =L44+L73 -> 0 | M24: =M44+M73 -> 7.2377947 | N24: =N44+N73 -> 0 | O24: =O44+O73 -> 9.0021189 | P24: =P44+P73 -> 0 | Q24: =Q53+Q82 -> 0 | R24: =R53+R82 -> 0 | S24: =S53+S82 -> 0 | T24: =T53+T82 -> 0 | U24: =U44+U73 -> 3.5286485 | V24: =V44+V73 -> 3.5286485 | W24: =W44+W73 -> 0 | X24: =X44+X73 -> 0 | Y24: =Y44+Y73 -> 0 | Z24: =Z44+Z73 -> 0 | AA24: =AA44+AA73 -> 0 | AB24: =AB44+AB73 -> 0 | ... AQ24: =AQ44+AQ73 -> 0 | AS24: =AS53+AS82 -> 4 | AT24: =AT53+AT82 -> 1 | AU24: =AU53+AU82 -> 0 | AV24: =AV53+AV82 -> 0 | AW24: =AW53+AW82 -> 0 | AX24: =AX53+AX82 -> 0 | AY24: =AY53+AY82 -> 16 | AZ24: =AZ53+AZ82 -> 0 | ... CA24: =CA53+CA82 -> 0 | CC24: =SUM(AS24:AZ24) -> 21 | CD24: =D24/CC24 -> 12.741429 | CE24: =CC24/B24 -> 0.80769231 | CF24: =SUM(AS24:AX24) -> 5 | CG24: =SUM(AY24:AZ24) -> 16 | CH24: =CF24/(CG24+CF24) -> 0.23809524
A25: Nov 11-17 | B25: =B54 -> 4 | C25: =C54+C83 -> 20 | D25: =D54+D83 -> 70.45 | F25: =F54 -> 52.3755 | G25: =G54+G83 -> 111.0477 | H25: =H54+H83 -> 452.57838 | I25: =C25/G25 -> 0.18010279 | K25: =K45+K74 -> 0 | L25: =L45+L74 -> 0 | M25: =M45+M74 -> 0 | N25: =N45+N74 -> 0 | O25: =O45+O74 -> 0 | P25: =P45+P74 -> 0 | Q25: =Q54+Q83 -> 1.8075941 | R25: =R54+R83 -> 0 | S25: =S54+S83 -> 0 | T25: =T54+T83 -> 0 | U25: =U45+U74 -> 0 | V25: =V45+V74 -> 0 | W25: =W45+W74 -> 0 | X25: =X45+X74 -> 0 | Y25: =Y45+Y74 -> 0 | Z25: =Z45+Z74 -> 0 | AA25: =AA45+AA74 -> 0 | AB25: =AB45+AB74 -> 0 | ... AQ25: =AQ45+AQ74 -> 24.666 | AS25: =AS54+AS83 -> 2 | AT25: =AT54+AT83 -> 0 | AU25: =AU54+AU83 -> 0 | AV25: =AV54+AV83 -> 0 | AW25: =AW54+AW83 -> 0 | AX25: =AX54+AX83 -> 0 | AY25: =AY54+AY83 -> 7 | AZ25: =AZ54+AZ83 -> 0 | ... CA25: =CA54+CA83 -> 1 | CC25: =SUM(AS25:AZ25) -> 9 | CD25: =D25/CC25 -> 7.8277778 | CE25: =CC25/B25 -> 2.25 | CF25: =SUM(AS25:AX25) -> 2 | CG25: =SUM(AY25:AZ25) -> 7 | CH25: =CF25/(CG25+CF25) -> 0.22222222
A26: Nov 18-24 | B26: =B55 -> 15 | C26: =C55+C84 -> 63 | D26: =D55+D84 -> 213.39 | F26: =F55 -> 62.405 | G26: =G55+G84 -> 218.44411 | H26: =H55+H84 -> 758.66402 | I26: =C26/G26 -> 0.28840329 | K26: =K46+K75 -> 0 | L26: =L46+L75 -> 0 | M26: =M46+M75 -> 0 | N26: =N46+N75 -> 0 | O26: =O46+O75 -> 2.0388448 | P26: =P46+P75 -> 0 | Q26: =Q55+Q84 -> 49.924 | R26: =R55+R84 -> 0 | S26: =S55+S84 -> 0 | T26: =T55+T84 -> 0 | U26: =U46+U75 -> 0 | V26: =V46+V75 -> 4.0776897 | W26: =W46+W75 -> 0 | X26: =X46+X75 -> 2.0388448 | Y26: =Y46+Y75 -> 0 | Z26: =Z46+Z75 -> 0 | AA26: =AA46+AA75 -> 0 | AB26: =AB46+AB75 -> 0 | ... AQ26: =AQ46+AQ75 -> 0 | AS26: =AS55+AS84 -> 0 | AT26: =AT55+AT84 -> 0 | AU26: =AU55+AU84 -> 0 | AV26: =AV55+AV84 -> 0 | AW26: =AW55+AW84 -> 0 | AX26: =AX55+AX84 -> 0 | AY26: =AY55+AY84 -> 0 | AZ26: =AZ55+AZ84 -> 0 | ... CA26: =CA55+CA84 -> 0 | CC26: =SUM(AS26:AZ26) -> 0 | CD26: =D26/CC26 -> #DIV/0! | CE26: =CC26/B26 -> 0 | CF26: =SUM(AS26:AX26) -> 0 | CG26: =SUM(AY26:AZ26) -> 0 | CH26: =CF26/(CG26+CF26) -> #DIV/0!
A27: Nov 25-Dec 1 | B27: =B56 -> 19 | C27: =C56+C85 -> 57 | D27: =D56+D85 -> 287.3 | F27: =F56 -> 95.9915 | G27: =G56+G85 -> 229.66272 | H27: =H56+H85 -> 1193.1714 | I27: =C27/G27 -> 0.24819004 | K27: =K56+K85 -> 6.8203669 | L27: =L56+L85 -> 15.156553 | M27: =M56+M85 -> 0 | N27: =N56+N85 -> 0 | O27: =O56+O85 -> 37.525243 | P27: =P56+P85 -> 40.417474 | Q27: =Q56+Q85 -> 0 | R27: =R56+R85 -> 0 | ... AQ27: =AQ56+AQ85 -> 0 | AS27: =AS56+AS85 -> 1 | AT27: =AT56+AT85 -> 0 | AU27: =AU56+AU85 -> 0 | AV27: =AV56+AV85 -> 0 | AW27: =AW56+AW85 -> 0 | AX27: =AX56+AX85 -> 0 | AY27: =AY56+AY85 -> 4 | AZ27: =AZ56+AZ85 -> 0 | ... CA27: =CA56+CA85 -> 0 | CC27: =SUM(AS27:AZ27) -> 5 | CD27: =D27/CC27 -> 57.46 | CE27: =CC27/B27 -> 0.26315789 | CF27: =SUM(AS27:AX27) -> 1 | CG27: =SUM(AY27:AZ27) -> 4 | CH27: =CF27/(CG27+CF27) -> 0.2
A28: Dec 2-31 | B28: =B57 -> 0 | C28: =C57+C86 -> 0 | D28: =D57+D86 -> 0 | F28: =F57 -> 0 | G28: =G57+G86 -> #DIV/0! | H28: =H57+H86 -> #DIV/0! | I28: =C28/G28 -> #DIV/0! | K28: =K57+K86 -> #DIV/0! | L28: =L57+L86 -> #DIV/0! | M28: =M57+M86 -> #DIV/0! | N28: =N57+N86 -> #DIV/0! | O28: =O57+O86 -> #DIV/0! | P28: =P57+P86 -> #DIV/0! | Q28: =Q57+Q86 -> #DIV/0! | R28: =R57+R86 -> #DIV/0! | ... AQ28: =AQ57+AQ86 -> #DIV/0! | AS28: =AS57+AS86 -> 0 | AT28: =AT57+AT86 -> 0 | AU28: =AU57+AU86 -> 0 | AV28: =AV57+AV86 -> 0 | AW28: =AW57+AW86 -> 0 | AX28: =AX57+AX86 -> 0 | AY28: =AY57+AY86 -> 0 | AZ28: =AZ57+AZ86 -> 0 | ... CA28: =CA57+CA86 -> 0 | CC28: =SUM(AS28:AZ28) -> 0 | CD28: =D28/CC28 -> #DIV/0! | CE28: =CC28/B28 -> #DIV/0! | CF28: =SUM(AS28:AX28) -> 0 | CG28: =SUM(AY28:AZ28) -> 0 | CH28: =CF28/(CG28+CF28) -> #DIV/0!
A29: January | B29: =B58 -> 0 | C29: =C58+C87 -> 0 | D29: =D58+D87 -> 0 | F29: =F58 -> 0 | G29: =G58+G87 -> #DIV/0! | H29: =H58+H87 -> #DIV/0! | I29: =C29/G29 -> #DIV/0! | K29: =K58+K87 -> #DIV/0! | L29: =L58+L87 -> #DIV/0! | M29: =M58+M87 -> #DIV/0! | N29: =N58+N87 -> #DIV/0! | O29: =O58+O87 -> #DIV/0! | P29: =P58+P87 -> #DIV/0! | Q29: =Q58+Q87 -> #DIV/0! | R29: =R58+R87 -> #DIV/0! | ... AQ29: =AQ58+AQ87 -> #DIV/0! | AS29: =AS58+AS87 -> 0 | AT29: =AT58+AT87 -> 0 | AU29: =AU58+AU87 -> 0 | AV29: =AV58+AV87 -> 0 | AW29: =AW58+AW87 -> 0 | AX29: =AX58+AX87 -> 0 | AY29: =AY58+AY87 -> 0 | AZ29: =AZ58+AZ87 -> 0 | ... CA29: =CA58+CA87 -> 0 | CC29: =SUM(AS29:AZ29) -> 0 | CD29: =D29/CC29 -> #DIV/0! | CE29: =CC29/B29 -> #DIV/0!
A30: February | B30: =B59 -> 0 | C30: =C59+C88 -> 0 | D30: =D59+D88 -> 0 | F30: =F59 -> 0 | G30: =G59+G88 -> #DIV/0! | H30: =H59+H88 -> #DIV/0! | I30: =C30/G30 -> #DIV/0! | K30: =K59+K88 -> #DIV/0! | L30: =L59+L88 -> #DIV/0! | M30: =M59+M88 -> #DIV/0! | N30: =N59+N88 -> #DIV/0! | O30: =O59+O88 -> #DIV/0! | P30: =P59+P88 -> #DIV/0! | Q30: =Q59+Q88 -> #DIV/0! | R30: =R59+R88 -> #DIV/0! | ... AQ30: =AQ59+AQ88 -> #DIV/0! | AS30: =AS59+AS88 -> #DIV/0! | AT30: =AT59+AT88 -> #DIV/0! | AU30: =AU59+AU88 -> #DIV/0! | AV30: =AV59+AV88 -> #DIV/0! | AW30: =AW59+AW88 -> #DIV/0! | AX30: =AX59+AX88 -> #DIV/0! | AY30: =AY59+AY88 -> #DIV/0! | AZ30: =AZ59+AZ88 -> #DIV/0! | ... CA30: =CA59+CA88 -> 0 | CC30: =SUM(AS30:AZ30) -> #DIV/0! | CD30: =D30/CC30 -> #DIV/0! | CE30: =CC30/B30 -> #DIV/0!
A31: March | B31: =B60 -> 0 | C31: =C60+C89 -> 0 | D31: =D60+D89 -> 0 | F31: =F60 -> 0 | G31: =G60+G89 -> #DIV/0! | H31: =H60+H89 -> #DIV/0! | I31: =C31/G31 -> #DIV/0! | K31: =K60+K89 -> #DIV/0! | L31: =L60+L89 -> #DIV/0! | M31: =M60+M89 -> #DIV/0! | N31: =N60+N89 -> #DIV/0! | O31: =O60+O89 -> #DIV/0! | P31: =P60+P89 -> #DIV/0! | Q31: =Q60+Q89 -> #DIV/0! | R31: =R60+R89 -> #DIV/0! | ... AQ31: =AQ60+AQ89 -> #DIV/0! | AS31: =AS60+AS89 -> 0 | AT31: =AT60+AT89 -> 0 | AU31: =AU60+AU89 -> 0 | AV31: =AV60+AV89 -> 0 | AW31: =AW60+AW89 -> 0 | AX31: =AX60+AX89 -> 0 | AY31: =AY60+AY89 -> 0 | AZ31: =AZ60+AZ89 -> 0 | ... CA31: =CA60+CA89 -> 0 | CC31: =SUM(AS31:AZ31) -> 0 | CD31: =D31/CC31 -> #DIV/0! | CE31: =CC31/B31 -> #DIV/0!
A32: Season | B32: =SUM(B10:B31) -> 260 | C32: =SUM(C10:C31) -> 832 | D32: =SUM(D10:D31) -> 2933.66 | F32: =SUM(F10:F31) -> 866.65859 | G32: =SUM(G10:G31) -> #DIV/0! | H32: =SUM(H10:H31) -> #DIV/0! | I32: =C32/G32 -> #DIV/0! | K32: =SUM(K10:K31) -> #DIV/0! | L32: =SUM(L10:L31) -> #DIV/0! | M32: =SUM(M10:M31) -> #DIV/0! | N32: =SUM(N10:N31) -> #DIV/0! | O32: =SUM(O10:O31) -> #DIV/0! | P32: =SUM(P10:P31) -> #DIV/0! | Q32: =SUM(Q10:Q31) -> #DIV/0! | R32: =SUM(R10:R31) -> #DIV/0! | ... AQ32: =SUM(AQ10:AQ31) -> #DIV/0! | AS32: =SUM(AS10:AS31) -> #DIV/0! | AT32: =SUM(AT10:AT31) -> #DIV/0! | AU32: =SUM(AU10:AU31) -> #DIV/0! | AV32: =SUM(AV10:AV31) -> #DIV/0! | AW32: =SUM(AW10:AW31) -> #DIV/0! | AX32: =SUM(AX10:AX31) -> #DIV/0! | AY32: =SUM(AY10:AY31) -> #DIV/0! | AZ32: =SUM(AZ10:AZ31) -> #DIV/0! | ... CA32: =SUM(CA10:CA31) -> 14
A33: * Fishery closed Oct 21, reopened Nov 5 | K33: =K32+L32 -> #DIV/0! | M33: =SUM(M32:P32) -> #DIV/0! | R33: =K33/(M33+K33) -> #DIV/0!
K35: Steelhead | Q35: Coho | U35: Chinook | AA35: White Sturgeon | AS35: Steelhead | BA35: Coho | BE35: Chinook | BK35: White Sturgeon
A36: Boat Fishery | K36: Harvest | M36: Catch & Release | U36: Harvest | Y36: C & R | AS36: Harvest | AW36: Catch & Release | BE36: Harvest | BI36: C & R | CD36: Hours per Fish
B37: Sampled | F37: Estimated | I37: % | K37: AD | M37: AD | O37: Wild | Q37: Harvest | S37: C & R | U37: Adult | W37: Jack | AB37: Legal | AF37: Walleye | AH37: Trout | AJ37: Bass | AL37: NPM | AN37: C. Catfish | AP37: YP | AS37: AD | AU37: Other | AW37: AD | AY37: Wild | BA37: Harvest | BC37: C & R | BE37: Adult | BG37: Jack | BL37: Legal | BP37: Walleye | BR37: Trout | BT37: Bass | BV37: Shad | BX37: C. Catfish | BZ37: YP
A38: Date | B38: Boats | C38: Anglers | D38: Hours | F38: Boat | G38: Anglers | H38: Hours | I38: Sampled | K38: <78 | L38: ≥78 | M38: <78 | N38: ≥78 | O38: <78 | P38: ≥78 | Q38: NM | R38: AD | S38: NM | T38: AD | U38: NM | V38: AD | W38: NM | X38: AD | Y38: Adult | Z38: Jack | AA38: Sub | AB38: Rel | AC38: Kept | AD38: Over | AE38: Unk | AF38: Kept | AG38: Rel | AH38: Kept | AI38: Rel | AJ38: Kept | AK38: Rel | AL38: Kept | AM38: Rel | AN38: Kept | AO38: Rel | AP38: Kept | AQ38: Rel | AS38: <79 | AT38: >78 | AU38: <79 | AV38: >78 | AW38: <79 | AX38: >78 | AY38: <79 | AZ38: >78 | BA38: NM | BB38: AD | BC38: NM | BD38: AD | BE38: NM | BF38: AD | BG38: NM | BH38: AD | BI38: Adult | BJ38: Jack | BK38: Sub | BL38: Rel | BM38: Kept | BN38: Over | BO38: Unk | BP38: Kept | BQ38: Rel | BR38: Kept | BS38: Rel | BT38: Kept | BU38: Rel | BV38: Kept | BW38: Rel | BX38: Kept | BY38: Rel | BZ38: Kept | CA38: Rel
A39: Aug 1-4 | B39: =Boat!E22 -> 0 | C39: =Boat!F22 -> 0 | D39: =Boat!G22 -> 0 | F39: =Boat!H22 -> 0 | G39: =C39/I39 -> #DIV/0! | H39: =D39/I39 -> #DIV/0! | I39: =Boat!I22 -> #DIV/0! | K39: =Boat!K23 -> #DIV/0! | L39: =Boat!L23 -> #DIV/0! | M39: =Boat!O23 -> #DIV/0! | N39: =Boat!P23 -> #DIV/0! | O39: =Boat!Q23 -> #DIV/0! | P39: =Boat!R23 -> #DIV/0! | Q39: =Boat!S23 -> #DIV/0! | R39: =Boat!T23 -> #DIV/0! | S39: =Boat!U23 -> #DIV/0! | T39: =Boat!V23 -> #DIV/0! | ... AM39: =Boat!AO23 -> #DIV/0! | AN39: =Boat!AR23 -> #DIV/0! | AO39: =Boat!AS23 -> #DIV/0! | AP39: =Boat!AT23 -> #DIV/0! | AQ39: =Boat!AU23 -> #DIV/0! | AS39: =Boat!K23 -> #DIV/0! | AT39: =Boat!L23 -> #DIV/0! | AU39: =Boat!M23 -> #DIV/0! | AV39: =Boat!N23 -> #DIV/0! | AW39: =Boat!O23 -> #DIV/0! | AX39: =Boat!P23 -> #DIV/0! | AY39: =Boat!Q23 -> #DIV/0! | AZ39: =Boat!R23 -> #DIV/0! | BA39: =Boat!S22 -> 0 | BB39: =Boat!T22 -> 0 | BC39: =Boat!U22 -> 0 | BD39: =Boat!V22 -> 0 | BE39: =Boat!W22 -> 0 | BF39: =Boat!X22 -> 0 | BG39: =Boat!Y22 -> 0 | BH39: =Boat!Z22 -> 0 | ... BW39: =Boat!AO22 -> 0 | BX39: =Boat!AR22 -> 0 | BY39: =Boat!AS22 -> 0 | BZ39: =Boat!AT22 -> 0 | CA39: =Boat!AU22 -> 0
A40: Aug 5-11 | B40: =Boat!E32 -> 0 | C40: =Boat!F32 -> 0 | D40: =Boat!G32 -> 0 | F40: =Boat!H32 -> 1.4135 | G40: 0 | H40: 0 | I40: =Boat!I32 -> 0 | K40: =Boat!K33 -> 0 | L40: =Boat!L33 -> 0 | M40: =Boat!O33 -> 0 | N40: =Boat!P33 -> 0 | O40: =Boat!Q33 -> 0 | P40: =Boat!R33 -> 0 | Q40: =Boat!S33 -> 0 | R40: =Boat!T33 -> 0 | S40: =Boat!U33 -> 0 | T40: =Boat!V33 -> 0 | ... AM40: =Boat!AO33 -> 0 | AN40: =Boat!AR33 -> 0 | AO40: =Boat!AS33 -> 0 | AP40: =Boat!AT33 -> 0 | AQ40: =Boat!AU33 -> 0 | AS40: =Boat!K24 -> 0 | AT40: =Boat!L24 -> 0 | AU40: =Boat!M24 -> 0 | AV40: =Boat!N24 -> 0 | AW40: =Boat!O24 -> 0 | AX40: =Boat!P24 -> 0 | AY40: =Boat!Q24 -> 0 | AZ40: =Boat!R24 -> 0 | BA40: =Boat!S32 -> 0 | BB40: =Boat!T32 -> 0 | BC40: =Boat!U32 -> 0 | BD40: =Boat!V32 -> 0 | BE40: =Boat!W32 -> 0 | BF40: =Boat!X32 -> 0 | BG40: =Boat!Y32 -> 0 | BH40: =Boat!Z32 -> 0 | ... BW40: =Boat!AO32 -> 0 | BX40: =Boat!AR32 -> 0 | BY40: =Boat!AS32 -> 0 | BZ40: =Boat!AT32 -> 0 | CA40: =Boat!AU32 -> 0
A41: Aug 12-18 | B41: =Boat!E42 -> 0 | C41: =Boat!F42 -> 0 | D41: =Boat!G42 -> 0 | F41: =Boat!H42 -> 0 | G41: =C41/I41 -> #DIV/0! | H41: =D41/I41 -> #DIV/0! | I41: =Boat!I42 -> #DIV/0! | K41: =Boat!K43 -> #DIV/0! | L41: =Boat!L43 -> #DIV/0! | M41: =Boat!O43 -> #DIV/0! | N41: =Boat!P43 -> #DIV/0! | O41: =Boat!Q43 -> #DIV/0! | P41: =Boat!R43 -> #DIV/0! | Q41: =Boat!S43 -> #DIV/0! | R41: =Boat!T43 -> #DIV/0! | S41: =Boat!U43 -> #DIV/0! | T41: =Boat!V43 -> #DIV/0! | ... AM41: =Boat!AO43 -> #DIV/0! | AN41: =Boat!AR43 -> #DIV/0! | AO41: =Boat!AS43 -> #DIV/0! | AP41: =Boat!AT43 -> #DIV/0! | AQ41: =Boat!AU43 -> #DIV/0! | AS41: =Boat!K25 -> 0 | AT41: =Boat!L25 -> 0 | AU41: =Boat!M25 -> 0 | AV41: =Boat!N25 -> 0 | AW41: =Boat!O25 -> 0 | AX41: =Boat!P25 -> 0 | AY41: =Boat!Q25 -> 0 | AZ41: =Boat!R25 -> 0 | BA41: =Boat!S42 -> 0 | BB41: =Boat!T42 -> 0 | BC41: =Boat!U42 -> 0 | BD41: =Boat!V42 -> 0 | BE41: =Boat!W42 -> 0 | BF41: =Boat!X42 -> 0 | BG41: =Boat!Y42 -> 0 | BH41: =Boat!Z42 -> 0 | ... BW41: =Boat!AO42 -> 0 | BX41: =Boat!AR42 -> 0 | BY41: =Boat!AS42 -> 0 | BZ41: =Boat!AT42 -> 0 | CA41: =Boat!AU42 -> 0
A42: Aug 19-25 | B42: =Boat!E52 -> 0 | C42: =Boat!F52 -> 0 | D42: =Boat!G52 -> 0 | F42: =Boat!H52 -> 0 | G42: =C42/I42 -> #DIV/0! | H42: =D42/I42 -> #DIV/0! | I42: =Boat!I52 -> #DIV/0! | K42: =Boat!K53 -> #DIV/0! | L42: =Boat!L53 -> #DIV/0! | M42: =Boat!O53 -> #DIV/0! | N42: =Boat!P53 -> #DIV/0! | O42: =Boat!Q53 -> #DIV/0! | P42: =Boat!R53 -> #DIV/0! | Q42: =Boat!S53 -> #DIV/0! | R42: =Boat!T53 -> #DIV/0! | S42: =Boat!U53 -> #DIV/0! | T42: =Boat!V53 -> #DIV/0! | ... AM42: =Boat!AO53 -> #DIV/0! | AN42: =Boat!AR53 -> #DIV/0! | AO42: =Boat!AS53 -> #DIV/0! | AP42: =Boat!AT53 -> #DIV/0! | AQ42: =Boat!AU53 -> #DIV/0! | AS42: =Boat!K26 -> 0 | AT42: =Boat!L26 -> 0 | AU42: =Boat!M26 -> 0 | AV42: =Boat!N26 -> 0 | AW42: =Boat!O26 -> 0 | AX42: =Boat!P26 -> 0 | AY42: =Boat!Q26 -> 0 | AZ42: =Boat!R26 -> 0 | BA42: =Boat!S52 -> 0 | BB42: =Boat!T52 -> 0 | BC42: =Boat!U52 -> 0 | BD42: =Boat!V52 -> 0 | BE42: =Boat!W52 -> 0 | BF42: =Boat!X52 -> 0 | BG42: =Boat!Y52 -> 0 | BH42: =Boat!Z52 -> 0 | ... BW42: =Boat!AO52 -> 0 | BX42: =Boat!AR52 -> 0 | BY42: =Boat!AS52 -> 0 | BZ42: =Boat!AT52 -> 0 | CA42: =Boat!AU52 -> 0
A43: Aug 26-Sept 1 | B43: =Boat!E62 -> 0 | C43: =Boat!F62 -> 0 | D43: =Boat!G62 -> 0 | F43: =Boat!H62 -> 46.6455 | G43: =C43/I43 -> #DIV/0! | H43: =D43/I43 -> #DIV/0! | I43: =Boat!I62 -> 0 | K43: =Boat!K63 -> #DIV/0! | L43: =Boat!L63 -> #DIV/0! | M43: =Boat!O63 -> #DIV/0! | N43: =Boat!P63 -> #DIV/0! | O43: =Boat!Q63 -> #DIV/0! | P43: =Boat!R63 -> #DIV/0! | Q43: =Boat!S63 -> #DIV/0! | R43: =Boat!T63 -> #DIV/0! | S43: =Boat!U63 -> #DIV/0! | T43: =Boat!V63 -> #DIV/0! | ... AM43: =Boat!AO63 -> #DIV/0! | AN43: =Boat!AR63 -> #DIV/0! | AO43: =Boat!AS63 -> #DIV/0! | AP43: =Boat!AT63 -> #DIV/0! | AQ43: =Boat!AU63 -> #DIV/0! | AS43: =Boat!K27 -> 0 | AT43: =Boat!L27 -> 0 | AU43: =Boat!M27 -> 0 | AV43: =Boat!N27 -> 0 | AW43: =Boat!O27 -> 0 | AX43: =Boat!P27 -> 0 | AY43: =Boat!Q27 -> 0 | AZ43: =Boat!R27 -> 0 | BA43: =Boat!S62 -> 0 | BB43: =Boat!T62 -> 0 | BC43: =Boat!U62 -> 0 | BD43: =Boat!V62 -> 0 | BE43: =Boat!W62 -> 0 | BF43: =Boat!X62 -> 0 | BG43: =Boat!Y62 -> 0 | BH43: =Boat!Z62 -> 0 | ... BW43: =Boat!AO62 -> 0 | BX43: =Boat!AR62 -> 0 | BY43: =Boat!AS62 -> 0 | BZ43: =Boat!AT62 -> 0 | CA43: =Boat!AU62 -> 0
A44: Sept 2-8 | B44: =Boat!E72 -> 33 | C44: =Boat!F72 -> 61 | D44: =Boat!G72 -> 322.42 | F44: =Boat!H72 -> 58.2227 | G44: =C44/I44 -> 107.62378 | H44: =D44/I44 -> 568.85342 | I44: =Boat!I72 -> 0.56678924 | K44: =Boat!K73 -> 0 | L44: =Boat!L73 -> 0 | M44: =Boat!O73 -> 1.7643242 | N44: =Boat!P73 -> 0 | O44: =Boat!Q73 -> 3.5286485 | P44: =Boat!R73 -> 0 | Q44: =Boat!S73 -> 0 | R44: =Boat!T73 -> 0 | S44: =Boat!U73 -> 0 | T44: =Boat!V73 -> 0 | ... AM44: =Boat!AO73 -> 0 | AN44: =Boat!AR73 -> 0 | AO44: =Boat!AS73 -> 0 | AP44: =Boat!AT73 -> 0 | AQ44: =Boat!AU73 -> 0 | AS44: =Boat!K72 -> 0 | AT44: =Boat!L72 -> 0 | AU44: =Boat!M72 -> 0 | AV44: =Boat!N72 -> 0 | AW44: =Boat!O72 -> 1 | AX44: =Boat!P72 -> 0 | AY44: =Boat!Q72 -> 2 | AZ44: =Boat!R72 -> 0 | ... CA44: =Boat!AS72 -> 0
A45: Sept 9-15 | B45: =Boat!E82 -> 34 | C45: =Boat!F82 -> 81 | D45: =Boat!G82 -> 293.09 | F45: =Boat!H82 -> 86.2235 | G45: =C45/I45 -> 205.41481 | H45: =D45/I45 -> 743.27193 | I45: =Boat!I82 -> 0.39432405 | K45: =Boat!K83 -> 0 | L45: =Boat!L83 -> 0 | M45: =Boat!O83 -> 0 | N45: =Boat!P83 -> 0 | O45: =Boat!Q83 -> 0 | P45: =Boat!R83 -> 0 | Q45: =Boat!S83 -> 0 | R45: =Boat!T83 -> 0 | S45: =Boat!U83 -> 0 | T45: =Boat!V83 -> 0 | ... AM45: =Boat!AO83 -> 0 | AN45: =Boat!AR83 -> 0 | AO45: =Boat!AS83 -> 0 | AP45: =Boat!AT83 -> 0 | AQ45: =Boat!AU83 -> 5.0719706 | AS45: =Boat!K82 -> 0 | AT45: =Boat!L82 -> 0 | AU45: =Boat!M82 -> 0 | AV45: =Boat!N82 -> 0 | AW45: =Boat!O82 -> 0 | AX45: =Boat!P82 -> 0 | AY45: =Boat!Q82 -> 0 | AZ45: =Boat!R82 -> 0 | ... CA45: =Boat!AS82 -> 0
A46: Sept 16-22 | B46: =Boat!E92 -> 29 | C46: =Boat!F92 -> 49 | D46: =Boat!G92 -> 235.91 | F46: =Boat!H92 -> 59.1265 | G46: =C46/I46 -> 99.903397 | H46: =D46/I46 -> 480.98388 | I46: =Boat!I92 -> 0.49047381 | K46: =Boat!K93 -> 0 | L46: =Boat!L93 -> 0 | M46: =Boat!O93 -> 0 | N46: =Boat!P93 -> 0 | O46: =Boat!Q93 -> 2.0388448 | P46: =Boat!R93 -> 0 | Q46: =Boat!S93 -> 0 | R46: =Boat!T93 -> 0 | S46: =Boat!U93 -> 0 | T46: =Boat!V93 -> 0 | ... AM46: =Boat!AO93 -> 0 | AN46: =Boat!AR93 -> 0 | AO46: =Boat!AS93 -> 0 | AP46: =Boat!AT93 -> 0 | AQ46: =Boat!AU93 -> 0 | AS46: =Boat!K92 -> 0 | AT46: =Boat!L92 -> 0 | AU46: =Boat!M92 -> 0 | AV46: =Boat!N92 -> 0 | AW46: =Boat!O92 -> 0 | AX46: =Boat!P92 -> 0 | AY46: =Boat!Q92 -> 1 | AZ46: =Boat!R92 -> 0 | ... CA46: =Boat!AS92 -> 0
A47: Sept 23-29 | B47: =Boat!E102 -> 29 | C47: =Boat!F102 -> 55 | D47: =Boat!G102 -> 248.54 | F47: =Boat!H102 -> 57.9535 | G47: =C47/I47 -> 109.91181 | H47: =D47/I47 -> 496.68148 | I47: =Boat!I102 -> 0.50040118 | K47: =Boat!K103 -> 0 | L47: =Boat!L103 -> 0 | M47: =Boat!O103 -> 0 | N47: =Boat!P103 -> 0 | O47: =Boat!Q103 -> 0 | P47: =Boat!R103 -> 0 | Q47: =Boat!S103 -> 0 | R47: =Boat!T103 -> 0 | S47: =Boat!U103 -> 0 | T47: =Boat!V103 -> 1.9983966 | ... AM47: =Boat!AO103 -> 0 | AN47: =Boat!AR103 -> 0 | AO47: =Boat!AS103 -> 0 | AP47: =Boat!AT103 -> 0 | AQ47: =Boat!AU103 -> 0 | AS47: =Boat!K102 -> 0 | AT47: =Boat!L102 -> 0 | AU47: =Boat!M102 -> 0 | AV47: =Boat!N102 -> 0 | AW47: =Boat!O102 -> 0 | AX47: =Boat!P102 -> 0 | AY47: =Boat!Q102 -> 0 | AZ47: =Boat!R102 -> 0 | BA47: =Boat!S101 -> 0 | BB47: =Boat!T101 -> 0 | BC47: =Boat!U101 -> 0 | BD47: =Boat!V101 -> 0 | BE47: =Boat!W101 -> 0 | BF47: =Boat!X101 -> 0 | BG47: =Boat!Y101 -> 0 | BH47: =Boat!Z101 -> 0 | ... CA47: =Boat!AS101 -> 0 | CC47: =SUM(AS47:AZ47) -> 0 | CD47: =D47/CC47 -> #DIV/0! | CE47: =CC47/B47 -> 0
A48: Sept 30-Oct 6 | B48: =Boat!E112 -> 17 | C48: =Boat!F112 -> 32 | D48: =Boat!G112 -> 143.36 | F48: =Boat!H112 -> 43.8185 | G48: =C48/I48 -> 82.481882 | H48: =D48/I48 -> 369.51883 | I48: =Boat!I112 -> 0.38796399 | K48: =Boat!K113 -> 0 | L48: =Boat!L113 -> 0 | M48: =Boat!O113 -> 0 | N48: =Boat!P113 -> 0 | O48: =Boat!Q113 -> 5.1551176 | P48: =Boat!R113 -> 0 | Q48: =Boat!S113 -> 0 | R48: =Boat!T113 -> 0 | S48: =Boat!U113 -> 0 | T48: =Boat!V113 -> 0 | ... AM48: =Boat!AO113 -> 0 | AN48: =Boat!AR113 -> 0 | AO48: =Boat!AS113 -> 0 | AP48: =Boat!AT113 -> 0 | AQ48: =Boat!AU113 -> 2.5775588 | AS48: =Boat!K112 -> 0 | AT48: =Boat!L112 -> 0 | AU48: =Boat!M112 -> 0 | AV48: =Boat!N112 -> 0 | AW48: =Boat!O112 -> 0 | AX48: =Boat!P112 -> 0 | AY48: =Boat!Q112 -> 2 | AZ48: =Boat!R112 -> 0 | BA48: =Boat!S103 -> 0 | BB48: =Boat!T103 -> 0 | BC48: =Boat!U103 -> 0 | BD48: =Boat!V103 -> 1.9983966 | BE48: =Boat!W113 -> 0 | BF48: =Boat!X103 -> 0 | BG48: =Boat!Y103 -> 1.9983966 | BH48: =Boat!Z103 -> 0 | BI48: =Boat!AA103 -> 0 | BJ48: =Boat!AB103 -> 1.9983966 | BK48: =Boat!AC103 -> 0 | BL48: =Boat!AD103 -> 0 | BM48: =Boat!AE103 -> 0 | ... BW48: =Boat!AO103 -> 0 | BX48: =Boat!AR103 -> 0 | BY48: =Boat!AS103 -> 0 | BZ48: =Boat!AT103 -> 0 | CA48: =Boat!AU103 -> 0
A49: Oct 7-13 | B49: =Boat!E122 -> 26 | C49: =Boat!F122 -> 56 | D49: =Boat!G122 -> 302.31 | F49: =Boat!H122 -> 37.5991 | G49: =C49/I49 -> 80.982677 | H49: =D49/I49 -> 437.1763 | I49: =Boat!I122 -> 0.69150591 | K49: =Boat!K123 -> 1.4461192 | L49: =Boat!L123 -> 0 | M49: =Boat!O123 -> 0 | N49: =Boat!P123 -> 0 | O49: =Boat!Q123 -> 4.3383577 | P49: =Boat!R123 -> 0 | Q49: =Boat!S123 -> 1.4461192 | R49: =Boat!T123 -> 1.4461192 | S49: =Boat!U123 -> 0 | T49: =Boat!V123 -> 0 | ... AM49: =Boat!AO123 -> 0 | AN49: =Boat!AR123 -> 0 | AO49: =Boat!AS123 -> 0 | AP49: =Boat!AT123 -> 0 | AQ49: =Boat!AU123 -> 4.3383577 | AS49: =Boat!K122 -> 1 | AT49: =Boat!L122 -> 0 | AU49: =Boat!M122 -> 0 | AV49: =Boat!N122 -> 0 | AW49: =Boat!O122 -> 0 | AX49: =Boat!P122 -> 0 | AY49: =Boat!Q122 -> 3 | AZ49: =Boat!R122 -> 0 | BA49: =Boat!S104 -> 0 | BB49: =Boat!T104 -> 0 | BC49: =Boat!U104 -> 0 | BD49: =Boat!V104 -> 0 | BE49: =Boat!W104 -> 0 | BF49: =Boat!X104 -> 0 | BG49: =Boat!Y104 -> 0 | BH49: =Boat!Z104 -> 0 | ... BW49: =Boat!AO104 -> 0 | BX49: =Boat!AR104 -> 0 | BY49: =Boat!AS104 -> 0 | BZ49: =Boat!AT104 -> 0 | CA49: =Boat!AU104 -> 0
A50: Oct 14-20 | B50: =Boat!E132 -> 14 | C50: =Boat!F132 -> 25 | D50: =Boat!G132 -> 100.24 | F50: =Boat!H132 -> 42.405 | G50: =C50/I50 -> 75.723214 | H50: =D50/I50 -> 303.6198 | I50: =Boat!I132 -> 0.33014975 | K50: =Boat!K133 -> 0 | L50: =Boat!L133 -> 0 | M50: =Boat!O133 -> 6.0578571 | N50: =Boat!P133 -> 0 | O50: =Boat!Q133 -> 3.0289286 | P50: =Boat!R133 -> 0 | Q50: =Boat!S133 -> 6.0578571 | R50: =Boat!T133 -> 3.0289286 | S50: =Boat!U133 -> 0 | T50: =Boat!V133 -> 0 | ... AM50: =Boat!AO133 -> 0 | AN50: =Boat!AR133 -> 0 | AO50: =Boat!AS133 -> 0 | AP50: =Boat!AT133 -> 0 | AQ50: =Boat!AU133 -> 3.0289286 | AS50: =Boat!K132 -> 0 | AT50: =Boat!L132 -> 0 | AU50: =Boat!M132 -> 0 | AV50: =Boat!N132 -> 0 | AW50: =Boat!O132 -> 2 | AX50: =Boat!P132 -> 0 | AY50: =Boat!Q132 -> 1 | AZ50: =Boat!R132 -> 0 | BA50: =Boat!S105 -> 0 | BB50: =Boat!T105 -> 0 | BC50: =Boat!U105 -> 0 | BD50: =Boat!V105 -> 0 | BE50: =Boat!W105 -> 0 | BF50: =Boat!X105 -> 0 | BG50: =Boat!Y105 -> 0 | BH50: =Boat!Z105 -> 0 | ... BW50: =Boat!AO105 -> 0 | BX50: =Boat!AR105 -> 0 | BY50: =Boat!AS105 -> 0 | BZ50: =Boat!AT105 -> 0 | CA50: =Boat!AU105 -> 0
A51: Oct 21-27 | B51: =Boat!E142 -> 4 | C51: =Boat!F142 -> 4 | D51: =Boat!G142 -> 16.87 | F51: =Boat!H142 -> 14.8945 | G51: =C51/I51 -> 14.8945 | H51: =D51/I51 -> 62.817554 | I51: =Boat!I142 -> 0.26855551 | K51: =Boat!K143 -> 0 | L51: =Boat!L143 -> 0 | M51: =Boat!O143 -> 0 | N51: =Boat!P143 -> 0 | O51: =Boat!Q143 -> 0 | P51: =Boat!R143 -> 0 | Q51: =Boat!S143 -> 7.44725 | R51: =Boat!T143 -> 3.723625 | S51: =Boat!U143 -> 0 | T51: =Boat!V143 -> 0 | ... AM51: =Boat!AO143 -> 0 | AN51: =Boat!AR143 -> 0 | AO51: =Boat!AS143 -> 0 | AP51: =Boat!AT143 -> 0 | AQ51: =Boat!AU143 -> 0 | AS51: =Boat!K142 -> 0 | AT51: =Boat!L142 -> 0 | AU51: =Boat!M142 -> 0 | AV51: =Boat!N142 -> 0 | AW51: =Boat!O142 -> 0 | AX51: =Boat!P142 -> 0 | AY51: =Boat!Q142 -> 0 | AZ51: =Boat!R142 -> 0 | BA51: =Boat!S106 -> 0 | BB51: =Boat!T106 -> 0 | BC51: =Boat!U106 -> 0 | BD51: =Boat!V106 -> 0 | BE51: =Boat!W106 -> 0 | BF51: =Boat!X106 -> 0 | BG51: =Boat!Y106 -> 0 | BH51: =Boat!Z106 -> 0 | ... BW51: =Boat!AO106 -> 0 | BX51: =Boat!AR106 -> 0 | BY51: =Boat!AS106 -> 0 | BZ51: =Boat!AT106 -> 0 | CA51: =Boat!AU106 -> 0
A52: Oct 28-Nov 3 | B52: =Boat!E152 -> 10 | C52: =Boat!F152 -> 18 | D52: =Boat!G152 -> 86.61 | F52: =Boat!H152 -> 24.158286 | G52: =C52/I52 -> 43.484914 | H52: =D52/I52 -> 209.23491 | I52: =Boat!I152 -> 0.41393666 | K52: =Boat!K153 -> 16.9108 | L52: =Boat!L153 -> 12.079143 | M52: =Boat!O153 -> 0 | N52: =Boat!P153 -> 0 | O52: =Boat!Q153 -> 113.54394 | P52: =Boat!R153 -> 0 | Q52: =Boat!S153 -> 4.8316571 | R52: =Boat!T153 -> 0 | S52: =Boat!U153 -> 0 | T52: =Boat!V153 -> 0 | ... AM52: =Boat!AO153 -> 0 | AN52: =Boat!AR153 -> 0 | AO52: =Boat!AS153 -> 0 | AP52: =Boat!AT153 -> 0 | AQ52: =Boat!AU153 -> 2.4158286 | AS52: =Boat!K152 -> 7 | AT52: =Boat!L152 -> 5 | AU52: =Boat!M152 -> 0 | AV52: =Boat!N152 -> 0 | AW52: =Boat!O152 -> 0 | AX52: =Boat!P152 -> 0 | AY52: =Boat!Q152 -> 47 | AZ52: =Boat!R152 -> 0 | BA52: =Boat!S107 -> 0 | BB52: =Boat!T107 -> 0 | BC52: =Boat!U107 -> 0 | BD52: =Boat!V107 -> 0 | BE52: =Boat!W107 -> 0 | BF52: =Boat!X107 -> 0 | BG52: =Boat!Y107 -> 0 | BH52: =Boat!Z107 -> 0 | ... BW52: =Boat!AO107 -> 0 | BX52: =Boat!AR107 -> 0 | BY52: =Boat!AS107 -> 0 | BZ52: =Boat!AT107 -> 0 | CA52: =Boat!AU107 -> 0
A53: Nov 4-10 | B53: =Boat!E162 -> 26 | C53: =Boat!F162 -> 53 | D53: =Boat!G162 -> 210.35 | F53: =Boat!H162 -> 183.426 | G53: =C53/I53 -> 373.90685 | H53: =D53/I53 -> 1483.9869 | I53: =Boat!I162 -> 0.14174654 | K53: =Boat!K163 -> 7.0548462 | L53: =Boat!L163 -> 0 | M53: =Boat!M163 -> 0 | N53: =Boat!N163 -> 0 | O53: =Boat!O163 -> 0 | P53: =Boat!P163 -> 0 | Q53: =Boat!S163 -> 0 | R53: =Boat!T163 -> 0 | S53: =Boat!U163 -> 0 | T53: =Boat!V163 -> 0 | U53: =Boat!W163 -> 0 | V53: =Boat!X163 -> 0 | W53: =Boat!Y163 -> 0 | X53: =Boat!Z163 -> 0 | ... AM53: =Boat!AO163 -> 0 | AN53: =Boat!AR163 -> 0 | AO53: =Boat!AS163 -> 0 | AP53: =Boat!AT163 -> 0 | AQ53: =Boat!AU163 -> 0 | AS53: =Boat!K162 -> 1 | AT53: =Boat!L162 -> 0 | AU53: =Boat!M162 -> 0 | AV53: =Boat!N162 -> 0 | AW53: =Boat!O162 -> 0 | AX53: =Boat!P162 -> 0 | AY53: =Boat!Q162 -> 13 | AZ53: =Boat!R162 -> 0 | BA53: =Boat!S108 -> 0 | BB53: =Boat!T108 -> 0 | BC53: =Boat!U108 -> 0 | BD53: =Boat!V108 -> 0 | BE53: =Boat!W108 -> 0 | BF53: =Boat!X108 -> 0 | BG53: =Boat!Y108 -> 0 | BH53: =Boat!Z108 -> 0 | ... BW53: =Boat!AO108 -> 0 | BX53: =Boat!AR108 -> 0 | BY53: =Boat!AS108 -> 0 | BZ53: =Boat!AT108 -> 0 | CA53: =Boat!AU108 -> 0
A54: Nov 11-17 | B54: =Boat!E172 -> 4 | C54: =Boat!F172 -> 5 | D54: =Boat!G172 -> 23.72 | F54: =Boat!H172 -> 52.3755 | G54: =C54/I54 -> 65.469375 | H54: =D54/I54 -> 310.58672 | I54: =Boat!I172 -> 0.076371586 | K54: =Boat!K173 -> 0 | L54: =Boat!L173 -> 0 | M54: =Boat!M173 -> 0 | N54: =Boat!N173 -> 0 | O54: =Boat!O173 -> 0 | P54: =Boat!P173 -> 0 | Q54: =Boat!S173 -> 0 | R54: =Boat!T173 -> 0 | S54: =Boat!U173 -> 0 | T54: =Boat!V173 -> 0 | U54: =Boat!W173 -> 0 | V54: =Boat!X173 -> 0 | W54: =Boat!Y173 -> 0 | X54: =Boat!Z173 -> 0 | ... AM54: =Boat!AO173 -> 0 | AN54: =Boat!AR173 -> 0 | AO54: =Boat!AS173 -> 0 | AP54: =Boat!AT173 -> 0 | AQ54: =Boat!AU173 -> 0 | AS54: =Boat!K172 -> 0 | AT54: =Boat!L172 -> 0 | AU54: =Boat!M172 -> 0 | AV54: =Boat!N172 -> 0 | AW54: =Boat!O172 -> 0 | AX54: =Boat!P172 -> 0 | AY54: =Boat!Q172 -> 4 | AZ54: =Boat!R172 -> 0 | BA54: =Boat!S109 -> 0 | BB54: =Boat!T109 -> 0 | BC54: =Boat!U109 -> 0 | BD54: =Boat!V109 -> 0 | BE54: =Boat!W109 -> 0 | BF54: =Boat!X109 -> 0 | BG54: =Boat!Y109 -> 1 | BH54: =Boat!Z109 -> 1 | ... BW54: =Boat!AO109 -> 0 | BX54: =Boat!AR109 -> 0 | BY54: =Boat!AS109 -> 0 | BZ54: =Boat!AT109 -> 0 | CA54: =Boat!AU109 -> 1
A55: Nov 18-24 | B55: =Boat!E182 -> 15 | C55: =Boat!F182 -> 25 | D55: =Boat!G182 -> 101.01 | F55: =Boat!H182 -> 62.405 | G55: =C55/I55 -> 104.00833 | H55: =D55/I55 -> 420.23527 | I55: =Boat!I182 -> 0.24036536 | K55: =Boat!K183 -> 8.3206667 | L55: =Boat!L183 -> 4.1603333 | M55: =Boat!M183 -> 0 | N55: =Boat!N183 -> 0 | O55: =Boat!O183 -> 0 | P55: =Boat!P183 -> 0 | Q55: =Boat!Q183 -> 49.924 | R55: =Boat!R183 -> 0 | ... AQ55: =Boat!AQ183 -> 0 | AS55: =Boat!K39 -> 0 | AT55: =Boat!L39 -> 0 | AU55: =Boat!M39 -> 0 | AV55: =Boat!N39 -> 0 | AW55: =Boat!O39 -> 0 | AX55: =Boat!P39 -> 0 | AY55: =Boat!Q39 -> 0 | AZ55: =Boat!R39 -> 0 | BA55: =Boat!S110 -> 0 | BB55: =Boat!T110 -> 0 | BC55: =Boat!U110 -> 0 | BD55: =Boat!V110 -> 0 | BE55: =Boat!W110 -> 0 | BF55: =Boat!X110 -> 0 | BG55: =Boat!Y110 -> 0 | BH55: =Boat!Z110 -> 0 | ... BW55: =Boat!AO110 -> 0 | BX55: =Boat!AR110 -> 0 | BY55: =Boat!AS110 -> 0 | BZ55: =Boat!AT110 -> 0 | CA55: =Boat!AU110 -> 0
A56: Nov 25-Dec 1 | B56: =Boat!E192 -> 19 | C56: =Boat!F192 -> 39 | D56: =Boat!G192 -> 207.56 | F56: =Boat!H192 -> 95.9915 | G56: =C56/I56 -> 197.03518 | H56: =D56/I56 -> 1048.6314 | I56: =Boat!I192 -> 0.19793419 | K56: =Boat!K193 -> 5.0521842 | L56: =Boat!L193 -> 15.156553 | M56: =Boat!O193 -> 0 | N56: =Boat!P193 -> 0 | O56: =Boat!Q193 -> 30.313105 | P56: =Boat!R193 -> 40.417474 | Q56: =Boat!S193 -> 0 | R56: =Boat!T193 -> 0 | S56: =Boat!U193 -> 0 | T56: =Boat!V193 -> 0 | ... AM56: =Boat!AO193 -> 0 | AN56: =Boat!AR193 -> 0 | AO56: =Boat!AS193 -> 0 | AP56: =Boat!AT193 -> 0 | AQ56: =Boat!AU193 -> 0 | AS56: =Boat!K40 -> 0 | AT56: =Boat!L40 -> 0 | AU56: =Boat!M40 -> 0 | AV56: =Boat!N40 -> 0 | AW56: =Boat!O40 -> 0 | AX56: =Boat!P40 -> 0 | AY56: =Boat!Q40 -> 0 | AZ56: =Boat!R40 -> 0 | BA56: =Boat!S192 -> 0 | BB56: =Boat!T192 -> 0 | BC56: =Boat!U192 -> 0 | BD56: =Boat!V192 -> 0 | BE56: =Boat!W192 -> 0 | BF56: =Boat!X192 -> 0 | BG56: =Boat!Y192 -> 0 | BH56: =Boat!Z192 -> 0 | ... BW56: =Boat!AO192 -> 0 | BX56: =Boat!AR192 -> 0 | BY56: =Boat!AS192 -> 0 | BZ56: =Boat!AT192 -> 0 | CA56: =Boat!AU192 -> 0 | CC56: =SUM(AS56:AZ56) -> 0 | CD56: =D56/CC56 -> #DIV/0! | CE56: =CC56/B56 -> 0
A57: Dec 2-31 | B57: =Boat!E223 -> 0 | C57: =Boat!F223 -> 0 | D57: =Boat!G223 -> 0 | F57: =Boat!H223 -> 0 | G57: =C57/I57 -> #DIV/0! | H57: =D57/I57 -> #DIV/0! | I57: =Boat!I223 -> #DIV/0! | AS57: =Boat!K41 -> 0 | AT57: =Boat!L41 -> 0 | AU57: =Boat!M41 -> 0 | AV57: =Boat!N41 -> 0 | AW57: =Boat!O41 -> 0 | AX57: =Boat!P41 -> 0 | AY57: =Boat!Q41 -> 0 | AZ57: =Boat!R41 -> 0 | BA57: =Boat!S223 -> 0 | BB57: =Boat!T223 -> 0 | BC57: =Boat!U223 -> 0 | BD57: =Boat!V223 -> 0 | BE57: =Boat!W223 -> 0 | BF57: =Boat!X223 -> 0 | BG57: =Boat!Y223 -> 0 | BH57: =Boat!Z223 -> 0 | ... BW57: =Boat!AO223 -> 0 | BX57: =Boat!AR223 -> 0 | BY57: =Boat!AS223 -> 0 | BZ57: =Boat!AT223 -> 0 | CA57: =Boat!AU223 -> 0 | CC57: =SUM(AS57:AZ57) -> 0 | CD57: =D57/CC57 -> #DIV/0! | CE57: =CC57/B57 -> #DIV/0!
A58: January | B58: =Boat!E257 -> 0 | C58: =Boat!F257 -> 0 | D58: =Boat!G257 -> 0 | F58: =Boat!H257 -> 0 | G58: =C58/I58 -> #DIV/0! | H58: =D58/I58 -> #DIV/0! | I58: =Boat!I257 -> #DIV/0! | AS58: =Boat!K42 -> 0 | AT58: =Boat!L42 -> 0 | AU58: =Boat!M42 -> 0 | AV58: =Boat!N42 -> 0 | AW58: =Boat!O42 -> 0 | AX58: =Boat!P42 -> 0 | AY58: =Boat!Q42 -> 0 | AZ58: =Boat!R42 -> 0 | BA58: =Boat!S257 -> 0 | BB58: =Boat!T257 -> 0 | BC58: =Boat!U257 -> 0 | BD58: =Boat!V257 -> 0 | BE58: =Boat!W257 -> 0 | BF58: =Boat!X257 -> 0 | BG58: =Boat!Y257 -> 0 | BH58: =Boat!Z257 -> 0 | ... BW58: =Boat!AO257 -> 0 | BX58: =Boat!AR257 -> 0 | BY58: =Boat!AS257 -> 0 | BZ58: =Boat!AT257 -> 0 | CA58: =Boat!AU257 -> 0 | CC58: =SUM(AS58:AZ58) -> 0 | CD58: =D58/CC58 -> #DIV/0! | CE58: =CC58/B58 -> #DIV/0!
A59: February | B59: =Boat!E288 -> 0 | C59: =Boat!F288 -> 0 | D59: =Boat!G288 -> 0 | F59: =Boat!H288 -> 0 | G59: =C59/I59 -> #DIV/0! | H59: =D59/I59 -> #DIV/0! | I59: =Boat!I288 -> #DIV/0! | AS59: =Boat!K43 -> #DIV/0! | AT59: =Boat!L43 -> #DIV/0! | AU59: =Boat!M43 -> #DIV/0! | AV59: =Boat!N43 -> #DIV/0! | AW59: =Boat!O43 -> #DIV/0! | AX59: =Boat!P43 -> #DIV/0! | AY59: =Boat!Q43 -> #DIV/0! | AZ59: =Boat!R43 -> #DIV/0! | BA59: =Boat!S288 -> 0 | BB59: =Boat!T288 -> 0 | BC59: =Boat!U288 -> 0 | BD59: =Boat!V288 -> 0 | BE59: =Boat!W288 -> 0 | BF59: =Boat!X288 -> 0 | BG59: =Boat!Y288 -> 0 | BH59: =Boat!Z288 -> 0 | ... BW59: =Boat!AO288 -> 0 | BX59: =Boat!AR288 -> 0 | BY59: =Boat!AS288 -> 0 | BZ59: =Boat!AT288 -> 0 | CA59: =Boat!AU288 -> 0 | CC59: =SUM(AS59:AZ59) -> #DIV/0! | CD59: =D59/CC59 -> #DIV/0! | CE59: =CC59/B59 -> #DIV/0!
A60: March | B60: =Boat!E322 -> 0 | C60: =Boat!F322 -> 0 | D60: =Boat!G322 -> 0 | F60: =Boat!H322 -> 0 | G60: =C60/I60 -> #DIV/0! | H60: =D60/I60 -> #DIV/0! | I60: =Boat!I322 -> #DIV/0! | AS60: =Boat!K44 -> 0 | AT60: =Boat!L44 -> 0 | AU60: =Boat!M44 -> 0 | AV60: =Boat!N44 -> 0 | AW60: =Boat!O44 -> 0 | AX60: =Boat!P44 -> 0 | AY60: =Boat!Q44 -> 0 | AZ60: =Boat!R44 -> 0 | BA60: =Boat!S322 -> 0 | BB60: =Boat!T322 -> 0 | BC60: =Boat!U322 -> 0 | BD60: =Boat!V322 -> 0 | BE60: =Boat!W322 -> 0 | BF60: =Boat!X322 -> 0 | BG60: =Boat!Y322 -> 0 | BH60: =Boat!Z322 -> 0 | ... BW60: =Boat!AO322 -> 0 | BX60: =Boat!AR322 -> 0 | BY60: =Boat!AS322 -> 0 | BZ60: =Boat!AT322 -> 0 | CA60: =Boat!AU322 -> 0
B61: =SUM(B39:B60) -> 260 | C61: =SUM(C39:C60) -> 503 | D61: =SUM(D39:D60) -> 2291.99 | F61: =SUM(F39:F60) -> 866.65859 | G61: =SUM(G39:G60) -> #DIV/0! | H61: =SUM(H39:H60) -> #DIV/0! | I61: =C61/G61 -> #DIV/0! | K61: =SUM(K39:K60) -> #DIV/0! | L61: =SUM(L39:L60) -> #DIV/0! | M61: =SUM(M39:M60) -> #DIV/0! | N61: =SUM(N39:N60) -> #DIV/0! | O61: =SUM(O39:O60) -> #DIV/0! | P61: =SUM(P39:P60) -> #DIV/0! | Q61: =SUM(Q39:Q60) -> #DIV/0! | R61: =SUM(R39:R60) -> #DIV/0! | ... AQ61: =SUM(AQ39:AQ60) -> #DIV/0! | AS61: =SUM(AS39:AS60) -> #DIV/0! | AT61: =SUM(AT39:AT60) -> #DIV/0! | AU61: =SUM(AU39:AU60) -> #DIV/0! | AV61: =SUM(AV39:AV60) -> #DIV/0! | AW61: =SUM(AW39:AW60) -> #DIV/0! | AX61: =SUM(AX39:AX60) -> #DIV/0! | AY61: =SUM(AY39:AY60) -> #DIV/0! | AZ61: =SUM(AZ39:AZ60) -> #DIV/0! | ... CA61: =SUM(CA39:CA60) -> 1
A64: Bank Fishery | K64: Steelhead | Q64: Coho | U64: Chinook | AA64: White Sturgeon | AS64: Steelhead | BA64: Coho | BE64: Chinook | BK64: White Sturgeon
K65: Harvest | M65: Catch & Release | U65: Harvest | Y65: C & R | AS65: Harvest | AW65: Catch & Release | BE65: Harvest | BI65: C & R
B66: Sampled | F66: Estimated | I66: % | K66: AD | M66: AD | O66: Wild | Q66: Harvest | S66: C & R | U66: Adult | W66: Jack | AB66: Legal | AF66: Walleye | AH66: Trout | AJ66: Bass | AL66: NPM | AN66: C. Catfish | AP66: YP | AS66: AD | AU66: Other | AW66: AD | AY66: Wild | BA66: Harvest | BC66: C & R | BE66: Adult | BG66: Jack | BL66: Legal | BP66: Walleye | BR66: Trout | BT66: Bass | BV66: Shad | BX66: C. Catfish | BZ66: YP
A67: Date | C67: Anglers | D67: Hours | G67: Anglers | H67: Hours | I67: Sampled | K67: <78 | L67: ≥78 | M67: <78 | N67: ≥78 | O67: <78 | P67: ≥78 | Q67: NM | R67: AD | S67: NM | T67: AD | U67: NM | V67: AD | W67: NM | X67: AD | Y67: Adult | Z67: Jack | AA67: Sub | AB67: Rel | AC67: Kept | AD67: Over | AE67: Unk | AF67: Kept | AG67: Rel | AH67: Kept | AI67: Rel | AJ67: Kept | AK67: Rel | AL67: Kept | AM67: Rel | AN67: Kept | AO67: Rel | AP67: Kept | AQ67: Rel | AS67: <79 | AT67: >78 | AU67: <79 | AV67: >78 | AW67: <79 | AX67: >78 | AY67: <79 | AZ67: >78 | BA67: NM | BB67: AD | BC67: NM | BD67: AD | BE67: NM | BF67: AD | BG67: NM | BH67: AD | BI67: Adult | BJ67: Jack | BK67: Sub | BL67: Rel | BM67: Kept | BN67: Over | BO67: Unk | BP67: Kept | BQ67: Rel | BR67: Kept | BS67: Rel | BT67: Kept | BU67: Rel | BV67: Kept | BW67: Rel | BX67: Kept | BY67: Rel | BZ67: Kept | CA67: Rel
A68: Aug 1-4 | C68: =Bank!D16 -> 0 | D68: =Bank!E16 -> 0 | G68: =C68/I68 -> #DIV/0! | H68: =Bank!N16 -> #DIV/0! | I68: =D68/H68 -> #DIV/0! | K68: =Bank!CN16 -> #DIV/0! | L68: =Bank!CO16 -> #DIV/0! | M68: =Bank!CR16 -> #DIV/0! | N68: =Bank!CS16 -> #DIV/0! | O68: =Bank!CT16 -> #DIV/0! | P68: =Bank!CU16 -> #DIV/0! | Q68: =Bank!CV16 -> #DIV/0! | R68: =Bank!CW16 -> #DIV/0! | S68: =Bank!CX16 -> #DIV/0! | T68: =Bank!CY16 -> #DIV/0! | ... AQ68: =Bank!DV16 -> #DIV/0! | AS68: =Bank!P16 -> 0 | AT68: =Bank!Q16 -> 0 | AU68: =Bank!R16 -> 0 | AV68: =Bank!S16 -> 0 | AW68: =Bank!T16 -> 0 | AX68: =Bank!U16 -> 0 | AY68: =Bank!V16 -> 0 | AZ68: =Bank!W16 -> 0 | ... BY68: =Bank!AV16 -> 0 | BZ68: =Bank!AY16 -> 0 | CA68: =Bank!AZ16 -> 0
A69: Aug 5-11 | C69: =Bank!D25 -> 0 | D69: =Bank!E25 -> 0 | G69: =C69/I69 -> #DIV/0! | H69: =Bank!N25 -> #DIV/0! | I69: =D69/H69 -> #DIV/0! | K69: =Bank!CN25 -> #DIV/0! | L69: =Bank!CO25 -> #DIV/0! | M69: =Bank!CR25 -> #DIV/0! | N69: =Bank!CS25 -> #DIV/0! | O69: =Bank!CT25 -> #DIV/0! | P69: =Bank!CU25 -> #DIV/0! | Q69: =Bank!CV25 -> #DIV/0! | R69: =Bank!CW25 -> #DIV/0! | S69: =Bank!CX25 -> #DIV/0! | T69: =Bank!CY25 -> #DIV/0! | ... AQ69: =Bank!DV25 -> #DIV/0! | AS69: =Bank!P25 -> 0 | AT69: =Bank!Q25 -> 0 | AU69: =Bank!R25 -> 0 | AV69: =Bank!S25 -> 0 | AW69: =Bank!T25 -> 0 | AX69: =Bank!U25 -> 0 | AY69: =Bank!V25 -> 0 | AZ69: =Bank!W25 -> 0 | ... BY69: =Bank!AV25 -> 0 | BZ69: =Bank!AY25 -> 0 | CA69: =Bank!AZ25 -> 0
A70: Aug 12-18 | C70: =Bank!D34 -> 0 | D70: =Bank!E34 -> 0 | G70: =C70/I70 -> #DIV/0! | H70: =Bank!N34 -> #DIV/0! | I70: =D70/H70 -> #DIV/0! | K70: =Bank!CN34 -> #DIV/0! | L70: =Bank!CO34 -> #DIV/0! | M70: =Bank!CR34 -> #DIV/0! | N70: =Bank!CS34 -> #DIV/0! | O70: =Bank!CT34 -> #DIV/0! | P70: =Bank!CU34 -> #DIV/0! | Q70: =Bank!CV34 -> #DIV/0! | R70: =Bank!CW34 -> #DIV/0! | S70: =Bank!CX34 -> #DIV/0! | T70: =Bank!CY34 -> #DIV/0! | ... AQ70: =Bank!DV34 -> #DIV/0! | AS70: =Bank!P34 -> 0 | AT70: =Bank!Q34 -> 0 | AU70: =Bank!R34 -> 0 | AV70: =Bank!S34 -> 0 | AW70: =Bank!T34 -> 0 | AX70: =Bank!U34 -> 0 | AY70: =Bank!V34 -> 0 | AZ70: =Bank!W34 -> 0 | ... BY70: =Bank!AV34 -> 0 | BZ70: =Bank!AY34 -> 0 | CA70: =Bank!AZ34 -> 0
A71: Aug 19-25 | C71: =Bank!D43 -> 0 | D71: =Bank!E43 -> 0 | G71: =C71/I71 -> #DIV/0! | H71: =Bank!N19 -> #DIV/0! | I71: =D71/H71 -> #DIV/0! | K71: =Bank!CN43 -> #DIV/0! | L71: =Bank!CO43 -> #DIV/0! | M71: =Bank!CR43 -> #DIV/0! | N71: =Bank!CS43 -> #DIV/0! | O71: =Bank!CT43 -> #DIV/0! | P71: =Bank!CU43 -> #DIV/0! | Q71: =Bank!CV43 -> #DIV/0! | R71: =Bank!CW43 -> #DIV/0! | S71: =Bank!CX43 -> #DIV/0! | T71: =Bank!CY43 -> #DIV/0! | ... AQ71: =Bank!DV43 -> #DIV/0! | AS71: =Bank!P43 -> 0 | AT71: =Bank!Q43 -> 0 | AU71: =Bank!R43 -> 0 | AV71: =Bank!S43 -> 0 | AW71: =Bank!T43 -> 0 | AX71: =Bank!U43 -> 0 | AY71: =Bank!V43 -> 0 | AZ71: =Bank!W43 -> 0 | ... BY71: =Bank!AV43 -> 0 | BZ71: =Bank!AY43 -> 0 | CA71: =Bank!AZ43 -> 0
A72: Aug 26-Sept 1 | C72: =Bank!D52 -> 0 | D72: =Bank!E52 -> 0 | G72: =C72/I72 -> #DIV/0! | H72: =Bank!N28 -> #DIV/0! | I72: =D72/H72 -> #DIV/0! | K72: =Bank!CN52 -> #DIV/0! | L72: =Bank!CO52 -> #DIV/0! | M72: =Bank!CR52 -> #DIV/0! | N72: =Bank!CS52 -> #DIV/0! | O72: =Bank!CT52 -> #DIV/0! | P72: =Bank!CU52 -> #DIV/0! | Q72: =Bank!CV52 -> #DIV/0! | R72: =Bank!CW52 -> #DIV/0! | S72: =Bank!CX52 -> #DIV/0! | T72: =Bank!CY52 -> #DIV/0! | ... AQ72: =Bank!DV52 -> #DIV/0! | AS72: =Bank!P52 -> 0 | AT72: =Bank!Q52 -> 0 | AU72: =Bank!R52 -> 0 | AV72: =Bank!S52 -> 0 | AW72: =Bank!T52 -> 0 | AX72: =Bank!U52 -> 0 | AY72: =Bank!V52 -> 0 | AZ72: =Bank!W52 -> 0 | ... BY72: =Bank!AV52 -> 0 | BZ72: =Bank!AY52 -> 0 | CA72: =Bank!AZ52 -> 0
A73: Sept 2-8 | C73: =Bank!D61 -> 41 | D73: =Bank!E61 -> 29.27 | G73: =C73/I73 -> 245.14406 | H73: =Bank!N61 -> 175.00894 | I73: =D73/H73 -> 0.1672486 | K73: =Bank!CN61 -> 0 | L73: =Bank!CO61 -> 0 | M73: =Bank!CR61 -> 5.4734704 | N73: =Bank!CS61 -> 0 | O73: =Bank!CT61 -> 5.4734704 | P73: =Bank!CU61 -> 0 | Q73: =Bank!CV61 -> 0 | R73: =Bank!CW61 -> 0 | S73: =Bank!CX61 -> 0 | T73: =Bank!CY61 -> 0 | ... AQ73: =Bank!DV61 -> 0 | AS73: =Bank!P61 -> 0 | AT73: =Bank!Q61 -> 0 | AU73: =Bank!R61 -> 0 | AV73: =Bank!S61 -> 0 | AW73: =Bank!T61 -> 1 | AX73: =Bank!U61 -> 0 | AY73: =Bank!V61 -> 1 | AZ73: =Bank!W61 -> 0 | ... BY73: =Bank!AV61 -> 0 | BZ73: =Bank!AY61 -> 0 | CA73: =Bank!AZ61 -> 0
A74: Sept 9-15 | C74: =Bank!D70 -> 24 | D74: =Bank!E70 -> 47.57 | G74: =C74/I74 -> 76.218415 | H74: =Bank!N70 -> 151.07125 | I74: =D74/H74 -> 0.31488453 | K74: =Bank!CN70 -> 0 | L74: =Bank!CO70 -> 0 | M74: =Bank!CR70 -> 0 | N74: =Bank!CS70 -> 0 | O74: =Bank!CT70 -> 0 | P74: =Bank!CU70 -> 0 | Q74: =Bank!CV70 -> 0 | R74: =Bank!CW70 -> 0 | S74: =Bank!CX70 -> 0 | T74: =Bank!CY70 -> 0 | ... AQ74: =Bank!DV70 -> 19.594029 | AS74: =Bank!P70 -> 0 | AT74: =Bank!Q70 -> 0 | AU74: =Bank!R70 -> 0 | AV74: =Bank!S70 -> 0 | AW74: =Bank!T70 -> 0 | AX74: =Bank!U70 -> 0 | AY74: =Bank!V70 -> 0 | AZ74: =Bank!W70 -> 0 | ... BY74: =Bank!AV70 -> 0 | BZ74: =Bank!AY70 -> 0 | CA74: =Bank!AZ70 -> 11
A75: Sept 16-22 | C75: =Bank!D79 -> 9 | D75: =Bank!E79 -> 20.61 | G75: =C75/I75 -> 61.239204 | H75: =Bank!N79 -> 140.23778 | I75: =D75/H75 -> 0.14696468 | K75: =Bank!CN79 -> 0 | L75: =Bank!CO79 -> 0 | M75: =Bank!CP79 -> 0 | N75: =Bank!CQ79 -> 0 | O75: =Bank!CR79 -> 0 | P75: =Bank!CS79 -> 0 | Q75: =Bank!CV79 -> 0 | R75: =Bank!CW79 -> 0 | S75: =Bank!CX79 -> 0 | T75: =Bank!CY79 -> 0 | U75: =Bank!CZ79 -> 0 | V75: =Bank!DA79 -> 0 | W75: =Bank!DB79 -> 0 | X75: =Bank!DC79 -> 0 | ... AQ75: =Bank!DV79 -> 0 | AS75: =Bank!P79 -> 0 | AT75: =Bank!Q79 -> 0 | AU75: =Bank!R79 -> 0 | AV75: =Bank!S79 -> 0 | AW75: =Bank!T79 -> 0 | AX75: =Bank!U79 -> 0 | AY75: =Bank!V79 -> 0 | AZ75: =Bank!W79 -> 0 | ... BY75: =Bank!AV79 -> 0 | BZ75: =Bank!AY79 -> 0 | CA75: =Bank!AZ79 -> 0
A76: Sept 23-29 | C76: =Bank!D88 -> 21 | D76: =Bank!E88 -> 40.77 | G76: =C76/I76 -> 67.858965 | H76: =Bank!N88 -> 131.74333 | I76: =D76/H76 -> 0.30946537 | K76: =Bank!CN88 -> 0 | L76: =Bank!CO88 -> 0 | M76: =Bank!CR88 -> 0 | N76: =Bank!CS88 -> 0 | O76: =Bank!CT88 -> 0 | P76: =Bank!CU88 -> 0 | Q76: =Bank!CV88 -> 0 | R76: =Bank!CW88 -> 0 | S76: =Bank!CX88 -> 0 | T76: =Bank!CY88 -> 0 | ... AQ76: =Bank!DV88 -> 0 | AS76: =Bank!P88 -> 0 | AT76: =Bank!Q88 -> 0 | AU76: =Bank!R88 -> 0 | AV76: =Bank!S88 -> 0 | AW76: =Bank!T88 -> 0 | AX76: =Bank!U88 -> 0 | AY76: =Bank!V88 -> 0 | AZ76: =Bank!W88 -> 0 | ... BY76: =Bank!AV88 -> 0 | BZ76: =Bank!AY88 -> 0 | CA76: =Bank!AZ88 -> 0 | CC76: =SUM(AS76:AZ76) -> 0 | CD76: =D76/CC76 -> #DIV/0!
A77: Sept 30-Oct 6 | C77: =Bank!D97 -> 11 | D77: =Bank!E97 -> 33.65 | G77: =C77/I77 -> 39.820926 | H77: =Bank!N97 -> 121.81583 | I77: =D77/H77 -> 0.27623667 | K77: =Bank!CN97 -> 0 | L77: =Bank!CO97 -> 0 | M77: =Bank!CR97 -> 0 | N77: =Bank!CS97 -> 0 | O77: =Bank!CT97 -> 0 | P77: =Bank!CU97 -> 0 | Q77: =Bank!CV97 -> 0 | R77: =Bank!CW97 -> 0 | S77: =Bank!CX97 -> 0 | T77: =Bank!CY97 -> 0 | ... AQ77: =Bank!DV97 -> 0 | AS77: =Bank!P97 -> 0 | AT77: =Bank!Q97 -> 0 | AU77: =Bank!R97 -> 0 | AV77: =Bank!S97 -> 0 | AW77: =Bank!T97 -> 0 | AX77: =Bank!U97 -> 0 | AY77: =Bank!V97 -> 0 | AZ77: =Bank!W97 -> 0 | ... BY77: =Bank!AV97 -> 0 | BZ77: =Bank!AY97 -> 0 | CA77: =Bank!AZ97 -> 0
A78: Oct 7-13 | C78: =Bank!D106 -> 39 | D78: =Bank!E106 -> 61.71 | G78: =C78/I78 -> 106.21301 | H78: =Bank!N106 -> 168.06167 | I78: =D78/H78 -> 0.36718665 | K78: =Bank!CN106 -> 0 | L78: =Bank!CO106 -> 0 | M78: =Bank!CR106 -> 0 | N78: =Bank!CS106 -> 0 | O78: =Bank!CT106 -> 7.3608832 | P78: =Bank!CU106 -> 0 | Q78: =Bank!CV106 -> 0 | R78: =Bank!CW106 -> 0 | S78: =Bank!CX106 -> 0 | T78: =Bank!CY106 -> 0 | ... AQ78: =Bank!DV106 -> 0 | AS78: =Bank!P106 -> 0 | AT78: =Bank!Q106 -> 0 | AU78: =Bank!R106 -> 0 | AV78: =Bank!S106 -> 0 | AW78: =Bank!T106 -> 0 | AX78: =Bank!U106 -> 0 | AY78: =Bank!V106 -> 2 | AZ78: =Bank!W106 -> 0 | ... BY78: =Bank!AV106 -> 0 | BZ78: =Bank!AY106 -> 0 | CA78: =Bank!AZ106 -> 0
A79: Oct 14-20 | C79: =Bank!D115 -> 23 | D79: =Bank!E115 -> 47.99 | G79: =C79/I79 -> 68.275908 | H79: =Bank!N115 -> 142.45917 | I79: =D79/H79 -> 0.33686846 | K79: =Bank!CN115 -> 0 | L79: =Bank!CO115 -> 0 | M79: =Bank!CR115 -> 6.6088966 | N79: =Bank!CS115 -> 0 | O79: =Bank!CT115 -> 15.911671 | P79: =Bank!CU115 -> 0 | Q79: =Bank!CV115 -> 1.3469388 | R79: =Bank!CW115 -> 0 | S79: =Bank!CX115 -> 0 | T79: =Bank!CY115 -> 0 | ... AQ79: =Bank!DV115 -> 0 | AS79: =Bank!P115 -> 0 | AT79: =Bank!Q115 -> 0 | AU79: =Bank!R115 -> 0 | AV79: =Bank!S115 -> 0 | AW79: =Bank!T115 -> 1 | AX79: =Bank!U115 -> 0 | AY79: =Bank!V115 -> 4 | AZ79: =Bank!W115 -> 0 | ... BY79: =Bank!AV115 -> 0 | BZ79: =Bank!AY115 -> 0 | CA79: =Bank!AZ115 -> 0
A80: Oct 21-27 | C80: =Bank!D124 -> 24 | D80: =Bank!E124 -> 55.14 | G80: =C80/I80 -> 108.88828 | H80: =Bank!N124 -> 250.17083 | I80: =D80/H80 -> 0.22040939 | K80: =Bank!CN124 -> 0 | L80: =Bank!CO124 -> 0 | M80: =Bank!CR124 -> 0 | N80: =Bank!CS124 -> 19.06519 | O80: =Bank!CT124 -> 5.8499815 | P80: =Bank!CU124 -> 19.396557 | Q80: =Bank!CV124 -> 0 | R80: =Bank!CW124 -> 0 | S80: =Bank!CX124 -> 0 | T80: =Bank!CY124 -> 0 | ... AQ80: =Bank!DV124 -> 0 | AS80: =Bank!P124 -> 0 | AT80: =Bank!Q124 -> 0 | AU80: =Bank!R124 -> 0 | AV80: =Bank!S124 -> 0 | AW80: =Bank!T124 -> 0 | AX80: =Bank!U124 -> 5 | AY80: =Bank!V124 -> 1 | AZ80: =Bank!W124 -> 5 | ... BY80: =Bank!AV124 -> 0 | BZ80: =Bank!AY124 -> 0 | CA80: =Bank!AZ124 -> 0
A81: Oct 28-Nov 3 | C81: =Bank!D133 -> 43 | D81: =Bank!E131 -> 8.89 | G81: =C81/I81 -> 130.48735 | H81: =Bank!N131 -> 26.9775 | I81: =D81/H81 -> 0.32953387 | K81: =Bank!CN133 -> 0 | L81: =Bank!CO133 -> 0 | M81: =Bank!CR133 -> 0 | N81: =Bank!CS133 -> 0 | O81: =Bank!CT133 -> 14.155596 | P81: =Bank!CU133 -> 0 | Q81: =Bank!CV133 -> 0 | R81: =Bank!CW133 -> 0 | S81: =Bank!CX133 -> 0 | T81: =Bank!CY133 -> 0 | ... AQ81: =Bank!DV133 -> 0 | AS81: =Bank!P133 -> 3 | AT81: =Bank!Q133 -> 0 | AU81: =Bank!R133 -> 0 | AV81: =Bank!S133 -> 0 | AW81: =Bank!T133 -> 0 | AX81: =Bank!U133 -> 0 | AY81: =Bank!V133 -> 16 | AZ81: =Bank!W133 -> 0 | ... BY81: =Bank!AV133 -> 0 | BZ81: =Bank!AY133 -> 0 | CA81: =Bank!AZ133 -> 2
A82: Nov 4-10 | C82: =Bank!D142 -> 23 | D82: =Bank!E142 -> 57.22 | G82: =C82/I82 -> 109.55193 | H82: =Bank!N142 -> 272.54615 | I82: =D82/H82 -> 0.20994609 | K82: =Bank!CN142 -> 21.509594 | L82: =Bank!CO142 -> 0 | M82: =Bank!CP142 -> 0 | N82: =Bank!CQ142 -> 0 | O82: =Bank!CR142 -> 0 | P82: =Bank!CS142 -> 0 | Q82: =Bank!CV142 -> 0 | R82: =Bank!CW142 -> 0 | S82: =Bank!CX142 -> 0 | T82: =Bank!CY142 -> 0 | U82: =Bank!CZ142 -> 0 | V82: =Bank!DA142 -> 0 | W82: =Bank!DB142 -> 0 | X82: =Bank!DC142 -> 0 | ... AQ82: =Bank!DV142 -> 0 | AS82: =Bank!P142 -> 3 | AT82: =Bank!Q142 -> 1 | AU82: =Bank!R142 -> 0 | AV82: =Bank!S142 -> 0 | AW82: =Bank!T142 -> 0 | AX82: =Bank!U142 -> 0 | AY82: =Bank!V142 -> 3 | AZ82: =Bank!W142 -> 0 | ... CA82: =Bank!AX142 -> 0
A83: Nov 11-17 | C83: =Bank!D151 -> 15 | D83: =Bank!E151 -> 46.73 | G83: =C83/I83 -> 45.578322 | H83: =Bank!N151 -> 141.99167 | I83: =D83/H83 -> 0.32910382 | K83: =Bank!CN151 -> 4.3125684 | L83: =Bank!CO151 -> 0 | M83: =Bank!CP151 -> 0 | N83: =Bank!CQ151 -> 0 | O83: =Bank!CR151 -> 0 | P83: =Bank!CS151 -> 0 | Q83: =Bank!CV151 -> 1.8075941 | R83: =Bank!CW151 -> 0 | S83: =Bank!CX151 -> 0 | T83: =Bank!CY151 -> 0 | U83: =Bank!CZ151 -> 0 | V83: =Bank!DA151 -> 0 | W83: =Bank!DB151 -> 0 | X83: =Bank!DC151 -> 0 | ... AQ83: =Bank!DV151 -> 0 | AS83: =Bank!P151 -> 2 | AT83: =Bank!Q151 -> 0 | AU83: =Bank!R151 -> 0 | AV83: =Bank!S151 -> 0 | AW83: =Bank!T151 -> 0 | AX83: =Bank!U151 -> 0 | AY83: =Bank!V151 -> 3 | AZ83: =Bank!W151 -> 0 | ... CA83: =Bank!AX151 -> 0
A84: Nov 18-24 | C84: =Bank!D160 -> 38 | D84: =Bank!E160 -> 112.38 | G84: =C84/I84 -> 114.43578 | H84: =Bank!N160 -> 338.42875 | I84: =D84/H84 -> 0.33206399
A85: Nov 25-Dec 1 | C85: =Bank!D169 -> 18 | D85: =Bank!E169 -> 79.74 | G85: =C85/I85 -> 32.62754 | H85: =Bank!N169 -> 144.54 | I85: =D85/H85 -> 0.5516812 | K85: =Bank!CN169 -> 1.7681827 | L85: =Bank!CO169 -> 0 | M85: =Bank!CR169 -> 0 | N85: =Bank!CS169 -> 0 | O85: =Bank!CT169 -> 7.2121374 | P85: =Bank!CU169 -> 0 | Q85: =Bank!CV169 -> 0 | R85: =Bank!CW169 -> 0 | S85: =Bank!CX169 -> 0 | T85: =Bank!CY169 -> 0 | ... AQ85: =Bank!DV169 -> 0 | AS85: =Bank!P169 -> 1 | AT85: =Bank!Q169 -> 0 | AU85: =Bank!R169 -> 0 | AV85: =Bank!S169 -> 0 | AW85: =Bank!T169 -> 0 | AX85: =Bank!U169 -> 0 | AY85: =Bank!V169 -> 4 | AZ85: =Bank!W169 -> 0 | ... BY85: =Bank!AV169 -> 0 | BZ85: =Bank!AY169 -> 0 | CA85: =Bank!AZ169 -> 0 | CC85: =SUM(AS85:AZ85) -> 5 | CD85: =D85/CC85 -> 15.948
A86: Dec 2-31 | C86: =Bank!D182 -> 0 | D86: =Bank!E182 -> 0 | G86: =C86/I86 -> #DIV/0! | H86: =Bank!N47 -> 0 | I86: =D86/H86 -> #DIV/0! | K86: =Bank!CN182 -> #DIV/0! | L86: =Bank!CO182 -> #DIV/0! | M86: =Bank!CR182 -> #DIV/0! | N86: =Bank!CS182 -> #DIV/0! | O86: =Bank!CT182 -> #DIV/0! | P86: =Bank!CU182 -> #DIV/0! | Q86: =Bank!CV182 -> #DIV/0! | R86: =Bank!CW182 -> #DIV/0! | S86: =Bank!CX182 -> #DIV/0! | T86: =Bank!CY182 -> #DIV/0! | ... AQ86: =Bank!DV182 -> #DIV/0! | AS86: =Bank!P182 -> 0 | AT86: =Bank!Q182 -> 0 | AU86: =Bank!R182 -> 0 | AV86: =Bank!S182 -> 0 | AW86: =Bank!T182 -> 0 | AX86: =Bank!U182 -> 0 | AY86: =Bank!V182 -> 0 | AZ86: =Bank!W182 -> 0 | ... BY86: =Bank!AV182 -> 0 | BZ86: =Bank!AY182 -> 0 | CA86: =Bank!AZ182 -> 0 | CC86: =SUM(AS86:AZ86) -> 0 | CD86: =D86/CC86 -> #DIV/0!
A87: January | C87: =Bank!D194 -> 0 | D87: =Bank!E194 -> 0 | G87: =C87/I87 -> #DIV/0! | H87: =Bank!N40 -> #DIV/0! | I87: =D87/H87 -> #DIV/0! | K87: =Bank!CN194 -> #DIV/0! | L87: =Bank!CO194 -> #DIV/0! | M87: =Bank!CR194 -> #DIV/0! | N87: =Bank!CS194 -> #DIV/0! | O87: =Bank!CT194 -> #DIV/0! | P87: =Bank!CU194 -> #DIV/0! | Q87: =Bank!CV194 -> #DIV/0! | R87: =Bank!CW194 -> #DIV/0! | S87: =Bank!CX194 -> #DIV/0! | T87: =Bank!CY194 -> #DIV/0! | ... AQ87: =Bank!DV194 -> #DIV/0! | AS87: =Bank!P194 -> 0 | AT87: =Bank!Q194 -> 0 | AU87: =Bank!R194 -> 0 | AV87: =Bank!S194 -> 0 | AW87: =Bank!T194 -> 0 | AX87: =Bank!U194 -> 0 | AY87: =Bank!V194 -> 0 | AZ87: =Bank!W194 -> 0 | ... BY87: =Bank!AV194 -> 0 | BZ87: =Bank!AY194 -> 0 | CA87: =Bank!AZ194 -> 0 | CC87: =SUM(AS87:AZ87) -> 0 | CD87: =D87/CC87 -> #DIV/0!
A88: February | C88: =Bank!D204 -> 0 | D88: =Bank!E204 -> 0 | G88: =C88/I88 -> #DIV/0! | H88: =Bank!N49 -> #DIV/0! | I88: =D88/H88 -> #DIV/0! | K88: =Bank!CN204 -> #DIV/0! | L88: =Bank!CO204 -> #DIV/0! | M88: =Bank!CR204 -> #DIV/0! | N88: =Bank!CS204 -> #DIV/0! | O88: =Bank!CT204 -> #DIV/0! | P88: =Bank!CU204 -> #DIV/0! | Q88: =Bank!CV204 -> #DIV/0! | R88: =Bank!CW204 -> #DIV/0! | S88: =Bank!CX204 -> #DIV/0! | T88: =Bank!CY204 -> #DIV/0! | ... AQ88: =Bank!DV204 -> #DIV/0! | AS88: =Bank!P204 -> 0 | AT88: =Bank!Q204 -> 0 | AU88: =Bank!R204 -> 0 | AV88: =Bank!S204 -> 0 | AW88: =Bank!T204 -> 0 | AX88: =Bank!U204 -> 0 | AY88: =Bank!V204 -> 0 | AZ88: =Bank!W204 -> 0 | ... BY88: =Bank!AV204 -> 0 | BZ88: =Bank!AY204 -> 0 | CA88: =Bank!AZ204 -> 0 | CC88: =SUM(AS88:AZ88) -> 0 | CD88: =D88/CC88 -> #DIV/0!
A89: March | C89: =Bank!D215 -> 0 | D89: =Bank!E215 -> 0 | G89: =C89/I89 -> #DIV/0! | H89: =Bank!N42 -> #DIV/0! | I89: =D89/H89 -> #DIV/0! | K89: =Bank!CN215 -> #DIV/0! | L89: =Bank!CO215 -> #DIV/0! | M89: =Bank!CR215 -> #DIV/0! | N89: =Bank!CS215 -> #DIV/0! | O89: =Bank!CT215 -> #DIV/0! | P89: =Bank!CU215 -> #DIV/0! | Q89: =Bank!CV215 -> #DIV/0! | R89: =Bank!CW215 -> #DIV/0! | S89: =Bank!CX215 -> #DIV/0! | T89: =Bank!CY215 -> #DIV/0! | ... AQ89: =Bank!DV215 -> #DIV/0! | AS89: =Bank!P215 -> 0 | AT89: =Bank!Q215 -> 0 | AU89: =Bank!R215 -> 0 | AV89: =Bank!S215 -> 0 | AW89: =Bank!T215 -> 0 | AX89: =Bank!U215 -> 0 | AY89: =Bank!V215 -> 0 | AZ89: =Bank!W215 -> 0 | ... BY89: =Bank!AV215 -> 0 | BZ89: =Bank!AY215 -> 0 | CA89: =Bank!AZ215 -> 0 | CC89: =SUM(AS89:AZ89) -> 0 | CD89: =D89/CC89 -> #DIV/0!
B90: =SUM(B68:B89) -> 0 | C90: =SUM(C68:C89) -> 329 | D90: =SUM(D68:D89) -> 641.67 | F90: =SUM(F68:F89) -> 0 | G90: =SUM(G68:G89) -> #DIV/0! | H90: =SUM(H68:H89) -> #DIV/0! | I90: =C90/G90 -> #DIV/0! | K90: =SUM(K68:K89) -> #DIV/0! | L90: =SUM(L68:L89) -> #DIV/0! | M90: =SUM(M68:M89) -> #DIV/0! | N90: =SUM(N68:N89) -> #DIV/0! | O90: =SUM(O68:O89) -> #DIV/0! | P90: =SUM(P68:P89) -> #DIV/0! | Q90: =SUM(Q68:Q89) -> #DIV/0! | R90: =SUM(R68:R89) -> #DIV/0! | ... AQ90: =SUM(AQ68:AQ89) -> #DIV/0! | AS90: =SUM(AS68:AS89) -> 9 | AT90: =SUM(AT68:AT89) -> 1 | AU90: =SUM(AU68:AU89) -> 0 | AV90: =SUM(AV68:AV89) -> 0 | AW90: =SUM(AW68:AW89) -> 2 | AX90: =SUM(AX68:AX89) -> 5 | AY90: =SUM(AY68:AY89) -> 34 | AZ90: =SUM(AZ68:AZ89) -> 5 | ... CA90: =SUM(CA68:CA89) -> 13

Sheet Print
A1: Estimated Sport Harvest in the McNary Reservoir, December 1, 2024
K3: Catch & Harvest
K4: Steelhead | Q4: Coho | U4: Chinook
A5: Bank & Boat Combined | K5: Harvest | M5: Catch & Release | U5: Harvest | Y5: C & R
B6: Sampled | F6: Estimated | I6: Anglers | K6: AD | M6: AD | O6: Wild | Q6: Harvest | S6: C & R | U6: Adult | W6: Jack
A7: Date | B7: Boats | C7: Anglers | D7: Hours | F7: Boat | G7: Anglers | H7: Hours | I7: Sampled | K7: <78 | L7: ≥78 | M7: <78 | N7: ≥78 | O7: <78 | P7: ≥78 | Q7: NM | R7: AD | S7: NM | T7: AD | U7: NM | V7: AD | W7: NM | X7: AD | Y7: Adult | Z7: Jack
A8: Sept 2-8 | B8: =Summary!B15 -> 33 | C8: =Summary!C15 -> 102 | D8: =Summary!D15 -> 351.69 | F8: =Summary!F15 -> 58.2227 | G8: =Summary!G15 -> 352.76784 | H8: =Summary!H15 -> 743.86236 | I8: =C8/G8 -> 0.289142 | K8: =Summary!AS15 -> 0 | L8: =Summary!AT15 -> 0 | M8: =Summary!AW15 -> 2 | N8: =Summary!AV15 -> 0 | O8: =Summary!AY15 -> 3 | P8: =Summary!AX15 -> 0 | Q8: =Summary!Q15 -> 0 | R8: =Summary!R15 -> 0 | S8: =Summary!S15 -> 0 | T8: =Summary!T15 -> 0 | U8: =Summary!U15 -> 3.5286485 | V8: =Summary!V15 -> 3.5286485 | W8: =Summary!W15 -> 0 | X8: =Summary!X15 -> 0 | ... Z8: =Summary!Z15 -> 0
A9: Sept 9-15 | B9: =Summary!B16 -> 34 | C9: =Summary!C16 -> 105 | D9: =Summary!D16 -> 340.66 | F9: =Summary!F16 -> 86.2235 | G9: =Summary!G16 -> 281.63322 | H9: =Summary!H16 -> 894.34318 | I9: =C9/G9 -> 0.37282533 | K9: =Summary!AS16 -> 0 | L9: =Summary!AT16 -> 0 | M9: =Summary!AW16 -> 0 | N9: =Summary!AV16 -> 0 | O9: =Summary!AY16 -> 0 | P9: =Summary!AX16 -> 0 | Q9: =Summary!Q16 -> 0 | R9: =Summary!R16 -> 0 | S9: =Summary!S16 -> 0 | T9: =Summary!T16 -> 0 | U9: =Summary!U16 -> 0 | V9: =Summary!V16 -> 0 | W9: =Summary!W16 -> 0 | X9: =Summary!X16 -> 0 | ... Z9: =Summary!Z16 -> 0
A10: Sept 16-22 | B10: =Summary!B17 -> 29 | C10: =Summary!C17 -> 58 | D10: =Summary!D17 -> 256.52 | F10: =Summary!F17 -> 59.1265 | G10: =Summary!G17 -> 161.1426 | H10: =Summary!H17 -> 621.22166 | I10: =C10/G10 -> 0.35992965 | K10: =Summary!AS17 -> 0 | L10: =Summary!AT17 -> 0 | M10: =Summary!AW17 -> 0 | N10: =Summary!AV17 -> 0 | O10: =Summary!AY17 -> 1 | P10: =Summary!AX17 -> 0 | Q10: =Summary!Q17 -> 0 | R10: =Summary!R17 -> 0 | S10: =Summary!S17 -> 0 | T10: =Summary!T17 -> 0 | U10: =Summary!U17 -> 0 | V10: =Summary!V17 -> 4.0776897 | W10: =Summary!W17 -> 0 | X10: =Summary!X17 -> 2.0388448 | ... Z10: =Summary!Z17 -> 0
A11: Sept 23-29 | B11: =Summary!B18 -> 29 | C11: =Summary!C18 -> 76 | D11: =Summary!D18 -> 289.31 | F11: =Summary!F18 -> 57.9535 | G11: =Summary!G18 -> 177.77078 | H11: =Summary!H18 -> 628.42481 | I11: =C11/G11 -> 0.42751684 | K11: =Summary!AS18 -> 0 | L11: =Summary!AT18 -> 0 | M11: =Summary!AW18 -> 0 | N11: =Summary!AV18 -> 0 | O11: =Summary!AY18 -> 0 | P11: =Summary!AX18 -> 0 | Q11: =Summary!Q18 -> 0 | R11: =Summary!R18 -> 0 | S11: =Summary!S18 -> 0 | T11: =Summary!T18 -> 1.9983966 | U11: =Summary!U18 -> 1.9983966 | V11: =Summary!V18 -> 0 | W11: =Summary!W18 -> 1.9983966 | X11: =Summary!X18 -> 0 | ... Z11: =Summary!Z18 -> 1.9983966
A12: Sept 30-Oct 6 | B12: =Summary!B19 -> 17 | C12: =Summary!C19 -> 43 | D12: =Summary!D19 -> 177.01 | F12: =Summary!F19 -> 43.8185 | G12: =Summary!G19 -> 122.30281 | H12: =Summary!H19 -> 491.33467 | I12: =C12/G12 -> 0.35158637 | K12: =Summary!AS19 -> 0 | L12: =Summary!AT19 -> 0 | M12: =Summary!AW19 -> 0 | N12: =Summary!AV19 -> 0 | O12: =Summary!AY19 -> 2 | P12: =Summary!AX19 -> 0 | Q12: =Summary!Q19 -> 0 | R12: =Summary!R19 -> 0 | S12: =Summary!S19 -> 0 | T12: =Summary!T19 -> 0 | U12: =Summary!U19 -> 0 | V12: =Summary!V19 -> 0 | W12: =Summary!W19 -> 2.5775588 | X12: =Summary!X19 -> 2.5775588 | ... Z12: =Summary!Z19 -> 0
A13: Oct 7- 13 | B13: =Summary!B20 -> 26 | C13: =Summary!C20 -> 95 | D13: =Summary!D20 -> 364.02 | F13: =Summary!F20 -> 37.5991 | G13: =Summary!G20 -> 187.19569 | H13: =Summary!H20 -> 605.23797 | I13: =C13/G13 -> 0.50749032 | K13: =Summary!AS20 -> 1 | L13: =Summary!AT20 -> 0 | M13: =Summary!AW20 -> 0 | N13: =Summary!AV20 -> 0 | O13: =Summary!AY20 -> 5 | P13: =Summary!AX20 -> 0 | Q13: =Summary!Q20 -> 1.4461192 | R13: =Summary!R20 -> 1.4461192 | S13: =Summary!S20 -> 0 | T13: =Summary!T20 -> 0 | U13: =Summary!U20 -> 4.3383577 | V13: =Summary!V20 -> 1.4461192 | W13: =Summary!W20 -> 1.4461192 | X13: =Summary!X20 -> 2.8922385 | ... Z13: =Summary!Z20 -> 1.4461192
A14: October 14-20 | B14: =Summary!B21 -> 14 | C14: =Summary!C21 -> 48 | D14: =Summary!D21 -> 148.23 | F14: =Summary!F21 -> 42.405 | G14: =Summary!G21 -> 143.99912 | H14: =Summary!H21 -> 446.07897 | I14: =C14/G14 -> 0.33333536 | K14: =Summary!AS21 -> 0 | L14: =Summary!AT21 -> 0 | M14: =Summary!AW21 -> 3 | N14: =Summary!AV21 -> 0 | O14: =Summary!AY21 -> 5 | P14: =Summary!AX21 -> 0 | Q14: =Summary!Q21 -> 7.4047959 | R14: =Summary!R21 -> 3.0289286 | S14: =Summary!S21 -> 0 | T14: =Summary!T21 -> 0 | U14: =Summary!U21 -> 0 | V14: =Summary!V21 -> 3.0289286 | W14: =Summary!W21 -> 0 | X14: =Summary!X21 -> 0 | ... Z14: =Summary!Z21 -> 0
A15: October 21-27 | B15: =Summary!B22 -> 4 | C15: =Summary!C22 -> 28 | D15: =Summary!D22 -> 72.01 | F15: =Summary!F22 -> 14.8945 | G15: =Summary!G22 -> 123.78278 | H15: =Summary!H22 -> 312.98839 | I15: =C15/G15 -> 0.2262027 | K15: =Summary!AS22 -> 0 | L15: =Summary!AT22 -> 0 | M15: =Summary!AW22 -> 0 | N15: =Summary!AV22 -> 0 | O15: =Summary!AY22 -> 1 | P15: =Summary!AX22 -> 5 | Q15: =Summary!Q22 -> 7.44725 | R15: =Summary!R22 -> 3.723625 | S15: =Summary!S22 -> 0 | T15: =Summary!T22 -> 0 | U15: =Summary!U22 -> 3.723625 | V15: =Summary!V22 -> 0 | W15: =Summary!W22 -> 0 | X15: =Summary!X22 -> 0 | ... Z15: =Summary!Z22 -> 3.723625
A16: Oct 28- Nov 3 | B16: =Summary!B23 -> 10 | C16: =Summary!C23 -> 61 | D16: =Summary!D23 -> 95.5 | F16: =Summary!F23 -> 24.158286 | G16: =Summary!G23 -> 173.97226 | H16: =Summary!H23 -> 236.21241 | I16: =C16/G16 -> 0.35063061 | K16: =Summary!AS23 -> 10 | L16: =Summary!AT23 -> 5 | M16: =Summary!AW23 -> 0 | N16: =Summary!AV23 -> 0 | O16: =Summary!AY23 -> 63 | P16: =Summary!AX23 -> 0 | Q16: =Summary!Q23 -> 4.8316571 | R16: =Summary!R23 -> 0 | S16: =Summary!S23 -> 0 | T16: =Summary!T23 -> 0 | U16: =Summary!U23 -> 2.4158286 | V16: =Summary!V23 -> 0 | W16: =Summary!W23 -> 0 | X16: =Summary!X23 -> 0 | ... Z16: =Summary!Z23 -> 0
A17: Nov 4- 10 | B17: =Summary!B24 -> 26 | C17: =Summary!C24 -> 76 | D17: =Summary!D24 -> 267.57 | F17: =Summary!F24 -> 183.426 | G17: =Summary!G24 -> 483.45878 | H17: =Summary!H24 -> 1756.533 | I17: =C17/G17 -> 0.15720058 | K17: =Summary!AS24 -> 4 | L17: =Summary!AT24 -> 1 | M17: =Summary!AW24 -> 0 | N17: =Summary!AV24 -> 0 | O17: =Summary!AY24 -> 16 | P17: =Summary!AX24 -> 0 | Q17: =Summary!Q24 -> 0 | R17: =Summary!R24 -> 0 | S17: =Summary!S24 -> 0 | T17: =Summary!T24 -> 0 | U17: =Summary!U24 -> 3.5286485 | V17: =Summary!V24 -> 3.5286485 | W17: =Summary!W24 -> 0 | X17: =Summary!X24 -> 0 | ... Z17: =Summary!Z24 -> 0
A18: Nov 11-17 | B18: =Summary!B25 -> 4 | C18: =Summary!C25 -> 20 | D18: =Summary!D25 -> 70.45 | F18: =Summary!F25 -> 52.3755 | G18: =Summary!G25 -> 111.0477 | H18: =Summary!H25 -> 452.57838 | I18: =C18/G18 -> 0.18010279 | K18: =Summary!AS25 -> 2 | L18: =Summary!AT25 -> 0 | M18: =Summary!AW25 -> 0 | N18: =Summary!AV25 -> 0 | O18: =Summary!AY25 -> 7 | P18: =Summary!AX25 -> 0 | Q18: =Summary!Q25 -> 1.8075941 | R18: =Summary!R25 -> 0 | S18: =Summary!S25 -> 0 | T18: =Summary!T25 -> 0 | U18: =Summary!U25 -> 0 | V18: =Summary!V25 -> 0 | W18: =Summary!W25 -> 0 | X18: =Summary!X25 -> 0 | ... Z18: =Summary!Z25 -> 0
A19: Nov 18- 24 | B19: =Summary!B26 -> 15 | C19: =Summary!C26 -> 63 | D19: =Summary!D26 -> 213.39 | F19: =Summary!F26 -> 62.405 | G19: =Summary!G26 -> 218.44411 | H19: =Summary!H26 -> 758.66402 | I19: =C19/G19 -> 0.28840329 | K19: =Summary!AS26 -> 0 | L19: =Summary!AT26 -> 0 | M19: =Summary!AW26 -> 0 | N19: =Summary!AV26 -> 0 | O19: =Summary!AY26 -> 0 | P19: =Summary!AX26 -> 0 | Q19: =Summary!Q26 -> 49.924 | R19: =Summary!R26 -> 0 | S19: =Summary!S26 -> 0 | T19: =Summary!T26 -> 0 | U19: =Summary!U26 -> 0 | V19: =Summary!V26 -> 4.0776897 | W19: =Summary!W26 -> 0 | X19: =Summary!X26 -> 2.0388448 | ... Z19: =Summary!Z26 -> 0
A20: Nov 25 Dec 1 | B20: =Summary!B27 -> 19 | C20: =Summary!C27 -> 57 | D20: =Summary!D27 -> 287.3 | F20: =Summary!F27 -> 95.9915 | G20: =Summary!G27 -> 229.66272 | H20: =Summary!H27 -> 1193.1714 | I20: =C20/G20 -> 0.24819004 | K20: =Summary!AS27 -> 1 | L20: =Summary!AT27 -> 0 | M20: =Summary!AW27 -> 0 | N20: =Summary!AV27 -> 0 | O20: =Summary!AY27 -> 4 | P20: =Summary!AX27 -> 0 | Q20: =Summary!Q27 -> 0 | R20: =Summary!R27 -> 0 | S20: =Summary!S27 -> 0 | T20: =Summary!T27 -> 0 | U20: =Summary!U27 -> 0 | V20: =Summary!V27 -> 0 | W20: =Summary!W27 -> 0 | X20: =Summary!X27 -> 0 | ... Z20: =Summary!Z27 -> 0
A22: Total | B22: =SUM(B8:B13) -> 168 | C22: =SUM(C8:C13) -> 479 | D22: =SUM(D8:D13) -> 1779.21 | F22: =SUM(F8:F13) -> 342.9438 | G22: =SUM(G8:G13) -> 1282.8129 | H22: =SUM(H8:H13) -> 3984.4247 | I22: =C22/G22 -> 0.37339817 | K22: =SUM(K8:K21) -> 18 | L22: =SUM(L8:L21) -> 6 | M22: =SUM(M8:M21) -> 5 | N22: =SUM(N8:N21) -> 0 | O22: =SUM(O8:O21) -> 107 | P22: =SUM(P8:P21) -> 5 | Q22: =SUM(Q8:Q21) -> 72.861416 | R22: =SUM(R8:R21) -> 8.1986728 | ... Z22: =SUM(Z8:Z21) -> 7.1681408

Sheet ScaleCards
A3: Survey_Date | B3: Return_Yr | C3: GEAR_TYPE_LUT_Id | D3: STREAM_LUT_Id | E3: POINT_LOCATIONS_LUT_Id | F3: POINT_LOCATIONS_Description | G3: STREAM_REACH_Id | H3: Samplers_Txt | I3: HeaderComments | J3: Disposition | K3: Scale_Card_Num_Txt | L3: Position_Pos | M3: Scale_Card_Front_Autonumber_Serial | N3: SPECIES_Id | O3: RUN_LUT_Id | P3: TAG_TYPE_SAMPLE_LUT_Id | Q3: FISH_STATUS_LUT_Id | R3: Sample_Rate_Num | S3: CWT_Sample_Size_Qty | T3: Plus_Count_Qty | U3: Number_CWT_Qty | V3: ScaleCardComments | W3: Scale_Age_Code | X3: Fork_Length_Meas | Y3: POHP | Z3: CWT_Tag_Code | AA3: CWT_Age_Code | AB3: CWT_Status_Code | AC3: SEX_TYPE_LUT_Id | AD3: MARK_TYPE_LUT_Id | AE3: SAMPLE_TYPE_CATEGORY_LUT_Id | AF3: Snout_Collection_Identification_Code | AG3: FISH_REPRODUCTIVE_CONDITION_TYPE_LUT_Id | AH3: Otolith_Sample_Code | AI3: Otolith_Age_Code | AJ3: OTOLITH_ORIGIN_TYPE_LUT_Id | AK3: Total_Fecundity | AL3: Fecundity_EggsSampled | AM3: Fecundity_SampleEggWeight | AN3: Fecundity_TotalEggWeight
