Workbook

Sheet Factors
A5: Table 1. Expansion factors converting trailer counts to estimates of total boat angling effort (boat trips)
A6: for the fall chinook sport fishery on the Hanford Reach of the Columbia River. The expansion factors
A7: are based on 1994 dawn-to-dusk trailer count and aerial boat count data.
A8: ______________________________________________________________________________________________________________________________________________________________________________________________________
A10: ( B ) | C10: Expansion converting trailer counts
C11: to daily peak trailer counts
A12: ____________________________________________________________________________________________________________
D13: Vernita ramps
A14: Month | D14: ___________________________________________________________________ | H14: Ringold &
B15: Hour | D15: Weekday | F15: Weekend | H15: Wahluke | N15: ( A ) Expansion for missing counts
A16: ____________________________________________________________________________________________________________ | N16: __________________________________
A17: September | N17: Bridge | P17: 3.0059701 | Q17: x rough count
B18: 7 am | D18: 1.1989437 | F18: 1.2308917 | H18: 1.3238434 | N18: Rough | P18: 1.4985119 | Q18: x bridge count
B19: 8 am | D19: 1.0673981 | F19: 1.0980114 | H19: 1.1104478 | N19: Wahluke | P19: 1.6151762 | Q19: x Ringold count
B20: 9 am | D20: 1.0118871 | F20: 1.0348059 | H20: 1.0247934 | N20: Ringold | P20: 2.6255507 | Q20: x Wahluke count
B21: 10am | D21: 1 | F21: 1.0104575 | H21: 1 | N21: _____________________________________________________________________________________________________________________________________
B22: 11am | D22: 1.0333839 | F22: 1 | H22: 1.0276243
B23: noon | D23: 1.2634508 | F23: 1.1367647 | H23: 1.2277228
B24: 1 pm | D24: 1.4041237 | F24: 1.2308917 | H24: 1.3932584
A25: October
B26: 7 am | D26: 1.3450065 | F26: 1.2643573 | H26: 1.2094595
B27: 8 am | D27: 1.0904311 | F27: 1.0491679 | H27: 1.0376812
B28: 9 am | D28: 1.0287698 | F28: 1.0028923 | H28: 0.99721448
B29: 10am | D29: 1 | F29: 1 | H29: 1
B30: 11am | D30: 1.0443102 | F30: 1.0483749 | H30: 1.1737705
B31: noon | D31: 1.2185664 | F31: 1.2124126 | H31: 1.5105485
B32: 1 pm | D32: 1.3900804 | F32: 1.4010101 | H32: 1.6807512
A33: ____________________________________________________________________________________________________________
A35: ( C ) | C35: Expansion of the peak trailer count | K35: ( D ) | M35: Expansion of the peak
C36: to the peak boat count for the river | M36: boat count to the day's
C37: from RM342 to Priest Rapids Dam | M37: total boat trips
A38: _______________________________________________________________________________________________________________________________________ | K38: _______________________________________________________________________________________________________________________________________
F39: Ramps | N39: Ramps
D40: ___________________________________________________________________ | N40: ___________________________________________________________________ | S40: _______________________________________________________________________________________________________________________________________
D41: Vernita | F41: Wahluke, | H41: Ringold | N41: Vernita | P41: Ringold | S41: Number of
D42: bridge & | F42: Vernita | H42: Wahluke, | N42: bridge & | P42: Wahluke, | S42: sampler | U42: Sample
A43: Week | D43: rough | F43: B&R | H43: Vern B&R | K43: Week | N43: rough | P43: Vern B&R | S43: days/week | U43: rate
A44: _______________________________________________________________________________________________________________________________________ | K44: _______________________________________________________________________________________________________________________________________ | S44: _______________________________________________________________________________________________________________________________________
B46: 36 | D46: 2.64 | F46: 2.13 | H46: 1.84 | L46: 36 | N46: 1.246526 | P46: 1.468658 | S46: 4 | U46: 0.069297078
B47: 37 | D47: 2.64 | F47: 2.13 | H47: 1.84 | L47: 37 | N47: 1.4203241 | P47: 1.2014592 | S47: 5 | U47: 0.11853871
B48: 38 | D48: 2.19 | F48: 1.55 | H48: 1.31 | L48: 38 | N48: 1.1835105 | P48: 1.2618167 | S48: 12 | U48: 0.15763778
B49: 39 | D49: 2.19 | F49: 1.55 | H49: 1.31 | L49: 39 | N49: 1.0584866 | P49: 1.3294562 | S49: 15 | U49: 0.27069926
B50: 40 | D50: 2.19 | F50: 1.55 | H50: 1.31 | L50: 40 | N50: 1.3442797 | P50: 1.5031853 | S50: 19 | U50: 0.23188595
B51: 41 | D51: 1.72 | F51: 1.37 | H51: 1.21 | L51: 41 | N51: 1.3325609 | P51: 1.291197 | S51: 25 | U51: 0.3009185
B52: 42 | D52: 1.72 | F52: 1.37 | H52: 1.21 | L52: 42 | N52: 1.2613009 | P52: 1.2560015 | S52: 25 | U52: 0.34351539
B53: 43 | D53: 1.72 | F53: 1.37 | H53: 1.21 | L53: 43 | N53: 1.3181204 | P53: 1.3563869 | S53: 24 | U53: 0.36837348
B54: 44 | D54: 1.72 | F54: 1.37 | H54: 1.21 | L54: 44 | N54: 1.0018341 | P54: 1.3000923 | S54: 12 | U54: 0.28447997
B55: 45 | D55: 1.72 | F55: 1.37 | H55: 1.21 | L55: 45 | N55: 1.0018341 | P55: 1.3000923 | S55: _______________________________________________________________________________________________________________________________________
A57: Average | D57: 2.0811111 | F57: 1.5988889 | H57: 1.3833333 | K57: Average | N57: 1.2407715 | P57: 1.3298059
A58: _______________________________________________________________________________________________________________________________________ | K58: _______________________________________________________________________________________________________________________________________
A60: Calculation of daily angling effort (angling boats):
C61: (Trailer count) x ( A ) (if necessary) x ( B ) x ( C ) x ( D )
A62: _______________________________________________________________________________________________________________________________________
D64: 100 | F64: 125 | H64: 150
D65: =D64*D57 -> 208.11111 | E65: =E64*E57 -> 0 | F65: =F64*F57 -> 199.86111 | H65: =H64*H57 -> 207.5

Sheet Harvest
G2: Aug | H2: =H31+H34+H35+H36 -> 0 | I2: =I31+I34+I35+I36 -> 0 | J2: =J31+J34+J35+J36 -> 0 | K2: =K31+K34+K35+K36 -> 0 | L2: =L31+L34+L35+L36 -> 0 | M2: =M31+M34+M35+M36 -> 0
G3: Sept | H3: =H37+H38+H39+H40+H51+H61+H71+SUM(H74:H78) -> 411 | I3: =I37+I38+I39+I40+I51+I61+I71+SUM(I74:I78) -> 282 | J3: =J37+J38+J39+J40+J51+J61+J71+SUM(J74:J78) -> 129 | K3: =K37+K38+K39+K40+K51+K61+K71+SUM(K74:K78) -> 26 | L3: =L37+L38+L39+L40+L51+L61+L71+SUM(L74:L78) -> 16 | M3: =M37+M38+M39+M40+M51+M61+M71+SUM(M74:M78) -> 10
G4: Oct | H4: =H79+H80+H91+H101+H111+H121 -> 1607 | I4: =I79+I80+I91+I101+I111+I121 -> 1031 | J4: =J79+J80+J91+J101+J111+J121 -> 576 | K4: =K79+K80+K91+K101+K111+K121 -> 68 | L4: =L79+L80+L91+L101+L111+L121 -> 36 | M4: =M79+M80+M91+M101+M111+M121 -> 32
B6: Sampled | D6: =D22+D32+D42+D52+D62+D72+D82+D92+D102+D112+D122+D132 -> 1755 | E6: =E22+E32+E42+E52+E62+E72+E82+E92+E102+E112+E122+E132 -> 4794 | F6: =F22+F32+F42+F52+F62+F72+F82+F92+F102+F112+F122+F132 -> 29853.46 | H6: =H21+H31+H41+H51+H61+H71+H81+H91+H101+H111+H121+H131 -> 2038 | I6: =I21+I31+I41+I51+I61+I71+I81+I91+I101+I111+I121+I131 -> 1320 | J6: =J21+J31+J41+J51+J61+J71+J81+J91+J101+J111+J121+J131 -> 718 | K6: =K21+K31+K41+K51+K61+K71+K81+K91+K101+K111+K121+K131 -> 94 | L6: =L21+L31+L41+L51+L61+L71+L81+L91+L101+L111+L121+L131 -> 52 | M6: =M21+M31+M41+M51+M61+M71+M81+M91+M101+M111+M121+M131 -> 42 | N6: =N21+N31+N41+N51+N61+N71+N81+N91+N101+N111+N121+N131 -> 17 | O6: =O21+O31+O41+O51+O61+O71+O81+O91+O101+O111+O121+O131 -> 4 | ... V6: =V21+V31+V41+V51+V61+V71+V81+V91+V101+V111+V121+V131 -> 0 | X6: =X21+X31+X41+X51+X61+X71+X81+X91+X101+X111+X121+X131 -> 0 | Y6: =Y21+Y31+Y41+Y51+Y61+Y71+Y81+Y91+Y101+Y111+Y121+Y131 -> 0 | Z6: =Z21+Z31+Z41+Z51+Z61+Z71+Z81+Z91+Z101+Z111+Z121+Z131 -> 25 | AA6: =AA21+AA31+AA41+AA51+AA61+AA71+AA81+AA91+AA101+AA111+AA121+AA131 -> 6 | AB6: =AB21+AB31+AB41+AB51+AB61+AB71+AB81+AB91+AB101+AB111+AB121+AB131 -> 0 | AC6: =AC21+AC31+AC41+AC51+AC61+AC71+AC81+AC91+AC101+AC111+AC121+AC131 -> 0 | AD6: =AD21+AD31+AD41+AD51+AD61+AD71+AD81+AD91+AD101+AD111+AD121+AD131 -> 9 | AE6: =AE21+AE31+AE41+AE51+AE61+AE71+AE81+AE91+AE101+AE111+AE121+AE131 -> 22 | ... CQ6: =CQ21+CQ31+CQ41+CQ51+CQ61+CQ71+CQ81+CQ91+CQ101+CQ111+CQ121+CQ131 -> 0
B7: Expanded | C7: =+C32+C42+C52+C62+C72+C82+C92+C102+C112 -> 6165.9308 | H7: =+H32+H42+H52+H62+H72+H82+H92+H102+H112 -> 7136.8062 | I7: =I22+I32+I42+I52+I62+I72+I82+I92+I102+I112+I122+I132 -> 4764.6906 | J7: =J22+J32+J42+J52+J62+J72+J82+J92+J102+J112+J122+J132 -> 2550.8202 | K7: =K22+K32+K42+K52+K62+K72+K82+K92+K102+K112+K122+K132 -> 332.58779 | L7: =L22+L32+L42+L52+L62+L72+L82+L92+L102+L112+L122+L132 -> 186.74188 | M7: =M22+M32+M42+M52+M62+M72+M82+M92+M102+M112+M122+M132 -> 145.84591 | N7: =N22+N32+N42+N52+N62+N72+N82+N92+N102+N112+N122+N132 -> 59.178591 | O7: =O22+O32+O42+O52+O62+O72+O82+O92+O102+O112+O122+O132 -> 12.803271 | P7: =P22+P32+P42+P52+P62+P72+P82+P92+P102+P112+P122+P132 -> 46.37532 | ... V7: =V22+V32+V42+V52+V62+V72+V82+V92+V102+V112+V122+V132 -> 0 | X7: =X22+X32+X42+X52+X62+X72+X82+X92+X102+X112+X122+X132 -> 0 | Y7: =Y22+Y32+Y42+Y52+Y62+Y72+Y82+Y92+Y102+Y112+Y122+Y132 -> 0 | Z7: =Z22+Z32+Z42+Z52+Z62+Z72+Z82+Z92+Z102+Z112+Z122+Z132 -> 89.431446 | AA7: =AA22+AA32+AA42+AA52+AA62+AA72+AA82+AA92+AA102+AA112+AA122+AA132 -> 24.064632 | AB7: =AB22+AB32+AB42+AB52+AB62+AB72+AB82+AB92+AB102+AB112+AB122+AB132 -> 0 | AC7: =AC22+AC32+AC42+AC52+AC62+AC72+AC82+AC92+AC102+AC112+AC122+AC132 -> 0 | AD7: =AD22+AD32+AD42+AD52+AD62+AD72+AD82+AD92+AD102+AD112+AD122+AD132 -> 31.907017 | AE7: =AE22+AE32+AE42+AE52+AE62+AE72+AE82+AE92+AE102+AE112+AE122+AE132 -> 83.47181 | ... CQ7: =CQ22+CQ32+CQ42+CQ52+CQ62+CQ72+CQ82+CQ92+CQ102+CQ112+CQ122+CQ132 -> 0
B8: From Summary
AW10: Salmon Anglers Only | BE10: Salmon Anglers Only (Hanford - PRD) | BM10: Salmon Anglers Only (Hwy 395 - Hanford) | BU10: Salmon/Steelhead Anglers | CC10: Salmon/Steelhead Anglers (Hanford - PRD) | CK10: Salmon/Steelhead Anglers (Hwy 395 - Hanford)
H11: Harvest (Sampled) | T11: Catch & Release | AD11: Catch and Harvest (Sampled) | AW11: Steelhead | BE11: Steelhead | BM11: Steelhead | BU11: Steelhead | CC11: Steelhead | CK11: Steelhead
A12: Day | B12: Date | C12: Boats | G12: Sample (%) | H12: Chinook | N12: Coho | T12: Chinook | W12: Coho | Z12: Sturgeon | AD12: Walleye | AF12: SMB | AH12: NPM | AJ12: Carp | AL12: C. Catfish | AN12: Sucker | AP12: Shad | AR12: Trout | AT12: Whitefish | AW12: Catch | BA12: Harvest | BE12: Catch | BI12: Harvest | BM12: Catch | BQ12: Harvest | BU12: Catch | BY12: Harvest | CC12: Catch | CG12: Harvest | CK12: Catch | CO12: Harvest
C13: Total | D13: Sampled | E13: Anglers | F13: Hours | H13: Adult | I13: NM | J13: AD | K13: Jacks | L13: NM | M13: AD | N13: Adult | O13: NM | P13: AD | Q13: Jack | R13: NM | S13: AD | T13: Adult | U13: Jacks | V13: Sockeye | W13: Adult | X13: Jacks | Z13: <43" | AA13: 43"-54" | AB13: >54" | AC13: Unk | AD13: Catch | AE13: Harvest | AF13: Catch | AG13: Harvest | AH13: Catch | AI13: Harvest | AJ13: Catch | AK13: Harvest | AL13: Catch | AM13: Harvest | AN13: Catch | AO13: Harvest | AP13: Catch | AQ13: Harvest | AR13: Catch | AS13: Harvest | AT13: Catch | AU13: Harvest | AW13: AdRv | AX13: Ad Only | AY13: Wild | AZ13: Unk | BA13: AdRv | BB13: Ad Only | BC13: Wild | BE13: AdRv | BF13: Ad Only | BG13: Wild | BH13: Unk | BI13: AdRv | BJ13: Ad Only | BK13: Wild | BM13: AdRv | BN13: Ad Only | BO13: Wild | BP13: Unk | BQ13: AdRv | BR13: Ad Only | BS13: Wild | BU13: AdRv | BV13: Ad Only | BW13: Wild | BX13: Unk | BY13: AdRv | BZ13: Ad Only | CA13: Wild | CC13: AdRv | CD13: Ad Only | CE13: Wild | CF13: Unk | CG13: AdRv | CH13: Ad Only | CI13: Wild | CK13: AdRv | CL13: Ad Only | CM13: Wild | CN13: Unk | CO13: AdRv | CP13: Ad Only | CQ13: Wild
A14: Mon | B14: 45880 | C14: =Boats!J50 -> 0 | H14: =SUM(I14:J14) -> 0 | K14: =SUM(L14:M14) -> 0 | N14: =SUM(O14:P14) -> 0 | Q14: =SUM(R14:S14) -> 0
A15: Tue | B15: =B14+1 -> 45881 | C15: =Boats!J57 -> 0 | H15: =SUM(I15:J15) -> 0 | K15: =SUM(L15:M15) -> 0 | N15: =SUM(O15:P15) -> 0 | Q15: =SUM(R15:S15) -> 0
A16: Wed | B16: =B15+1 -> 45882 | C16: =Boats!J64 -> 0 | H16: =SUM(I16:J16) -> 0 | K16: =SUM(L16:M16) -> 0 | N16: =SUM(O16:P16) -> 0 | Q16: =SUM(R16:S16) -> 0
A17: Thu | B17: =B16+1 -> 45883 | C17: =Boats!J71 -> 0 | H17: =SUM(I17:J17) -> 0 | K17: =SUM(L17:M17) -> 0 | N17: =SUM(O17:P17) -> 0 | Q17: =SUM(R17:S17) -> 0
A18: Fri | B18: =B17+1 -> 45884 | C18: =Boats!J78 -> 0 | H18: =SUM(I18:J18) -> 0 | K18: =SUM(L18:M18) -> 0 | N18: =SUM(O18:P18) -> 0 | Q18: =SUM(R18:S18) -> 0
A19: Sat | B19: =B18+1 -> 45885 | C19: =Boats!J85 -> 20.034567 | D19: 4 | E19: 8 | F19: 53.67 | H19: =SUM(I19:J19) -> 0 | K19: =SUM(L19:M19) -> 0 | N19: =SUM(O19:P19) -> 0 | Q19: =SUM(R19:S19) -> 0 | AA19: 2 | AZ19: 2 | BH19: 2
A20: Sun | B20: =B19+1 -> 45886 | C20: =Boats!J92 -> 11.125554 | D20: 5 | E20: 8 | F20: 69.7 | H20: =SUM(I20:J20) -> 0 | K20: =SUM(L20:M20) -> 0 | N20: =SUM(O20:P20) -> 0 | Q20: =SUM(R20:S20) -> 0
A21: Sampled | H21: =SUM(H14:H20) -> 0 | I21: =SUM(I14:I20) -> 0 | J21: =SUM(J14:J20) -> 0 | K21: =SUM(K14:K20) -> 0 | L21: =SUM(L14:L20) -> 0 | M21: =SUM(M14:M20) -> 0 | N21: =SUM(N14:N20) -> 0 | O21: =SUM(O14:O20) -> 0 | ... X21: =SUM(X14:X20) -> 0 | Z21: =SUM(Z14:Z20) -> 0 | AA21: =SUM(AA14:AA20) -> 2 | AB21: =SUM(AB14:AB20) -> 0 | AC21: =SUM(AC14:AC20) -> 0 | AD21: =SUM(AD14:AD20) -> 0 | AE21: =SUM(AE14:AE20) -> 0 | AF21: =SUM(AF14:AF20) -> 0 | AG21: =SUM(AG14:AG20) -> 0 | ... AU21: =SUM(AU14:AU20) -> 0 | AW21: =SUM(AW14:AW20) -> 0 | AX21: =SUM(AX14:AX20) -> 0 | AY21: =SUM(AY14:AY20) -> 0 | AZ21: =SUM(AZ14:AZ20) -> 2 | BA21: =SUM(BA14:BA20) -> 0 | BB21: =SUM(BB14:BB20) -> 0 | BC21: =SUM(BC14:BC20) -> 0 | BE21: =SUM(BE14:BE20) -> 0 | BF21: =SUM(BF14:BF20) -> 0 | BG21: =SUM(BG14:BG20) -> 0 | BH21: =SUM(BH14:BH20) -> 2 | BI21: =SUM(BI14:BI20) -> 0 | BJ21: =SUM(BJ14:BJ20) -> 0 | BK21: =SUM(BK14:BK20) -> 0 | BM21: =SUM(BM14:BM20) -> 0 | BN21: =SUM(BN14:BN20) -> 0 | BO21: =SUM(BO14:BO20) -> 0 | BP21: =SUM(BP14:BP20) -> 0 | BQ21: =SUM(BQ14:BQ20) -> 0 | BR21: =SUM(BR14:BR20) -> 0 | BS21: =SUM(BS14:BS20) -> 0 | BU21: =SUM(BU14:BU20) -> 0 | BV21: =SUM(BV14:BV20) -> 0 | BW21: =SUM(BW14:BW20) -> 0 | BX21: =SUM(BX14:BX20) -> 0 | BY21: =SUM(BY14:BY20) -> 0 | BZ21: =SUM(BZ14:BZ20) -> 0 | CA21: =SUM(CA14:CA20) -> 0 | CC21: =SUM(CC14:CC20) -> 0 | CD21: =SUM(CD14:CD20) -> 0 | CE21: =SUM(CE14:CE20) -> 0 | CF21: =SUM(CF14:CF20) -> 0 | CG21: =SUM(CG14:CG20) -> 0 | CH21: =SUM(CH14:CH20) -> 0 | CI21: =SUM(CI14:CI20) -> 0 | CK21: =SUM(CK14:CK20) -> 0 | CL21: =SUM(CL14:CL20) -> 0 | CM21: =SUM(CM14:CM20) -> 0 | CN21: =SUM(CN14:CN20) -> 0 | CO21: =SUM(CO14:CO20) -> 0 | CP21: =SUM(CP14:CP20) -> 0 | CQ21: =SUM(CQ14:CQ20) -> 0
A22: Expanded | C22: =SUM(C14:C20) -> 31.160121 | D22: =SUM(D14:D20) -> 9 | E22: =SUM(E14:E20) -> 16 | F22: =SUM(F14:F20) -> 123.37 | G22: =D22/C22 -> 0.28883071 | H22: =H21/$G22 -> 0 | I22: =I21/$G22 -> 0 | J22: =J21/$G22 -> 0 | K22: =K21/$G22 -> 0 | L22: =L21/$G22 -> 0 | M22: =M21/$G22 -> 0 | N22: =N21/$G22 -> 0 | O22: =O21/$G22 -> 0 | ... X22: =X21/$G22 -> 0 | Z22: =Z21/$G22 -> 0 | AA22: =AA21/$G22 -> 6.9244714 | AB22: =AB21/$G22 -> 0 | AC22: =AC21/$G22 -> 0 | AD22: =AD21/$G22 -> 0 | AE22: =AE21/$G22 -> 0 | AF22: =AF21/$G22 -> 0 | AG22: =AG21/$G22 -> 0 | ... AU22: =AU21/$G22 -> 0 | AW22: =AW21/$G22 -> 0 | AX22: =AX21/$G22 -> 0 | AY22: =AY21/$G22 -> 0 | AZ22: =AZ21/$G22 -> 6.9244714 | BA22: =BA21/$G22 -> 0 | BB22: =BB21/$G22 -> 0 | BC22: =BC21/$G22 -> 0 | BE22: =BE21/$G22 -> 0 | BF22: =BF21/$G22 -> 0 | BG22: =BG21/$G22 -> 0 | BH22: =BH21/$G22 -> 6.9244714 | BI22: =BI21/$G22 -> 0 | BJ22: =BJ21/$G22 -> 0 | BK22: =BK21/$G22 -> 0 | BM22: =BM21/$G22 -> 0 | BN22: =BN21/$G22 -> 0 | BO22: =BO21/$G22 -> 0 | BP22: =BP21/$G22 -> 0 | BQ22: =BQ21/$G22 -> 0 | BR22: =BR21/$G22 -> 0 | BS22: =BS21/$G22 -> 0 | BU22: =BU21/$G22 -> 0 | BV22: =BV21/$G22 -> 0 | BW22: =BW21/$G22 -> 0 | BX22: =BX21/$G22 -> 0 | BY22: =BY21/$G22 -> 0 | BZ22: =BZ21/$G22 -> 0 | CA22: =CA21/$G22 -> 0 | CC22: =CC21/$G22 -> 0 | CD22: =CD21/$G22 -> 0 | CE22: =CE21/$G22 -> 0 | CF22: =CF21/$G22 -> 0 | CG22: =CG21/$G22 -> 0 | CH22: =CH21/$G22 -> 0 | CI22: =CI21/$G22 -> 0 | CK22: =CK21/$G22 -> 0 | CL22: =CL21/$G22 -> 0 | CM22: =CM21/$G22 -> 0 | CN22: =CN21/$G22 -> 0 | CO22: =CO21/$G22 -> 0 | CP22: =CP21/$G22 -> 0 | CQ22: =CQ21/$G22 -> 0
A24: Mon | B24: =B20+1 -> 45887 | C24: =Boats!J99 -> 0 | H24: =SUM(I24:J24) -> 0 | K24: =SUM(L24:M24) -> 0 | N24: =SUM(O24:P24) -> 0 | Q24: =SUM(R24:S24) -> 0
A25: Tue | B25: =B24+1 -> 45888 | C25: =Boats!J106 -> 3.8036065 | D25: 1 | E25: 1 | F25: 11 | H25: =SUM(I25:J25) -> 0 | K25: =SUM(L25:M25) -> 0 | N25: =SUM(O25:P25) -> 0 | Q25: =SUM(R25:S25) -> 0
A26: Wed | B26: =B25+1 -> 45889 | C26: =Boats!J113 -> 4.9552818 | D26: 2 | E26: 4 | F26: 28.83 | H26: =SUM(I26:J26) -> 0 | K26: =SUM(L26:M26) -> 0 | N26: =SUM(O26:P26) -> 0 | Q26: =SUM(R26:S26) -> 0 | AF26: 1
A27: Thu | B27: =B26+1 -> 45890 | C27: =Boats!J120 -> 0 | D27: 0 | E27: 0 | F27: 0 | H27: =SUM(I27:J27) -> 0 | K27: =SUM(L27:M27) -> 0 | N27: =SUM(O27:P27) -> 0 | Q27: =SUM(R27:S27) -> 0
A28: Fri | B28: =B27+1 -> 45891 | C28: =Boats!J127 -> 11.847452 | D28: 5 | E28: 10 | F28: 54.8 | H28: =SUM(I28:J28) -> 0 | K28: =SUM(L28:M28) -> 0 | N28: =SUM(O28:P28) -> 0 | Q28: =SUM(R28:S28) -> 0
A29: Sat | B29: =B28+1 -> 45892 | C29: =Boats!J134 -> 5.5495778 | D29: 2 | E29: 3 | F29: 7.93 | H29: =SUM(I29:J29) -> 0 | K29: =SUM(L29:M29) -> 0 | N29: =SUM(O29:P29) -> 0 | Q29: =SUM(R29:S29) -> 0 | AF29: 1
A30: Sun | B30: =B29+1 -> 45893 | C30: =Boats!J141 -> 21.309077 | D30: 7 | E30: 14 | F30: 67.53 | H30: =SUM(I30:J30) -> 0 | K30: =SUM(L30:M30) -> 0 | N30: =SUM(O30:P30) -> 0 | Q30: =SUM(R30:S30) -> 0 | Z30: 2 | AE30: 1
A31: Sampled | H31: =SUM(H24:H30) -> 0 | I31: =SUM(I24:I30) -> 0 | J31: =SUM(J24:J30) -> 0 | K31: =SUM(K24:K30) -> 0 | L31: =SUM(L24:L30) -> 0 | M31: =SUM(M24:M30) -> 0 | N31: =SUM(N24:N30) -> 0 | O31: =SUM(O24:O30) -> 0 | ... X31: =SUM(X24:X30) -> 0 | Z31: =SUM(Z24:Z30) -> 2 | AA31: =SUM(AA24:AA30) -> 0 | AB31: =SUM(AB24:AB30) -> 0 | AC31: =SUM(AC24:AC30) -> 0 | AD31: =SUM(AD24:AD30) -> 0 | AE31: =SUM(AE24:AE30) -> 1 | AF31: =SUM(AF24:AF30) -> 2 | AG31: =SUM(AG24:AG30) -> 0 | ... AU31: =SUM(AU24:AU30) -> 0 | AW31: =SUM(AW24:AW30) -> 0 | AX31: =SUM(AX24:AX30) -> 0 | AY31: =SUM(AY24:AY30) -> 0 | AZ31: =SUM(AZ24:AZ30) -> 0 | BA31: =SUM(BA24:BA30) -> 0 | BB31: =SUM(BB24:BB30) -> 0 | BC31: =SUM(BC24:BC30) -> 0 | BE31: =SUM(BE24:BE30) -> 0 | BF31: =SUM(BF24:BF30) -> 0 | BG31: =SUM(BG24:BG30) -> 0 | BH31: =SUM(BH24:BH30) -> 0 | BI31: =SUM(BI24:BI30) -> 0 | BJ31: =SUM(BJ24:BJ30) -> 0 | BK31: =SUM(BK24:BK30) -> 0 | BM31: =SUM(BM24:BM30) -> 0 | BN31: =SUM(BN24:BN30) -> 0 | BO31: =SUM(BO24:BO30) -> 0 | BP31: =SUM(BP24:BP30) -> 0 | BQ31: =SUM(BQ24:BQ30) -> 0 | BR31: =SUM(BR24:BR30) -> 0 | BS31: =SUM(BS24:BS30) -> 0 | BU31: =SUM(BU24:BU30) -> 0 | BV31: =SUM(BV24:BV30) -> 0 | BW31: =SUM(BW24:BW30) -> 0 | BX31: =SUM(BX24:BX30) -> 0 | BY31: =SUM(BY24:BY30) -> 0 | BZ31: =SUM(BZ24:BZ30) -> 0 | CA31: =SUM(CA24:CA30) -> 0 | CC31: =SUM(CC24:CC30) -> 0 | CD31: =SUM(CD24:CD30) -> 0 | CE31: =SUM(CE24:CE30) -> 0 | CF31: =SUM(CF24:CF30) -> 0 | CG31: =SUM(CG24:CG30) -> 0 | CH31: =SUM(CH24:CH30) -> 0 | CI31: =SUM(CI24:CI30) -> 0 | CK31: =SUM(CK24:CK30) -> 0 | CL31: =SUM(CL24:CL30) -> 0 | CM31: =SUM(CM24:CM30) -> 0 | CN31: =SUM(CN24:CN30) -> 0 | CO31: =SUM(CO24:CO30) -> 0 | CP31: =SUM(CP24:CP30) -> 0 | CQ31: =SUM(CQ24:CQ30) -> 0
A32: Expanded | C32: =SUM(C24:C30) -> 47.464995 | D32: =SUM(D24:D30) -> 17 | E32: =SUM(E24:E30) -> 32 | F32: =SUM(F24:F30) -> 170.09 | G32: =D32/C32 -> 0.35815868 | H32: =H31/$G32 -> 0 | I32: =I31/$G32 -> 0 | J32: =J31/$G32 -> 0 | K32: =K31/$G32 -> 0 | L32: =L31/$G32 -> 0 | M32: =M31/$G32 -> 0 | N32: =N31/$G32 -> 0 | O32: =O31/$G32 -> 0 | ... X32: =X31/$G32 -> 0 | Z32: =Z31/$G32 -> 5.584117 | AA32: =AA31/$G32 -> 0 | AB32: =AB31/$G32 -> 0 | AC32: =AC31/$G32 -> 0 | AD32: =AD31/$G32 -> 0 | AE32: =AE31/$G32 -> 2.7920585 | AF32: =AF31/$G32 -> 5.584117 | AG32: =AG31/$G32 -> 0 | ... AU32: =AU31/$G32 -> 0 | AW32: =AW31/$G32 -> 0 | AX32: =AX31/$G32 -> 0 | AY32: =AY31/$G32 -> 0 | AZ32: =AZ31/$G32 -> 0 | BA32: =BA31/$G32 -> 0 | BB32: =BB31/$G32 -> 0 | BC32: =BC31/$G32 -> 0 | BE32: =BE31/$G32 -> 0 | BF32: =BF31/$G32 -> 0 | BG32: =BG31/$G32 -> 0 | BH32: =BH31/$G32 -> 0 | BI32: =BI31/$G32 -> 0 | BJ32: =BJ31/$G32 -> 0 | BK32: =BK31/$G32 -> 0 | BM32: =BM31/$G32 -> 0 | BN32: =BN31/$G32 -> 0 | BO32: =BO31/$G32 -> 0 | BP32: =BP31/$G32 -> 0 | BQ32: =BQ31/$G32 -> 0 | BR32: =BR31/$G32 -> 0 | BS32: =BS31/$G32 -> 0 | BU32: =BU31/$G32 -> 0 | BV32: =BV31/$G32 -> 0 | BW32: =BW31/$G32 -> 0 | BX32: =BX31/$G32 -> 0 | BY32: =BY31/$G32 -> 0 | BZ32: =BZ31/$G32 -> 0 | CA32: =CA31/$G32 -> 0 | CC32: =CC31/$G32 -> 0 | CD32: =CD31/$G32 -> 0 | CE32: =CE31/$G32 -> 0 | CF32: =CF31/$G32 -> 0 | CG32: =CG31/$G32 -> 0 | CH32: =CH31/$G32 -> 0 | CI32: =CI31/$G32 -> 0 | CK32: =CK31/$G32 -> 0 | CL32: =CL31/$G32 -> 0 | CM32: =CM31/$G32 -> 0 | CN32: =CN31/$G32 -> 0 | CO32: =CO31/$G32 -> 0 | CP32: =CP31/$G32 -> 0 | CQ32: =CQ31/$G32 -> 0
A34: Mon | B34: =B30+1 -> 45894 | C34: =Boats!J148 -> 2.0231674 | D34: 0 | E34: 0 | F34: 0 | H34: =SUM(I34:J34) -> 0 | K34: =SUM(L34:M34) -> 0 | N34: =SUM(O34:P34) -> 0 | Q34: =SUM(R34:S34) -> 0
A35: Tue | B35: =B34+1 -> 45895 | C35: =Boats!J155 -> 3.072894 | D35: 1 | E35: 2 | F35: 15.07 | H35: =SUM(I35:J35) -> 0 | K35: =SUM(L35:M35) -> 0 | N35: =SUM(O35:P35) -> 0 | Q35: =SUM(R35:S35) -> 0
A36: Wed | B36: =B35+1 -> 45896 | C36: =Boats!J162 -> 2.4472044 | D36: 1 | E36: 2 | F36: 9.2 | H36: =SUM(I36:J36) -> 0 | K36: =SUM(L36:M36) -> 0 | N36: =SUM(O36:P36) -> 0 | Q36: =SUM(R36:S36) -> 0
A37: Thu | B37: =B36+1 -> 45897 | C37: =Boats!J169 -> 12.098011 | D37: 3 | E37: 5 | F37: 33.63 | H37: =SUM(I37:J37) -> 1 | J37: 1 | K37: =SUM(L37:M37) -> 0 | N37: =SUM(O37:P37) -> 0 | Q37: =SUM(R37:S37) -> 0
A38: Fri | B38: =B37+1 -> 45898 | C38: =Boats!J176 -> 16.224786 | D38: 11 | E38: 19 | F38: 110.43 | H38: =SUM(I38:J38) -> 0 | K38: =SUM(L38:M38) -> 0 | N38: =SUM(O38:P38) -> 0 | Q38: =SUM(R38:S38) -> 0 | AD38: 3 | AF38: 6
A39: Sat | B39: =B38+1 -> 45899 | C39: =Boats!J183 -> 33.182445 | D39: 10 | E39: 25 | F39: 178.27 | H39: =SUM(I39:J39) -> 3 | I39: 3 | K39: =SUM(L39:M39) -> 0 | N39: =SUM(O39:P39) -> 0 | Q39: =SUM(R39:S39) -> 0
A40: Sun | B40: =B39+1 -> 45900 | C40: =Boats!J190 -> 32.032917 | D40: 8 | E40: 16 | F40: 78.48 | H40: =SUM(I40:J40) -> 4 | I40: 4 | K40: =SUM(L40:M40) -> 0 | N40: =SUM(O40:P40) -> 0 | Q40: =SUM(R40:S40) -> 0 | AD40: 1
A41: Sampled | H41: =SUM(H34:H40) -> 8 | I41: =SUM(I34:I40) -> 7 | J41: =SUM(J34:J40) -> 1 | K41: =SUM(K34:K40) -> 0 | L41: =SUM(L34:L40) -> 0 | M41: =SUM(M34:M40) -> 0 | N41: =SUM(N34:N40) -> 0 | O41: =SUM(O34:O40) -> 0 | ... X41: =SUM(X34:X40) -> 0 | Z41: =SUM(Z34:Z40) -> 0 | AA41: =SUM(AA34:AA40) -> 0 | AB41: =SUM(AB34:AB40) -> 0 | AC41: =SUM(AC34:AC40) -> 0 | AD41: =SUM(AD34:AD40) -> 4 | AE41: =SUM(AE34:AE40) -> 0 | AF41: =SUM(AF34:AF40) -> 6 | AG41: =SUM(AG34:AG40) -> 0 | ... AU41: =SUM(AU34:AU40) -> 0 | AW41: =SUM(AW34:AW40) -> 0 | AX41: =SUM(AX34:AX40) -> 0 | AY41: =SUM(AY34:AY40) -> 0 | AZ41: =SUM(AZ34:AZ40) -> 0 | BA41: =SUM(BA34:BA40) -> 0 | BB41: =SUM(BB34:BB40) -> 0 | BC41: =SUM(BC34:BC40) -> 0 | BE41: =SUM(BE34:BE40) -> 0 | BF41: =SUM(BF34:BF40) -> 0 | BG41: =SUM(BG34:BG40) -> 0 | BH41: =SUM(BH34:BH40) -> 0 | BI41: =SUM(BI34:BI40) -> 0 | BJ41: =SUM(BJ34:BJ40) -> 0 | BK41: =SUM(BK34:BK40) -> 0 | BM41: =SUM(BM34:BM40) -> 0 | BN41: =SUM(BN34:BN40) -> 0 | BO41: =SUM(BO34:BO40) -> 0 | BP41: =SUM(BP34:BP40) -> 0 | BQ41: =SUM(BQ34:BQ40) -> 0 | BR41: =SUM(BR34:BR40) -> 0 | BS41: =SUM(BS34:BS40) -> 0 | BU41: =SUM(BU34:BU40) -> 0 | BV41: =SUM(BV34:BV40) -> 0 | BW41: =SUM(BW34:BW40) -> 0 | BX41: =SUM(BX34:BX40) -> 0 | BY41: =SUM(BY34:BY40) -> 0 | BZ41: =SUM(BZ34:BZ40) -> 0 | CA41: =SUM(CA34:CA40) -> 0 | CC41: =SUM(CC34:CC40) -> 0 | CD41: =SUM(CD34:CD40) -> 0 | CE41: =SUM(CE34:CE40) -> 0 | CF41: =SUM(CF34:CF40) -> 0 | CG41: =SUM(CG34:CG40) -> 0 | CH41: =SUM(CH34:CH40) -> 0 | CI41: =SUM(CI34:CI40) -> 0 | CK41: =SUM(CK34:CK40) -> 0 | CL41: =SUM(CL34:CL40) -> 0 | CM41: =SUM(CM34:CM40) -> 0 | CN41: =SUM(CN34:CN40) -> 0 | CO41: =SUM(CO34:CO40) -> 0 | CP41: =SUM(CP34:CP40) -> 0 | CQ41: =SUM(CQ34:CQ40) -> 0
A42: Expanded | C42: =SUM(C34:C40) -> 101.08143 | D42: =SUM(D34:D40) -> 34 | E42: =SUM(E34:E40) -> 69 | F42: =SUM(F34:F40) -> 425.08 | G42: =D42/C42 -> 0.33636249 | H42: =H41/$G42 -> 23.783865 | I42: =I41/$G42 -> 20.810882 | J42: =J41/$G42 -> 2.9729831 | K42: =K41/$G42 -> 0 | L42: =L41/$G42 -> 0 | M42: =M41/$G42 -> 0 | N42: =N41/$G42 -> 0 | O42: =O41/$G42 -> 0 | ... X42: =X41/$G42 -> 0 | Z42: =Z41/$G42 -> 0 | AA42: =AA41/$G42 -> 0 | AB42: =AB41/$G42 -> 0 | AC42: =AC41/$G42 -> 0 | AD42: =AD41/$G42 -> 11.891932 | AE42: =AE41/$G42 -> 0 | AF42: =AF41/$G42 -> 17.837899 | AG42: =AG41/$G42 -> 0 | ... AU42: =AU41/$G42 -> 0 | AW42: =AW41/$G42 -> 0 | AX42: =AX41/$G42 -> 0 | AY42: =AY41/$G42 -> 0 | AZ42: =AZ41/$G42 -> 0 | BA42: =BA41/$G42 -> 0 | BB42: =BB41/$G42 -> 0 | BC42: =BC41/$G42 -> 0 | BE42: =BE41/$G42 -> 0 | BF42: =BF41/$G42 -> 0 | BG42: =BG41/$G42 -> 0 | BH42: =BH41/$G42 -> 0 | BI42: =BI41/$G42 -> 0 | BJ42: =BJ41/$G42 -> 0 | BK42: =BK41/$G42 -> 0 | BM42: =BM41/$G42 -> 0 | BN42: =BN41/$G42 -> 0 | BO42: =BO41/$G42 -> 0 | BP42: =BP41/$G42 -> 0 | BQ42: =BQ41/$G42 -> 0 | BR42: =BR41/$G42 -> 0 | BS42: =BS41/$G42 -> 0 | BU42: =BU41/$G42 -> 0 | BV42: =BV41/$G42 -> 0 | BW42: =BW41/$G42 -> 0 | BX42: =BX41/$G42 -> 0 | BY42: =BY41/$G42 -> 0 | BZ42: =BZ41/$G42 -> 0 | CA42: =CA41/$G42 -> 0 | CC42: =CC41/$G42 -> 0 | CD42: =CD41/$G42 -> 0 | CE42: =CE41/$G42 -> 0 | CF42: =CF41/$G42 -> 0 | CG42: =CG41/$G42 -> 0 | CH42: =CH41/$G42 -> 0 | CI42: =CI41/$G42 -> 0 | CK42: =CK41/$G42 -> 0 | CL42: =CL41/$G42 -> 0 | CM42: =CM41/$G42 -> 0 | CN42: =CN41/$G42 -> 0 | CO42: =CO41/$G42 -> 0 | CP42: =CP41/$G42 -> 0 | CQ42: =CQ41/$G42 -> 0
A44: Mon | B44: =B40+1 -> 45901 | C44: =Boats!J197 -> 0 | D44: 0 | E44: 0 | F44: 0 | H44: =SUM(I44:J44) -> 0 | K44: =SUM(L44:M44) -> 0 | N44: =SUM(O44:P44) -> 0 | Q44: =SUM(R44:S44) -> 0
A45: Tue | B45: =B44+1 -> 45902 | C45: =Boats!J204 -> 8.2267357 | D45: 2 | E45: 2 | F45: 28.83 | H45: =SUM(I45:J45) -> 1 | J45: 1 | K45: =SUM(L45:M45) -> 0 | N45: =SUM(O45:P45) -> 0 | Q45: =SUM(R45:S45) -> 0
A46: Wed | B46: =B45+1 -> 45903 | C46: =Boats!J211 -> 14.656206 | D46: 5 | E46: 8 | F46: 54.83 | H46: =SUM(I46:J46) -> 0 | K46: =SUM(L46:M46) -> 0 | N46: =SUM(O46:P46) -> 0 | Q46: =SUM(R46:S46) -> 0
A47: Thu | B47: =B46+1 -> 45904 | C47: =Boats!J218 -> 9.786485 | D47: 1 | E47: 2 | F47: 12 | H47: =SUM(I47:J47) -> 0 | K47: =SUM(L47:M47) -> 0 | N47: =SUM(O47:P47) -> 0 | Q47: =SUM(R47:S47) -> 0
A48: Fri | B48: =B47+1 -> 45905 | C48: =Boats!J225 -> 32.968917 | D48: 6 | E48: 12 | F48: 91.33 | H48: =SUM(I48:J48) -> 5 | I48: 2 | J48: 3 | K48: =SUM(L48:M48) -> 0 | N48: =SUM(O48:P48) -> 0 | Q48: =SUM(R48:S48) -> 0
A49: Sat | B49: =B48+1 -> 45906 | C49: =Boats!J232 -> 55.091185 | D49: 13 | E49: 24 | F49: 174 | H49: =SUM(I49:J49) -> 6 | I49: 4 | J49: 2 | K49: =SUM(L49:M49) -> 1 | M49: 1 | N49: =SUM(O49:P49) -> 0 | Q49: =SUM(R49:S49) -> 0
A50: Sun | B50: =B49+1 -> 45907 | C50: =Boats!J239 -> 51.756243 | D50: 11 | E50: 31 | F50: 187.55 | H50: =SUM(I50:J50) -> 7 | I50: 3 | J50: 4 | K50: =SUM(L50:M50) -> 0 | N50: =SUM(O50:P50) -> 0 | Q50: =SUM(R50:S50) -> 0 | AN50: 1
A51: Sampled | H51: =SUM(H44:H50) -> 19 | I51: =SUM(I44:I50) -> 9 | J51: =SUM(J44:J50) -> 10 | K51: =SUM(K44:K50) -> 1 | L51: =SUM(L44:L50) -> 0 | M51: =SUM(M44:M50) -> 1 | N51: =SUM(N44:N50) -> 0 | O51: =SUM(O44:O50) -> 0 | ... X51: =SUM(X44:X50) -> 0 | Z51: =SUM(Z44:Z50) -> 0 | AA51: =SUM(AA44:AA50) -> 0 | AB51: =SUM(AB44:AB50) -> 0 | AC51: =SUM(AC44:AC50) -> 0 | AD51: =SUM(AD44:AD50) -> 0 | AE51: =SUM(AE44:AE50) -> 0 | AF51: =SUM(AF44:AF50) -> 0 | AG51: =SUM(AG44:AG50) -> 0 | ... AU51: =SUM(AU44:AU50) -> 0 | AW51: =SUM(AW44:AW50) -> 0 | AX51: =SUM(AX44:AX50) -> 0 | AY51: =SUM(AY44:AY50) -> 0 | AZ51: =SUM(AZ44:AZ50) -> 0 | BA51: =SUM(BA44:BA50) -> 0 | BB51: =SUM(BB44:BB50) -> 0 | BC51: =SUM(BC44:BC50) -> 0 | BE51: =SUM(BE44:BE50) -> 0 | BF51: =SUM(BF44:BF50) -> 0 | BG51: =SUM(BG44:BG50) -> 0 | BH51: =SUM(BH44:BH50) -> 0 | BI51: =SUM(BI44:BI50) -> 0 | BJ51: =SUM(BJ44:BJ50) -> 0 | BK51: =SUM(BK44:BK50) -> 0 | BM51: =SUM(BM44:BM50) -> 0 | BN51: =SUM(BN44:BN50) -> 0 | BO51: =SUM(BO44:BO50) -> 0 | BP51: =SUM(BP44:BP50) -> 0 | BQ51: =SUM(BQ44:BQ50) -> 0 | BR51: =SUM(BR44:BR50) -> 0 | BS51: =SUM(BS44:BS50) -> 0 | BU51: =SUM(BU44:BU50) -> 0 | BV51: =SUM(BV44:BV50) -> 0 | BW51: =SUM(BW44:BW50) -> 0 | BX51: =SUM(BX44:BX50) -> 0 | BY51: =SUM(BY44:BY50) -> 0 | BZ51: =SUM(BZ44:BZ50) -> 0 | CA51: =SUM(CA44:CA50) -> 0 | CC51: =SUM(CC44:CC50) -> 0 | CD51: =SUM(CD44:CD50) -> 0 | CE51: =SUM(CE44:CE50) -> 0 | CF51: =SUM(CF44:CF50) -> 0 | CG51: =SUM(CG44:CG50) -> 0 | CH51: =SUM(CH44:CH50) -> 0 | CI51: =SUM(CI44:CI50) -> 0 | CK51: =SUM(CK44:CK50) -> 0 | CL51: =SUM(CL44:CL50) -> 0 | CM51: =SUM(CM44:CM50) -> 0 | CN51: =SUM(CN44:CN50) -> 0 | CO51: =SUM(CO44:CO50) -> 0 | CP51: =SUM(CP44:CP50) -> 0 | CQ51: =SUM(CQ44:CQ50) -> 0
A52: Expanded | C52: =SUM(C44:C50) -> 172.48577 | D52: =SUM(D44:D50) -> 38 | E52: =SUM(E44:E50) -> 79 | F52: =SUM(F44:F50) -> 548.54 | G52: =D52/C52 -> 0.22030803 | H52: =H51/$G52 -> 86.242886 | I52: =I51/$G52 -> 40.851893 | J52: =J51/$G52 -> 45.390992 | K52: =K51/$G52 -> 4.5390992 | L52: =L51/$G52 -> 0 | M52: =M51/$G52 -> 4.5390992 | N52: =N51/$G52 -> 0 | O52: =O51/$G52 -> 0 | ... X52: =X51/$G52 -> 0 | Z52: =Z51/$G52 -> 0 | AA52: =AA51/$G52 -> 0 | AB52: =AB51/$G52 -> 0 | AC52: =AC51/$G52 -> 0 | AD52: =AD51/$G52 -> 0 | AE52: =AE51/$G52 -> 0 | AF52: =AF51/$G52 -> 0 | AG52: =AG51/$G52 -> 0 | ... AU52: =AU51/$G52 -> 0 | AW52: =AW51/$G52 -> 0 | AX52: =AX51/$G52 -> 0 | AY52: =AY51/$G52 -> 0 | AZ52: =AZ51/$G52 -> 0 | BA52: =BA51/$G52 -> 0 | BB52: =BB51/$G52 -> 0 | BC52: =BC51/$G52 -> 0 | BE52: =BE51/$G52 -> 0 | BF52: =BF51/$G52 -> 0 | BG52: =BG51/$G52 -> 0 | BH52: =BH51/$G52 -> 0 | BI52: =BI51/$G52 -> 0 | BJ52: =BJ51/$G52 -> 0 | BK52: =BK51/$G52 -> 0 | BM52: =BM51/$G52 -> 0 | BN52: =BN51/$G52 -> 0 | BO52: =BO51/$G52 -> 0 | BP52: =BP51/$G52 -> 0 | BQ52: =BQ51/$G52 -> 0 | BR52: =BR51/$G52 -> 0 | BS52: =BS51/$G52 -> 0 | BU52: =BU51/$G52 -> 0 | BV52: =BV51/$G52 -> 0 | BW52: =BW51/$G52 -> 0 | BX52: =BX51/$G52 -> 0 | BY52: =BY51/$G52 -> 0 | BZ52: =BZ51/$G52 -> 0 | CA52: =CA51/$G52 -> 0 | CC52: =CC51/$G52 -> 0 | CD52: =CD51/$G52 -> 0 | CE52: =CE51/$G52 -> 0 | CF52: =CF51/$G52 -> 0 | CG52: =CG51/$G52 -> 0 | CH52: =CH51/$G52 -> 0 | CI52: =CI51/$G52 -> 0 | CK52: =CK51/$G52 -> 0 | CL52: =CL51/$G52 -> 0 | CM52: =CM51/$G52 -> 0 | CN52: =CN51/$G52 -> 0 | CO52: =CO51/$G52 -> 0 | CP52: =CP51/$G52 -> 0 | CQ52: =CQ51/$G52 -> 0
A54: Mon | B54: =B50+1 -> 45908 | C54: =Boats!J246 -> 22.788826 | D54: 3 | E54: 6 | F54: 55.13 | H54: =SUM(I54:J54) -> 2 | I54: 2 | K54: =SUM(L54:M54) -> 0 | N54: =SUM(O54:P54) -> 0 | Q54: =SUM(R54:S54) -> 0
A55: Tue | B55: =B54+1 -> 45909 | C55: =Boats!J253 -> 28.952691 | D55: 9 | E55: 19 | F55: 130.35 | H55: =SUM(I55:J55) -> 4 | I55: 3 | J55: 1 | K55: =SUM(L55:M55) -> 0 | N55: =SUM(O55:P55) -> 0 | Q55: =SUM(R55:S55) -> 0
A56: Wed | B56: =B55+1 -> 45910 | C56: =Boats!J260 -> 64.073711 | D56: 7 | E56: 18 | F56: 143.73 | H56: =SUM(I56:J56) -> 1 | I56: 1 | K56: =SUM(L56:M56) -> 0 | N56: =SUM(O56:P56) -> 0 | Q56: =SUM(R56:S56) -> 0 | AH56: 1
A57: Thu | B57: =B56+1 -> 45911 | C57: =Boats!J267 -> 84.381693 | D57: 11 | E57: 29 | F57: 171.98 | H57: =SUM(I57:J57) -> 3 | I57: 2 | J57: 1 | K57: =SUM(L57:M57) -> 1 | L57: 1 | N57: =SUM(O57:P57) -> 0 | Q57: =SUM(R57:S57) -> 0 | Z57: 4
A58: Fri | B58: =B57+1 -> 45912 | C58: =Boats!J274 -> 112.42521 | D58: 25 | E58: 59 | F58: 357.44 | H58: =SUM(I58:J58) -> 12 | I58: 10 | J58: 2 | K58: =SUM(L58:M58) -> 0 | N58: =SUM(O58:P58) -> 0 | Q58: =SUM(R58:S58) -> 0 | AA58: 1 | AD58: 1 | AF58: 3
A59: Sat | B59: =B58+1 -> 45913 | C59: =Boats!J281 -> 126.23387 | D59: 30 | E59: 77 | F59: 455.32 | H59: =SUM(I59:J59) -> 17 | I59: 11 | J59: 6 | K59: =SUM(L59:M59) -> 0 | N59: =SUM(O59:P59) -> 0 | Q59: =SUM(R59:S59) -> 0 | T59: 1 | AA59: 1 | AE59: 1 | AG59: 1 | AN59: 1 | AX59: 1 | AY59: 1 | BF59: 1 | BG59: 1
A60: Sun | B60: =B59+1 -> 45914 | C60: =Boats!J288 -> 112.6629 | D60: 32 | E60: 85 | F60: 471 | H60: =SUM(I60:J60) -> 7 | I60: 4 | J60: 3 | K60: =SUM(L60:M60) -> 0 | N60: =SUM(O60:P60) -> 0 | Q60: =SUM(R60:S60) -> 0 | AA60: 1
A61: Sampled | H61: =SUM(H54:H60) -> 46 | I61: =SUM(I54:I60) -> 33 | J61: =SUM(J54:J60) -> 13 | K61: =SUM(K54:K60) -> 1 | L61: =SUM(L54:L60) -> 1 | M61: =SUM(M54:M60) -> 0 | N61: =SUM(N54:N60) -> 0 | O61: =SUM(O54:O60) -> 0 | ... X61: =SUM(X54:X60) -> 0 | Z61: =SUM(Z54:Z60) -> 4 | AA61: =SUM(AA54:AA60) -> 3 | AB61: =SUM(AB54:AB60) -> 0 | AC61: =SUM(AC54:AC60) -> 0 | AD61: =SUM(AD54:AD60) -> 1 | AE61: =SUM(AE54:AE60) -> 1 | AF61: =SUM(AF54:AF60) -> 3 | AG61: =SUM(AG54:AG60) -> 1 | ... AU61: =SUM(AU54:AU60) -> 0 | AW61: =SUM(AW54:AW60) -> 0 | AX61: =SUM(AX54:AX60) -> 1 | AY61: =SUM(AY54:AY60) -> 1 | AZ61: =SUM(AZ54:AZ60) -> 0 | BA61: =SUM(BA54:BA60) -> 0 | BB61: =SUM(BB54:BB60) -> 0 | BC61: =SUM(BC54:BC60) -> 0 | BE61: =SUM(BE54:BE60) -> 0 | BF61: =SUM(BF54:BF60) -> 1 | BG61: =SUM(BG54:BG60) -> 1 | BH61: =SUM(BH54:BH60) -> 0 | BI61: =SUM(BI54:BI60) -> 0 | BJ61: =SUM(BJ54:BJ60) -> 0 | BK61: =SUM(BK54:BK60) -> 0 | BM61: =SUM(BM54:BM60) -> 0 | BN61: =SUM(BN54:BN60) -> 0 | BO61: =SUM(BO54:BO60) -> 0 | BP61: =SUM(BP54:BP60) -> 0 | BQ61: =SUM(BQ54:BQ60) -> 0 | BR61: =SUM(BR54:BR60) -> 0 | BS61: =SUM(BS54:BS60) -> 0 | BU61: =SUM(BU54:BU60) -> 0 | BV61: =SUM(BV54:BV60) -> 0 | BW61: =SUM(BW54:BW60) -> 0 | BX61: =SUM(BX54:BX60) -> 0 | BY61: =SUM(BY54:BY60) -> 0 | BZ61: =SUM(BZ54:BZ60) -> 0 | CA61: =SUM(CA54:CA60) -> 0 | CC61: =SUM(CC54:CC60) -> 0 | CD61: =SUM(CD54:CD60) -> 0 | CE61: =SUM(CE54:CE60) -> 0 | CF61: =SUM(CF54:CF60) -> 0 | CG61: =SUM(CG54:CG60) -> 0 | CH61: =SUM(CH54:CH60) -> 0 | CI61: =SUM(CI54:CI60) -> 0 | CK61: =SUM(CK54:CK60) -> 0 | CL61: =SUM(CL54:CL60) -> 0 | CM61: =SUM(CM54:CM60) -> 0 | CN61: =SUM(CN54:CN60) -> 0 | CO61: =SUM(CO54:CO60) -> 0 | CP61: =SUM(CP54:CP60) -> 0 | CQ61: =SUM(CQ54:CQ60) -> 0
A62: Expanded | C62: =SUM(C54:C60) -> 551.5189 | D62: =SUM(D54:D60) -> 117 | E62: =SUM(E54:E60) -> 293 | F62: =SUM(F54:F60) -> 1784.95 | G62: =D62/C62 -> 0.21214141 | H62: =H61/$G62 -> 216.83649 | I62: =I61/$G62 -> 155.55661 | J62: =J61/$G62 -> 61.279878 | K62: =K61/$G62 -> 4.7138368 | L62: =L61/$G62 -> 4.7138368 | M62: =M61/$G62 -> 0 | N62: =N61/$G62 -> 0 | O62: =O61/$G62 -> 0 | ... X62: =X61/$G62 -> 0 | Z62: =Z61/$G62 -> 18.855347 | AA62: =AA61/$G62 -> 14.14151 | AB62: =AB61/$G62 -> 0 | AC62: =AC61/$G62 -> 0 | AD62: =AD61/$G62 -> 4.7138368 | AE62: =AE61/$G62 -> 4.7138368 | AF62: =AF61/$G62 -> 14.14151 | AG62: =AG61/$G62 -> 4.7138368 | ... AU62: =AU61/$G62 -> 0 | AW62: =AW61/$G62 -> 0 | AX62: =AX61/$G62 -> 4.7138368 | AY62: =AY61/$G62 -> 4.7138368 | AZ62: =AZ61/$G62 -> 0 | BA62: =BA61/$G62 -> 0 | BB62: =BB61/$G62 -> 0 | BC62: =BC61/$G62 -> 0 | BE62: =BE61/$G62 -> 0 | BF62: =BF61/$G62 -> 4.7138368 | BG62: =BG61/$G62 -> 4.7138368 | BH62: =BH61/$G62 -> 0 | BI62: =BI61/$G62 -> 0 | BJ62: =BJ61/$G62 -> 0 | BK62: =BK61/$G62 -> 0 | BM62: =BM61/$G62 -> 0 | BN62: =BN61/$G62 -> 0 | BO62: =BO61/$G62 -> 0 | BP62: =BP61/$G62 -> 0 | BQ62: =BQ61/$G62 -> 0 | BR62: =BR61/$G62 -> 0 | BS62: =BS61/$G62 -> 0 | BU62: =BU61/$G62 -> 0 | BV62: =BV61/$G62 -> 0 | BW62: =BW61/$G62 -> 0 | BX62: =BX61/$G62 -> 0 | BY62: =BY61/$G62 -> 0 | BZ62: =BZ61/$G62 -> 0 | CA62: =CA61/$G62 -> 0 | CC62: =CC61/$G62 -> 0 | CD62: =CD61/$G62 -> 0 | CE62: =CE61/$G62 -> 0 | CF62: =CF61/$G62 -> 0 | CG62: =CG61/$G62 -> 0 | CH62: =CH61/$G62 -> 0 | CI62: =CI61/$G62 -> 0 | CK62: =CK61/$G62 -> 0 | CL62: =CL61/$G62 -> 0 | CM62: =CM61/$G62 -> 0 | CN62: =CN61/$G62 -> 0 | CO62: =CO61/$G62 -> 0 | CP62: =CP61/$G62 -> 0 | CQ62: =CQ61/$G62 -> 0
A64: Mon | B64: =B60+1 -> 45915 | C64: =Boats!J295 -> 80.157318 | D64: 29 | E64: 67 | F64: 520.3 | H64: =SUM(I64:J64) -> 4 | I64: 3 | J64: 1 | K64: =SUM(L64:M64) -> 2 | L64: 1 | M64: 1 | N64: =SUM(O64:P64) -> 0 | Q64: =SUM(R64:S64) -> 0 | AF64: 1
A65: Tue | B65: =B64+1 -> 45916 | C65: =Boats!J302 -> 73.093888 | D65: 24 | E65: 53 | F65: 412.7 | H65: =SUM(I65:J65) -> 11 | I65: 11 | K65: =SUM(L65:M65) -> 0 | N65: =SUM(O65:P65) -> 0 | Q65: =SUM(R65:S65) -> 0
A66: Wed | B66: =B65+1 -> 45917 | C66: =Boats!J309 -> 64.244732 | D66: 24 | E66: 58 | F66: 328.95 | H66: =SUM(I66:J66) -> 9 | I66: 5 | J66: 4 | K66: =SUM(L66:M66) -> 1 | L66: 1 | N66: =SUM(O66:P66) -> 0 | Q66: =SUM(R66:S66) -> 0
A67: Thu | B67: =B66+1 -> 45918 | C67: =Boats!J316 -> 102.13494 | D67: 31 | E67: 78 | F67: 494.07 | H67: =SUM(I67:J67) -> 15 | I67: 8 | J67: 7 | K67: =SUM(L67:M67) -> 0 | N67: =SUM(O67:P67) -> 0 | Q67: =SUM(R67:S67) -> 0 | Z67: 4 | AE67: 1
A68: Fri | B68: =B67+1 -> 45919 | C68: =Boats!J323 -> 139.24329 | D68: 21 | E68: 39 | F68: 827.93 | H68: =SUM(I68:J68) -> 26 | I68: 11 | J68: 15 | K68: =SUM(L68:M68) -> 4 | L68: 1 | M68: 3 | N68: =SUM(O68:P68) -> 0 | Q68: =SUM(R68:S68) -> 0 | U68: 1
A69: Sat | B69: =B68+1 -> 45920 | C69: =Boats!J330 -> 191.7246 | D69: 80 | E69: 224 | F69: 1458.25 | H69: =SUM(I69:J69) -> 44 | I69: 30 | J69: 14 | K69: =SUM(L69:M69) -> 4 | L69: 2 | M69: 2 | N69: =SUM(O69:P69) -> 0 | Q69: =SUM(R69:S69) -> 0 | U69: 1 | Z69: 2 | AA69: 1 | AD69: 1 | AE69: 1 | AF69: 4
A70: Sun | B70: =B69+1 -> 45921 | C70: =Boats!J337 -> 123.0531 | D70: 49 | E70: 148 | F70: 789.87 | H70: =SUM(I70:J70) -> 56 | I70: 37 | J70: 19 | K70: =SUM(L70:M70) -> 0 | N70: =SUM(O70:P70) -> 0 | Q70: =SUM(R70:S70) -> 0 | Z70: 1 | AH70: 1 | AY70: 1 | BG70: 1
A71: Sampled | H71: =SUM(H64:H70) -> 165 | I71: =SUM(I64:I70) -> 105 | J71: =SUM(J64:J70) -> 60 | K71: =SUM(K64:K70) -> 11 | L71: =SUM(L64:L70) -> 5 | M71: =SUM(M64:M70) -> 6 | N71: =SUM(N64:N70) -> 0 | O71: =SUM(O64:O70) -> 0 | ... X71: =SUM(X64:X70) -> 0 | Z71: =SUM(Z64:Z70) -> 7 | AA71: =SUM(AA64:AA70) -> 1 | AB71: =SUM(AB64:AB70) -> 0 | AC71: =SUM(AC64:AC70) -> 0 | AD71: =SUM(AD64:AD70) -> 1 | AE71: =SUM(AE64:AE70) -> 2 | AF71: =SUM(AF64:AF70) -> 5 | AG71: =SUM(AG64:AG70) -> 0 | ... AU71: =SUM(AU64:AU70) -> 0 | AW71: =SUM(AW64:AW70) -> 0 | AX71: =SUM(AX64:AX70) -> 0 | AY71: =SUM(AY64:AY70) -> 1 | AZ71: =SUM(AZ64:AZ70) -> 0 | BA71: =SUM(BA64:BA70) -> 0 | BB71: =SUM(BB64:BB70) -> 0 | BC71: =SUM(BC64:BC70) -> 0 | BE71: =SUM(BE64:BE70) -> 0 | BF71: =SUM(BF64:BF70) -> 0 | BG71: =SUM(BG64:BG70) -> 1 | BH71: =SUM(BH64:BH70) -> 0 | BI71: =SUM(BI64:BI70) -> 0 | BJ71: =SUM(BJ64:BJ70) -> 0 | BK71: =SUM(BK64:BK70) -> 0 | BM71: =SUM(BM64:BM70) -> 0 | BN71: =SUM(BN64:BN70) -> 0 | BO71: =SUM(BO64:BO70) -> 0 | BP71: =SUM(BP64:BP70) -> 0 | BQ71: =SUM(BQ64:BQ70) -> 0 | BR71: =SUM(BR64:BR70) -> 0 | BS71: =SUM(BS64:BS70) -> 0 | BU71: =SUM(BU64:BU70) -> 0 | BV71: =SUM(BV64:BV70) -> 0 | BW71: =SUM(BW64:BW70) -> 0 | BX71: =SUM(BX64:BX70) -> 0 | BY71: =SUM(BY64:BY70) -> 0 | BZ71: =SUM(BZ64:BZ70) -> 0 | CA71: =SUM(CA64:CA70) -> 0 | CC71: =SUM(CC64:CC70) -> 0 | CD71: =SUM(CD64:CD70) -> 0 | CE71: =SUM(CE64:CE70) -> 0 | CF71: =SUM(CF64:CF70) -> 0 | CG71: =SUM(CG64:CG70) -> 0 | CH71: =SUM(CH64:CH70) -> 0 | CI71: =SUM(CI64:CI70) -> 0 | CK71: =SUM(CK64:CK70) -> 0 | CL71: =SUM(CL64:CL70) -> 0 | CM71: =SUM(CM64:CM70) -> 0 | CN71: =SUM(CN64:CN70) -> 0 | CO71: =SUM(CO64:CO70) -> 0 | CP71: =SUM(CP64:CP70) -> 0 | CQ71: =SUM(CQ64:CQ70) -> 0
A72: Expanded | C72: =SUM(C64:C70) -> 773.65187 | D72: =SUM(D64:D70) -> 258 | E72: =SUM(E64:E70) -> 667 | F72: =SUM(F64:F70) -> 4832.07 | G72: =D72/C72 -> 0.33348333 | H72: =H71/$G72 -> 494.77736 | I72: =I71/$G72 -> 314.85832 | J72: =J71/$G72 -> 179.91904 | K72: =K71/$G72 -> 32.985157 | L72: =L71/$G72 -> 14.993253 | M72: =M71/$G72 -> 17.991904 | N72: =N71/$G72 -> 0 | O72: =O71/$G72 -> 0 | ... X72: =X71/$G72 -> 0 | Z72: =Z71/$G72 -> 20.990555 | AA72: =AA71/$G72 -> 2.9986506 | AB72: =AB71/$G72 -> 0 | AC72: =AC71/$G72 -> 0 | AD72: =AD71/$G72 -> 2.9986506 | AE72: =AE71/$G72 -> 5.9973013 | AF72: =AF71/$G72 -> 14.993253 | AG72: =AG71/$G72 -> 0 | ... AU72: =AU71/$G72 -> 0 | AW72: =AW71/$G72 -> 0 | AX72: =AX71/$G72 -> 0 | AY72: =AY71/$G72 -> 2.9986506 | AZ72: =AZ71/$G72 -> 0 | BA72: =BA71/$G72 -> 0 | BB72: =BB71/$G72 -> 0 | BC72: =BC71/$G72 -> 0 | BE72: =BE71/$G72 -> 0 | BF72: =BF71/$G72 -> 0 | BG72: =BG71/$G72 -> 2.9986506 | BH72: =BH71/$G72 -> 0 | BI72: =BI71/$G72 -> 0 | BJ72: =BJ71/$G72 -> 0 | BK72: =BK71/$G72 -> 0 | BM72: =BM71/$G72 -> 0 | BN72: =BN71/$G72 -> 0 | BO72: =BO71/$G72 -> 0 | BP72: =BP71/$G72 -> 0 | BQ72: =BQ71/$G72 -> 0 | BR72: =BR71/$G72 -> 0 | BS72: =BS71/$G72 -> 0 | BU72: =BU71/$G72 -> 0 | BV72: =BV71/$G72 -> 0 | BW72: =BW71/$G72 -> 0 | BX72: =BX71/$G72 -> 0 | BY72: =BY71/$G72 -> 0 | BZ72: =BZ71/$G72 -> 0 | CA72: =CA71/$G72 -> 0 | CC72: =CC71/$G72 -> 0 | CD72: =CD71/$G72 -> 0 | CE72: =CE71/$G72 -> 0 | CF72: =CF71/$G72 -> 0 | CG72: =CG71/$G72 -> 0 | CH72: =CH71/$G72 -> 0 | CI72: =CI71/$G72 -> 0 | CK72: =CK71/$G72 -> 0 | CL72: =CL71/$G72 -> 0 | CM72: =CM71/$G72 -> 0 | CN72: =CN71/$G72 -> 0 | CO72: =CO71/$G72 -> 0 | CP72: =CP71/$G72 -> 0 | CQ72: =CQ71/$G72 -> 0
A74: Mon | B74: =B70+1 -> 45922 | C74: =Boats!J344 -> 129.05595 | D74: 22 | E74: 57 | F74: 377.44 | H74: =SUM(I74:J74) -> 11 | I74: 9 | J74: 2 | K74: =SUM(L74:M74) -> 1 | L74: 1 | N74: =SUM(O74:P74) -> 0 | Q74: =SUM(R74:S74) -> 0
A75: Tue | B75: =B74+1 -> 45923 | C75: =Boats!J351 -> 128.49777 | D75: 26 | E75: 71 | F75: 467.06 | H75: =SUM(I75:J75) -> 28 | I75: 22 | J75: 6 | K75: =SUM(L75:M75) -> 1 | L75: 1 | N75: =SUM(O75:P75) -> 0 | Q75: =SUM(R75:S75) -> 0 | U75: 1 | AZ75: 1 | BH75: 1
A76: Wed | B76: =B75+1 -> 45924 | C76: =Boats!J358 -> 160.08752 | D76: 26 | E76: 64 | F76: 461.43 | H76: =SUM(I76:J76) -> 28 | I76: 16 | J76: 12 | K76: =SUM(L76:M76) -> 1 | L76: 1 | N76: =SUM(O76:P76) -> 0 | Q76: =SUM(R76:S76) -> 0 | T76: 1 | Z76: 1 | AH76: 2
A77: Thu | B77: =B76+1 -> 45925 | C77: =Boats!J365 -> 139.57849 | D77: 56 | E77: 142 | F77: 984.39 | H77: =SUM(I77:J77) -> 49 | I77: 40 | J77: 9 | K77: =SUM(L77:M77) -> 5 | L77: 5 | N77: =SUM(O77:P77) -> 0 | Q77: =SUM(R77:S77) -> 0 | T77: 1 | Z77: 4 | AE77: 8 | AF77: 4
A78: Fri | B78: =B77+1 -> 45926 | C78: =Boats!J372 -> 264.31023 | D78: 64 | E78: 164 | F78: 1127.18 | H78: =SUM(I78:J78) -> 57 | I78: 41 | J78: 16 | K78: =SUM(L78:M78) -> 5 | L78: 2 | M78: 3 | N78: =SUM(O78:P78) -> 0 | Q78: =SUM(R78:S78) -> 0 | T78: 1 | U78: 1 | AD78: 1 | AF78: 2 | AY78: 2 | BG78: 2
A79: Sat | B79: =B78+1 -> 45927 | C79: =Boats!J379 -> 350.97905 | D79: 70 | E79: 220 | F79: 1292.23 | H79: =SUM(I79:J79) -> 71 | I79: 49 | J79: 22 | K79: =SUM(L79:M79) -> 3 | L79: 3 | N79: =SUM(O79:P79) -> 0 | Q79: =SUM(R79:S79) -> 0 | AF79: 3 | AG79: 1 | AT79: 1
A80: Sun | B80: =B79+1 -> 45928 | C80: =Boats!J386 -> 252.79596 | D80: 68 | E80: 209 | F80: 1235.89 | H80: =SUM(I80:J80) -> 68 | I80: 46 | J80: 22 | K80: =SUM(L80:M80) -> 2 | L80: 1 | M80: 1 | N80: =SUM(O80:P80) -> 0 | Q80: =SUM(R80:S80) -> 0 | U80: 1 | AE80: 1 | AF80: 1
A81: Sampled | H81: =SUM(H74:H80) -> 312 | I81: =SUM(I74:I80) -> 223 | J81: =SUM(J74:J80) -> 89 | K81: =SUM(K74:K80) -> 18 | L81: =SUM(L74:L80) -> 14 | M81: =SUM(M74:M80) -> 4 | N81: =SUM(N74:N80) -> 0 | O81: =SUM(O74:O80) -> 0 | ... X81: =SUM(X74:X80) -> 0 | Z81: =SUM(Z74:Z80) -> 5 | AA81: =SUM(AA74:AA80) -> 0 | AB81: =SUM(AB74:AB80) -> 0 | AC81: =SUM(AC74:AC80) -> 0 | AD81: =SUM(AD74:AD80) -> 1 | AE81: =SUM(AE74:AE80) -> 9 | AF81: =SUM(AF74:AF80) -> 10 | AG81: =SUM(AG74:AG80) -> 1 | ... AU81: =SUM(AU74:AU80) -> 0 | AW81: =SUM(AW74:AW80) -> 0 | AX81: =SUM(AX74:AX80) -> 0 | AY81: =SUM(AY74:AY80) -> 2 | AZ81: =SUM(AZ74:AZ80) -> 1 | BA81: =SUM(BA74:BA80) -> 0 | BB81: =SUM(BB74:BB80) -> 0 | BC81: =SUM(BC74:BC80) -> 0 | BE81: =SUM(BE74:BE80) -> 0 | BF81: =SUM(BF74:BF80) -> 0 | BG81: =SUM(BG74:BG80) -> 2 | BH81: =SUM(BH74:BH80) -> 1 | BI81: =SUM(BI74:BI80) -> 0 | BJ81: =SUM(BJ74:BJ80) -> 0 | BK81: =SUM(BK74:BK80) -> 0 | BM81: =SUM(BM74:BM80) -> 0 | BN81: =SUM(BN74:BN80) -> 0 | BO81: =SUM(BO74:BO80) -> 0 | BP81: =SUM(BP74:BP80) -> 0 | BQ81: =SUM(BQ74:BQ80) -> 0 | BR81: =SUM(BR74:BR80) -> 0 | BS81: =SUM(BS74:BS80) -> 0 | BU81: =SUM(BU74:BU80) -> 0 | BV81: =SUM(BV74:BV80) -> 0 | BW81: =SUM(BW74:BW80) -> 0 | BX81: =SUM(BX74:BX80) -> 0 | BY81: =SUM(BY74:BY80) -> 0 | BZ81: =SUM(BZ74:BZ80) -> 0 | CA81: =SUM(CA74:CA80) -> 0 | CC81: =SUM(CC74:CC80) -> 0 | CD81: =SUM(CD74:CD80) -> 0 | CE81: =SUM(CE74:CE80) -> 0 | CF81: =SUM(CF74:CF80) -> 0 | CG81: =SUM(CG74:CG80) -> 0 | CH81: =SUM(CH74:CH80) -> 0 | CI81: =SUM(CI74:CI80) -> 0 | CK81: =SUM(CK74:CK80) -> 0 | CL81: =SUM(CL74:CL80) -> 0 | CM81: =SUM(CM74:CM80) -> 0 | CN81: =SUM(CN74:CN80) -> 0 | CO81: =SUM(CO74:CO80) -> 0 | CP81: =SUM(CP74:CP80) -> 0 | CQ81: =SUM(CQ74:CQ80) -> 0
A82: Expanded | C82: =SUM(C74:C80) -> 1425.305 | D82: =SUM(D74:D80) -> 332 | E82: =SUM(E74:E80) -> 927 | F82: =SUM(F74:F80) -> 5945.62 | G82: =D82/C82 -> 0.2329326 | H82: =H81/$G82 -> 1339.4432 | I82: =I81/$G82 -> 957.35846 | J82: =J81/$G82 -> 382.08477 | K82: =K81/$G82 -> 77.275571 | L82: =L81/$G82 -> 60.103222 | M82: =M81/$G82 -> 17.172349 | N82: =N81/$G82 -> 0 | O82: =O81/$G82 -> 0 | ... X82: =X81/$G82 -> 0 | Z82: =Z81/$G82 -> 21.465436 | AA82: =AA81/$G82 -> 0 | AB82: =AB81/$G82 -> 0 | AC82: =AC81/$G82 -> 0 | AD82: =AD81/$G82 -> 4.2930873 | AE82: =AE81/$G82 -> 38.637785 | AF82: =AF81/$G82 -> 42.930873 | AG82: =AG81/$G82 -> 4.2930873 | ... AU82: =AU81/$G82 -> 0 | AW82: =AW81/$G82 -> 0 | AX82: =AX81/$G82 -> 0 | AY82: =AY81/$G82 -> 8.5861745 | AZ82: =AZ81/$G82 -> 4.2930873 | BA82: =BA81/$G82 -> 0 | BB82: =BB81/$G82 -> 0 | BC82: =BC81/$G82 -> 0 | BE82: =BE81/$G82 -> 0 | BF82: =BF81/$G82 -> 0 | BG82: =BG81/$G82 -> 8.5861745 | BH82: =BH81/$G82 -> 4.2930873 | BI82: =BI81/$G82 -> 0 | BJ82: =BJ81/$G82 -> 0 | BK82: =BK81/$G82 -> 0 | BM82: =BM81/$G82 -> 0 | BN82: =BN81/$G82 -> 0 | BO82: =BO81/$G82 -> 0 | BP82: =BP81/$G82 -> 0 | BQ82: =BQ81/$G82 -> 0 | BR82: =BR81/$G82 -> 0 | BS82: =BS81/$G82 -> 0 | BU82: =BU81/$G82 -> 0 | BV82: =BV81/$G82 -> 0 | BW82: =BW81/$G82 -> 0 | BX82: =BX81/$G82 -> 0 | BY82: =BY81/$G82 -> 0 | BZ82: =BZ81/$G82 -> 0 | CA82: =CA81/$G82 -> 0 | CC82: =CC81/$G82 -> 0 | CD82: =CD81/$G82 -> 0 | CE82: =CE81/$G82 -> 0 | CF82: =CF81/$G82 -> 0 | CG82: =CG81/$G82 -> 0 | CH82: =CH81/$G82 -> 0 | CI82: =CI81/$G82 -> 0 | CK82: =CK81/$G82 -> 0 | CL82: =CL81/$G82 -> 0 | CM82: =CM81/$G82 -> 0 | CN82: =CN81/$G82 -> 0 | CO82: =CO81/$G82 -> 0 | CP82: =CP81/$G82 -> 0 | CQ82: =CQ81/$G82 -> 0
A84: Mon | B84: =B80+1 -> 45929 | C84: =Boats!J393 -> 158.90461 | D84: 60 | E84: 194 | F84: 1232.27 | H84: =SUM(I84:J84) -> 110 | I84: 76 | J84: 34 | K84: =SUM(L84:M84) -> 3 | L84: 1 | M84: 2 | N84: =SUM(O84:P84) -> 0 | Q84: =SUM(R84:S84) -> 0 | Z84: 1
A85: Tue | B85: =B84+1 -> 45930 | C85: =Boats!J400 -> 158.11644 | D85: 29 | E85: 83 | F85: 467.76 | H85: =SUM(I85:J85) -> 41 | I85: 29 | J85: 12 | K85: =SUM(L85:M85) -> 1 | L85: 1 | N85: =SUM(O85:P85) -> 0 | Q85: =SUM(R85:S85) -> 0
A86: Wed | B86: =B85+1 -> 45931 | C86: =Boats!J407 -> 144.76791 | D86: 45 | E86: 118 | F86: 671.7 | H86: =SUM(I86:J86) -> 64 | I86: 37 | J86: 27 | K86: =SUM(L86:M86) -> 3 | L86: 1 | M86: 2 | N86: =SUM(O86:P86) -> 0 | Q86: =SUM(R86:S86) -> 0 | U86: 1 | AE86: 2 | AX86: 1 | BF86: 1
A87: Thu | B87: =B86+1 -> 45932 | C87: =Boats!J414 -> 172.24297 | D87: 57 | E87: 141 | F87: 816.14 | H87: =SUM(I87:J87) -> 68 | I87: 41 | J87: 27 | K87: =SUM(L87:M87) -> 0 | N87: =SUM(O87:P87) -> 0 | Q87: =SUM(R87:S87) -> 1 | S87: 1 | T87: 1 | Z87: 4 | AE87: 4 | AI87: 4
A88: Fri | B88: =B87+1 -> 45933 | C88: =Boats!J421 -> 240.08242 | D88: 69 | E88: 179 | F88: 1111.72 | H88: =SUM(I88:J88) -> 69 | I88: 45 | J88: 24 | K88: =SUM(L88:M88) -> 2 | L88: 2 | N88: =SUM(O88:P88) -> 1 | P88: 1 | Q88: =SUM(R88:S88) -> 0 | T88: 1 | Z88: 1 | AY88: 2 | BG88: 2
A89: Sat | B89: =B88+1 -> 45934 | C89: =Boats!J428 -> 336.66866 | D89: 103 | E89: 359 | F89: 2077.54 | H89: =SUM(I89:J89) -> 195 | I89: 143 | J89: 52 | K89: =SUM(L89:M89) -> 4 | L89: 2 | M89: 2 | N89: =SUM(O89:P89) -> 1 | O89: 1 | Q89: =SUM(R89:S89) -> 0 | T89: 1 | Z89: 1 | AF89: 1
A90: Sun | B90: =B89+1 -> 45935 | C90: =Boats!J435 -> 260.49528 | D90: 94 | E90: 279 | F90: 1674.21 | H90: =SUM(I90:J90) -> 147 | I90: 91 | J90: 56 | K90: =SUM(L90:M90) -> 6 | L90: 3 | M90: 3 | N90: =SUM(O90:P90) -> 0 | Q90: =SUM(R90:S90) -> 0
A91: Sampled | H91: =SUM(H84:H90) -> 694 | I91: =SUM(I84:I90) -> 462 | J91: =SUM(J84:J90) -> 232 | K91: =SUM(K84:K90) -> 19 | L91: =SUM(L84:L90) -> 10 | M91: =SUM(M84:M90) -> 9 | N91: =SUM(N84:N90) -> 2 | O91: =SUM(O84:O90) -> 1 | ... X91: =SUM(X84:X90) -> 0 | Z91: =SUM(Z84:Z90) -> 7 | AA91: =SUM(AA84:AA90) -> 0 | AB91: =SUM(AB84:AB90) -> 0 | AC91: =SUM(AC84:AC90) -> 0 | AD91: =SUM(AD84:AD90) -> 0 | AE91: =SUM(AE84:AE90) -> 6 | AF91: =SUM(AF84:AF90) -> 1 | AG91: =SUM(AG84:AG90) -> 0 | ... AU91: =SUM(AU84:AU90) -> 0 | AW91: =SUM(AW84:AW90) -> 0 | AX91: =SUM(AX84:AX90) -> 1 | AY91: =SUM(AY84:AY90) -> 2 | AZ91: =SUM(AZ84:AZ90) -> 0 | BA91: =SUM(BA84:BA90) -> 0 | BB91: =SUM(BB84:BB90) -> 0 | BC91: =SUM(BC84:BC90) -> 0 | BE91: =SUM(BE84:BE90) -> 0 | BF91: =SUM(BF84:BF90) -> 1 | BG91: =SUM(BG84:BG90) -> 2 | BH91: =SUM(BH84:BH90) -> 0 | BI91: =SUM(BI84:BI90) -> 0 | BJ91: =SUM(BJ84:BJ90) -> 0 | BK91: =SUM(BK84:BK90) -> 0 | BM91: =SUM(BM84:BM90) -> 0 | BN91: =SUM(BN84:BN90) -> 0 | BO91: =SUM(BO84:BO90) -> 0 | BP91: =SUM(BP84:BP90) -> 0 | BQ91: =SUM(BQ84:BQ90) -> 0 | BR91: =SUM(BR84:BR90) -> 0 | BS91: =SUM(BS84:BS90) -> 0 | BU91: =SUM(BU84:BU90) -> 0 | BV91: =SUM(BV84:BV90) -> 0 | BW91: =SUM(BW84:BW90) -> 0 | BX91: =SUM(BX84:BX90) -> 0 | BY91: =SUM(BY84:BY90) -> 0 | BZ91: =SUM(BZ84:BZ90) -> 0 | CA91: =SUM(CA84:CA90) -> 0 | CC91: =SUM(CC84:CC90) -> 0 | CD91: =SUM(CD84:CD90) -> 0 | CE91: =SUM(CE84:CE90) -> 0 | CF91: =SUM(CF84:CF90) -> 0 | CG91: =SUM(CG84:CG90) -> 0 | CH91: =SUM(CH84:CH90) -> 0 | CI91: =SUM(CI84:CI90) -> 0 | CK91: =SUM(CK84:CK90) -> 0 | CL91: =SUM(CL84:CL90) -> 0 | CM91: =SUM(CM84:CM90) -> 0 | CN91: =SUM(CN84:CN90) -> 0 | CO91: =SUM(CO84:CO90) -> 0 | CP91: =SUM(CP84:CP90) -> 0 | CQ91: =SUM(CQ84:CQ90) -> 0
A92: Expanded | C92: =SUM(C84:C90) -> 1471.2783 | D92: =SUM(D84:D90) -> 457 | E92: =SUM(E84:E90) -> 1353 | F92: =SUM(F84:F90) -> 8051.34 | G92: =D92/C92 -> 0.31061425 | H92: =H91/$G92 -> 2234.2825 | I92: =I91/$G92 -> 1487.3754 | J92: =J91/$G92 -> 746.90713 | K92: =K91/$G92 -> 61.169119 | L92: =L91/$G92 -> 32.194273 | M92: =M91/$G92 -> 28.974846 | N92: =N91/$G92 -> 6.4388546 | O92: =O91/$G92 -> 3.2194273 | ... X92: =X91/$G92 -> 0 | Z92: =Z91/$G92 -> 22.535991 | AA92: =AA91/$G92 -> 0 | AB92: =AB91/$G92 -> 0 | AC92: =AC91/$G92 -> 0 | AD92: =AD91/$G92 -> 0 | AE92: =AE91/$G92 -> 19.316564 | AF92: =AF91/$G92 -> 3.2194273 | AG92: =AG91/$G92 -> 0 | ... AU92: =AU91/$G92 -> 0 | AW92: =AW91/$G92 -> 0 | AX92: =AX91/$G92 -> 3.2194273 | AY92: =AY91/$G92 -> 6.4388546 | AZ92: =AZ91/$G92 -> 0 | BA92: =BA91/$G92 -> 0 | BB92: =BB91/$G92 -> 0 | BC92: =BC91/$G92 -> 0 | BE92: =BE91/$G92 -> 0 | BF92: =BF91/$G92 -> 3.2194273 | BG92: =BG91/$G92 -> 6.4388546 | BH92: =BH91/$G92 -> 0 | BI92: =BI91/$G92 -> 0 | BJ92: =BJ91/$G92 -> 0 | BK92: =BK91/$G92 -> 0 | BM92: =BM91/$G92 -> 0 | BN92: =BN91/$G92 -> 0 | BO92: =BO91/$G92 -> 0 | BP92: =BP91/$G92 -> 0 | BQ92: =BQ91/$G92 -> 0 | BR92: =BR91/$G92 -> 0 | BS92: =BS91/$G92 -> 0 | BU92: =BU91/$G92 -> 0 | BV92: =BV91/$G92 -> 0 | BW92: =BW91/$G92 -> 0 | BX92: =BX91/$G92 -> 0 | BY92: =BY91/$G92 -> 0 | BZ92: =BZ91/$G92 -> 0 | CA92: =CA91/$G92 -> 0 | CC92: =CC91/$G92 -> 0 | CD92: =CD91/$G92 -> 0 | CE92: =CE91/$G92 -> 0 | CF92: =CF91/$G92 -> 0 | CG92: =CG91/$G92 -> 0 | CH92: =CH91/$G92 -> 0 | CI92: =CI91/$G92 -> 0 | CK92: =CK91/$G92 -> 0 | CL92: =CL91/$G92 -> 0 | CM92: =CM91/$G92 -> 0 | CN92: =CN91/$G92 -> 0 | CO92: =CO91/$G92 -> 0 | CP92: =CP91/$G92 -> 0 | CQ92: =CQ91/$G92 -> 0
A94: Mon | B94: =B90+1 -> 45936 | C94: =Boats!J442 -> 162.04616 | D94: 45 | E94: 119 | F94: 685.79 | H94: =SUM(I94:J94) -> 51 | I94: 34 | J94: 17 | K94: =SUM(L94:M94) -> 3 | L94: 2 | M94: 1 | N94: =SUM(O94:P94) -> 0 | Q94: =SUM(R94:S94) -> 0 | U94: 1
A95: Tue | B95: =B94+1 -> 45937 | C95: =Boats!J449 -> 156.28761 | D95: 30 | E95: 79 | F95: 495.48 | H95: =SUM(I95:J95) -> 36 | I95: 20 | J95: 16 | K95: =SUM(L95:M95) -> 1 | M95: 1 | N95: =SUM(O95:P95) -> 0 | Q95: =SUM(R95:S95) -> 0 | T95: 2
A96: Wed | B96: =B95+1 -> 45938 | C96: =Boats!J456 -> 198.39191 | D96: 33 | E96: 81 | F96: 561.25 | H96: =SUM(I96:J96) -> 52 | I96: 35 | J96: 17 | K96: =SUM(L96:M96) -> 1 | M96: 1 | N96: =SUM(O96:P96) -> 0 | Q96: =SUM(R96:S96) -> 0 | T96: 1 | AF96: 1
A97: Thu | B97: =B96+1 -> 45939 | C97: =Boats!J463 -> 128.74224 | D97: 49 | E97: 150 | F97: 951.43 | H97: =SUM(I97:J97) -> 91 | I97: 52 | J97: 39 | K97: =SUM(L97:M97) -> 4 | L97: 2 | M97: 2 | N97: =SUM(O97:P97) -> 0 | Q97: =SUM(R97:S97) -> 0 | T97: 1 | AD97: 1 | AW97: 1 | BA97: 1 | BE97: 1 | BI97: 1
A98: Fri | B98: =B97+1 -> 45940 | C98: =Boats!J470 -> 194.89902 | D98: 49 | E98: 145 | F98: 812.65 | H98: =SUM(I98:J98) -> 101 | I98: 70 | J98: 31 | K98: =SUM(L98:M98) -> 7 | L98: 5 | M98: 2 | N98: =SUM(O98:P98) -> 0 | Q98: =SUM(R98:S98) -> 0 | T98: 2 | U98: 2 | AE98: 3 | AY98: 1 | BG98: 1
A99: Sat | B99: =B98+1 -> 45941 | C99: =Boats!J477 -> 222.92122 | D99: 59 | E99: 198 | F99: 1124.13 | H99: =SUM(I99:J99) -> 126 | I99: 94 | J99: 32 | K99: =SUM(L99:M99) -> 5 | L99: 1 | M99: 4 | N99: =SUM(O99:P99) -> 0 | Q99: =SUM(R99:S99) -> 0 | U99: 3 | AD99: 1
A100: Sun | B100: =B99+1 -> 45942 | C100: =Boats!J484 -> 158.16206 | D100: 40 | E100: 125 | F100: 722.11 | H100: =SUM(I100:J100) -> 75 | I100: 51 | J100: 24 | K100: =SUM(L100:M100) -> 3 | L100: 1 | M100: 2 | N100: =SUM(O100:P100) -> 1 | O100: 1 | Q100: =SUM(R100:S100) -> 0
A101: Sampled | H101: =SUM(H94:H100) -> 532 | I101: =SUM(I94:I100) -> 356 | J101: =SUM(J94:J100) -> 176 | K101: =SUM(K94:K100) -> 24 | L101: =SUM(L94:L100) -> 11 | M101: =SUM(M94:M100) -> 13 | N101: =SUM(N94:N100) -> 1 | O101: =SUM(O94:O100) -> 1 | ... X101: =SUM(X94:X100) -> 0 | Z101: =SUM(Z94:Z100) -> 0 | AA101: =SUM(AA94:AA100) -> 0 | AB101: =SUM(AB94:AB100) -> 0 | AC101: =SUM(AC94:AC100) -> 0 | AD101: =SUM(AD94:AD100) -> 2 | AE101: =SUM(AE94:AE100) -> 3 | AF101: =SUM(AF94:AF100) -> 1 | AG101: =SUM(AG94:AG100) -> 0 | ... AU101: =SUM(AU94:AU100) -> 0 | AW101: =SUM(AW94:AW100) -> 1 | AX101: =SUM(AX94:AX100) -> 0 | AY101: =SUM(AY94:AY100) -> 1 | AZ101: =SUM(AZ94:AZ100) -> 0 | BA101: =SUM(BA94:BA100) -> 1 | BB101: =SUM(BB94:BB100) -> 0 | BC101: =SUM(BC94:BC100) -> 0 | BE101: =SUM(BE94:BE100) -> 1 | BF101: =SUM(BF94:BF100) -> 0 | BG101: =SUM(BG94:BG100) -> 1 | BH101: =SUM(BH94:BH100) -> 0 | BI101: =SUM(BI94:BI100) -> 1 | BJ101: =SUM(BJ94:BJ100) -> 0 | BK101: =SUM(BK94:BK100) -> 0 | BM101: =SUM(BM94:BM100) -> 0 | BN101: =SUM(BN94:BN100) -> 0 | BO101: =SUM(BO94:BO100) -> 0 | BP101: =SUM(BP94:BP100) -> 0 | BQ101: =SUM(BQ94:BQ100) -> 0 | BR101: =SUM(BR94:BR100) -> 0 | BS101: =SUM(BS94:BS100) -> 0 | BU101: =SUM(BU94:BU100) -> 0 | BV101: =SUM(BV94:BV100) -> 0 | BW101: =SUM(BW94:BW100) -> 0 | BX101: =SUM(BX94:BX100) -> 0 | BY101: =SUM(BY94:BY100) -> 0 | BZ101: =SUM(BZ94:BZ100) -> 0 | CA101: =SUM(CA94:CA100) -> 0 | CC101: =SUM(CC94:CC100) -> 0 | CD101: =SUM(CD94:CD100) -> 0 | CE101: =SUM(CE94:CE100) -> 0 | CF101: =SUM(CF94:CF100) -> 0 | CG101: =SUM(CG94:CG100) -> 0 | CH101: =SUM(CH94:CH100) -> 0 | CI101: =SUM(CI94:CI100) -> 0 | CK101: =SUM(CK94:CK100) -> 0 | CL101: =SUM(CL94:CL100) -> 0 | CM101: =SUM(CM94:CM100) -> 0 | CN101: =SUM(CN94:CN100) -> 0 | CO101: =SUM(CO94:CO100) -> 0 | CP101: =SUM(CP94:CP100) -> 0 | CQ101: =SUM(CQ94:CQ100) -> 0
A102: Expanded | C102: =SUM(C94:C100) -> 1221.4502 | D102: =SUM(D94:D100) -> 305 | E102: =SUM(E94:E100) -> 897 | F102: =SUM(F94:F100) -> 5352.84 | G102: =D102/C102 -> 0.24970318 | H102: =H101/$G102 -> 2130.5296 | I102: =I101/$G102 -> 1425.6927 | J102: =J101/$G102 -> 704.83684 | K102: =K101/$G102 -> 96.114115 | L102: =L101/$G102 -> 44.052303 | M102: =M101/$G102 -> 52.061812 | N102: =N101/$G102 -> 4.0047548 | O102: =O101/$G102 -> 4.0047548 | ... X102: =X101/$G102 -> 0 | Z102: =Z101/$G102 -> 0 | AA102: =AA101/$G102 -> 0 | AB102: =AB101/$G102 -> 0 | AC102: =AC101/$G102 -> 0 | AD102: =AD101/$G102 -> 8.0095096 | AE102: =AE101/$G102 -> 12.014264 | AF102: =AF101/$G102 -> 4.0047548 | AG102: =AG101/$G102 -> 0 | ... AU102: =AU101/$G102 -> 0 | AW102: =AW101/$G102 -> 4.0047548 | AX102: =AX101/$G102 -> 0 | AY102: =AY101/$G102 -> 4.0047548 | AZ102: =AZ101/$G102 -> 0 | BA102: =BA101/$G102 -> 4.0047548 | BB102: =BB101/$G102 -> 0 | BC102: =BC101/$G102 -> 0 | BE102: =BE101/$G102 -> 4.0047548 | BF102: =BF101/$G102 -> 0 | BG102: =BG101/$G102 -> 4.0047548 | BH102: =BH101/$G102 -> 0 | BI102: =BI101/$G102 -> 4.0047548 | BJ102: =BJ101/$G102 -> 0 | BK102: =BK101/$G102 -> 0 | BM102: =BM101/$G102 -> 0 | BN102: =BN101/$G102 -> 0 | BO102: =BO101/$G102 -> 0 | BP102: =BP101/$G102 -> 0 | BQ102: =BQ101/$G102 -> 0 | BR102: =BR101/$G102 -> 0 | BS102: =BS101/$G102 -> 0 | BU102: =BU101/$G102 -> 0 | BV102: =BV101/$G102 -> 0 | BW102: =BW101/$G102 -> 0 | BX102: =BX101/$G102 -> 0 | BY102: =BY101/$G102 -> 0 | BZ102: =BZ101/$G102 -> 0 | CA102: =CA101/$G102 -> 0 | CC102: =CC101/$G102 -> 0 | CD102: =CD101/$G102 -> 0 | CE102: =CE101/$G102 -> 0 | CF102: =CF101/$G102 -> 0 | CG102: =CG101/$G102 -> 0 | CH102: =CH101/$G102 -> 0 | CI102: =CI101/$G102 -> 0 | CK102: =CK101/$G102 -> 0 | CL102: =CL101/$G102 -> 0 | CM102: =CM101/$G102 -> 0 | CN102: =CN101/$G102 -> 0 | CO102: =CO101/$G102 -> 0 | CP102: =CP101/$G102 -> 0 | CQ102: =CQ101/$G102 -> 0
A104: Mon | B104: =B100+1 -> 45943 | C104: =Boats!J491 -> 48.023126 | D104: 23 | E104: 58 | F104: 317.01 | H104: =SUM(I104:J104) -> 35 | I104: 24 | J104: 11 | K104: =SUM(L104:M104) -> 7 | L104: 6 | M104: 1 | N104: =SUM(O104:P104) -> 0 | Q104: =SUM(R104:S104) -> 0 | U104: 1
A105: Tue | B105: =B104+1 -> 45944 | C105: =Boats!J498 -> 118.26178 | D105: 16 | E105: 51 | F105: 270.6 | H105: =SUM(I105:J105) -> 27 | I105: 23 | J105: 4 | K105: =SUM(L105:M105) -> 4 | L105: 3 | M105: 1 | N105: =SUM(O105:P105) -> 0 | Q105: =SUM(R105:S105) -> 0 | T105: 5
A106: Wed | B106: =B105+1 -> 45945 | C106: =Boats!J505 -> 111.00637 | D106: 31 | E106: 84 | F106: 475.69 | H106: =SUM(I106:J106) -> 53 | I106: 35 | J106: 18 | K106: =SUM(L106:M106) -> 3 | L106: 1 | M106: 2 | N106: =SUM(O106:P106) -> 1 | P106: 1 | Q106: =SUM(R106:S106) -> 0 | T106: 15
A107: Thu | B107: =B106+1 -> 45946 | C107: =Boats!J512 -> 23.110662 | D107: 17 | E107: 35 | F107: 161.49 | H107: =SUM(I107:J107) -> 23 | I107: 6 | J107: 17 | K107: =SUM(L107:M107) -> 2 | M107: 2 | N107: =SUM(O107:P107) -> 2 | O107: 2 | Q107: =SUM(R107:S107) -> 0 | T107: 4 | BA107: 1 | BI107: 1
A108: Fri | B108: =B107+1 -> 45947 | C108: =Boats!J519 -> 44.393234 | D108: 23 | E108: 55 | F108: 309.85 | H108: =SUM(I108:J108) -> 41 | I108: 10 | J108: 31 | K108: =SUM(L108:M108) -> 3 | M108: 3 | N108: =SUM(O108:P108) -> 0 | Q108: =SUM(R108:S108) -> 0 | BA108: 2 | BI108: 2
A109: Sat | B109: =B108+1 -> 45948 | C109: =Boats!J526 -> 53.964791 | D109: 33 | E109: 89 | F109: 590.12 | H109: =SUM(I109:J109) -> 36 | I109: 12 | J109: 24 | K109: =SUM(L109:M109) -> 1 | L109: 1 | N109: =SUM(O109:P109) -> 3 | P109: 3 | Q109: =SUM(R109:S109) -> 0 | T109: 7 | AF109: 2 | AG109: 3 | AX109: 1 | AY109: 3 | BF109: 1 | BG109: 3
A110: Sun | B110: =B109+1 -> 45949 | C110: =Boats!J533 -> 2.9344383 | D110: 1 | E110: 4 | F110: 20.72 | H110: =SUM(I110:J110) -> 4 | I110: 2 | J110: 2 | K110: =SUM(L110:M110) -> 0 | N110: =SUM(O110:P110) -> 0 | Q110: =SUM(R110:S110) -> 0
A111: Sampled | H111: =SUM(H104:H110) -> 219 | I111: =SUM(I104:I110) -> 112 | J111: =SUM(J104:J110) -> 107 | K111: =SUM(K104:K110) -> 20 | L111: =SUM(L104:L110) -> 11 | M111: =SUM(M104:M110) -> 9 | N111: =SUM(N104:N110) -> 6 | O111: =SUM(O104:O110) -> 2 | ... X111: =SUM(X104:X110) -> 0 | Z111: =SUM(Z104:Z110) -> 0 | AA111: =SUM(AA104:AA110) -> 0 | AB111: =SUM(AB104:AB110) -> 0 | AC111: =SUM(AC104:AC110) -> 0 | AD111: =SUM(AD104:AD110) -> 0 | AE111: =SUM(AE104:AE110) -> 0 | AF111: =SUM(AF104:AF110) -> 2 | AG111: =SUM(AG104:AG110) -> 3 | ... AU111: =SUM(AU104:AU110) -> 0 | AW111: =SUM(AW104:AW110) -> 0 | AX111: =SUM(AX104:AX110) -> 1 | AY111: =SUM(AY104:AY110) -> 3 | AZ111: =SUM(AZ104:AZ110) -> 0 | BA111: =SUM(BA104:BA110) -> 3 | BB111: =SUM(BB104:BB110) -> 0 | BC111: =SUM(BC104:BC110) -> 0 | BE111: =SUM(BE104:BE110) -> 0 | BF111: =SUM(BF104:BF110) -> 1 | BG111: =SUM(BG104:BG110) -> 3 | BH111: =SUM(BH104:BH110) -> 0 | BI111: =SUM(BI104:BI110) -> 3 | BJ111: =SUM(BJ104:BJ110) -> 0 | BK111: =SUM(BK104:BK110) -> 0 | BM111: =SUM(BM104:BM110) -> 0 | BN111: =SUM(BN104:BN110) -> 0 | BO111: =SUM(BO104:BO110) -> 0 | BP111: =SUM(BP104:BP110) -> 0 | BQ111: =SUM(BQ104:BQ110) -> 0 | BR111: =SUM(BR104:BR110) -> 0 | BS111: =SUM(BS104:BS110) -> 0 | BU111: =SUM(BU104:BU110) -> 0 | BV111: =SUM(BV104:BV110) -> 0 | BW111: =SUM(BW104:BW110) -> 0 | BX111: =SUM(BX104:BX110) -> 0 | BY111: =SUM(BY104:BY110) -> 0 | BZ111: =SUM(BZ104:BZ110) -> 0 | CA111: =SUM(CA104:CA110) -> 0 | CC111: =SUM(CC104:CC110) -> 0 | CD111: =SUM(CD104:CD110) -> 0 | CE111: =SUM(CE104:CE110) -> 0 | CF111: =SUM(CF104:CF110) -> 0 | CG111: =SUM(CG104:CG110) -> 0 | CH111: =SUM(CH104:CH110) -> 0 | CI111: =SUM(CI104:CI110) -> 0 | CK111: =SUM(CK104:CK110) -> 0 | CL111: =SUM(CL104:CL110) -> 0 | CM111: =SUM(CM104:CM110) -> 0 | CN111: =SUM(CN104:CN110) -> 0 | CO111: =SUM(CO104:CO110) -> 0 | CP111: =SUM(CP104:CP110) -> 0 | CQ111: =SUM(CQ104:CQ110) -> 0
A112: Expanded | C112: =SUM(C104:C110) -> 401.69439 | D112: =SUM(D104:D110) -> 144 | E112: =SUM(E104:E110) -> 376 | F112: =SUM(F104:F110) -> 2145.48 | G112: =D112/C112 -> 0.35848148 | H112: =H111/$G112 -> 610.91022 | I112: =I111/$G112 -> 312.42897 | J112: =J111/$G112 -> 298.48125 | K112: =K111/$G112 -> 55.790888 | L112: =L111/$G112 -> 30.684988 | M112: =M111/$G112 -> 25.1059 | N112: =N111/$G112 -> 16.737266 | O112: =O111/$G112 -> 5.5790888 | ... X112: =X111/$G112 -> 0 | Z112: =Z111/$G112 -> 0 | AA112: =AA111/$G112 -> 0 | AB112: =AB111/$G112 -> 0 | AC112: =AC111/$G112 -> 0 | AD112: =AD111/$G112 -> 0 | AE112: =AE111/$G112 -> 0 | AF112: =AF111/$G112 -> 5.5790888 | AG112: =AG111/$G112 -> 8.3686332 | ... AU112: =AU111/$G112 -> 0 | AW112: =AW111/$G112 -> 0 | AX112: =AX111/$G112 -> 2.7895444 | AY112: =AY111/$G112 -> 8.3686332 | AZ112: =AZ111/$G112 -> 0 | BA112: =BA111/$G112 -> 8.3686332 | BB112: =BB111/$G112 -> 0 | BC112: =BC111/$G112 -> 0 | BE112: =BE111/$G112 -> 0 | BF112: =BF111/$G112 -> 2.7895444 | BG112: =BG111/$G112 -> 8.3686332 | BH112: =BH111/$G112 -> 0 | BI112: =BI111/$G112 -> 8.3686332 | BJ112: =BJ111/$G112 -> 0 | BK112: =BK111/$G112 -> 0 | BM112: =BM111/$G112 -> 0 | BN112: =BN111/$G112 -> 0 | BO112: =BO111/$G112 -> 0 | BP112: =BP111/$G112 -> 0 | BQ112: =BQ111/$G112 -> 0 | BR112: =BR111/$G112 -> 0 | BS112: =BS111/$G112 -> 0 | BU112: =BU111/$G112 -> 0 | BV112: =BV111/$G112 -> 0 | BW112: =BW111/$G112 -> 0 | BX112: =BX111/$G112 -> 0 | BY112: =BY111/$G112 -> 0 | BZ112: =BZ111/$G112 -> 0 | CA112: =CA111/$G112 -> 0 | CC112: =CC111/$G112 -> 0 | CD112: =CD111/$G112 -> 0 | CE112: =CE111/$G112 -> 0 | CF112: =CF111/$G112 -> 0 | CG112: =CG111/$G112 -> 0 | CH112: =CH111/$G112 -> 0 | CI112: =CI111/$G112 -> 0 | CK112: =CK111/$G112 -> 0 | CL112: =CL111/$G112 -> 0 | CM112: =CM111/$G112 -> 0 | CN112: =CN111/$G112 -> 0 | CO112: =CO111/$G112 -> 0 | CP112: =CP111/$G112 -> 0 | CQ112: =CQ111/$G112 -> 0
...

Sheet Boats
O1: -9.15 | P1: 2.2038323
A2: 2024 Hanford Reach Fall Chinook Counts and Expansions | O2: 9/16-30 | P2: 1.6911804 | AA2: August | AC2: 15.52 | AD2: 1.128 | AE2: 1.22 | AG2: 1.1
G3: Vernita | H3: Vernita | I3: Vernita | M3: Vernita | W3: Waluke
D4: Vernita | E4: Vernita | F4: Vernita | G4: & Waluke | H4: & Waluke | I4: & Waluke | K4: Vernita | L4: Vernita | M4: & Ringold | O4: Vernita | U4: Waluke | V4: Waluke | W4: & Ringold | X4: Waluke | AB4: Ringold
C5: Vernita | D5: & Waluke | E5: & Waluke | F5: & Waluke | G5: & Ringold | H5: & Ringold | I5: & Snyder | J5: Vernita | K5: & Ringold | L5: & Ringold | M5: & Snyder | N5: Vernita | O5: & Snyder | P5: Vernita | R5: Waluke | S5: Waluke | T5: Waluke | U5: & Ringold | V5: & Ringold | W5: & Snyder | X5: & Snyder | Z5: Ringold | AA5: Ringold | AB5: & Snyder | AD5: Snyder
B6: Vernita | C6: & Waluke | D6: & Ringold | E6: & Snyder | F6: & Bateman | G6: & Snyder | H6: & Bateman | I6: & Bateman | J6: & Ringold | K6: & Snyder | L6: & Bateman | M6: & Bateman | N6: & Snyder | O6: & Bateman | P6: & Bateman | Q6: Waluke | R6: & Ringold | S6: & Snyder | T6: & Bateman | U6: & Bateman | V6: & Snyder | W6: & Bateman | X6: & Bateman | Y6: Ringold | Z6: & Snyder | AA6: & Bateman | AB6: & Bateman | AC6: Snyder | AD6: & Bateman | AE6: Bateman | AG6: All
A7: August | B7: 19.444444 | C7: 19.444444 | D7: 14.942529 | E7: 6.9567583 | F7: 1.2623251 | G7: 6.2798442 | H7: 1.2381088 | I7: 1.1305752 | J7: 14.942529 | K7: 6.2798442 | L7: 1.2381088 | M7: 1.1111111 | N7: 6.9567583 | O7: 1.1305752 | P7: 1.2623251 | R7: 64.539007 | S7: 10.832295 | T7: 1.3499642 | U7: 1.3223055 | V7: 9.2754873 | W7: 1.1784512 | X7: 1.2003693 | Y7: 64.539007 | Z7: 9.2754873 | AA7: 1.3223055 | AB7: 1.1784512 | AC7: 10.832295 | AD7: 1.2003693 | AE7: 1.3499642 | AG7: 1.1111111
A8: Sept 1-15 | B8: 3.0563603 | C8: 2.6131249 | D8: 2.0659799 | E8: 1.874991 | F8: 1.5432111 | G8: 1.575587 | H8: 1.334494 | I8: 1.2521102 | J8: 2.3335329 | K8: 1.7265579 | L8: 1.4412323 | M8: 1.1841285 | N8: 2.0927558 | O8: 1.3456148 | P8: 1.6877568 | Q8: 18.019 | R8: 6.3757107 | S8: 4.8508524 | T8: 3.1170814 | U8: 2.3687637 | V8: 3.2520583 | W8: 1.7457691 | X8: 2.1210472 | Y8: 9.8669713 | Z8: 3.9682458 | AA8: 2.7272917 | AB8: 1.9330529 | AC8: 6.6378012 | AD8: 2.40403 | AE8: 3.769092 | AG8: 1.1111111
A9: Sept 16-30 | B9: 2.4087999 | C9: 1.984154 | D9: 1.5053217 | E9: 1.5534738 | F9: 1.6667837 | G9: 1.2437265 | H9: 1.3153143 | I9: 1.3519299 | J9: 1.7377367 | K9: 1.3982365 | L9: 1.4893677 | M9: 1.2328156 | N9: 1.8022241 | O9: 1.5364885 | P9: 1.956529 | Q9: 11.255 | R9: 4.0133994 | S9: 4.3749486 | T9: 5.4108636 | U9: 2.8974584 | V9: 2.571416 | W9: 2.0624701 | X9: 3.0812953 | Y9: 6.2376542 | Z9: 3.3328652 | AA9: 3.9019608 | AB9: 2.5252087 | AC9: 7.1568918 | AD9: 4.242858 | AE9: 10.420495 | AG9: 1.1111111
A10: Oct 1-15 | B10: 2.3563383 | C10: 1.8989219 | D10: 1.4484418 | E10: 1.4404741 | F10: 1.7586553 | G10: 1.1655034 | H10: 1.3653765 | I10: 1.3582942 | J10: 1.7001895 | K10: 1.3231521 | L10: 1.5868699 | M10: 1.2534899 | N10: 1.6892219 | O10: 1.5773114 | P10: 2.1441332 | Q10: 9.7821201 | R10: 3.75926 | S10: 3.7060563 | T10: 6.9334194 | U10: 3.2466326 | V10: 2.3062142 | W10: 2.102551 | X10: 3.2068729 | Y10: 6.1056595 | Z10: 3.0176495 | AA10: 4.8594614 | AB10: 2.6781979 | AC10: 5.9665417 | AD10: 4.7709258 | AE10: 23.808589 | AG10: 1.1111111
A11: Oct 16-31 | D11: 1.6236323 | E11: 3.5199247 | G11: 1.1111111 | H11: 1.6236323 | I11: 3.5199247 | J11: 1.6236323 | K11: 1.1111111 | L11: 1.6236323 | M11: 1.1111111 | N11: 3.5199247 | O11: 3.5199247 | R11: 1.6236323 | S11: 3.5199247 | U11: 1.6236323 | V11: 1.1111111 | W11: 1.1111111 | X11: 3.5199247 | Y11: 1.6236323 | Z11: 1.1111111 | AA11: 1.6236323 | AB11: 1.1111111 | AC11: 3.5199247 | AD11: 3.5199247 | AG11: 1.1111111
A13: ______________________________________________________________________________________________________________________________________________________________________________________________________________ | J13: 1.285
A14: Day | B14: Date | C14: Ramp | D14: Trailers | E14: Hour | F14: Salmon (%) | G14: Peak Hour Expansion | H14: Boats (expanded) | I14: Area Expansion | J14: Total Boats | K14: Evening Fishery | M14: Trailers | N14: Hour | O14: Salmon (%)
C15: Ramp | D15: counted | E15: Hour | F15: % Sal | G15: Expansion | H15: (exp) | J15: Boats | M15: counted | N15: Hour | O15: % Sal
A17: Thur | C17: Vernita | G17: =IF(E17<8,Factors!F$18,IF(E17<9,Factors!F$19,IF(E17<10,Factors!F$20,IF(E17<11,Factors!F$21,IF(E17<12,Factors!F$22,IF(E17<13,Factors!F$23)))))) -> 1.2308917 | H17: =D17*F17*G17 -> 0
C18: W. Bluffs | G18: =IF(E18<8,Factors!H$18,IF(E18<9,Factors!H$19,IF(E18<10,Factors!H$20,IF(E18<11,Factors!H$21,IF(E18<12,Factors!H$22,IF(E18<13,Factors!H$23)))))) -> 1.3238434 | H18: =D18*F18*G18 -> 0
A19: Tues | C19: Ringold | G19: =IF(E19<8,Factors!H$18,IF(E19<9,Factors!H$19,IF(E19<10,Factors!H$20,IF(E19<11,Factors!H$21,IF(E19<12,Factors!H$22,IF(E19<13,Factors!H$23)))))) -> 1.3238434 | H19: =D19*F19*G19 -> 0
C20: Bateman | G20: =IF(E20<8,Factors!H$18,IF(E20<9,Factors!H$19,IF(E20<10,Factors!H$20,IF(E20<11,Factors!H$21,IF(E20<12,Factors!H$22,IF(E20<13,Factors!H$23)))))) -> 1.3238434 | H20: =D20*F20*G20 -> 0
C21: Snyder | G21: =IF(E21<8,Factors!H$18,IF(E21<9,Factors!H$19,IF(E21<10,Factors!H$20,IF(E21<11,Factors!H$21,IF(E21<12,Factors!H$22,IF(E21<13,Factors!H$23)))))) -> 1.3238434 | H21: =D21*F21*G21 -> 0
H22: =SUM(H17:H21) -> 0 | I22: =$AG$8 -> 1.1111111 | J22: =H22*I22*J$13+K22 -> 0 | K22: =K21+K20 -> 0
A24: Fri | C24: Vernita | G24: =IF(E24<8,Factors!F$18,IF(E24<9,Factors!F$19,IF(E24<10,Factors!F$20,IF(E24<11,Factors!F$21,IF(E24<12,Factors!F$22,IF(E24<13,Factors!F$23)))))) -> 1.2308917 | H24: =D24*F24*G24 -> 0
C25: W. Bluffs | G25: =IF(E25<8,Factors!H$18,IF(E25<9,Factors!H$19,IF(E25<10,Factors!H$20,IF(E25<11,Factors!H$21,IF(E25<12,Factors!H$22,IF(E25<13,Factors!H$23)))))) -> 1.3238434 | H25: =D25*F25*G25 -> 0
A26: Tues | C26: Ringold | G26: =IF(E26<8,Factors!H$18,IF(E26<9,Factors!H$19,IF(E26<10,Factors!H$20,IF(E26<11,Factors!H$21,IF(E26<12,Factors!H$22,IF(E26<13,Factors!H$23)))))) -> 1.3238434 | H26: =D26*F26*G26 -> 0
C27: Bateman | G27: =IF(E27<8,Factors!H$18,IF(E27<9,Factors!H$19,IF(E27<10,Factors!H$20,IF(E27<11,Factors!H$21,IF(E27<12,Factors!H$22,IF(E27<13,Factors!H$23)))))) -> 1.3238434 | H27: =D27*F27*G27 -> 0
C28: Snyder | G28: =IF(E28<8,Factors!H$18,IF(E28<9,Factors!H$19,IF(E28<10,Factors!H$20,IF(E28<11,Factors!H$21,IF(E28<12,Factors!H$22,IF(E28<13,Factors!H$23)))))) -> 1.3238434 | H28: =D28*F28*G28 -> 0
H29: =SUM(H24:H28) -> 0 | I29: =$AG$8 -> 1.1111111 | J29: =H29*I29*J$13+K29 -> 0 | K29: =K28+K27 -> 0
A31: Sat | C31: Vernita | G31: =IF(E31<8,Factors!F$18,IF(E31<9,Factors!F$19,IF(E31<10,Factors!F$20,IF(E31<11,Factors!F$21,IF(E31<12,Factors!F$22,IF(E31<13,Factors!F$23)))))) -> 1.2308917 | H31: =D31*F31*G31 -> 0
C32: W. Bluffs | G32: =IF(E32<8,Factors!H$18,IF(E32<9,Factors!H$19,IF(E32<10,Factors!H$20,IF(E32<11,Factors!H$21,IF(E32<12,Factors!H$22,IF(E32<13,Factors!H$23)))))) -> 1.3238434 | H32: =D32*F32*G32 -> 0
A33: Tues | C33: Ringold | G33: =IF(E33<8,Factors!H$18,IF(E33<9,Factors!H$19,IF(E33<10,Factors!H$20,IF(E33<11,Factors!H$21,IF(E33<12,Factors!H$22,IF(E33<13,Factors!H$23)))))) -> 1.3238434 | H33: =D33*F33*G33 -> 0
C34: Bateman | G34: =IF(E34<8,Factors!H$18,IF(E34<9,Factors!H$19,IF(E34<10,Factors!H$20,IF(E34<11,Factors!H$21,IF(E34<12,Factors!H$22,IF(E34<13,Factors!H$23)))))) -> 1.3238434 | H34: =D34*F34*G34 -> 0
C35: Snyder | G35: =IF(E35<8,Factors!H$18,IF(E35<9,Factors!H$19,IF(E35<10,Factors!H$20,IF(E35<11,Factors!H$21,IF(E35<12,Factors!H$22,IF(E35<13,Factors!H$23)))))) -> 1.3238434 | H35: =D35*F35*G35 -> 0
H36: =SUM(H31:H35) -> 0 | I36: =$AG$8 -> 1.1111111 | J36: =H36*I36*J$13+K36 -> 0 | K36: =K35+K34 -> 0
A38: Sun | C38: Vernita | G38: =IF(E38<8,Factors!F$18,IF(E38<9,Factors!F$19,IF(E38<10,Factors!F$20,IF(E38<11,Factors!F$21,IF(E38<12,Factors!F$22,IF(E38<13,Factors!F$23)))))) -> 1.2308917 | H38: =D38*F38*G38 -> 0
C39: W. Bluffs | G39: =IF(E39<8,Factors!H$18,IF(E39<9,Factors!H$19,IF(E39<10,Factors!H$20,IF(E39<11,Factors!H$21,IF(E39<12,Factors!H$22,IF(E39<13,Factors!H$23)))))) -> 1.3238434 | H39: =D39*F39*G39 -> 0
A40: Tues | C40: Ringold | G40: =IF(E40<8,Factors!H$18,IF(E40<9,Factors!H$19,IF(E40<10,Factors!H$20,IF(E40<11,Factors!H$21,IF(E40<12,Factors!H$22,IF(E40<13,Factors!H$23)))))) -> 1.3238434 | H40: =D40*F40*G40 -> 0
C41: Bateman | G41: =IF(E41<8,Factors!H$18,IF(E41<9,Factors!H$19,IF(E41<10,Factors!H$20,IF(E41<11,Factors!H$21,IF(E41<12,Factors!H$22,IF(E41<13,Factors!H$23)))))) -> 1.3238434 | H41: =D41*F41*G41 -> 0
C42: Snyder | G42: =IF(E42<8,Factors!H$18,IF(E42<9,Factors!H$19,IF(E42<10,Factors!H$20,IF(E42<11,Factors!H$21,IF(E42<12,Factors!H$22,IF(E42<13,Factors!H$23)))))) -> 1.3238434 | H42: =D42*F42*G42 -> 0
H43: =SUM(H38:H42) -> 0 | I43: =AD7 -> 1.2003693 | J43: =H43*I43*J$13+K43 -> 0 | K43: =K42+K41 -> 0
A45: Mon | B45: 45880 | C45: Vernita | G45: =IF(E45<8,Factors!F$18,IF(E45<9,Factors!F$19,IF(E45<10,Factors!F$20,IF(E45<11,Factors!F$21,IF(E45<12,Factors!F$22,IF(E45<13,Factors!F$23)))))) -> 1.2308917 | H45: =D45*F45*G45 -> 0
C46: W. Bluffs | G46: =IF(E46<8,Factors!H$18,IF(E46<9,Factors!H$19,IF(E46<10,Factors!H$20,IF(E46<11,Factors!H$21,IF(E46<12,Factors!H$22,IF(E46<13,Factors!H$23)))))) -> 1.3238434 | H46: =D46*F46*G46 -> 0
A47: Tues | C47: Ringold | G47: =IF(E47<8,Factors!H$18,IF(E47<9,Factors!H$19,IF(E47<10,Factors!H$20,IF(E47<11,Factors!H$21,IF(E47<12,Factors!H$22,IF(E47<13,Factors!H$23)))))) -> 1.3238434 | H47: =D47*F47*G47 -> 0
C48: Bateman | G48: =IF(E48<8,Factors!H$18,IF(E48<9,Factors!H$19,IF(E48<10,Factors!H$20,IF(E48<11,Factors!H$21,IF(E48<12,Factors!H$22,IF(E48<13,Factors!H$23)))))) -> 1.3238434 | H48: =D48*F48*G48 -> 0
C49: Snyder | G49: =IF(E49<8,Factors!H$18,IF(E49<9,Factors!H$19,IF(E49<10,Factors!H$20,IF(E49<11,Factors!H$21,IF(E49<12,Factors!H$22,IF(E49<13,Factors!H$23)))))) -> 1.3238434 | H49: =D49*F49*G49 -> 0
H50: =SUM(H45:H49) -> 0 | I50: =AD7 -> 1.2003693 | J50: =H50*I50*J$13+K50 -> 0 | K50: =K49+K48 -> 0
A52: Tues | B52: =B45+1 -> 45881 | C52: Vernita | G52: =IF(E52<8,Factors!F$18,IF(E52<9,Factors!F$19,IF(E52<10,Factors!F$20,IF(E52<11,Factors!F$21,IF(E52<12,Factors!F$22,IF(E52<13,Factors!F$23)))))) -> 1.2308917 | H52: =D52*F52*G52 -> 0
C53: W. Bluffs | G53: =IF(E53<8,Factors!H$18,IF(E53<9,Factors!H$19,IF(E53<10,Factors!H$20,IF(E53<11,Factors!H$21,IF(E53<12,Factors!H$22,IF(E53<13,Factors!H$23)))))) -> 1.3238434 | H53: =D53*F53*G53 -> 0
A54: Tues | C54: Ringold | G54: =IF(E54<8,Factors!H$18,IF(E54<9,Factors!H$19,IF(E54<10,Factors!H$20,IF(E54<11,Factors!H$21,IF(E54<12,Factors!H$22,IF(E54<13,Factors!H$23)))))) -> 1.3238434 | H54: =D54*F54*G54 -> 0
C55: Bateman | G55: =IF(E55<8,Factors!H$18,IF(E55<9,Factors!H$19,IF(E55<10,Factors!H$20,IF(E55<11,Factors!H$21,IF(E55<12,Factors!H$22,IF(E55<13,Factors!H$23)))))) -> 1.3238434 | H55: =D55*F55*G55 -> 0
C56: Snyder | G56: =IF(E56<8,Factors!H$18,IF(E56<9,Factors!H$19,IF(E56<10,Factors!H$20,IF(E56<11,Factors!H$21,IF(E56<12,Factors!H$22,IF(E56<13,Factors!H$23)))))) -> 1.3238434 | H56: =D56*F56*G56 -> 0
H57: =SUM(H52:H56) -> 0 | I57: =AB7 -> 1.1784512 | J57: =H57*I57*J$13+K57 -> 0 | K57: =K56+K55 -> 0
A59: Wed | B59: =B52+1 -> 45882 | C59: Vernita | G59: =IF(E59<8,Factors!F$18,IF(E59<9,Factors!F$19,IF(E59<10,Factors!F$20,IF(E59<11,Factors!F$21,IF(E59<12,Factors!F$22,IF(E59<13,Factors!F$23)))))) -> 1.2308917 | H59: =D59*F59*G59 -> 0
C60: W. Bluffs | G60: =IF(E60<8,Factors!H$18,IF(E60<9,Factors!H$19,IF(E60<10,Factors!H$20,IF(E60<11,Factors!H$21,IF(E60<12,Factors!H$22,IF(E60<13,Factors!H$23)))))) -> 1.3238434 | H60: =D60*F60*G60 -> 0
A61: Tues | C61: Ringold | G61: =IF(E61<8,Factors!H$18,IF(E61<9,Factors!H$19,IF(E61<10,Factors!H$20,IF(E61<11,Factors!H$21,IF(E61<12,Factors!H$22,IF(E61<13,Factors!H$23)))))) -> 1.3238434 | H61: =D61*F61*G61 -> 0
C62: Bateman | G62: =IF(E62<8,Factors!H$18,IF(E62<9,Factors!H$19,IF(E62<10,Factors!H$20,IF(E62<11,Factors!H$21,IF(E62<12,Factors!H$22,IF(E62<13,Factors!H$23)))))) -> 1.3238434 | H62: =D62*F62*G62 -> 0
C63: Snyder | G63: =IF(E63<8,Factors!H$18,IF(E63<9,Factors!H$19,IF(E63<10,Factors!H$20,IF(E63<11,Factors!H$21,IF(E63<12,Factors!H$22,IF(E63<13,Factors!H$23)))))) -> 1.3238434 | H63: =D63*F63*G63 -> 0
H64: =SUM(H59:H63) -> 0 | I64: =AB7 -> 1.1784512 | J64: =H64*I64*J$13+K64 -> 0 | K64: =K63+K62 -> 0
A66: Thur | B66: =B59+1 -> 45883 | C66: Vernita | G66: =IF(E66<8,Factors!F$18,IF(E66<9,Factors!F$19,IF(E66<10,Factors!F$20,IF(E66<11,Factors!F$21,IF(E66<12,Factors!F$22,IF(E66<13,Factors!F$23)))))) -> 1.2308917 | H66: =D66*F66*G66 -> 0
C67: W. Bluffs | G67: =IF(E67<8,Factors!H$18,IF(E67<9,Factors!H$19,IF(E67<10,Factors!H$20,IF(E67<11,Factors!H$21,IF(E67<12,Factors!H$22,IF(E67<13,Factors!H$23)))))) -> 1.3238434 | H67: =D67*F67*G67 -> 0
A68: Tues | C68: Ringold | G68: =IF(E68<8,Factors!H$18,IF(E68<9,Factors!H$19,IF(E68<10,Factors!H$20,IF(E68<11,Factors!H$21,IF(E68<12,Factors!H$22,IF(E68<13,Factors!H$23)))))) -> 1.3238434 | H68: =D68*F68*G68 -> 0
C69: Bateman | G69: =IF(E69<8,Factors!H$18,IF(E69<9,Factors!H$19,IF(E69<10,Factors!H$20,IF(E69<11,Factors!H$21,IF(E69<12,Factors!H$22,IF(E69<13,Factors!H$23)))))) -> 1.3238434 | H69: =D69*F69*G69 -> 0 | M69: 19.4 | N69: 8
C70: Snyder | G70: =IF(E70<8,Factors!H$18,IF(E70<9,Factors!H$19,IF(E70<10,Factors!H$20,IF(E70<11,Factors!H$21,IF(E70<12,Factors!H$22,IF(E70<13,Factors!H$23)))))) -> 1.3238434 | H70: =D70*F70*G70 -> 0
H71: =SUM(H66:H70) -> 0 | I71: =Y7 -> 64.539007 | J71: =H71*I71*J$13+K71 -> 0 | K71: =K70+K69 -> 0
A73: Fri | B73: =B66+1 -> 45884 | C73: Vernita | G73: =IF(E73<8,Factors!F$18,IF(E73<9,Factors!F$19,IF(E73<10,Factors!F$20,IF(E73<11,Factors!F$21,IF(E73<12,Factors!F$22,IF(E73<13,Factors!F$23)))))) -> 1.2308917 | H73: =D73*F73*G73 -> 0
C74: W. Bluffs | G74: =IF(E74<8,Factors!H$18,IF(E74<9,Factors!H$19,IF(E74<10,Factors!H$20,IF(E74<11,Factors!H$21,IF(E74<12,Factors!H$22,IF(E74<13,Factors!H$23)))))) -> 1.3238434 | H74: =D74*F74*G74 -> 0
A75: Tues | C75: Ringold | G75: =IF(E75<8,Factors!H$18,IF(E75<9,Factors!H$19,IF(E75<10,Factors!H$20,IF(E75<11,Factors!H$21,IF(E75<12,Factors!H$22,IF(E75<13,Factors!H$23)))))) -> 1.3238434 | H75: =D75*F75*G75 -> 0
C76: Bateman | G76: =IF(E76<8,Factors!H$18,IF(E76<9,Factors!H$19,IF(E76<10,Factors!H$20,IF(E76<11,Factors!H$21,IF(E76<12,Factors!H$22,IF(E76<13,Factors!H$23)))))) -> 1.3238434 | H76: =D76*F76*G76 -> 0
C77: Snyder | G77: =IF(E77<8,Factors!H$18,IF(E77<9,Factors!H$19,IF(E77<10,Factors!H$20,IF(E77<11,Factors!H$21,IF(E77<12,Factors!H$22,IF(E77<13,Factors!H$23)))))) -> 1.3238434 | H77: =D77*F77*G77 -> 0
H78: =SUM(H73:H77) -> 0 | I78: 1.2 | J78: =H78*I78*J$13+K78 -> 0 | K78: =K77+K76 -> 0
A80: Sat | B80: =B73+1 -> 45885 | C80: Vernita | D80: 9 | E80: 8.4 | F80: 0.66 | G80: =IF(E80<8,Factors!F$18,IF(E80<9,Factors!F$19,IF(E80<10,Factors!F$20,IF(E80<11,Factors!F$21,IF(E80<12,Factors!F$22,IF(E80<13,Factors!F$23)))))) -> 1.0980114 | H80: =D80*F80*G80 -> 6.5221875
C81: W. Bluffs | D81: 1 | E81: 8.9 | F81: 0.66 | G81: =IF(E81<8,Factors!H$18,IF(E81<9,Factors!H$19,IF(E81<10,Factors!H$20,IF(E81<11,Factors!H$21,IF(E81<12,Factors!H$22,IF(E81<13,Factors!H$23)))))) -> 1.1104478 | H81: =D81*F81*G81 -> 0.73289552
A82: Tues | C82: Ringold | D82: 3 | E82: 9.8 | F82: 0.66 | G82: =IF(E82<8,Factors!H$18,IF(E82<9,Factors!H$19,IF(E82<10,Factors!H$20,IF(E82<11,Factors!H$21,IF(E82<12,Factors!H$22,IF(E82<13,Factors!H$23)))))) -> 1.0247934 | H82: =D82*F82*G82 -> 2.0290909
C83: Bateman | D83: 3 | E83: 6.9 | F83: 0.5 | G83: =IF(E83<8,Factors!H$18,IF(E83<9,Factors!H$19,IF(E83<10,Factors!H$20,IF(E83<11,Factors!H$21,IF(E83<12,Factors!H$22,IF(E83<13,Factors!H$23)))))) -> 1.3238434 | H83: =D83*F83*G83 -> 1.9857651
C84: Snyder | D84: 2 | E84: 7 | F84: 0.5 | G84: =IF(E84<8,Factors!H$18,IF(E84<9,Factors!H$19,IF(E84<10,Factors!H$20,IF(E84<11,Factors!H$21,IF(E84<12,Factors!H$22,IF(E84<13,Factors!H$23)))))) -> 1.3238434 | H84: =D84*F84*G84 -> 1.3238434
H85: =SUM(H80:H84) -> 12.593782 | I85: 1.238 | J85: =H85*I85*J$13+K85 -> 20.034567 | K85: =K84+K83 -> 0
A87: Sun | B87: =B80+1 -> 45886 | C87: Vernita | D87: 5 | E87: 8.1 | F87: 0.2 | G87: 1 | H87: =D87*F87*G87 -> 1
C88: W. Bluffs | D88: 3 | E88: 8.5 | F88: 0.2 | G88: =IF(E88<8,Factors!H$18,IF(E88<9,Factors!H$19,IF(E88<10,Factors!H$20,IF(E88<11,Factors!H$21,IF(E88<12,Factors!H$22,IF(E88<13,Factors!H$23)))))) -> 1.1104478 | H88: =D88*F88*G88 -> 0.66626866
A89: Tues | C89: Ringold | D89: 5 | E89: 9.2 | F89: =1/5 -> 0.2 | G89: =IF(E89<8,Factors!H$18,IF(E89<9,Factors!H$19,IF(E89<10,Factors!H$20,IF(E89<11,Factors!H$21,IF(E89<12,Factors!H$22,IF(E89<13,Factors!H$23)))))) -> 1.0247934 | H89: =D89*F89*G89 -> 1.0247934
C90: Bateman | D90: 2 | E90: 7.9 | F90: 0.25 | G90: =IF(E90<8,Factors!H$18,IF(E90<9,Factors!H$19,IF(E90<10,Factors!H$20,IF(E90<11,Factors!H$21,IF(E90<12,Factors!H$22,IF(E90<13,Factors!H$23)))))) -> 1.3238434 | H90: =D90*F90*G90 -> 0.66192171
C91: Snyder | D91: 11 | E91: 7.9 | F91: =4/16 -> 0.25 | G91: =IF(E91<8,Factors!H$18,IF(E91<9,Factors!H$19,IF(E91<10,Factors!H$20,IF(E91<11,Factors!H$21,IF(E91<12,Factors!H$22,IF(E91<13,Factors!H$23)))))) -> 1.3238434 | H91: =D91*F91*G91 -> 3.6405694
H92: =SUM(H87:H91) -> 6.9935531 | I92: 1.238 | J92: =H92*I92*J$13+K92 -> 11.125554 | K92: =K91+K90 -> 0
M93: 0 | N93: 4 | O93: =M93/N93 -> 0
A94: Mon | B94: =B87+1 -> 45887 | C94: Vernita | D94: 4 | G94: =IF(E94<8,Factors!F$18,IF(E94<9,Factors!F$19,IF(E94<10,Factors!F$20,IF(E94<11,Factors!F$21,IF(E94<12,Factors!F$22,IF(E94<13,Factors!F$23)))))) -> 1.2308917 | H94: =D94*F94*G94 -> 0 | M94: 1 | N94: 3 | O94: =M94/N94 -> 0.33333333
C95: W. Bluffs | D95: 1 | G95: =IF(E95<8,Factors!H$18,IF(E95<9,Factors!H$19,IF(E95<10,Factors!H$20,IF(E95<11,Factors!H$21,IF(E95<12,Factors!H$22,IF(E95<13,Factors!H$23)))))) -> 1.3238434 | H95: =D95*F95*G95 -> 0 | M95: 6 | N95: 10 | O95: =M95/N95 -> 0.6
A96: Tues | C96: Ringold | D96: 2 | G96: =IF(E96<8,Factors!H$18,IF(E96<9,Factors!H$19,IF(E96<10,Factors!H$20,IF(E96<11,Factors!H$21,IF(E96<12,Factors!H$22,IF(E96<13,Factors!H$23)))))) -> 1.3238434 | H96: =D96*F96*G96 -> 0 | M96: 3 | N96: 11 | O96: =M96/N96 -> 0.27272727
C97: Bateman | D97: 2 | G97: =IF(E97<8,Factors!H$18,IF(E97<9,Factors!H$19,IF(E97<10,Factors!H$20,IF(E97<11,Factors!H$21,IF(E97<12,Factors!H$22,IF(E97<13,Factors!H$23)))))) -> 1.3238434 | H97: =D97*F97*G97 -> 0 | M97: =M96+M95+M94+M93 -> 10 | N97: =N96+N95+N94+N93 -> 28 | O97: =M97/N97 -> 0.35714286
C98: Snyder | D98: 3 | G98: =IF(E98<8,Factors!H$18,IF(E98<9,Factors!H$19,IF(E98<10,Factors!H$20,IF(E98<11,Factors!H$21,IF(E98<12,Factors!H$22,IF(E98<13,Factors!H$23)))))) -> 1.3238434 | H98: =D98*F98*G98 -> 0 | O98: =AVERAGE(O93:O96) -> 0.30151515
H99: =SUM(H94:H98) -> 0 | I99: 1.238 | J99: =H99*I99*J$13+K99 -> 0 | K99: =K98+K97 -> 0
A101: Tues | B101: =B94+1 -> 45888 | C101: Vernita | D101: 3 | E101: 9 | F101: 0.14 | G101: =IF(E101<8,Factors!F$18,IF(E101<9,Factors!F$19,IF(E101<10,Factors!F$20,IF(E101<11,Factors!F$21,IF(E101<12,Factors!F$22,IF(E101<13,Factors!F$23)))))) -> 1.0348059 | H101: =D101*F101*G101 -> 0.43461847
C102: W. Bluffs | D102: 1 | E102: 9 | F102: 0.14 | G102: =IF(E102<8,Factors!H$18,IF(E102<9,Factors!H$19,IF(E102<10,Factors!H$20,IF(E102<11,Factors!H$21,IF(E102<12,Factors!H$22,IF(E102<13,Factors!H$23)))))) -> 1.0247934 | H102: =D102*F102*G102 -> 0.14347107
A103: Tues | C103: Ringold | D103: 2 | E103: 8.2 | F103: 0.14 | G103: =IF(E103<8,Factors!H$18,IF(E103<9,Factors!H$19,IF(E103<10,Factors!H$20,IF(E103<11,Factors!H$21,IF(E103<12,Factors!H$22,IF(E103<13,Factors!H$23)))))) -> 1.1104478 | H103: =D103*F103*G103 -> 0.31092537
C104: Bateman | D104: 5 | E104: 8 | F104: 0.14 | G104: =IF(E104<8,Factors!H$18,IF(E104<9,Factors!H$19,IF(E104<10,Factors!H$20,IF(E104<11,Factors!H$21,IF(E104<12,Factors!H$22,IF(E104<13,Factors!H$23)))))) -> 1.1104478 | H104: =D104*F104*G104 -> 0.77731343
C105: Snyder | D105: 6 | E105: 8 | F105: =1/7 -> 0.14285714 | G105: =IF(E105<8,Factors!H$18,IF(E105<9,Factors!H$19,IF(E105<10,Factors!H$20,IF(E105<11,Factors!H$21,IF(E105<12,Factors!H$22,IF(E105<13,Factors!H$23)))))) -> 1.1104478 | H105: =D105*F105*G105 -> 0.95181237
H106: =SUM(H101:H105) -> 2.6181407 | I106: =I7 -> 1.1305752 | J106: =H106*I106*J$13+K106 -> 3.8036065 | K106: =K105+K104 -> 0
A108: Wed | B108: =B101+1 -> 45889 | C108: Vernita | D108: 3 | E108: 8.5 | F108: 0.33 | G108: =IF(E108<8,Factors!F$18,IF(E108<9,Factors!F$19,IF(E108<10,Factors!F$20,IF(E108<11,Factors!F$21,IF(E108<12,Factors!F$22,IF(E108<13,Factors!F$23)))))) -> 1.0980114 | H108: =D108*F108*G108 -> 1.0870312
C109: W. Bluffs | D109: 0 | E109: 9.3 | F109: 0.33 | G109: =IF(E109<8,Factors!H$18,IF(E109<9,Factors!H$19,IF(E109<10,Factors!H$20,IF(E109<11,Factors!H$21,IF(E109<12,Factors!H$22,IF(E109<13,Factors!H$23)))))) -> 1.0247934 | H109: =D109*F109*G109 -> 0
A110: Tues | C110: Ringold | D110: 3 | E110: 10 | F110: =1/3 -> 0.33333333 | G110: =IF(E110<8,Factors!H$18,IF(E110<9,Factors!H$19,IF(E110<10,Factors!H$20,IF(E110<11,Factors!H$21,IF(E110<12,Factors!H$22,IF(E110<13,Factors!H$23)))))) -> 1 | H110: =D110*F110*G110 -> 1
C111: Bateman | D111: 4 | E111: 6.5 | F111: 0.1 | G111: =IF(E111<8,Factors!H$18,IF(E111<9,Factors!H$19,IF(E111<10,Factors!H$20,IF(E111<11,Factors!H$21,IF(E111<12,Factors!H$22,IF(E111<13,Factors!H$23)))))) -> 1.3238434 | H111: =D111*F111*G111 -> 0.52953737
C112: Snyder | D112: 6 | E112: 6.8 | F112: =1/10 -> 0.1 | G112: =IF(E112<8,Factors!H$18,IF(E112<9,Factors!H$19,IF(E112<10,Factors!H$20,IF(E112<11,Factors!H$21,IF(E112<12,Factors!H$22,IF(E112<13,Factors!H$23)))))) -> 1.3238434 | H112: =D112*F112*G112 -> 0.79430605
H113: =SUM(H108:H112) -> 3.4108747 | I113: =I7 -> 1.1305752 | J113: =H113*I113*J$13+K113 -> 4.9552818 | K113: =K112+K111 -> 0
A115: Thur | B115: =B108+1 -> 45890 | C115: Vernita | D115: 2 | E115: 9 | F115: 0 | G115: =IF(E115<8,Factors!F$18,IF(E115<9,Factors!F$19,IF(E115<10,Factors!F$20,IF(E115<11,Factors!F$21,IF(E115<12,Factors!F$22,IF(E115<13,Factors!F$23)))))) -> 1.0348059 | H115: =D115*F115*G115 -> 0
...

Sheet Bank
CX1: From steelhead sport summary | DH1: 108 | DI1: 121
DQ2: Aug | DS2: =#REF!+#REF!+#REF!+#REF! -> #REF! | DT2: =#REF!+#REF!+#REF!+#REF! -> #REF! | DU2: =#REF!+#REF!+#REF!+#REF! -> #REF! | DV2: =#REF!+#REF!+#REF!+#REF! -> #REF! | DW2: =#REF!+#REF!+#REF!+#REF! -> #REF! | DX2: =#REF!+#REF!+#REF!+#REF! -> #REF! | DY2: =#REF!+#REF!+#REF!+#REF! -> #REF! | DZ2: =#REF!+#REF!+#REF!+#REF! -> #REF! | ... EE2: =#REF!+#REF!+#REF!+#REF! -> #REF!
H3: =#REF!+H36+H45+H54+H63+H72+H81+H90+H99 -> #REF! | I3: =#REF!+I36+I45+I54+I63+I72+I81+I90+I99 -> #REF! | J3: =#REF!+J36+J45+J54+J63+J72+J81+J90+J99 -> #REF! | K3: =#REF!+K36+K45+K54+K63+K72+K81+K90+K99 -> #REF! | L3: =#REF!+L36+L45+L54+L63+L72+L81+L90+L99 -> #REF! | M3: =#REF!+M36+M45+M54+M63+M72+M81+M90+M99 -> #REF! | N3: =#REF!+N36+N45+N54+N63+N72+N81+N90+N99 -> #REF! | O3: =#REF!+O36+O45+O54+O63+O72+O81+O90+O99 -> #REF! | ... AA3: =#REF!+AA36+AA45+AA54+AA63+AA72+AA81+AA90+AA99 -> #REF! | AH3: =#REF!+AH36+AH45+AH54+AH63+AH72+AH81+AH90+AH99 -> #REF! | CZ3: =#REF!+CZ72+CZ81+CZ90+CZ99+#REF!+#REF!+#REF!+#REF!+#REF! -> #REF! | DA3: =#REF!+DA72+DA81+DA90+DA99+#REF!+#REF!+#REF!+#REF!+#REF! -> #REF! | DB3: =#REF!+DB72+DB81+DB90+DB99+#REF!+#REF!+#REF!+#REF!+#REF! -> #REF! | DC3: =#REF!+DC72+DC81+DC90+DC99+#REF!+#REF!+#REF!+#REF!+#REF! -> #REF! | DD3: =#REF!+DD72+DD81+DD90+DD99+#REF!+#REF!+#REF!+#REF!+#REF! -> #REF! | DE3: =#REF!+DE72+DE81+DE90+DE99+#REF!+#REF!+#REF!+#REF!+#REF! -> #REF! | DF3: =#REF!+DF72+DF81+DF90+DF99+#REF!+#REF!+#REF!+#REF!+#REF! -> #REF! | DG3: =#REF!+DG72+DG81+DG90+DG99+#REF!+#REF!+#REF!+#REF!+#REF! -> #REF! | ... DK3: =#REF!+DK72+DK81+DK90+DK99+#REF!+#REF!+#REF!+#REF!+#REF! -> #REF! | DQ3: Sept | DS3: =#REF!+#REF!+#REF!+#REF! -> #REF! | DT3: =#REF!+#REF!+#REF!+#REF! -> #REF! | DU3: =#REF!+#REF!+#REF!+#REF! -> #REF! | DV3: =#REF!+#REF!+#REF!+#REF! -> #REF! | DW3: =#REF!+#REF!+#REF!+#REF! -> #REF! | DX3: =#REF!+#REF!+#REF!+#REF! -> #REF! | DY3: =#REF!+#REF!+#REF!+#REF! -> #REF! | DZ3: =#REF!+#REF!+#REF!+#REF! -> #REF! | ... EE3: =#REF!+#REF!+#REF!+#REF! -> #REF!
R4: Aug | S4: =#REF!+S36 -> #REF! | T4: =#REF!+T36 -> #REF! | U4: =#REF!+U36 -> #REF! | V4: =#REF!+V36 -> #REF! | W4: =#REF!+W36 -> #REF! | X4: =#REF!+X36 -> #REF! | AU4: =6500/286170 -> 0.022713772 | DQ4: Oct | DS4: =#REF!+#REF!+#REF!+#REF!+#REF! -> #REF! | DT4: =#REF!+#REF!+#REF!+#REF!+#REF! -> #REF! | DU4: =#REF!+#REF!+#REF!+#REF!+#REF! -> #REF! | DV4: =#REF!+#REF!+#REF!+#REF!+#REF! -> #REF! | DW4: =#REF!+#REF!+#REF!+#REF!+#REF! -> #REF! | DX4: =#REF!+#REF!+#REF!+#REF!+#REF! -> #REF! | DY4: =#REF!+#REF!+#REF!+#REF!+#REF! -> #REF! | DZ4: =#REF!+#REF!+#REF!+#REF!+#REF! -> #REF! | ... EE4: =#REF!+#REF!+#REF!+#REF!+#REF! -> #REF!
A5: =COUNT(A18:A35) -> 15 | R5: Sept | S5: =S45+S54+S63+S72 -> 74 | T5: =T45+T54+T63+T72 -> 20 | U5: =U45+U54+U63+U72 -> 54 | V5: =V45+V54+V63+V72 -> 10 | W5: =W45+W54+W63+W72 -> 1 | X5: =X45+X54+X63+X72 -> 9 | AU5: =3547/286170 -> 0.01239473 | DS5: =DS4+DS3 -> #REF! | DT5: =DT4+DT3 -> #REF! | DU5: =DU4+DU3 -> #REF! | DV5: =DV4+DV3 -> #REF! | DW5: =DW4+DW3 -> #REF! | DX5: =DX4+DX3 -> #REF! | DY5: =DY4+DY3 -> #REF! | DZ5: =DZ4+DZ3 -> #REF! | ... EE5: =EE4+EE3 -> #REF!
L6: Unknown | R6: Oct | S6: =S81+S90+S99 -> 78 | T6: =T81+T90+T99 -> 18 | U6: =U81+U90+U99 -> 60 | V6: =V81+V90+V99 -> 10 | W6: =W81+W90+W99 -> 1 | X6: =X81+X90+X99 -> 9
A7: Bank
A8: Weekday | S8: Chinook | AA8: Coho
H9: Steelhead | S9: Harvest | Y9: C&R | AA9: Harvest | AG9: C&R | AJ9: Chinook (not wanded for CWT) | AQ9: Effort | BG9: Harvest | BK9: C&R | BX9: Chinook | BZ9: Coho | CB9: C&R | CG9: Total | CI9: ADRV | CK9: AD | CM9: Wild | CO9: Chinook | CQ9: Coho | CS9: C&R | DH9: Chinook | DJ9: Coho | DL9: C&R
A10: Date | B10: Day | D10: Anglers | F10: Hours | H10: Total | K10: ADRV | M10: AD | O10: Unknown | Q10: Wild | S10: Adult | V10: Jacks | AA10: Adult | AD10: Jacks | AJ10: Adult | AL10: Jack | AN10: Total | AQ10: Pole Count | AR10: Index | AU10: Salmon | AV10: Pole | AW10: Peak Angler | AY10: Total | BA10: ADRV | BC10: AD | BE10: Wild | BG10: Chinook | BI10: Coho | BK10: Chinook | BM10: Coho | BP10: Total | BR10: ADRV | BT10: AD | BV10: Wild | BX10: Kept | BZ10: Kept | CB10: Chinook | CD10: Coho | CO10: Harvest | CQ10: Harvest | CS10: Chinook | CU10: Coho | CZ10: Total | DB10: ADRV | DD10: AD | DF10: Non-Clipped/Wild | DH10: Harvest | DJ10: Harvest | DL10: Chinook | DN10: Coho | DQ10: PIT | DS10: Trout | DU10: Smallmouth | DW10: Sucker | DY10: Whitefish | EA10: Pikeminnow | EC10: Sturgeon | EF10: Walleye | EH10: Bass
D11: Anglers | E11: Poles | F11: Anglers | G11: Poles | H11: Total | I11: Kept | J11: Rel | K11: Kept | L11: Rel | M11: Kept | N11: Rel | O11: Kept | P11: Rel | Q11: Kept | R11: Rel | S11: Tot | T11: NM | U11: AD | V11: Tot | W11: NM | X11: AD | Y11: Adult | Z11: Jack | AA11: Tot | AB11: NM | AC11: AD | AD11: Tot | AE11: NM | AF11: AD | AG11: Adult | AH11: Jack | AJ11: NM | AK11: AD | AL11: NM | AM11: AD | AN11: Adult | AO11: Jack | AQ11: (total) | AR11: (#) | AS11: Avg | AT11: Daylight | AU11: % | AV11: Hrs | AW11: Count | AY11: Catch | AZ11: Harvest | BA11: Catch | BB11: Harvest | BC11: Catch | BD11: Harvest | BE11: Catch | BF11: Harvest | BG11: Adult | BH11: Jack | BI11: Adult | BJ11: Jack | BK11: Adult | BL11: Jack | BM11: Adult | BN11: Jack | BP11: Catch | BQ11: Harvest | BR11: Catch | BS11: Harvest | BT11: Catch | BU11: Harvest | BV11: Catch | BW11: Harvest | BX11: Adult | BY11: Jack | BZ11: Adult | CA11: Jack | CB11: Adult | CC11: Jack | CD11: Adult | CE11: Jack | CG11: Catch | CH11: Harvest | CI11: Catch | CJ11: Harvest | CK11: Catch | CL11: Harvest | CM11: Catch | CN11: Harvest | CO11: Adult | CP11: Jack | CQ11: Adult | CR11: Jack | CS11: Adult | CT11: Jack | CU11: Adult | CV11: Jack | CZ11: Catch | DA11: Harvest | DB11: Catch | DC11: Harvest | DD11: Catch | DE11: Harvest | DF11: Catch | DG11: Harvest | DH11: Adult | DI11: Jack | DJ11: Adult | DK11: Jack | DL11: Adult | DM11: Jack | DN11: Adult | DO11: Jack | DQ11: AdRv | DR11: Harvest | DS11: Catch | DT11: Harvest | DU11: Catch | DV11: Harvest | DW11: Catch | DX11: Harvest | DY11: Catch | DZ11: Harvest | EA11: Catch | EB11: Harvest | EC11: Legal Rel | ED11: Over | EE11: Under | EF11: Catch | EG11: Harvest | EH11: Catch | EI11: Harvest
A12: 45880 | B12: Mon | H12: =I12+J12 -> 0 | I12: =K12+M12+Q12 -> 0 | J12: =L12+N12+R12 -> 0 | S12: =SUM(T12:U12) -> 0 | V12: =SUM(W12:X12) -> 0 | CG12: =AVERAGE(BP12:BP26) -> 0 | CH12: =AVERAGE(BQ12:BQ26) -> 0 | CI12: =AVERAGE(BR12:BR26) -> 0 | CJ12: =AVERAGE(BS12:BS26) -> 0 | CK12: =AVERAGE(BT12:BT26) -> 0 | CL12: =AVERAGE(BU12:BU26) -> 0 | CM12: =AVERAGE(BV12:BV26) -> 0 | CN12: =AVERAGE(BW12:BW26) -> 0 | ... CV12: =AVERAGE(CE12:CE26) -> 0 | CX12: 5 | CZ12: =CG12*$CX12 -> 0 | DA12: =CH12*$CX12 -> 0 | DB12: =CI12*$CX12 -> 0 | DC12: =CJ12*$CX12 -> 0 | DD12: =CK12*$CX12 -> 0 | DE12: =CL12*$CX12 -> 0 | DF12: =CM12*$CX12 -> 0 | DG12: =CN12*$CX12 -> 0 | ... DK12: =CR12*$CX12 -> 0 | DO12: =CR12*$CX12 -> 0
A13: =A12+1 -> 45881 | B13: Tues | H13: =I13+J13 -> 0 | I13: =K13+M13+Q13 -> 0 | J13: =L13+N13+R13 -> 0 | S13: =SUM(T13:U13) -> 0 | V13: =SUM(W13:X13) -> 0
A14: =A13+1 -> 45882 | B14: Wed | H14: =I14+J14 -> 0 | I14: =K14+M14+Q14 -> 0 | J14: =L14+N14+R14 -> 0 | S14: =SUM(T14:U14) -> 0 | V14: =SUM(W14:X14) -> 0 | BP14: =AY14*$AV14 -> 0 | BQ14: =AZ14*$AV14 -> 0 | BR14: =BA14*$AV14 -> 0 | BS14: =BB14*$AV14 -> 0 | BT14: =BC14*$AV14 -> 0 | BU14: =BD14*$AV14 -> 0 | BV14: =BE14*$AV14 -> 0 | BW14: =BF14*$AV14 -> 0 | ... CE14: =BN14*$AV14 -> 0
A15: =A14+1 -> 45883 | B15: Thur | H15: =I15+J15 -> 0 | I15: =K15+M15+Q15 -> 0 | J15: =L15+N15+R15 -> 0 | S15: =SUM(T15:U15) -> 0 | V15: =SUM(W15:X15) -> 0 | BP15: =AY15*$AV15 -> 0 | BQ15: =AZ15*$AV15 -> 0 | BR15: =BA15*$AV15 -> 0 | BS15: =BB15*$AV15 -> 0 | BT15: =BC15*$AV15 -> 0 | BU15: =BD15*$AV15 -> 0 | BV15: =BE15*$AV15 -> 0 | BW15: =BF15*$AV15 -> 0 | ... CE15: =BN15*$AV15 -> 0
A16: =A15+1 -> 45884 | B16: Fri | H16: =I16+J16 -> 0 | I16: =K16+M16+Q16 -> 0 | J16: =L16+N16+R16 -> 0 | S16: =SUM(T16:U16) -> 0 | V16: =SUM(W16:X16) -> 0 | BP16: =AY16*$AV16 -> 0 | BQ16: =AZ16*$AV16 -> 0 | BR16: =BA16*$AV16 -> 0 | BS16: =BB16*$AV16 -> 0 | BT16: =BC16*$AV16 -> 0 | BU16: =BD16*$AV16 -> 0 | BV16: =BE16*$AV16 -> 0 | BW16: =BF16*$AV16 -> 0 | ... CE16: =BN16*$AV16 -> 0
A17: =A16+1 -> 45885 | B17: Sat | D17: 8 | E17: 8 | F17: 33.27 | G17: 33.27 | H17: =I17+J17 -> 0 | I17: =K17+M17+Q17 -> 0 | J17: =L17+N17+R17 -> 0 | S17: =SUM(T17:U17) -> 0 | V17: =SUM(W17:X17) -> 0 | AQ17: 5 | AR17: 3 | AS17: =AQ17/AR17 -> 1.6666667 | AT17: 14.2 | AU17: 1 | AV17: =AT17*AS17*AU17 -> 23.666667 | AY17: =H17/G17 -> 0 | AZ17: =I17/G17 -> 0 | BA17: =(K17+L17)/$G17 -> 0 | BB17: =K17/$G17 -> 0 | BC17: =(M17+N17)/$G17 -> 0 | BD17: =M17/$G17 -> 0 | BE17: =(Q17+R17)/$G17 -> 0 | BF17: =Q17/$G17 -> 0 | BG17: =S17/$G17 -> 0 | BH17: =V17/$G17 -> 0 | BI17: =AA17/$G17 -> 0 | BJ17: =AH17/$G17 -> 0 | BP17: =AY17*$AV17 -> 0 | BQ17: =AZ17*$AV17 -> 0 | BR17: =BA17*$AV17 -> 0 | BS17: =BB17*$AV17 -> 0 | BT17: =BC17*$AV17 -> 0 | BU17: =BD17*$AV17 -> 0 | BV17: =BE17*$AV17 -> 0 | BW17: =BF17*$AV17 -> 0 | ... CE17: =BN17*$AV17 -> 0 | CX17: 2 | CZ17: =CG17*$CX17 -> 0 | DA17: =CH17*$CX17 -> 0 | DB17: =CI17*$CX17 -> 0 | DC17: =CJ17*$CX17 -> 0 | DD17: =CK17*$CX17 -> 0 | DE17: =CL17*$CX17 -> 0 | DF17: =CM17*$CX17 -> 0 | DG17: =CN17*$CX17 -> 0 | ... DO17: =CV17*$CX17 -> 0
A18: =A17+1 -> 45886 | B18: Sun | D18: 0 | E18: 0 | F18: 0 | G18: 0 | H18: =I18+J18 -> 0 | I18: =K18+M18+Q18 -> 0 | J18: =L18+N18+R18 -> 0 | S18: =SUM(T18:U18) -> 0 | V18: =SUM(W18:X18) -> 0 | AQ18: 0 | AR18: 3 | AS18: =AQ18/AR18 -> 0 | AT18: 14.2 | AU18: 1 | AV18: =AT18*AS18*AU18 -> 0 | BP18: =AY18*$AV18 -> 0 | BQ18: =AZ18*$AV18 -> 0 | BR18: =BA18*$AV18 -> 0 | BS18: =BB18*$AV18 -> 0 | BT18: =BC18*$AV18 -> 0 | BU18: =BD18*$AV18 -> 0 | BV18: =BE18*$AV18 -> 0 | BW18: =BF18*$AV18 -> 0 | ... CE18: =BN18*$AV18 -> 0
D19: =SUM(D12:D18) -> 8 | E19: =SUM(E12:E18) -> 8 | F19: =SUM(F12:F18) -> 33.27 | G19: =SUM(G12:G18) -> 33.27 | H19: =SUM(H4:H18) -> 0 | I19: =SUM(I4:I18) -> 0 | J19: =SUM(J4:J18) -> 0 | K19: =SUM(K4:K18) -> 0 | L19: =SUM(L4:L18) -> 0 | M19: =SUM(M4:M18) -> 0 | N19: =SUM(N4:N18) -> 0 | O19: =SUM(O4:O18) -> 0 | ... R19: =SUM(R4:R18) -> 0 | S19: =SUM(S12:S18) -> 0 | T19: =SUM(T12:T18) -> 0 | U19: =SUM(U4:U18) -> #REF! | V19: =SUM(V4:V18) -> #REF! | W19: =SUM(W4:W18) -> #REF! | X19: =SUM(X4:X18) -> #REF! | Y19: =SUM(Y4:Y18) -> 0 | Z19: =SUM(Z4:Z18) -> 0 | AA19: =SUM(AA4:AA18) -> 0 | AB19: =SUM(AB4:AB18) -> 0 | ... AH19: =SUM(AH4:AH18) -> 0 | AV19: =+AVERAGE(AV17:AV18)*2 -> 23.666667
A20: =A18+1 -> 45887 | B20: Mon | H20: =I20+J20 -> 0 | I20: =K20+M20+Q20 -> 0 | J20: =L20+N20+R20 -> 0 | S20: =SUM(T20:U20) -> 0 | V20: =SUM(W20:X20) -> 0 | AQ20: 0 | AR20: 3 | AS20: =AQ20/AR20 -> 0 | AT20: 14.1 | AU20: 1 | AV20: =AT20*AS20*AU20 -> 0 | CX20: 5 | CZ20: =CG20*$CX20 -> 0 | DA20: =CH20*$CX20 -> 0 | DB20: =CI20*$CX20 -> 0 | DC20: =CJ20*$CX20 -> 0 | DD20: =CK20*$CX20 -> 0 | DE20: =CL20*$CX20 -> 0 | DF20: =CM20*$CX20 -> 0 | DG20: =CN20*$CX20 -> 0 | ... DO20: =CV20*$CX20 -> 0
A21: =A20+1 -> 45888 | B21: Tues | D21: 0 | E21: 0 | F21: 0 | G21: 0 | H21: =I21+J21 -> 0 | I21: =K21+M21+Q21 -> 0 | J21: =L21+N21+R21 -> 0 | S21: =SUM(T21:U21) -> 0 | V21: =SUM(W21:X21) -> 0 | AQ21: 0 | AR21: 3 | AS21: =AQ21/AR21 -> 0 | AT21: 14.1 | AU21: 1 | AV21: =AT21*AS21*AU21 -> 0 | BP21: =AY21*$AV21 -> 0 | BQ21: =AZ21*$AV21 -> 0 | BR21: =BA21*$AV21 -> 0 | BS21: =BB21*$AV21 -> 0 | BT21: =BC21*$AV21 -> 0 | BU21: =BD21*$AV21 -> 0 | BV21: =BE21*$AV21 -> 0 | BW21: =BF21*$AV21 -> 0 | ... CE21: =BN21*$AV21 -> 0
A22: =A21+1 -> 45889 | B22: Wed | D22: 0 | E22: 0 | F22: 0 | G22: 0 | H22: =I22+J22 -> 0 | I22: =K22+M22+Q22 -> 0 | J22: =L22+N22+R22 -> 0 | S22: =SUM(T22:U22) -> 0 | V22: =SUM(W22:X22) -> 0 | AQ22: 0 | AR22: 3 | AS22: =AQ22/AR22 -> 0 | AT22: 14 | AU22: 1 | AV22: =AT22*AS22*AU22 -> 0 | AW22: 4 | BP22: =AY22*$AV22 -> 0 | BQ22: =AZ22*$AV22 -> 0 | BR22: =BA22*$AV22 -> 0 | BS22: =BB22*$AV22 -> 0 | BT22: =BC22*$AV22 -> 0 | BU22: =BD22*$AV22 -> 0 | BV22: =BE22*$AV22 -> 0 | BW22: =BF22*$AV22 -> 0 | ... CE22: =BN22*$AV22 -> 0
A23: =A22+1 -> 45890 | B23: Thur | D23: 0 | E23: 0 | F23: 0 | G23: 0 | H23: =I23+J23 -> 0 | I23: =K23+M23+Q23 -> 0 | J23: =L23+N23+R23 -> 0 | S23: =SUM(T23:U23) -> 0 | V23: =SUM(W23:X23) -> 0 | AQ23: 0 | AR23: 3 | AS23: =AQ23/AR23 -> 0 | AT23: 14 | AU23: 1 | AV23: =AT23*AS23*AU23 -> 0
A24: =A23+1 -> 45891 | B24: Fri | D24: 1 | E24: 2 | F24: 3.52 | G24: 7.03 | H24: =I24+J24 -> 0 | I24: =K24+M24+Q24 -> 0 | J24: =L24+N24+R24 -> 0 | P24: 1 | S24: =SUM(T24:U24) -> 0 | V24: =SUM(W24:X24) -> 0 | AQ24: 2 | AR24: 3 | AS24: =AQ24/AR24 -> 0.66666667 | AT24: 13.9 | AU24: 1 | AV24: =AT24*AS24*AU24 -> 9.2666667 | AY24: =H24/G24 -> 0 | AZ24: =I24/G24 -> 0 | BA24: =(K24+L24)/$G24 -> 0 | BB24: =K24/$G24 -> 0 | BC24: =(M24+N24)/$G24 -> 0 | BD24: =M24/$G24 -> 0 | BE24: =(Q24+R24)/$G24 -> 0 | BF24: =Q24/$G24 -> 0 | BG24: =S24/$G24 -> 0 | BH24: =V24/$G24 -> 0 | BI24: =AA24/$G24 -> 0 | BJ24: =AH24/$G24 -> 0 | BP24: =AY24*$AV24 -> 0 | BQ24: =AZ24*$AV24 -> 0 | BR24: =BA24*$AV24 -> 0 | BS24: =BB24*$AV24 -> 0 | BT24: =BC24*$AV24 -> 0 | BU24: =BD24*$AV24 -> 0 | BV24: =BE24*$AV24 -> 0 | BW24: =BF24*$AV24 -> 0 | ... CE24: =BN24*$AV24 -> 0
A25: =A24+1 -> 45892 | B25: Sat | D25: 9 | E25: 9 | F25: 17.57 | G25: 17.57 | H25: =I25+J25 -> 0 | I25: =K25+M25+Q25 -> 0 | J25: =L25+N25+R25 -> 0 | S25: =SUM(T25:U25) -> 0 | V25: =SUM(W25:X25) -> 0 | AQ25: 9 | AR25: 3 | AS25: =AQ25/AR25 -> 3 | AT25: 13.9 | AU25: 1 | AV25: =AT25*AS25*AU25 -> 41.7 | AW25: 8 | AY25: =H25/G25 -> 0 | AZ25: =I25/G25 -> 0 | BA25: =(K25+L25)/$G25 -> 0 | BB25: =K25/$G25 -> 0 | BC25: =(M25+N25)/$G25 -> 0 | BD25: =M25/$G25 -> 0 | BE25: =(Q25+R25)/$G25 -> 0 | BF25: =Q25/$G25 -> 0 | BG25: =S25/$G25 -> 0 | BH25: =V25/$G25 -> 0 | BI25: =AA25/$G25 -> 0 | BJ25: =AH25/$G25 -> 0 | BP25: =AY25*$AV25 -> 0 | BQ25: =AZ25*$AV25 -> 0 | BR25: =BA25*$AV25 -> 0 | BS25: =BB25*$AV25 -> 0 | BT25: =BC25*$AV25 -> 0 | BU25: =BD25*$AV25 -> 0 | BV25: =BE25*$AV25 -> 0 | BW25: =BF25*$AV25 -> 0 | ... CE25: =BN25*$AV25 -> 0 | CX25: 2
A26: =A25+1 -> 45893 | B26: Sun | D26: 4 | E26: 4 | F26: 8.9 | G26: 8.9 | H26: =I26+J26 -> 0 | I26: =K26+M26+Q26 -> 0 | J26: =L26+N26+R26 -> 0 | S26: =SUM(T26:U26) -> 0 | V26: =SUM(W26:X26) -> 0 | AQ26: 4 | AR26: 3 | AS26: =AQ26/AR26 -> 1.3333333 | AT26: 13.8 | AU26: 1 | AV26: =AT26*AS26*AU26 -> 18.4 | AW26: 9 | AY26: =H26/G26 -> 0 | AZ26: =I26/G26 -> 0 | BA26: =(K26+L26)/$G26 -> 0 | BB26: =K26/$G26 -> 0 | BC26: =(M26+N26)/$G26 -> 0 | BD26: =M26/$G26 -> 0 | BE26: =(Q26+R26)/$G26 -> 0 | BF26: =Q26/$G26 -> 0 | BG26: =S26/$G26 -> 0 | BH26: =V26/$G26 -> 0 | BI26: =AA26/$G26 -> 0 | BJ26: =AH26/$G26 -> 0 | BP26: =AY26*$AV26 -> 0 | BQ26: =AZ26*$AV26 -> 0 | BR26: =BA26*$AV26 -> 0 | BS26: =BB26*$AV26 -> 0 | BT26: =BC26*$AV26 -> 0 | BU26: =BD26*$AV26 -> 0 | BV26: =BE26*$AV26 -> 0 | BW26: =BF26*$AV26 -> 0 | ... CE26: =BN26*$AV26 -> 0
D27: =SUM(D20:D26) -> 14 | E27: =SUM(E20:E26) -> 15 | F27: =SUM(F20:F26) -> 29.99 | G27: =SUM(G20:G26) -> 33.5 | H27: =SUM(H12:H26) -> 0 | I27: =SUM(I12:I26) -> 0 | J27: =SUM(J12:J26) -> 0 | K27: =SUM(K12:K26) -> 0 | L27: =SUM(L12:L26) -> 0 | M27: =SUM(M12:M26) -> 0 | N27: =SUM(N12:N26) -> 0 | O27: =SUM(O12:O26) -> 0 | ... AH27: =SUM(AH12:AH26) -> 0 | AV27: =AVERAGE(AV20:AV24)*5+AVERAGE(AV25:AV26)*2 -> 69.366667 | CZ27: =CZ12 -> 0 | DA27: =DA12 -> 0 | DB27: =DB12 -> 0 | DC27: =DC12 -> 0 | DD27: =DD12 -> 0 | DE27: =DE12 -> 0 | DF27: =DF12 -> 0 | DG27: =DG12 -> 0 | ... DO27: =DO12 -> 0
A29: 45894 | B29: Mon | D29: 1 | E29: 2 | F29: 4 | G29: 8 | H29: =I29+J29 -> 0 | I29: =K29+M29+Q29 -> 0 | J29: =L29+N29+R29 -> 0 | S29: =T29+U29 -> 0 | V29: =W29+X29 -> 0 | AA29: =AB29+AC29 -> 0 | AD29: =AE29+AF29 -> 0 | AQ29: 0 | AR29: 1 | AS29: =AQ29/AR29 -> 0 | AT29: 13.7 | AU29: 1 | AV29: =AT29*AS29*AU29 -> 0 | AW29: 2 | AY29: =H29/G29 -> 0 | AZ29: =I29/G29 -> 0 | BA29: =(K29+L29)/$G29 -> 0 | BB29: =K29/$G29 -> 0 | BC29: =(M29+N29)/$G29 -> 0 | BD29: =M29/$G29 -> 0 | BE29: =(Q29+R29)/$G29 -> 0 | BF29: =Q29/$G29 -> 0 | BG29: =S29/$G29 -> 0 | BH29: =V29/$G29 -> 0 | BI29: =AA29/$G29 -> 0 | BJ29: =AH29/$G29 -> 0 | BP29: =AY29*$AV29 -> 0 | BQ29: =AZ29*$AV29 -> 0 | BR29: =BA29*$AV29 -> 0 | BS29: =BB29*$AV29 -> 0 | BT29: =BC29*$AV29 -> 0 | BU29: =BD29*$AV29 -> 0 | BV29: =BE29*$AV29 -> 0 | BW29: =BF29*$AV29 -> 0 | ... CE29: =BN29*$AV29 -> 0 | CG29: =AVERAGE(BP29:BP33) -> 0 | CH29: =AVERAGE(BQ29:BQ33) -> 0 | CI29: =AVERAGE(BR29:BR33) -> 0 | CJ29: =AVERAGE(BS29:BS33) -> 0 | CK29: =AVERAGE(BT29:BT33) -> 0 | CL29: =AVERAGE(BU29:BU33) -> 0 | CM29: =AVERAGE(BV29:BV33) -> 0 | CN29: =AVERAGE(BW29:BW33) -> 0 | ... CV29: =AVERAGE(CE29:CE33) -> 0 | CX29: 5 | CZ29: =CG29*$CX29 -> 0 | DA29: =CH29*$CX29 -> 0 | DB29: =CI29*$CX29 -> 0 | DC29: =CJ29*$CX29 -> 0 | DD29: =CK29*$CX29 -> 0 | DE29: =CL29*$CX29 -> 0 | DF29: =CM29*$CX29 -> 0 | DG29: =CN29*$CX29 -> 0 | ... DO29: =CV29*$CX29 -> 0
A30: =A29+1 -> 45895 | B30: Tues | D30: 3 | E30: 5 | F30: 7.25 | G30: 12.92 | H30: =I30+J30 -> 0 | I30: =K30+M30+Q30 -> 0 | J30: =L30+N30+R30 -> 0 | S30: =T30+U30 -> 0 | V30: =W30+X30 -> 0 | AA30: =AB30+AC30 -> 0 | AD30: =AE30+AF30 -> 0 | AQ30: 3 | AR30: 3 | AS30: =AQ30/AR30 -> 1 | AT30: 13.6 | AU30: 1 | AV30: =AT30*AS30*AU30 -> 13.6 | AW30: 2 | AY30: =H30/G30 -> 0 | AZ30: =I30/G30 -> 0 | BA30: =(K30+L30)/$G30 -> 0 | BB30: =K30/$G30 -> 0 | BC30: =(M30+N30)/$G30 -> 0 | BD30: =M30/$G30 -> 0 | BE30: =(Q30+R30)/$G30 -> 0 | BF30: =Q30/$G30 -> 0 | BG30: =S30/$G30 -> 0 | BH30: =V30/$G30 -> 0 | BI30: =AA30/$G30 -> 0 | BJ30: =AH30/$G30 -> 0 | BP30: =AY30*$AV30 -> 0 | BQ30: =AZ30*$AV30 -> 0 | BR30: =BA30*$AV30 -> 0 | BS30: =BB30*$AV30 -> 0 | BT30: =BC30*$AV30 -> 0 | BU30: =BD30*$AV30 -> 0 | BV30: =BE30*$AV30 -> 0 | BW30: =BF30*$AV30 -> 0 | ... CE30: =BN30*$AV30 -> 0
A31: =A30+1 -> 45896 | B31: Wed | D31: 3 | E31: 5 | F31: 5.08 | G31: 8.75 | H31: =I31+J31 -> 0 | I31: =K31+M31+Q31 -> 0 | J31: =L31+N31+R31 -> 0 | S31: =T31+U31 -> 0 | V31: =W31+X31 -> 0 | AA31: =AB31+AC31 -> 0 | AD31: =AE31+AF31 -> 0 | AQ31: 3 | AR31: 3 | AS31: =AQ31/AR31 -> 1 | AT31: 13.6 | AU31: 1 | AV31: =AT31*AS31*AU31 -> 13.6 | AW31: 8 | AY31: =H31/G31 -> 0 | AZ31: =I31/G31 -> 0 | BA31: =(K31+L31)/$G31 -> 0 | BB31: =K31/$G31 -> 0 | BC31: =(M31+N31)/$G31 -> 0 | BD31: =M31/$G31 -> 0 | BE31: =(Q31+R31)/$G31 -> 0 | BF31: =Q31/$G31 -> 0 | BG31: =S31/$G31 -> 0 | BH31: =V31/$G31 -> 0 | BI31: =AA31/$G31 -> 0 | BJ31: =AH31/$G31 -> 0 | BP31: =AY31*$AV31 -> 0 | BQ31: =AZ31*$AV31 -> 0 | BR31: =BA31*$AV31 -> 0 | BS31: =BB31*$AV31 -> 0 | BT31: =BC31*$AV31 -> 0 | BU31: =BD31*$AV31 -> 0 | BV31: =BE31*$AV31 -> 0 | BW31: =BF31*$AV31 -> 0 | ... CE31: =BN31*$AV31 -> 0
A32: =A31+1 -> 45897 | B32: Thur | D32: 0 | E32: 0 | F32: 0 | G32: 0 | H32: =I32+J32 -> 0 | I32: =K32+M32+Q32 -> 0 | J32: =L32+N32+R32 -> 0 | S32: =T32+U32 -> 0 | V32: =W32+X32 -> 0 | AA32: =AB32+AC32 -> 0 | AD32: =AE32+AF32 -> 0 | AQ32: 0 | AR32: 3 | AS32: =AQ32/AR32 -> 0 | AT32: 13.5 | AU32: 1 | AV32: =AT32*AS32*AU32 -> 0 | BP32: =AY32*$AV32 -> 0 | BQ32: =AZ32*$AV32 -> 0 | BR32: =BA32*$AV32 -> 0 | BS32: =BB32*$AV32 -> 0 | BT32: =BC32*$AV32 -> 0 | BU32: =BD32*$AV32 -> 0 | BV32: =BE32*$AV32 -> 0 | BW32: =BF32*$AV32 -> 0 | ... CE32: =BN32*$AV32 -> 0
A33: =A32+1 -> 45898 | B33: Fri | D33: 3 | E33: 3 | F33: 9.25 | G33: 9.25 | H33: =I33+J33 -> 0 | I33: =K33+M33+Q33 -> 0 | J33: =L33+N33+R33 -> 0 | S33: =T33+U33 -> 0 | V33: =W33+X33 -> 0 | AA33: =AB33+AC33 -> 0 | AD33: =AE33+AF33 -> 0 | AQ33: 3 | AR33: 3 | AS33: =AQ33/AR33 -> 1 | AT33: 13.4 | AU33: 1 | AV33: =AT33*AS33*AU33 -> 13.4 | AW33: 14 | AY33: =H33/G33 -> 0 | AZ33: =I33/G33 -> 0 | BA33: =(K33+L33)/$G33 -> 0 | BB33: =K33/$G33 -> 0 | BC33: =(M33+N33)/$G33 -> 0 | BD33: =M33/$G33 -> 0 | BE33: =(Q33+R33)/$G33 -> 0 | BF33: =Q33/$G33 -> 0 | BG33: =S33/$G33 -> 0 | BH33: =V33/$G33 -> 0 | BI33: =AA33/$G33 -> 0 | BJ33: =AH33/$G33 -> 0
A34: =A33+1 -> 45899 | B34: Sat | D34: 5 | E34: 5 | F34: 4.68 | G34: 4.68 | H34: =I34+J34 -> 0 | I34: =K34+M34+Q34 -> 0 | J34: =L34+N34+R34 -> 0 | S34: =T34+U34 -> 0 | V34: =W34+X34 -> 0 | AA34: =AB34+AC34 -> 0 | AD34: =AE34+AF34 -> 0 | AQ34: 5 | AR34: 2 | AS34: =AQ34/AR34 -> 2.5 | AT34: 13.3 | AU34: 1 | AV34: =AT34*AS34*AU34 -> 33.25 | AW34: 11 | AY34: =H34/G34 -> 0 | AZ34: =I34/G34 -> 0 | BA34: =(K34+L34)/$G34 -> 0 | BB34: =K34/$G34 -> 0 | BC34: =(M34+N34)/$G34 -> 0 | BD34: =M34/$G34 -> 0 | BE34: =(Q34+R34)/$G34 -> 0 | BF34: =Q34/$G34 -> 0 | BG34: =S34/$G34 -> 0 | BH34: =V34/$G34 -> 0 | BI34: =AA34/$G34 -> 0 | BJ34: =AH34/$G34 -> 0 | BP34: =AY34*$AV34 -> 0 | BQ34: =AZ34*$AV34 -> 0 | BR34: =BA34*$AV34 -> 0 | BS34: =BB34*$AV34 -> 0 | BT34: =BC34*$AV34 -> 0 | BU34: =BD34*$AV34 -> 0 | BV34: =BE34*$AV34 -> 0 | BW34: =BF34*$AV34 -> 0 | ... CE34: =BN34*$AV34 -> 0 | CG34: =AVERAGE(BP34:BP35) -> 0 | CH34: =AVERAGE(BQ34:BQ35) -> 0 | CI34: =AVERAGE(BR34:BR35) -> 0 | CJ34: =AVERAGE(BS34:BS35) -> 0 | CK34: =AVERAGE(BT34:BT35) -> 0 | CL34: =AVERAGE(BU34:BU35) -> 0 | CM34: =AVERAGE(BV34:BV35) -> 0 | CN34: =AVERAGE(BW34:BW35) -> 0 | ... CV34: =AVERAGE(CE34:CE35) -> 0 | CX34: 2 | CZ34: =CG34*$CX34 -> 0 | DA34: =CH34*$CX34 -> 0 | DB34: =CI34*$CX34 -> 0 | DC34: =CJ34*$CX34 -> 0 | DD34: =CK34*$CX34 -> 0 | DE34: =CL34*$CX34 -> 0 | DF34: =CM34*$CX34 -> 0 | DG34: =CN34*$CX34 -> 0 | ... DO34: =CV34*$CX34 -> 0
A35: =A34+1 -> 45900 | B35: Sun | D35: 2 | E35: 2 | F35: 2.83 | G35: 2.83 | H35: =I35+J35 -> 0 | I35: =K35+M35+Q35 -> 0 | J35: =L35+N35+R35 -> 0 | S35: =T35+U35 -> 0 | V35: =W35+X35 -> 0 | AA35: =AB35+AC35 -> 0 | AD35: =AE35+AF35 -> 0 | AQ35: 2 | AR35: 2 | AS35: =AQ35/AR35 -> 1 | AT35: 13.3 | AU35: 1 | AV35: =AT35*AS35*AU35 -> 13.3 | AW35: 17 | AY35: =H35/G35 -> 0 | AZ35: =I35/G35 -> 0 | BA35: =(K35+L35)/$G35 -> 0 | BB35: =K35/$G35 -> 0 | BC35: =(M35+N35)/$G35 -> 0 | BD35: =M35/$G35 -> 0 | BE35: =(Q35+R35)/$G35 -> 0 | BF35: =Q35/$G35 -> 0 | BG35: =S35/$G35 -> 0 | BH35: =V35/$G35 -> 0 | BI35: =AA35/$G35 -> 0 | BJ35: =AH35/$G35 -> 0 | BP35: =AY35*$AV35 -> 0 | BQ35: =AZ35*$AV35 -> 0 | BR35: =BA35*$AV35 -> 0 | BS35: =BB35*$AV35 -> 0 | BT35: =BC35*$AV35 -> 0 | BU35: =BD35*$AV35 -> 0 | BV35: =BE35*$AV35 -> 0 | BW35: =BF35*$AV35 -> 0 | ... CE35: =BN35*$AV35 -> 0
D36: =SUM(D29:D35) -> 17 | E36: =SUM(E29:E35) -> 22 | F36: =SUM(F29:F35) -> 33.09 | G36: =SUM(G29:G35) -> 46.43 | H36: =SUM(H29:H35) -> 0 | I36: =SUM(I29:I35) -> 0 | J36: =SUM(J29:J35) -> 0 | K36: =SUM(K29:K35) -> 0 | ... AH36: =SUM(AH29:AH35) -> 0 | AV36: =AVERAGE(AV29:AV33)*5+AVERAGE(AV34:AV35)*2 -> 87.15 | CZ36: =CZ34+CZ29 -> 0 | DA36: =DA34+DA29 -> 0 | DB36: =DB34+DB29 -> 0 | DC36: =DC34+DC29 -> 0 | DD36: =DD34+DD29 -> 0 | DE36: =DE34+DE29 -> 0 | DF36: =DF34+DF29 -> 0 | DG36: =DG34+DG29 -> 0 | ... DO36: =DO34+DO29 -> 0
A38: =A29+7 -> 45901 | B38: Mon | H38: =I38+J38 -> 0 | I38: =K38+M38+Q38 -> 0 | J38: =L38+N38+R38 -> 0 | S38: =T38+U38 -> 0 | V38: =W38+X38 -> 0 | AA38: =AB38+AC38 -> 0 | AD38: =AE38+AF38 -> 0 | CG38: =AVERAGE(BP38:BP42) -> 0 | CH38: =AVERAGE(BQ38:BQ42) -> 0 | CI38: =AVERAGE(BR38:BR42) -> 0 | CJ38: =AVERAGE(BS38:BS42) -> 0 | CK38: =AVERAGE(BT38:BT42) -> 0 | CL38: =AVERAGE(BU38:BU42) -> 0 | CM38: =AVERAGE(BV38:BV42) -> 0 | CN38: =AVERAGE(BW38:BW42) -> 0 | ... CV38: =AVERAGE(CE38:CE42) -> 0 | CX38: 5
A39: =A38+1 -> 45902 | B39: Tues | D39: 1 | E39: 1 | F39: 2.25 | G39: 2.25 | H39: =I39+J39 -> 0 | I39: =K39+M39+Q39 -> 0 | J39: =L39+N39+R39 -> 0 | S39: =T39+U39 -> 0 | V39: =W39+X39 -> 0 | AA39: =AB39+AC39 -> 0 | AD39: =AE39+AF39 -> 0 | AQ39: 1 | AR39: 3 | AS39: =AQ39/AR39 -> 0.33333333 | AT39: 13.3 | AU39: 1 | AV39: =AT39*AS39*AU39 -> 4.4333333 | AW39: 2 | AY39: =H39/G39 -> 0 | AZ39: =I39/G39 -> 0 | BA39: =(K39+L39)/$G39 -> 0 | BB39: =K39/$G39 -> 0 | BC39: =(M39+N39)/$G39 -> 0 | BD39: =M39/$G39 -> 0 | BE39: =(Q39+R39)/$G39 -> 0 | BF39: =Q39/$G39 -> 0 | BG39: =S39/$G39 -> 0 | BH39: =V39/$G39 -> 0 | BI39: =AA39/$G39 -> 0 | BJ39: =AH39/$G39 -> 0 | BP39: =AY39*$AV39 -> 0 | BQ39: =AZ39*$AV39 -> 0 | BR39: =BA39*$AV39 -> 0 | BS39: =BB39*$AV39 -> 0 | BT39: =BC39*$AV39 -> 0 | BU39: =BD39*$AV39 -> 0 | BV39: =BE39*$AV39 -> 0 | BW39: =BF39*$AV39 -> 0 | ... CE39: =BN39*$AV39 -> 0 | CZ39: =CG39*$CX39 -> 0 | DA39: =CH39*$CX39 -> 0 | DB39: =CI39*$CX39 -> 0 | DC39: =CJ39*$CX39 -> 0 | DD39: =CK39*$CX39 -> 0 | DE39: =CL39*$CX39 -> 0 | DF39: =CM39*$CX39 -> 0 | DG39: =CN39*$CX39 -> 0 | ... DO39: =CV39*$CX39 -> 0
A40: =A39+1 -> 45903 | B40: Wed | D40: 2 | E40: 4 | F40: 11.05 | G40: 16.7 | H40: =I40+J40 -> 0 | I40: =K40+M40+Q40 -> 0 | J40: =L40+N40+R40 -> 0 | S40: =T40+U40 -> 0 | V40: =W40+X40 -> 0 | AA40: =AB40+AC40 -> 0 | AD40: =AE40+AF40 -> 0 | AQ40: 4 | AR40: 3 | AS40: =AQ40/AR40 -> 1.3333333 | AT40: 13.2 | AU40: 1 | AV40: =AT40*AS40*AU40 -> 17.6 | AW40: 4 | AY40: =H40/G40 -> 0 | AZ40: =I40/G40 -> 0 | BA40: =(K40+L40)/$G40 -> 0 | BB40: =K40/$G40 -> 0 | BC40: =(M40+N40)/$G40 -> 0 | BD40: =M40/$G40 -> 0 | BE40: =(Q40+R40)/$G40 -> 0 | BF40: =Q40/$G40 -> 0 | BG40: =S40/$G40 -> 0 | BH40: =V40/$G40 -> 0 | BI40: =AA40/$G40 -> 0 | BJ40: =AH40/$G40 -> 0 | BP40: =AY40*$AV40 -> 0 | BQ40: =AZ40*$AV40 -> 0 | BR40: =BA40*$AV40 -> 0 | BS40: =BB40*$AV40 -> 0 | BT40: =BC40*$AV40 -> 0 | BU40: =BD40*$AV40 -> 0 | BV40: =BE40*$AV40 -> 0 | BW40: =BF40*$AV40 -> 0 | ... CE40: =BN40*$AV40 -> 0
A41: =A40+1 -> 45904 | B41: Thur | D41: 4 | E41: 4 | F41: 12 | G41: 12 | H41: =I41+J41 -> 0 | I41: =K41+M41+Q41 -> 0 | J41: =L41+N41+R41 -> 0 | S41: =T41+U41 -> 0 | V41: =W41+X41 -> 0 | AA41: =AB41+AC41 -> 0 | AD41: =AE41+AF41 -> 0 | AQ41: 4 | AR41: 3 | AS41: =AQ41/AR41 -> 1.3333333 | AT41: 13.1 | AU41: 1 | AV41: =AT41*AS41*AU41 -> 17.466667 | AW41: 8 | AY41: =H41/G41 -> 0 | AZ41: =I41/G41 -> 0 | BA41: =(K41+L41)/$G41 -> 0 | BB41: =K41/$G41 -> 0 | BC41: =(M41+N41)/$G41 -> 0 | BD41: =M41/$G41 -> 0 | BE41: =(Q41+R41)/$G41 -> 0 | BF41: =Q41/$G41 -> 0 | BG41: =S41/$G41 -> 0 | BH41: =V41/$G41 -> 0 | BI41: =AA41/$G41 -> 0 | BJ41: =AH41/$G41 -> 0 | BP41: =AY41*$AV41 -> 0 | BQ41: =AZ41*$AV41 -> 0 | BR41: =BA41*$AV41 -> 0 | BS41: =BB41*$AV41 -> 0 | BT41: =BC41*$AV41 -> 0 | BU41: =BD41*$AV41 -> 0 | BV41: =BE41*$AV41 -> 0 | BW41: =BF41*$AV41 -> 0 | ... CE41: =BN41*$AV41 -> 0 | CZ41: =CG41*$CX41 -> 0 | DA41: =CH41*$CX41 -> 0 | DB41: =CI41*$CX41 -> 0 | DC41: =CJ41*$CX41 -> 0 | DD41: =CK41*$CX41 -> 0 | DE41: =CL41*$CX41 -> 0 | DF41: =CM41*$CX41 -> 0 | DG41: =CN41*$CX41 -> 0 | ... DO41: =CV41*$CX41 -> 0
A42: =A41+1 -> 45905 | B42: Fri | D42: 7 | E42: 9 | F42: 16.82 | G42: 26.1 | H42: =I42+J42 -> 0 | I42: =K42+M42+Q42 -> 0 | J42: =L42+N42+R42 -> 0 | S42: =T42+U42 -> 1 | U42: 1 | V42: =W42+X42 -> 1 | W42: 1 | AA42: =AB42+AC42 -> 0 | AD42: =AE42+AF42 -> 0 | AQ42: 9 | AR42: 3 | AS42: =AQ42/AR42 -> 3 | AT42: 13.1 | AU42: 1 | AV42: =AT42*AS42*AU42 -> 39.3 | AW42: 15 | AY42: =H42/G42 -> 0 | AZ42: =I42/G42 -> 0 | BA42: =(K42+L42)/$G42 -> 0 | BB42: =K42/$G42 -> 0 | BC42: =(M42+N42)/$G42 -> 0 | BD42: =M42/$G42 -> 0 | BE42: =(Q42+R42)/$G42 -> 0 | BF42: =Q42/$G42 -> 0 | BG42: =S42/$G42 -> 0.038314176 | BH42: =V42/$G42 -> 0.038314176 | BI42: =AA42/$G42 -> 0 | BJ42: =AH42/$G42 -> 0 | BP42: =AY42*$AV42 -> 0 | BQ42: =AZ42*$AV42 -> 0 | BR42: =BA42*$AV42 -> 0 | BS42: =BB42*$AV42 -> 0 | BT42: =BC42*$AV42 -> 0 | BU42: =BD42*$AV42 -> 0 | BV42: =BE42*$AV42 -> 0 | BW42: =BF42*$AV42 -> 0 | ... CE42: =BN42*$AV42 -> 0 | CZ42: =CG42*$CX42 -> 0 | DA42: =CH42*$CX42 -> 0 | DB42: =CI42*$CX42 -> 0 | DC42: =CJ42*$CX42 -> 0 | DD42: =CK42*$CX42 -> 0 | DE42: =CL42*$CX42 -> 0 | DF42: =CM42*$CX42 -> 0 | DG42: =CN42*$CX42 -> 0 | ... DO42: =CV42*$CX42 -> 0
A43: =A42+1 -> 45906 | B43: Sat | D43: 6 | E43: 6 | F43: 36.67 | G43: 36.7 | H43: =I43+J43 -> 0 | I43: =K43+M43+Q43 -> 0 | J43: =L43+N43+R43 -> 0 | S43: =T43+U43 -> 0 | V43: =W43+X43 -> 0 | AA43: =AB43+AC43 -> 0 | AD43: =AE43+AF43 -> 0 | AQ43: 6 | AR43: 3 | AS43: =AQ43/AR43 -> 2 | AT43: 13 | AU43: 1 | AV43: =AT43*AS43*AU43 -> 26 | AW43: 45 | AY43: =H43/G43 -> 0 | AZ43: =I43/G43 -> 0 | BA43: =(K43+L43)/$G43 -> 0 | BB43: =K43/$G43 -> 0 | BC43: =(M43+N43)/$G43 -> 0 | BD43: =M43/$G43 -> 0 | BE43: =(Q43+R43)/$G43 -> 0 | BF43: =Q43/$G43 -> 0 | BG43: =S43/$G43 -> 0 | BH43: =V43/$G43 -> 0 | BI43: =AA43/$G43 -> 0 | BJ43: =AH43/$G43 -> 0 | BP43: =AY43*$AV43 -> 0 | BQ43: =AZ43*$AV43 -> 0 | BR43: =BA43*$AV43 -> 0 | BS43: =BB43*$AV43 -> 0 | BT43: =BC43*$AV43 -> 0 | BU43: =BD43*$AV43 -> 0 | BV43: =BE43*$AV43 -> 0 | BW43: =BF43*$AV43 -> 0 | ... CE43: =BN43*$AV43 -> 0 | CG43: =AVERAGE(BP43:BP44) -> 0 | CH43: =AVERAGE(BQ43:BQ44) -> 0 | CI43: =AVERAGE(BR43:BR44) -> 0 | CJ43: =AVERAGE(BS43:BS44) -> 0 | CK43: =AVERAGE(BT43:BT44) -> 0 | CL43: =AVERAGE(BU43:BU44) -> 0 | CM43: =AVERAGE(BV43:BV44) -> 0 | CN43: =AVERAGE(BW43:BW44) -> 0 | ... CV43: =AVERAGE(CE43:CE44) -> 0 | CX43: 2 | CZ43: =CG43*$CX43 -> 0 | DA43: =CH43*$CX43 -> 0 | DB43: =CI43*$CX43 -> 0 | DC43: =CJ43*$CX43 -> 0 | DD43: =CK43*$CX43 -> 0 | DE43: =CL43*$CX43 -> 0 | DF43: =CM43*$CX43 -> 0 | DG43: =CN43*$CX43 -> 0 | ... DO43: =CV43*$CX43 -> 0
A44: =A43+1 -> 45907 | B44: Sun | D44: 10 | E44: 11 | F44: 34.95 | G44: 41.4 | H44: =I44+J44 -> 0 | I44: =K44+M44+Q44 -> 0 | J44: =L44+N44+R44 -> 0 | S44: =T44+U44 -> 0 | V44: =W44+X44 -> 0 | AA44: =AB44+AC44 -> 0 | AD44: =AE44+AF44 -> 0 | AQ44: 11 | AR44: 3 | AS44: =AQ44/AR44 -> 3.6666667 | AT44: 13 | AU44: 1 | AV44: =AT44*AS44*AU44 -> 47.666667 | AW44: 29 | AY44: =H44/G44 -> 0 | AZ44: =I44/G44 -> 0 | BA44: =(K44+L44)/$G44 -> 0 | BB44: =K44/$G44 -> 0 | BC44: =(M44+N44)/$G44 -> 0 | BD44: =M44/$G44 -> 0 | BE44: =(Q44+R44)/$G44 -> 0 | BF44: =Q44/$G44 -> 0 | BG44: =S44/$G44 -> 0 | BH44: =V44/$G44 -> 0 | BI44: =AA44/$G44 -> 0 | BJ44: =AH44/$G44 -> 0 | BP44: =AY44*$AV44 -> 0 | BQ44: =AZ44*$AV44 -> 0 | BR44: =BA44*$AV44 -> 0 | BS44: =BB44*$AV44 -> 0 | BT44: =BC44*$AV44 -> 0 | BU44: =BD44*$AV44 -> 0 | BV44: =BE44*$AV44 -> 0 | BW44: =BF44*$AV44 -> 0 | ... CE44: =BN44*$AV44 -> 0 | CZ44: =CG44*$CX44 -> 0 | DA44: =CH44*$CX44 -> 0 | DB44: =CI44*$CX44 -> 0 | DC44: =CJ44*$CX44 -> 0 | DD44: =CK44*$CX44 -> 0 | DE44: =CL44*$CX44 -> 0 | DF44: =CM44*$CX44 -> 0 | DG44: =CN44*$CX44 -> 0 | ... DO44: =CV44*$CX44 -> 0
D45: =SUM(D38:D44) -> 30 | E45: =SUM(E38:E44) -> 35 | F45: =SUM(F38:F44) -> 113.74 | G45: =SUM(G38:G44) -> 135.15 | H45: =SUM(H38:H44) -> 0 | I45: =SUM(I38:I44) -> 0 | J45: =SUM(J38:J44) -> 0 | K45: =SUM(K38:K44) -> 0 | ... AH45: =SUM(AH38:AH44) -> 0 | AV45: =AVERAGE(AV38:AV42)*5+AVERAGE(AV43:AV44)*2 -> 172.16667 | CZ45: =CZ43+CZ38 -> 0 | DA45: =DA43+DA38 -> 0 | DB45: =DB43+DB38 -> 0 | DC45: =DC43+DC38 -> 0 | DD45: =DD43+DD38 -> 0 | DE45: =DE43+DE38 -> 0 | DF45: =DF43+DF38 -> 0 | DG45: =DG43+DG38 -> 0 | ... DO45: =DO43+DO38 -> 0
A47: =A38+7 -> 45908 | B47: Mon | D47: 7 | E47: 9 | F47: 37.4 | G47: 47.4 | H47: =I47+J47 -> 0 | I47: =K47+M47+Q47 -> 0 | J47: =L47+N47+R47 -> 0 | S47: =T47+U47 -> 1 | T47: 1 | V47: =W47+X47 -> 1 | X47: 1 | AA47: =AB47+AC47 -> 0 | AD47: =AE47+AF47 -> 0 | AQ47: 9 | AR47: 3 | AS47: =AQ47/AR47 -> 3 | AT47: 12.9 | AU47: 1 | AV47: =AT47*AS47*AU47 -> 38.7 | AW47: 13 | AY47: =H47/G47 -> 0 | AZ47: =I47/G47 -> 0 | BA47: =(K47+L47)/$G47 -> 0 | BB47: =K47/$G47 -> 0 | BC47: =(M47+N47)/$G47 -> 0 | BD47: =M47/$G47 -> 0 | BE47: =(Q47+R47)/$G47 -> 0 | BF47: =Q47/$G47 -> 0 | BG47: =S47/$G47 -> 0.021097046 | BH47: =V47/$G47 -> 0.021097046 | BI47: =AA47/$G47 -> 0 | BJ47: =AH47/$G47 -> 0 | BP47: =AY47*$AV47 -> 0 | BQ47: =AZ47*$AV47 -> 0 | BR47: =BA47*$AV47 -> 0 | BS47: =BB47*$AV47 -> 0 | BT47: =BC47*$AV47 -> 0 | BU47: =BD47*$AV47 -> 0 | BV47: =BE47*$AV47 -> 0 | BW47: =BF47*$AV47 -> 0 | ... CE47: =BN47*$AV47 -> 0 | CG47: =AVERAGE(BP47:BP51) -> 0.22674934 | CH47: =AVERAGE(BQ47:BQ51) -> 0 | CI47: =AVERAGE(BR47:BR51) -> 0 | CJ47: =AVERAGE(BS47:BS51) -> 0 | CK47: =AVERAGE(BT47:BT51) -> 0 | CL47: =AVERAGE(BU47:BU51) -> 0 | CM47: =AVERAGE(BV47:BV51) -> 0.22674934 | CN47: =AVERAGE(BW47:BW51) -> 0 | ... CV47: =AVERAGE(CE47:CE51) -> 0 | CX47: 5 | CZ47: =CG47*$CX47 -> 1.1337467 | DA47: =CH47*$CX47 -> 0 | DB47: =CI47*$CX47 -> 0 | DC47: =CJ47*$CX47 -> 0 | DD47: =CK47*$CX47 -> 0 | DE47: =CL47*$CX47 -> 0 | DF47: =CM47*$CX47 -> 1.1337467 | DG47: =CN47*$CX47 -> 0 | ... DO47: =CV47*$CX47 -> 0
A48: =A47+1 -> 45909 | B48: Tues | D48: 6 | E48: 6 | F48: 20.05 | G48: 22.33 | H48: =I48+J48 -> 0 | I48: =K48+M48+Q48 -> 0 | J48: =L48+N48+R48 -> 0 | S48: =T48+U48 -> 1 | T48: 1 | V48: =W48+X48 -> 0 | AA48: =AB48+AC48 -> 0 | AD48: =AE48+AF48 -> 0 | AQ48: 6 | AR48: 3 | AS48: =AQ48/AR48 -> 2 | AT48: 12.8 | AU48: 1 | AV48: =AT48*AS48*AU48 -> 25.6 | AW48: 17 | AY48: =H48/G48 -> 0 | AZ48: =I48/G48 -> 0 | BA48: =(K48+L48)/$G48 -> 0 | BB48: =K48/$G48 -> 0 | BC48: =(M48+N48)/$G48 -> 0 | BD48: =M48/$G48 -> 0 | BE48: =(Q48+R48)/$G48 -> 0 | BF48: =Q48/$G48 -> 0 | BG48: =S48/$G48 -> 0.044782803 | BH48: =V48/$G48 -> 0 | BI48: =AA48/$G48 -> 0 | BJ48: =AH48/$G48 -> 0 | BP48: =AY48*$AV48 -> 0 | BQ48: =AZ48*$AV48 -> 0 | BR48: =BA48*$AV48 -> 0 | BS48: =BB48*$AV48 -> 0 | BT48: =BC48*$AV48 -> 0 | BU48: =BD48*$AV48 -> 0 | BV48: =BE48*$AV48 -> 0 | BW48: =BF48*$AV48 -> 0 | ... CE48: =BN48*$AV48 -> 0
A49: =A48+1 -> 45910 | B49: Wed | D49: 6 | E49: 9 | F49: 26.48 | G49: 33.87 | H49: =I49+J49 -> 1 | I49: =K49+M49+Q49 -> 0 | J49: =L49+N49+R49 -> 1 | R49: 1 | S49: =T49+U49 -> 0 | V49: =W49+X49 -> 0 | AA49: =AB49+AC49 -> 0 | AD49: =AE49+AF49 -> 0 | AQ49: 9 | AR49: 3 | AS49: =AQ49/AR49 -> 3 | AT49: 12.8 | AU49: 1 | AV49: =AT49*AS49*AU49 -> 38.4 | AW49: 16 | AY49: =H49/G49 -> 0.029524653 | AZ49: =I49/G49 -> 0 | BA49: =(K49+L49)/$G49 -> 0 | BB49: =K49/$G49 -> 0 | BC49: =(M49+N49)/$G49 -> 0 | BD49: =M49/$G49 -> 0 | BE49: =(Q49+R49)/$G49 -> 0.029524653 | BF49: =Q49/$G49 -> 0 | BG49: =S49/$G49 -> 0 | BH49: =V49/$G49 -> 0 | BI49: =AA49/$G49 -> 0 | BJ49: =AH49/$G49 -> 0 | BP49: =AY49*$AV49 -> 1.1337467 | BQ49: =AZ49*$AV49 -> 0 | BR49: =BA49*$AV49 -> 0 | BS49: =BB49*$AV49 -> 0 | BT49: =BC49*$AV49 -> 0 | BU49: =BD49*$AV49 -> 0 | BV49: =BE49*$AV49 -> 1.1337467 | BW49: =BF49*$AV49 -> 0 | ... CE49: =BN49*$AV49 -> 0
A50: =A49+1 -> 45911 | B50: Thur | D50: 5 | E50: 6 | F50: 16.42 | G50: 18 | H50: =I50+J50 -> 0 | I50: =K50+M50+Q50 -> 0 | J50: =L50+N50+R50 -> 0 | S50: =T50+U50 -> 2 | T50: 1 | U50: 1 | V50: =W50+X50 -> 0 | AA50: =AB50+AC50 -> 0 | AD50: =AE50+AF50 -> 0 | AQ50: 6 | AR50: 3 | AS50: =AQ50/AR50 -> 2 | AT50: 12.7 | AU50: 1 | AV50: =AT50*AS50*AU50 -> 25.4 | AW50: 13 | AY50: =H50/G50 -> 0 | AZ50: =I50/G50 -> 0 | BA50: =(K50+L50)/$G50 -> 0 | BB50: =K50/$G50 -> 0 | BC50: =(M50+N50)/$G50 -> 0 | BD50: =M50/$G50 -> 0 | BE50: =(Q50+R50)/$G50 -> 0 | BF50: =Q50/$G50 -> 0 | BG50: =S50/$G50 -> 0.11111111 | BH50: =V50/$G50 -> 0 | BI50: =AA50/$G50 -> 0 | BJ50: =AH50/$G50 -> 0 | BP50: =AY50*$AV50 -> 0 | BQ50: =AZ50*$AV50 -> 0 | BR50: =BA50*$AV50 -> 0 | BS50: =BB50*$AV50 -> 0 | BT50: =BC50*$AV50 -> 0 | BU50: =BD50*$AV50 -> 0 | BV50: =BE50*$AV50 -> 0 | BW50: =BF50*$AV50 -> 0 | ... CE50: =BN50*$AV50 -> 0
A51: =A50+1 -> 45912 | B51: Fri | D51: 11 | E51: 9 | F51: 38.35 | G51: 46.69 | H51: =I51+J51 -> 0 | I51: =K51+M51+Q51 -> 0 | J51: =L51+N51+R51 -> 0 | S51: =T51+U51 -> 1 | T51: 1 | V51: =W51+X51 -> 0 | AA51: =AB51+AC51 -> 0 | AD51: =AE51+AF51 -> 0 | AQ51: 13 | AR51: 3 | AS51: =AQ51/AR51 -> 4.3333333 | AT51: 12.7 | AU51: 1 | AV51: =AT51*AS51*AU51 -> 55.033333 | AW51: 31 | AY51: =H51/G51 -> 0 | AZ51: =I51/G51 -> 0 | BA51: =(K51+L51)/$G51 -> 0 | BB51: =K51/$G51 -> 0 | BC51: =(M51+N51)/$G51 -> 0 | BD51: =M51/$G51 -> 0 | BE51: =(Q51+R51)/$G51 -> 0 | BF51: =Q51/$G51 -> 0 | BG51: =S51/$G51 -> 0.021417862 | BH51: =V51/$G51 -> 0 | BI51: =AA51/$G51 -> 0 | BJ51: =AH51/$G51 -> 0 | BP51: =AY51*$AV51 -> 0 | BQ51: =AZ51*$AV51 -> 0 | BR51: =BA51*$AV51 -> 0 | BS51: =BB51*$AV51 -> 0 | BT51: =BC51*$AV51 -> 0 | BU51: =BD51*$AV51 -> 0 | BV51: =BE51*$AV51 -> 0 | BW51: =BF51*$AV51 -> 0 | ... CE51: =BN51*$AV51 -> 0
A52: =A51+1 -> 45913 | B52: Sat | D52: 18 | E52: 23 | F52: 45.13 | G52: 58.67 | H52: =I52+J52 -> 0 | I52: =K52+M52+Q52 -> 0 | J52: =L52+N52+R52 -> 0 | S52: =T52+U52 -> 2 | T52: 2 | V52: =W52+X52 -> 0 | AA52: =AB52+AC52 -> 0 | AD52: =AE52+AF52 -> 0 | AQ52: 23 | AR52: 3 | AS52: =AQ52/AR52 -> 7.6666667 | AT52: 12.6 | AU52: 1 | AV52: =AT52*AS52*AU52 -> 96.6 | AW52: 42 | AY52: =H52/G52 -> 0 | AZ52: =I52/G52 -> 0 | BA52: =(K52+L52)/$G52 -> 0 | BB52: =K52/$G52 -> 0 | BC52: =(M52+N52)/$G52 -> 0 | BD52: =M52/$G52 -> 0 | BE52: =(Q52+R52)/$G52 -> 0 | BF52: =Q52/$G52 -> 0 | BG52: =S52/$G52 -> 0.034088972 | BH52: =V52/$G52 -> 0 | BI52: =AA52/$G52 -> 0 | BJ52: =AH52/$G52 -> 0 | BP52: =AY52*$AV52 -> 0 | BQ52: =AZ52*$AV52 -> 0 | BR52: =BA52*$AV52 -> 0 | BS52: =BB52*$AV52 -> 0 | BT52: =BC52*$AV52 -> 0 | BU52: =BD52*$AV52 -> 0 | BV52: =BE52*$AV52 -> 0 | BW52: =BF52*$AV52 -> 0 | ... CE52: =BN52*$AV52 -> 0 | CG52: =AVERAGE(BP52:BP53) -> 0 | CH52: =AVERAGE(BQ52:BQ53) -> 0 | CI52: =AVERAGE(BR52:BR53) -> 0 | CJ52: =AVERAGE(BS52:BS53) -> 0 | CK52: =AVERAGE(BT52:BT53) -> 0 | CL52: =AVERAGE(BU52:BU53) -> 0 | CM52: =AVERAGE(BV52:BV53) -> 0 | CN52: =AVERAGE(BW52:BW53) -> 0 | ... CV52: =AVERAGE(CE52:CE53) -> 0 | CX52: 2 | CZ52: =CG52*$CX52 -> 0 | DA52: =CH52*$CX52 -> 0 | DB52: =CI52*$CX52 -> 0 | DC52: =CJ52*$CX52 -> 0 | DD52: =CK52*$CX52 -> 0 | DE52: =CL52*$CX52 -> 0 | DF52: =CM52*$CX52 -> 0 | DG52: =CN52*$CX52 -> 0 | ... DO52: =CV52*$CX52 -> 0
A53: =A52+1 -> 45914 | B53: Sun | D53: 9 | E53: 12 | F53: 1 | G53: 1 | H53: =I53+J53 -> 0 | I53: =K53+M53+Q53 -> 0 | J53: =L53+N53+R53 -> 0 | S53: =T53+U53 -> 0 | V53: =W53+X53 -> 0 | AA53: =AB53+AC53 -> 0 | AD53: =AE53+AF53 -> 0 | AQ53: 12 | AR53: 3 | AS53: =AQ53/AR53 -> 4 | AT53: 12.6 | AU53: 1 | AV53: =AT53*AS53*AU53 -> 50.4 | AW53: 32 | AY53: =H53/G53 -> 0 | AZ53: =I53/G53 -> 0 | BA53: =(K53+L53)/$G53 -> 0 | BB53: =K53/$G53 -> 0 | BC53: =(M53+N53)/$G53 -> 0 | BD53: =M53/$G53 -> 0 | BE53: =(Q53+R53)/$G53 -> 0 | BF53: =Q53/$G53 -> 0 | BG53: =S53/$G53 -> 0 | BH53: =V53/$G53 -> 0 | BI53: =AA53/$G53 -> 0 | BJ53: =AH53/$G53 -> 0 | BP53: =AY53*$AV53 -> 0 | BQ53: =AZ53*$AV53 -> 0 | BR53: =BA53*$AV53 -> 0 | BS53: =BB53*$AV53 -> 0 | BT53: =BC53*$AV53 -> 0 | BU53: =BD53*$AV53 -> 0 | BV53: =BE53*$AV53 -> 0 | BW53: =BF53*$AV53 -> 0 | ... CE53: =BN53*$AV53 -> 0
D54: =SUM(D47:D53) -> 62 | E54: =SUM(E47:E53) -> 74 | F54: =SUM(F47:F53) -> 184.83 | G54: =SUM(G47:G53) -> 227.96 | H54: =SUM(H47:H53) -> 1 | I54: =SUM(I47:I53) -> 0 | J54: =SUM(J47:J53) -> 1 | K54: =SUM(K47:K53) -> 0 | ... AH54: =SUM(AH47:AH53) -> 0 | AV54: =AVERAGE(AV47:AV51)*5+AVERAGE(AV52:AV53)*2 -> 330.13333 | CZ54: =CZ52+CZ47 -> 1.1337467 | DA54: =DA52+DA47 -> 0 | DB54: =DB52+DB47 -> 0 | DC54: =DC52+DC47 -> 0 | DD54: =DD52+DD47 -> 0 | DE54: =DE52+DE47 -> 0 | DF54: =DF52+DF47 -> 1.1337467 | DG54: =DG52+DG47 -> 0 | ... DO54: =DO52+DO47 -> 0
A56: =A47+7 -> 45915 | B56: Mon | D56: 6 | E56: 7 | F56: 20.83 | G56: 28.92 | H56: =I56+J56 -> 0 | I56: =K56+M56+Q56 -> 0 | J56: =L56+N56+R56 -> 0 | S56: =T56+U56 -> 0 | V56: =W56+X56 -> 0 | AA56: =AB56+AC56 -> 0 | AD56: =AE56+AF56 -> 0 | AQ56: 7 | AR56: 3 | AS56: =AQ56/AR56 -> 2.3333333 | AT56: 12.5 | AU56: 1 | AV56: =AT56*AS56*AU56 -> 29.166667 | AY56: =H56/G56 -> 0 | AZ56: =I56/G56 -> 0 | BA56: =(K56+L56)/$G56 -> 0 | BB56: =K56/$G56 -> 0 | BC56: =(M56+N56)/$G56 -> 0 | BD56: =M56/$G56 -> 0 | BE56: =(Q56+R56)/$G56 -> 0 | BF56: =Q56/$G56 -> 0 | BG56: =S56/$G56 -> 0 | BH56: =V56/$G56 -> 0 | BI56: =AA56/$G56 -> 0 | BJ56: =AH56/$G56 -> 0 | BP56: =AY56*$AV56 -> 0 | BQ56: =AZ56*$AV56 -> 0 | BR56: =BA56*$AV56 -> 0 | BS56: =BB56*$AV56 -> 0 | BT56: =BC56*$AV56 -> 0 | BU56: =BD56*$AV56 -> 0 | BV56: =BE56*$AV56 -> 0 | BW56: =BF56*$AV56 -> 0 | ... CE56: =BN56*$AV56 -> 0 | CG56: =AVERAGE(BP56:BP60) -> 0 | CH56: =AVERAGE(BQ56:BQ60) -> 0 | CI56: =AVERAGE(BR56:BR60) -> 0 | CJ56: =AVERAGE(BS56:BS60) -> 0 | CK56: =AVERAGE(BT56:BT60) -> 0 | CL56: =AVERAGE(BU56:BU60) -> 0 | CM56: =AVERAGE(BV56:BV60) -> 0 | CN56: =AVERAGE(BW56:BW60) -> 0 | ... CV56: =AVERAGE(CE56:CE60) -> 0 | CX56: 5 | CZ56: =CG56*$CX56 -> 0 | DA56: =CH56*$CX56 -> 0 | DB56: =CI56*$CX56 -> 0 | DC56: =CJ56*$CX56 -> 0 | DD56: =CK56*$CX56 -> 0 | DE56: =CL56*$CX56 -> 0 | DF56: =CM56*$CX56 -> 0 | DG56: =CN56*$CX56 -> 0 | ... DO56: =CV56*$CX56 -> 0
A57: =A56+1 -> 45916 | B57: Tues | D57: 3 | E57: 5 | F57: 22.27 | G57: 41.4 | H57: =I57+J57 -> 0 | I57: =K57+M57+Q57 -> 0 | J57: =L57+N57+R57 -> 0 | S57: =T57+U57 -> 0 | V57: =W57+X57 -> 0 | AA57: =AB57+AC57 -> 0 | AD57: =AE57+AF57 -> 0 | AQ57: 5 | AR57: 3 | AS57: =AQ57/AR57 -> 1.6666667 | AT57: 12.5 | AU57: 1 | AV57: =AT57*AS57*AU57 -> 20.833333 | AY57: =H57/G57 -> 0 | AZ57: =I57/G57 -> 0 | BA57: =(K57+L57)/$G57 -> 0 | BB57: =K57/$G57 -> 0 | BC57: =(M57+N57)/$G57 -> 0 | BD57: =M57/$G57 -> 0 | BE57: =(Q57+R57)/$G57 -> 0 | BF57: =Q57/$G57 -> 0 | BG57: =S57/$G57 -> 0 | BH57: =V57/$G57 -> 0 | BI57: =AA57/$G57 -> 0 | BJ57: =AH57/$G57 -> 0 | BP57: =AY57*$AV57 -> 0 | BQ57: =AZ57*$AV57 -> 0 | BR57: =BA57*$AV57 -> 0 | BS57: =BB57*$AV57 -> 0 | BT57: =BC57*$AV57 -> 0 | BU57: =BD57*$AV57 -> 0 | BV57: =BE57*$AV57 -> 0 | BW57: =BF57*$AV57 -> 0 | ... CE57: =BN57*$AV57 -> 0
A58: =A57+1 -> 45917 | B58: Wed | D58: 10 | E58: 13 | F58: 63.78 | G58: 87.73 | H58: =I58+J58 -> 0 | I58: =K58+M58+Q58 -> 0 | J58: =L58+N58+R58 -> 0 | S58: =T58+U58 -> 5 | U58: 5 | V58: =W58+X58 -> 1 | X58: 1 | Y58: 1 | AA58: =AB58+AC58 -> 0 | AD58: =AE58+AF58 -> 0 | AQ58: 13 | AR58: 3 | AS58: =AQ58/AR58 -> 4.3333333 | AT58: 12.4 | AU58: 1 | AV58: =AT58*AS58*AU58 -> 53.733333 | AY58: =H58/G58 -> 0 | AZ58: =I58/G58 -> 0 | BA58: =(K58+L58)/$G58 -> 0 | BB58: =K58/$G58 -> 0 | BC58: =(M58+N58)/$G58 -> 0 | BD58: =M58/$G58 -> 0 | BE58: =(Q58+R58)/$G58 -> 0 | BF58: =Q58/$G58 -> 0 | BG58: =S58/$G58 -> 0.056993047 | BH58: =V58/$G58 -> 0.011398609 | BI58: =AA58/$G58 -> 0 | BJ58: =AH58/$G58 -> 0 | BP58: =AY58*$AV58 -> 0 | BQ58: =AZ58*$AV58 -> 0 | BR58: =BA58*$AV58 -> 0 | BS58: =BB58*$AV58 -> 0 | BT58: =BC58*$AV58 -> 0 | BU58: =BD58*$AV58 -> 0 | BV58: =BE58*$AV58 -> 0 | BW58: =BF58*$AV58 -> 0 | ... CE58: =BN58*$AV58 -> 0
A59: =A58+1 -> 45918 | B59: Thur | D59: 7 | E59: 10 | F59: 53.43 | G59: 67.82 | H59: =I59+J59 -> 0 | I59: =K59+M59+Q59 -> 0 | J59: =L59+N59+R59 -> 0 | S59: =T59+U59 -> 1 | U59: 1 | V59: =W59+X59 -> 0 | Z59: 2 | AA59: =AB59+AC59 -> 0 | AD59: =AE59+AF59 -> 0 | AQ59: 28 | AR59: 3 | AS59: =AQ59/AR59 -> 9.3333333 | AT59: 12.3 | AU59: 1 | AV59: =AT59*AS59*AU59 -> 114.8 | AY59: =H59/G59 -> 0 | AZ59: =I59/G59 -> 0 | BA59: =(K59+L59)/$G59 -> 0 | BB59: =K59/$G59 -> 0 | BC59: =(M59+N59)/$G59 -> 0 | BD59: =M59/$G59 -> 0 | BE59: =(Q59+R59)/$G59 -> 0 | BF59: =Q59/$G59 -> 0 | BG59: =S59/$G59 -> 0.014744913 | BH59: =V59/$G59 -> 0 | BI59: =AA59/$G59 -> 0 | BJ59: =AH59/$G59 -> 0 | BP59: =AY59*$AV59 -> 0 | BQ59: =AZ59*$AV59 -> 0 | BR59: =BA59*$AV59 -> 0 | BS59: =BB59*$AV59 -> 0 | BT59: =BC59*$AV59 -> 0 | BU59: =BD59*$AV59 -> 0 | BV59: =BE59*$AV59 -> 0 | BW59: =BF59*$AV59 -> 0 | ... CE59: =BN59*$AV59 -> 0 | DU59: 1
A60: =A59+1 -> 45919 | B60: Fri | D60: 20 | E60: 28 | F60: 58.5 | G60: 86.17 | H60: =I60+J60 -> 0 | I60: =K60+M60+Q60 -> 0 | J60: =L60+N60+R60 -> 0 | S60: =T60+U60 -> 6 | T60: 1 | U60: 5 | V60: =W60+X60 -> 0 | Y60: 1 | AA60: =AB60+AC60 -> 0 | AD60: =AE60+AF60 -> 0 | AQ60: 28 | AR60: 3 | AS60: =AQ60/AR60 -> 9.3333333 | AT60: 12.3 | AU60: 1 | AV60: =AT60*AS60*AU60 -> 114.8 | AY60: =H60/G60 -> 0 | AZ60: =I60/G60 -> 0 | BA60: =(K60+L60)/$G60 -> 0 | BB60: =K60/$G60 -> 0 | BC60: =(M60+N60)/$G60 -> 0 | BD60: =M60/$G60 -> 0 | BE60: =(Q60+R60)/$G60 -> 0 | BF60: =Q60/$G60 -> 0 | BG60: =S60/$G60 -> 0.069629802 | BH60: =V60/$G60 -> 0 | BI60: =AA60/$G60 -> 0 | BJ60: =AH60/$G60 -> 0 | BP60: =AY60*$AV60 -> 0 | BQ60: =AZ60*$AV60 -> 0 | BR60: =BA60*$AV60 -> 0 | BS60: =BB60*$AV60 -> 0 | BT60: =BC60*$AV60 -> 0 | BU60: =BD60*$AV60 -> 0 | BV60: =BE60*$AV60 -> 0 | BW60: =BF60*$AV60 -> 0 | ... CE60: =BN60*$AV60 -> 0
A61: =A60+1 -> 45920 | B61: Sat | D61: 30 | E61: 39 | F61: 127.95 | G61: 159 | H61: =I61+J61 -> 0 | I61: =K61+M61+Q61 -> 0 | J61: =L61+N61+R61 -> 0 | S61: =T61+U61 -> 8 | T61: 1 | U61: 7 | V61: =W61+X61 -> 0 | AA61: =AB61+AC61 -> 0 | AD61: =AE61+AF61 -> 0 | AQ61: 39 | AR61: 3 | AS61: =AQ61/AR61 -> 13 | AT61: 12.2 | AU61: 1 | AV61: =AT61*AS61*AU61 -> 158.6 | AY61: =H61/G61 -> 0 | AZ61: =I61/G61 -> 0 | BA61: =(K61+L61)/$G61 -> 0 | BB61: =K61/$G61 -> 0 | BC61: =(M61+N61)/$G61 -> 0 | BD61: =M61/$G61 -> 0 | BE61: =(Q61+R61)/$G61 -> 0 | BF61: =Q61/$G61 -> 0 | BG61: =S61/$G61 -> 0.050314465 | BH61: =V61/$G61 -> 0 | BI61: =AA61/$G61 -> 0 | BJ61: =AH61/$G61 -> 0 | BP61: =AY61*$AV61 -> 0 | BQ61: =AZ61*$AV61 -> 0 | BR61: =BA61*$AV61 -> 0 | BS61: =BB61*$AV61 -> 0 | BT61: =BC61*$AV61 -> 0 | BU61: =BD61*$AV61 -> 0 | BV61: =BE61*$AV61 -> 0 | BW61: =BF61*$AV61 -> 0 | ... CE61: =BN61*$AV61 -> 0 | CG61: =AVERAGE(BP61:BP62) -> 0 | CH61: =AVERAGE(BQ61:BQ62) -> 0 | CI61: =AVERAGE(BR61:BR62) -> 0 | CJ61: =AVERAGE(BS61:BS62) -> 0 | CK61: =AVERAGE(BT61:BT62) -> 0 | CL61: =AVERAGE(BU61:BU62) -> 0 | CM61: =AVERAGE(BV61:BV62) -> 0 | CN61: =AVERAGE(BW61:BW62) -> 0 | ... CV61: =AVERAGE(CE61:CE62) -> 0 | CX61: 2 | CZ61: =CG61*$CX61 -> 0 | DA61: =CH61*$CX61 -> 0 | DB61: =CI61*$CX61 -> 0 | DC61: =CJ61*$CX61 -> 0 | DD61: =CK61*$CX61 -> 0 | DE61: =CL61*$CX61 -> 0 | DF61: =CM61*$CX61 -> 0 | DG61: =CN61*$CX61 -> 0 | ... DO61: =CV61*$CX61 -> 0 | DW61: 2
A62: =A61+1 -> 45921 | B62: Sun | D62: 33 | E62: 43 | F62: 107.02 | G62: 142.67 | H62: =I62+J62 -> 0 | I62: =K62+M62+Q62 -> 0 | J62: =L62+N62+R62 -> 0 | S62: =T62+U62 -> 7 | U62: 7 | V62: =W62+X62 -> 0 | AA62: =AB62+AC62 -> 0 | AD62: =AE62+AF62 -> 0 | AQ62: 43 | AR62: 3 | AS62: =AQ62/AR62 -> 14.333333 | AT62: 12.2 | AU62: 1 | AV62: =AT62*AS62*AU62 -> 174.86667 | AY62: =H62/G62 -> 0 | AZ62: =I62/G62 -> 0 | BA62: =(K62+L62)/$G62 -> 0 | BB62: =K62/$G62 -> 0 | BC62: =(M62+N62)/$G62 -> 0 | BD62: =M62/$G62 -> 0 | BE62: =(Q62+R62)/$G62 -> 0 | BF62: =Q62/$G62 -> 0 | BG62: =S62/$G62 -> 0.049064274 | BH62: =V62/$G62 -> 0 | BI62: =AA62/$G62 -> 0 | BJ62: =AH62/$G62 -> 0 | BP62: =AY62*$AV62 -> 0 | BQ62: =AZ62*$AV62 -> 0 | BR62: =BA62*$AV62 -> 0 | BS62: =BB62*$AV62 -> 0 | BT62: =BC62*$AV62 -> 0 | BU62: =BD62*$AV62 -> 0 | BV62: =BE62*$AV62 -> 0 | BW62: =BF62*$AV62 -> 0 | ... CE62: =BN62*$AV62 -> 0
D63: =SUM(D56:D62) -> 109 | G63: =SUM(G56:G62) -> 613.71 | H63: =SUM(H56:H62) -> 0 | I63: =SUM(I56:I62) -> 0 | J63: =SUM(J56:J62) -> 0 | K63: =SUM(K56:K62) -> 0 | L63: =SUM(L56:L62) -> 0 | M63: =SUM(M56:M62) -> 0 | N63: =SUM(N56:N62) -> 0 | ... AH63: =SUM(AH56:AH62) -> 0 | AV63: =AVERAGE(AV56:AV60)*5+AVERAGE(AV61:AV62)*2 -> 666.8 | CZ63: =CZ61+CZ56 -> 0 | DA63: =DA61+DA56 -> 0 | DB63: =DB61+DB56 -> 0 | DC63: =DC61+DC56 -> 0 | DD63: =DD61+DD56 -> 0 | DE63: =DE61+DE56 -> 0 | DF63: =DF61+DF56 -> 0 | DG63: =DG61+DG56 -> 0 | ... DO63: =DO61+DO56 -> 0
A65: =A56+7 -> 45922 | B65: Mon | D65: 14 | E65: 17 | F65: 51.43 | G65: 84.28 | H65: =I65+J65 -> 0 | I65: =K65+M65+Q65 -> 0 | J65: =L65+N65+R65 -> 0 | S65: =T65+U65 -> 4 | T65: 2 | U65: 2 | V65: =W65+X65 -> 0 | Y65: 7 | AA65: =AB65+AC65 -> 0 | AD65: =AE65+AF65 -> 0 | AQ65: 17 | AR65: 3 | AS65: =AQ65/AR65 -> 5.6666667 | AT65: 12.2 | AU65: 1 | AV65: =AT65*AS65*AU65 -> 69.133333 | AY65: =H65/G65 -> 0 | AZ65: =I65/G65 -> 0 | BA65: =(K65+L65)/$G65 -> 0 | BB65: =K65/$G65 -> 0 | BC65: =(M65+N65)/$G65 -> 0 | BD65: =M65/$G65 -> 0 | BE65: =(Q65+R65)/$G65 -> 0 | BF65: =Q65/$G65 -> 0 | BG65: =S65/$G65 -> 0.047460845 | BH65: =V65/$G65 -> 0 | BI65: =AA65/$G65 -> 0 | BJ65: =AH65/$G65 -> 0 | BP65: =AY65*$AV65 -> 0 | BQ65: =AZ65*$AV65 -> 0 | BR65: =BA65*$AV65 -> 0 | BS65: =BB65*$AV65 -> 0 | BT65: =BC65*$AV65 -> 0 | BU65: =BD65*$AV65 -> 0 | BV65: =BE65*$AV65 -> 0 | BW65: =BF65*$AV65 -> 0 | ... CE65: =BN65*$AV65 -> 0 | CG65: =AVERAGE(BP65:BP69) -> 0.17230944 | CH65: =AVERAGE(BQ65:BQ69) -> 0 | CI65: =AVERAGE(BR65:BR69) -> 0 | CJ65: =AVERAGE(BS65:BS69) -> 0 | CK65: =AVERAGE(BT65:BT69) -> 0 | CL65: =AVERAGE(BU65:BU69) -> 0 | CM65: =AVERAGE(BV65:BV69) -> 0.17230944 | CN65: =AVERAGE(BW65:BW69) -> 0 | ... CV65: =AVERAGE(CE65:CE69) -> 0 | CX65: 5 | CZ65: =CG65*$CX65 -> 0.86154722 | DA65: =CH65*$CX65 -> 0 | DB65: =CI65*$CX65 -> 0 | DC65: =CJ65*$CX65 -> 0 | DD65: =CK65*$CX65 -> 0 | DE65: =CL65*$CX65 -> 0 | DF65: =CM65*$CX65 -> 0.86154722 | DG65: =CN65*$CX65 -> 0 | ... DO65: =CV65*$CX65 -> 0
A66: =A65+1 -> 45923 | B66: Tues | D66: 12 | E66: 17 | F66: 43.45 | G66: 67.22 | H66: =I66+J66 -> 0 | I66: =K66+M66+Q66 -> 0 | J66: =L66+N66+R66 -> 0 | S66: =T66+U66 -> 4 | T66: 2 | U66: 2 | V66: =W66+X66 -> 0 | AA66: =AB66+AC66 -> 0 | AD66: =AE66+AF66 -> 0 | AQ66: 17 | AR66: 3 | AS66: =AQ66/AR66 -> 5.6666667 | AT66: 12.1 | AU66: 1 | AV66: =AT66*AS66*AU66 -> 68.566667 | AY66: =H66/G66 -> 0 | AZ66: =I66/G66 -> 0 | BA66: =(K66+L66)/$G66 -> 0 | BB66: =K66/$G66 -> 0 | BC66: =(M66+N66)/$G66 -> 0 | BD66: =M66/$G66 -> 0 | BE66: =(Q66+R66)/$G66 -> 0 | BF66: =Q66/$G66 -> 0 | BG66: =S66/$G66 -> 0.059506099 | BH66: =V66/$G66 -> 0 | BI66: =AA66/$G66 -> 0 | BJ66: =AH66/$G66 -> 0 | BP66: =AY66*$AV66 -> 0 | BQ66: =AZ66*$AV66 -> 0 | BR66: =BA66*$AV66 -> 0 | BS66: =BB66*$AV66 -> 0 | BT66: =BC66*$AV66 -> 0 | BU66: =BD66*$AV66 -> 0 | BV66: =BE66*$AV66 -> 0 | BW66: =BF66*$AV66 -> 0 | ... CE66: =BN66*$AV66 -> 0
A67: =A66+1 -> 45924 | B67: Wed | D67: 13 | E67: 20 | F67: 66.19 | G67: 93.63 | H67: =I67+J67 -> 1 | I67: =K67+M67+Q67 -> 0 | J67: =L67+N67+R67 -> 1 | R67: 1 | S67: =T67+U67 -> 7 | T67: 3 | U67: 4 | V67: =W67+X67 -> 3 | X67: 3 | AA67: =AB67+AC67 -> 0 | AD67: =AE67+AF67 -> 0 | AQ67: 20 | AR67: 3 | AS67: =AQ67/AR67 -> 6.6666667 | AT67: 12.1 | AU67: 1 | AV67: =AT67*AS67*AU67 -> 80.666667 | AY67: =H67/G67 -> 0.010680337 | AZ67: =I67/G67 -> 0 | BA67: =(K67+L67)/$G67 -> 0 | BB67: =K67/$G67 -> 0 | BC67: =(M67+N67)/$G67 -> 0 | BD67: =M67/$G67 -> 0 | BE67: =(Q67+R67)/$G67 -> 0.010680337 | BF67: =Q67/$G67 -> 0 | BG67: =S67/$G67 -> 0.074762362 | BH67: =V67/$G67 -> 0.032041012 | BI67: =AA67/$G67 -> 0 | BJ67: =AH67/$G67 -> 0 | BP67: =AY67*$AV67 -> 0.86154722 | BQ67: =AZ67*$AV67 -> 0 | BR67: =BA67*$AV67 -> 0 | BS67: =BB67*$AV67 -> 0 | BT67: =BC67*$AV67 -> 0 | BU67: =BD67*$AV67 -> 0 | BV67: =BE67*$AV67 -> 0.86154722 | BW67: =BF67*$AV67 -> 0 | ... CE67: =BN67*$AV67 -> 0
A68: =A67+1 -> 45925 | B68: Thur | D68: 15 | E68: 23 | F68: 116.63 | G68: 164.97 | H68: =I68+J68 -> 0 | I68: =K68+M68+Q68 -> 0 | J68: =L68+N68+R68 -> 0 | S68: =T68+U68 -> 6 | T68: 3 | U68: 3 | V68: =W68+X68 -> 2 | X68: 2 | Y68: 1 | AA68: =AB68+AC68 -> 0 | AD68: =AE68+AF68 -> 0 | AQ68: 23 | AR68: 3 | AS68: =AQ68/AR68 -> 7.6666667 | AT68: 12 | AU68: 1 | AV68: =AT68*AS68*AU68 -> 92 | AY68: =H68/G68 -> 0 | AZ68: =I68/G68 -> 0 | BA68: =(K68+L68)/$G68 -> 0 | BB68: =K68/$G68 -> 0 | BC68: =(M68+N68)/$G68 -> 0 | BD68: =M68/$G68 -> 0 | BE68: =(Q68+R68)/$G68 -> 0 | BF68: =Q68/$G68 -> 0 | BG68: =S68/$G68 -> 0.036370249 | BH68: =V68/$G68 -> 0.012123416 | BI68: =AA68/$G68 -> 0 | BJ68: =AH68/$G68 -> 0 | BP68: =AY68*$AV68 -> 0 | BQ68: =AZ68*$AV68 -> 0 | BR68: =BA68*$AV68 -> 0 | BS68: =BB68*$AV68 -> 0 | BT68: =BC68*$AV68 -> 0 | BU68: =BD68*$AV68 -> 0 | BV68: =BE68*$AV68 -> 0 | BW68: =BF68*$AV68 -> 0 | ... CE68: =BN68*$AV68 -> 0
A69: =A68+1 -> 45926 | B69: Fri | D69: 18 | E69: 25 | F69: 70.04 | G69: 99.67 | H69: =I69+J69 -> 0 | I69: =K69+M69+Q69 -> 0 | J69: =L69+N69+R69 -> 0 | S69: =T69+U69 -> 4 | T69: 2 | U69: 2 | V69: =W69+X69 -> 0 | AA69: =AB69+AC69 -> 0 | AD69: =AE69+AF69 -> 0 | AQ69: 25 | AR69: 3 | AS69: =AQ69/AR69 -> 8.3333333 | AT69: 11.9 | AU69: 1 | AV69: =AT69*AS69*AU69 -> 99.166667 | AY69: =H69/G69 -> 0 | AZ69: =I69/G69 -> 0 | BA69: =(K69+L69)/$G69 -> 0 | BB69: =K69/$G69 -> 0 | BC69: =(M69+N69)/$G69 -> 0 | BD69: =M69/$G69 -> 0 | BE69: =(Q69+R69)/$G69 -> 0 | BF69: =Q69/$G69 -> 0 | BG69: =S69/$G69 -> 0.040132437 | BH69: =V69/$G69 -> 0 | BI69: =AA69/$G69 -> 0 | BJ69: =AH69/$G69 -> 0 | BP69: =AY69*$AV69 -> 0 | BQ69: =AZ69*$AV69 -> 0 | BR69: =BA69*$AV69 -> 0 | BS69: =BB69*$AV69 -> 0 | BT69: =BC69*$AV69 -> 0 | BU69: =BD69*$AV69 -> 0 | BV69: =BE69*$AV69 -> 0 | BW69: =BF69*$AV69 -> 0 | ... CE69: =BN69*$AV69 -> 0
A70: =A69+1 -> 45927 | B70: Sat | D70: 42 | E70: 52 | F70: 191.28 | G70: 238.03 | H70: =I70+J70 -> 0 | I70: =K70+M70+Q70 -> 0 | J70: =L70+N70+R70 -> 0 | S70: =T70+U70 -> 12 | U70: 12 | V70: =W70+X70 -> 2 | X70: 2 | AA70: =AB70+AC70 -> 0 | AD70: =AE70+AF70 -> 0 | AQ70: 52 | AR70: 2 | AS70: =AQ70/AR70 -> 26 | AT70: 11.9 | AU70: 1 | AV70: =AT70*AS70*AU70 -> 309.4 | AY70: =H70/G70 -> 0 | AZ70: =I70/G70 -> 0 | BA70: =(K70+L70)/$G70 -> 0 | BB70: =K70/$G70 -> 0 | BC70: =(M70+N70)/$G70 -> 0 | BD70: =M70/$G70 -> 0 | BE70: =(Q70+R70)/$G70 -> 0 | BF70: =Q70/$G70 -> 0 | BG70: =S70/$G70 -> 0.050413813 | BH70: =V70/$G70 -> 0.0084023022 | BI70: =AA70/$G70 -> 0 | BJ70: =AH70/$G70 -> 0 | BP70: =AY70*$AV70 -> 0 | BQ70: =AZ70*$AV70 -> 0 | BR70: =BA70*$AV70 -> 0 | BS70: =BB70*$AV70 -> 0 | BT70: =BC70*$AV70 -> 0 | BU70: =BD70*$AV70 -> 0 | BV70: =BE70*$AV70 -> 0 | BW70: =BF70*$AV70 -> 0 | ... CE70: =BN70*$AV70 -> 0 | CG70: =AVERAGE(BP70:BP71) -> 0 | CH70: =AVERAGE(BQ70:BQ71) -> 0 | CI70: =AVERAGE(BR70:BR71) -> 0 | CJ70: =AVERAGE(BS70:BS71) -> 0 | CK70: =AVERAGE(BT70:BT71) -> 0 | CL70: =AVERAGE(BU70:BU71) -> 0 | CM70: =AVERAGE(BV70:BV71) -> 0 | CN70: =AVERAGE(BW70:BW71) -> 0 | ... CV70: =AVERAGE(CE70:CE71) -> 0 | CX70: 2 | CZ70: =CG70*$CX70 -> 0 | DA70: =CH70*$CX70 -> 0 | DB70: =CI70*$CX70 -> 0 | DC70: =CJ70*$CX70 -> 0 | DD70: =CK70*$CX70 -> 0 | DE70: =CL70*$CX70 -> 0 | DF70: =CM70*$CX70 -> 0 | DG70: =CN70*$CX70 -> 0 | ... DO70: =CV70*$CX70 -> 0 | DV70: 1 | DW70: 1
A71: =A70+1 -> 45928 | B71: Sun | D71: 25 | E71: 27 | F71: 118.26 | G71: 145.75 | H71: =I71+J71 -> 0 | I71: =K71+M71+Q71 -> 0 | J71: =L71+N71+R71 -> 0 | S71: =T71+U71 -> 2 | U71: 2 | V71: =W71+X71 -> 0 | AA71: =AB71+AC71 -> 0 | AD71: =AE71+AF71 -> 0 | AQ71: 27 | AR71: 2 | AS71: =AQ71/AR71 -> 13.5 | AT71: 11.8 | AU71: 1 | AV71: =AT71*AS71*AU71 -> 159.3 | AY71: =H71/G71 -> 0 | AZ71: =I71/G71 -> 0 | BA71: =(K71+L71)/$G71 -> 0 | BB71: =K71/$G71 -> 0 | BC71: =(M71+N71)/$G71 -> 0 | BD71: =M71/$G71 -> 0 | BE71: =(Q71+R71)/$G71 -> 0 | BF71: =Q71/$G71 -> 0 | BG71: =S71/$G71 -> 0.013722127 | BH71: =V71/$G71 -> 0 | BI71: =AA71/$G71 -> 0 | BJ71: =AH71/$G71 -> 0 | BP71: =AY71*$AV71 -> 0 | BQ71: =AZ71*$AV71 -> 0 | BR71: =BA71*$AV71 -> 0 | BS71: =BB71*$AV71 -> 0 | BT71: =BC71*$AV71 -> 0 | BU71: =BD71*$AV71 -> 0 | BV71: =BE71*$AV71 -> 0 | BW71: =BF71*$AV71 -> 0 | ... CE71: =BN71*$AV71 -> 0 | DW71: 1
D72: =SUM(D65:D71) -> 139 | G72: =SUM(G65:G71) -> 893.55 | H72: =SUM(H65:H71) -> 1 | I72: =SUM(I65:I71) -> 0 | J72: =SUM(J65:J71) -> 1 | K72: =SUM(K65:K71) -> 0 | L72: =SUM(L65:L71) -> 0 | M72: =SUM(M65:M71) -> 0 | N72: =SUM(N65:N71) -> 0 | ... AH72: =SUM(AH65:AH71) -> 0 | AV72: =AVERAGE(AV65:AV69)*5+AVERAGE(AV70:AV71)*2 -> 878.23333 | CZ72: =CZ70+CZ65 -> 0.86154722 | DA72: =DA70+DA65 -> 0 | DB72: =DB70+DB65 -> 0 | DC72: =DC70+DC65 -> 0 | DD72: =DD70+DD65 -> 0 | DE72: =DE70+DE65 -> 0 | DF72: =DF70+DF65 -> 0.86154722 | DG72: =DG70+DG65 -> 0 | ... DO72: =DO70+DO65 -> 0
A74: =A65+7 -> 45929 | B74: Mon | D74: 11 | E74: 17 | F74: 49.71 | G74: 66.8 | H74: =I74+J74 -> 0 | I74: =K74+M74+Q74 -> 0 | J74: =L74+N74+R74 -> 0 | S74: =T74+U74 -> 3 | U74: 3 | V74: =W74+X74 -> 0 | Y74: 1 | AA74: =AB74+AC74 -> 0 | AD74: =AE74+AF74 -> 0 | AQ74: 17 | AR74: 3 | AS74: =AQ74/AR74 -> 5.6666667 | AT74: 11.7 | AU74: 1 | AV74: =AT74*AS74*AU74 -> 66.3 | AW74: 9 | AY74: =H74/G74 -> 0 | AZ74: =I74/G74 -> 0 | BA74: =(K74+L74)/$G74 -> 0 | BB74: =K74/$G74 -> 0 | BC74: =(M74+N74)/$G74 -> 0 | BD74: =M74/$G74 -> 0 | BE74: =(Q74+R74)/$G74 -> 0 | BF74: =Q74/$G74 -> 0 | BG74: =S74/$G74 -> 0.04491018 | BH74: =V74/$G74 -> 0 | BI74: =AA74/$G74 -> 0 | BJ74: =AH74/$G74 -> 0 | BP74: =AY74*$AV74 -> 0 | BQ74: =AZ74*$AV74 -> 0 | BR74: =BA74*$AV74 -> 0 | BS74: =BB74*$AV74 -> 0 | BT74: =BC74*$AV74 -> 0 | BU74: =BD74*$AV74 -> 0 | BV74: =BE74*$AV74 -> 0 | BW74: =BF74*$AV74 -> 0 | ... CE74: =BN74*$AV74 -> 0 | CG74: =AVERAGE(BP74:BP78) -> 0.18566601 | CH74: =AVERAGE(BQ74:BQ78) -> 0 | CI74: =AVERAGE(BR74:BR78) -> 0 | CJ74: =AVERAGE(BS74:BS78) -> 0 | CK74: =AVERAGE(BT74:BT78) -> 0 | CL74: =AVERAGE(BU74:BU78) -> 0 | CM74: =AVERAGE(BV74:BV78) -> 0.18566601 | CN74: =AVERAGE(BW74:BW78) -> 0 | ... CV74: =AVERAGE(CE74:CE78) -> 0 | CX74: 5 | CZ74: =CG74*$CX74 -> 0.92833007 | DA74: =CH74*$CX74 -> 0 | DB74: =CI74*$CX74 -> 0 | DC74: =CJ74*$CX74 -> 0 | DD74: =CK74*$CX74 -> 0 | DE74: =CL74*$CX74 -> 0 | DF74: =CM74*$CX74 -> 0.92833007 | DG74: =CN74*$CX74 -> 0 | ... DO74: =CV74*$CX74 -> 0
A75: =A74+1 -> 45930 | B75: Tues | D75: 12 | E75: 20 | F75: 35.02 | G75: 63.1 | H75: =I75+J75 -> 0 | I75: =K75+M75+Q75 -> 0 | J75: =L75+N75+R75 -> 0 | S75: =T75+U75 -> 6 | U75: 6 | V75: =W75+X75 -> 3 | W75: 1 | X75: 2 | Y75: 1 | Z75: 2 | AA75: =AB75+AC75 -> 0 | AD75: =AE75+AF75 -> 0 | AQ75: 20 | AR75: 3 | AS75: =AQ75/AR75 -> 6.6666667 | AT75: 11.6 | AU75: 1 | AV75: =AT75*AS75*AU75 -> 77.333333 | AW75: 17 | AY75: =H75/G75 -> 0 | AZ75: =I75/G75 -> 0 | BA75: =(K75+L75)/$G75 -> 0 | BB75: =K75/$G75 -> 0 | BC75: =(M75+N75)/$G75 -> 0 | BD75: =M75/$G75 -> 0 | BE75: =(Q75+R75)/$G75 -> 0 | BF75: =Q75/$G75 -> 0 | BG75: =S75/$G75 -> 0.095087163 | BH75: =V75/$G75 -> 0.047543582 | BI75: =AA75/$G75 -> 0 | BJ75: =AH75/$G75 -> 0 | BP75: =AY75*$AV75 -> 0 | BQ75: =AZ75*$AV75 -> 0 | BR75: =BA75*$AV75 -> 0 | BS75: =BB75*$AV75 -> 0 | BT75: =BC75*$AV75 -> 0 | BU75: =BD75*$AV75 -> 0 | BV75: =BE75*$AV75 -> 0 | BW75: =BF75*$AV75 -> 0 | ... CE75: =BN75*$AV75 -> 0
A76: =A75+1 -> 45931 | B76: Wed | D76: 7 | E76: 9 | F76: 39.15 | G76: 56.23 | H76: =I76+J76 -> 1 | I76: =K76+M76+Q76 -> 0 | J76: =L76+N76+R76 -> 1 | R76: 1 | S76: =T76+U76 -> 3 | T76: 2 | U76: 1 | V76: =W76+X76 -> 1 | X76: 1 | Y76: 4 | AA76: =AB76+AC76 -> 0 | AD76: =AE76+AF76 -> 0 | AQ76: 9 | AR76: 2 | AS76: =AQ76/AR76 -> 4.5 | AT76: 11.6 | AU76: 1 | AV76: =AT76*AS76*AU76 -> 52.2 | AW76: 15 | AY76: =H76/G76 -> 0.017784101 | AZ76: =I76/G76 -> 0 | BA76: =(K76+L76)/$G76 -> 0 | BB76: =K76/$G76 -> 0 | BC76: =(M76+N76)/$G76 -> 0 | BD76: =M76/$G76 -> 0 | BE76: =(Q76+R76)/$G76 -> 0.017784101 | BF76: =Q76/$G76 -> 0 | BG76: =S76/$G76 -> 0.053352303 | BH76: =V76/$G76 -> 0.017784101 | BI76: =AA76/$G76 -> 0 | BJ76: =AH76/$G76 -> 0 | BP76: =AY76*$AV76 -> 0.92833007 | BQ76: =AZ76*$AV76 -> 0 | BR76: =BA76*$AV76 -> 0 | BS76: =BB76*$AV76 -> 0 | BT76: =BC76*$AV76 -> 0 | BU76: =BD76*$AV76 -> 0 | BV76: =BE76*$AV76 -> 0.92833007 | BW76: =BF76*$AV76 -> 0 | ... CE76: =BN76*$AV76 -> 0 | DW76: 1
A77: =A76+1 -> 45932 | B77: Thur | D77: 21 | E77: 26 | F77: 122.23 | G77: 142.75 | H77: =I77+J77 -> 0 | I77: =K77+M77+Q77 -> 0 | J77: =L77+N77+R77 -> 0 | S77: =T77+U77 -> 10 | T77: 3 | U77: 7 | V77: =W77+X77 -> 0 | AA77: =AB77+AC77 -> 0 | AD77: =AE77+AF77 -> 0 | AQ77: 26 | AR77: 3 | AS77: =AQ77/AR77 -> 8.6666667 | AT77: 11.5 | AU77: 1 | AV77: =AT77*AS77*AU77 -> 99.666667 | AW77: 19 | AY77: =H77/G77 -> 0 | AZ77: =I77/G77 -> 0 | BA77: =(K77+L77)/$G77 -> 0 | BB77: =K77/$G77 -> 0 | BC77: =(M77+N77)/$G77 -> 0 | BD77: =M77/$G77 -> 0 | BE77: =(Q77+R77)/$G77 -> 0 | BF77: =Q77/$G77 -> 0 | BG77: =S77/$G77 -> 0.070052539 | BH77: =V77/$G77 -> 0 | BI77: =AA77/$G77 -> 0 | BJ77: =AH77/$G77 -> 0 | BP77: =AY77*$AV77 -> 0 | BQ77: =AZ77*$AV77 -> 0 | BR77: =BA77*$AV77 -> 0 | BS77: =BB77*$AV77 -> 0 | BT77: =BC77*$AV77 -> 0 | BU77: =BD77*$AV77 -> 0 | BV77: =BE77*$AV77 -> 0 | BW77: =BF77*$AV77 -> 0 | ... CE77: =BN77*$AV77 -> 0
A78: =A77+1 -> 45933 | B78: Fri | D78: 28 | E78: 35 | F78: 88.18 | G78: 123.02 | H78: =I78+J78 -> 0 | I78: =K78+M78+Q78 -> 0 | J78: =L78+N78+R78 -> 0 | S78: =T78+U78 -> 6 | T78: 1 | U78: 5 | V78: =W78+X78 -> 1 | X78: 1 | AA78: =AB78+AC78 -> 0 | AD78: =AE78+AF78 -> 0 | AQ78: 28 | AR78: 3 | AS78: =AQ78/AR78 -> 9.3333333 | AT78: 11.5 | AU78: 1 | AV78: =AT78*AS78*AU78 -> 107.33333 | AW78: 17 | AY78: =H78/G78 -> 0 | AZ78: =I78/G78 -> 0 | BA78: =(K78+L78)/$G78 -> 0 | BB78: =K78/$G78 -> 0 | BC78: =(M78+N78)/$G78 -> 0 | BD78: =M78/$G78 -> 0 | BE78: =(Q78+R78)/$G78 -> 0 | BF78: =Q78/$G78 -> 0 | BG78: =S78/$G78 -> 0.048772557 | BH78: =V78/$G78 -> 0.0081287596 | BI78: =AA78/$G78 -> 0 | BJ78: =AH78/$G78 -> 0 | BP78: =AY78*$AV78 -> 0 | BQ78: =AZ78*$AV78 -> 0 | BR78: =BA78*$AV78 -> 0 | BS78: =BB78*$AV78 -> 0 | BT78: =BC78*$AV78 -> 0 | BU78: =BD78*$AV78 -> 0 | BV78: =BE78*$AV78 -> 0 | BW78: =BF78*$AV78 -> 0 | ... CE78: =BN78*$AV78 -> 0
A79: =A78+1 -> 45934 | B79: Sat | D79: 40 | E79: 46 | F79: 135.65 | G79: 159.12 | H79: =I79+J79 -> 0 | I79: =K79+M79+Q79 -> 0 | J79: =L79+N79+R79 -> 0 | S79: =T79+U79 -> 11 | T79: 3 | U79: 8 | V79: =W79+X79 -> 0 | AA79: =AB79+AC79 -> 0 | AD79: =AE79+AF79 -> 0 | AQ79: 46 | AR79: 2 | AS79: =AQ79/AR79 -> 23 | AT79: 11.4 | AU79: 1 | AV79: =AT79*AS79*AU79 -> 262.2 | AW79: 30 | AY79: =H79/G79 -> 0 | AZ79: =I79/G79 -> 0 | BA79: =(K79+L79)/$G79 -> 0 | BB79: =K79/$G79 -> 0 | BC79: =(M79+N79)/$G79 -> 0 | BD79: =M79/$G79 -> 0 | BE79: =(Q79+R79)/$G79 -> 0 | BF79: =Q79/$G79 -> 0 | BG79: =S79/$G79 -> 0.069130216 | BH79: =V79/$G79 -> 0 | BI79: =AA79/$G79 -> 0 | BJ79: =AH79/$G79 -> 0 | BP79: =AY79*$AV79 -> 0 | BQ79: =AZ79*$AV79 -> 0 | BR79: =BA79*$AV79 -> 0 | BS79: =BB79*$AV79 -> 0 | BT79: =BC79*$AV79 -> 0 | BU79: =BD79*$AV79 -> 0 | BV79: =BE79*$AV79 -> 0 | BW79: =BF79*$AV79 -> 0 | ... CE79: =BN79*$AV79 -> 0 | CG79: =AVERAGE(BP79:BP80) -> 0 | CH79: =AVERAGE(BQ79:BQ80) -> 0 | CI79: =AVERAGE(BR79:BR80) -> 0 | CJ79: =AVERAGE(BS79:BS80) -> 0 | CK79: =AVERAGE(BT79:BT80) -> 0 | CL79: =AVERAGE(BU79:BU80) -> 0 | CM79: =AVERAGE(BV79:BV80) -> 0 | CN79: =AVERAGE(BW79:BW80) -> 0 | ... CV79: =AVERAGE(CE79:CE80) -> 0 | CX79: 2 | CZ79: =CG79*$CX79 -> 0 | DA79: =CH79*$CX79 -> 0 | DB79: =CI79*$CX79 -> 0 | DC79: =CJ79*$CX79 -> 0 | DD79: =CK79*$CX79 -> 0 | DE79: =CL79*$CX79 -> 0 | DF79: =CM79*$CX79 -> 0 | DG79: =CN79*$CX79 -> 0 | ... DO79: =CV79*$CX79 -> 0
A80: =A79+1 -> 45935 | B80: Sun | D80: 40 | E80: 52 | F80: 151.31 | G80: 198.4 | H80: =I80+J80 -> 0 | I80: =K80+M80+Q80 -> 0 | J80: =L80+N80+R80 -> 0 | S80: =T80+U80 -> 7 | T80: 1 | U80: 6 | V80: =W80+X80 -> 0 | AA80: =AB80+AC80 -> 0 | AD80: =AE80+AF80 -> 0 | AQ80: 52 | AR80: 3 | AS80: =AQ80/AR80 -> 17.333333 | AT80: 11.4 | AU80: 1 | AV80: =AT80*AS80*AU80 -> 197.6 | AW80: 15 | AY80: =H80/G80 -> 0 | AZ80: =I80/G80 -> 0 | BA80: =(K80+L80)/$G80 -> 0 | BB80: =K80/$G80 -> 0 | BC80: =(M80+N80)/$G80 -> 0 | BD80: =M80/$G80 -> 0 | BE80: =(Q80+R80)/$G80 -> 0 | BF80: =Q80/$G80 -> 0 | BG80: =S80/$G80 -> 0.035282258 | BH80: =V80/$G80 -> 0 | BI80: =AA80/$G80 -> 0 | BJ80: =AH80/$G80 -> 0 | BP80: =AY80*$AV80 -> 0 | BQ80: =AZ80*$AV80 -> 0 | BR80: =BA80*$AV80 -> 0 | BS80: =BB80*$AV80 -> 0 | BT80: =BC80*$AV80 -> 0 | BU80: =BD80*$AV80 -> 0 | BV80: =BE80*$AV80 -> 0 | BW80: =BF80*$AV80 -> 0 | ... CE80: =BN80*$AV80 -> 0
D81: =SUM(D74:D80) -> 159 | G81: =SUM(G74:G80) -> 809.42 | H81: =SUM(H74:H80) -> 1 | I81: =SUM(I74:I80) -> 0 | J81: =SUM(J74:J80) -> 1 | K81: =SUM(K74:K80) -> 0 | L81: =SUM(L74:L80) -> 0 | M81: =SUM(M74:M80) -> 0 | N81: =SUM(N74:N80) -> 0 | ... AH81: =SUM(AH74:AH80) -> 0 | AV81: =AVERAGE(AV74:AV78)*5+AVERAGE(AV79:AV80)*2 -> 862.63333 | CZ81: =CZ79+CZ74 -> 0.92833007 | DA81: =DA79+DA74 -> 0 | DB81: =DB79+DB74 -> 0 | DC81: =DC79+DC74 -> 0 | DD81: =DD79+DD74 -> 0 | DE81: =DE79+DE74 -> 0 | DF81: =DF79+DF74 -> 0.92833007 | DG81: =DG79+DG74 -> 0 | ... DO81: =DO79+DO74 -> 0
A83: =A74+7 -> 45936 | B83: Mon | D83: 15 | E83: 16 | F83: 25.59 | G83: 26.76 | H83: =I83+J83 -> 0 | I83: =K83+M83+Q83 -> 0 | J83: =L83+N83+R83 -> 0 | S83: =T83+U83 -> 3 | U83: 3 | V83: =W83+X83 -> 1 | X83: 1 | AA83: =AB83+AC83 -> 0 | AD83: =AE83+AF83 -> 0 | AQ83: 16 | AR83: 3 | AS83: =AQ83/AR83 -> 5.3333333 | AT83: 11.3 | AU83: 1 | AV83: =AT83*AS83*AU83 -> 60.266667 | AW83: 16 | AY83: =H83/G83 -> 0 | AZ83: =I83/G83 -> 0 | BA83: =(K83+L83)/$G83 -> 0 | BB83: =K83/$G83 -> 0 | BC83: =(M83+N83)/$G83 -> 0 | BD83: =M83/$G83 -> 0 | BE83: =(Q83+R83)/$G83 -> 0 | BF83: =Q83/$G83 -> 0 | BG83: =S83/$G83 -> 0.11210762 | BH83: =V83/$G83 -> 0.037369208 | BI83: =AA83/$G83 -> 0 | BJ83: =AH83/$G83 -> 0 | BP83: =AY83*$AV83 -> 0 | BQ83: =AZ83*$AV83 -> 0 | BR83: =BA83*$AV83 -> 0 | BS83: =BB83*$AV83 -> 0 | BT83: =BC83*$AV83 -> 0 | BU83: =BD83*$AV83 -> 0 | BV83: =BE83*$AV83 -> 0 | BW83: =BF83*$AV83 -> 0 | ... CE83: =BN83*$AV83 -> 0 | CG83: =AVERAGE(BP83:BP87) -> 0.20434849 | CH83: =AVERAGE(BQ83:BQ87) -> 0 | CI83: =AVERAGE(BR83:BR87) -> 0 | CJ83: =AVERAGE(BS83:BS87) -> 0 | CK83: =AVERAGE(BT83:BT87) -> 0.20434849 | CL83: =AVERAGE(BU83:BU87) -> 0 | CM83: =AVERAGE(BV83:BV87) -> 0 | CN83: =AVERAGE(BW83:BW87) -> 0 | ... CV83: =AVERAGE(CE83:CE87) -> 0 | CX83: 5 | CZ83: =CG83*$CX83 -> 1.0217424 | DA83: =CH83*$CX83 -> 0 | DB83: =CI83*$CX83 -> 0 | DC83: =CJ83*$CX83 -> 0 | DD83: =CK83*$CX83 -> 1.0217424 | DE83: =CL83*$CX83 -> 0 | DF83: =CM83*$CX83 -> 0 | DG83: =CN83*$CX83 -> 0 | ... DO83: =CV83*$CX83 -> 0
A84: =A83+1 -> 45937 | B84: Tues | D84: 14 | E84: 17 | F84: 57.05 | G84: 68.76 | H84: =I84+J84 -> 0 | I84: =K84+M84+Q84 -> 0 | J84: =L84+N84+R84 -> 0 | S84: =T84+U84 -> 1 | U84: 1 | V84: =W84+X84 -> 1 | X84: 1 | AA84: =AB84+AC84 -> 0 | AD84: =AE84+AF84 -> 0 | AQ84: 17 | AR84: 2 | AS84: =AQ84/AR84 -> 8.5 | AT84: 11.3 | AU84: 1 | AV84: =AT84*AS84*AU84 -> 96.05 | AW84: 10 | AY84: =H84/G84 -> 0 | AZ84: =I84/G84 -> 0 | BA84: =(K84+L84)/$G84 -> 0 | BB84: =K84/$G84 -> 0 | BC84: =(M84+N84)/$G84 -> 0 | BD84: =M84/$G84 -> 0 | BE84: =(Q84+R84)/$G84 -> 0 | BF84: =Q84/$G84 -> 0 | BG84: =S84/$G84 -> 0.014543339 | BH84: =V84/$G84 -> 0.014543339 | BI84: =AA84/$G84 -> 0 | BJ84: =AH84/$G84 -> 0 | BP84: =AY84*$AV84 -> 0 | BQ84: =AZ84*$AV84 -> 0 | BR84: =BA84*$AV84 -> 0 | BS84: =BB84*$AV84 -> 0 | BT84: =BC84*$AV84 -> 0 | BU84: =BD84*$AV84 -> 0 | BV84: =BE84*$AV84 -> 0 | BW84: =BF84*$AV84 -> 0 | ... CE84: =BN84*$AV84 -> 0
A85: =A84+1 -> 45938 | B85: Wed | D85: 15 | E85: 18 | F85: 48.09 | G85: 65.77 | H85: =I85+J85 -> 1 | I85: =K85+M85+Q85 -> 0 | J85: =L85+N85+R85 -> 1 | N85: 1 | S85: =T85+U85 -> 2 | U85: 2 | V85: =W85+X85 -> 0 | AA85: =AB85+AC85 -> 0 | AD85: =AE85+AF85 -> 0 | AQ85: 18 | AR85: 3 | AS85: =AQ85/AR85 -> 6 | AT85: 11.2 | AU85: 1 | AV85: =AT85*AS85*AU85 -> 67.2 | AW85: 10 | AY85: =H85/G85 -> 0.015204501 | AZ85: =I85/G85 -> 0 | BA85: =(K85+L85)/$G85 -> 0 | BB85: =K85/$G85 -> 0 | BC85: =(M85+N85)/$G85 -> 0.015204501 | BD85: =M85/$G85 -> 0 | BE85: =(Q85+R85)/$G85 -> 0 | BF85: =Q85/$G85 -> 0 | BG85: =S85/$G85 -> 0.030409001 | BH85: =V85/$G85 -> 0 | BI85: =AA85/$G85 -> 0 | BJ85: =AH85/$G85 -> 0 | BP85: =AY85*$AV85 -> 1.0217424 | BQ85: =AZ85*$AV85 -> 0 | BR85: =BA85*$AV85 -> 0 | BS85: =BB85*$AV85 -> 0 | BT85: =BC85*$AV85 -> 1.0217424 | BU85: =BD85*$AV85 -> 0 | BV85: =BE85*$AV85 -> 0 | BW85: =BF85*$AV85 -> 0 | ... CE85: =BN85*$AV85 -> 0 | DU85: 4
A86: =A85+1 -> 45939 | B86: Thur | D86: 9 | E86: 9 | F86: 43.79 | G86: 43.79 | H86: =I86+J86 -> 0 | I86: =K86+M86+Q86 -> 0 | J86: =L86+N86+R86 -> 0 | S86: =T86+U86 -> 5 | T86: 2 | U86: 3 | V86: =W86+X86 -> 0 | AA86: =AB86+AC86 -> 1 | AB86: 1 | AD86: =AE86+AF86 -> 0 | AQ86: 9 | AR86: 3 | AS86: =AQ86/AR86 -> 3 | AT86: 11.1 | AU86: 1 | AV86: =AT86*AS86*AU86 -> 33.3 | AW86: 8 | AY86: =H86/G86 -> 0 | AZ86: =I86/G86 -> 0 | BA86: =(K86+L86)/$G86 -> 0 | BB86: =K86/$G86 -> 0 | BC86: =(M86+N86)/$G86 -> 0 | BD86: =M86/$G86 -> 0 | BE86: =(Q86+R86)/$G86 -> 0 | BF86: =Q86/$G86 -> 0 | BG86: =S86/$G86 -> 0.11418132 | BH86: =V86/$G86 -> 0 | BI86: =AA86/$G86 -> 0.022836264 | BJ86: =AH86/$G86 -> 0 | BP86: =AY86*$AV86 -> 0 | BQ86: =AZ86*$AV86 -> 0 | BR86: =BA86*$AV86 -> 0 | BS86: =BB86*$AV86 -> 0 | BT86: =BC86*$AV86 -> 0 | BU86: =BD86*$AV86 -> 0 | BV86: =BE86*$AV86 -> 0 | BW86: =BF86*$AV86 -> 0 | ... CE86: =BN86*$AV86 -> 0
A87: =A86+1 -> 45940 | B87: Fri | D87: 6 | E87: 8 | F87: 29.68 | G87: 37.55 | H87: =I87+J87 -> 0 | I87: =K87+M87+Q87 -> 0 | J87: =L87+N87+R87 -> 0 | S87: =T87+U87 -> 2 | T87: 1 | U87: 1 | V87: =W87+X87 -> 1 | X87: 1 | AA87: =AB87+AC87 -> 0 | AD87: =AE87+AF87 -> 0 | AQ87: 8 | AR87: 3 | AS87: =AQ87/AR87 -> 2.6666667 | AT87: 11.1 | AU87: 1 | AV87: =AT87*AS87*AU87 -> 29.6 | AW87: 11 | AY87: =H87/G87 -> 0 | AZ87: =I87/G87 -> 0 | BA87: =(K87+L87)/$G87 -> 0 | BB87: =K87/$G87 -> 0 | BC87: =(M87+N87)/$G87 -> 0 | BD87: =M87/$G87 -> 0 | BE87: =(Q87+R87)/$G87 -> 0 | BF87: =Q87/$G87 -> 0 | BG87: =S87/$G87 -> 0.053262317 | BH87: =V87/$G87 -> 0.026631158 | BI87: =AA87/$G87 -> 0 | BJ87: =AH87/$G87 -> 0 | BP87: =AY87*$AV87 -> 0 | BQ87: =AZ87*$AV87 -> 0 | BR87: =BA87*$AV87 -> 0 | BS87: =BB87*$AV87 -> 0 | BT87: =BC87*$AV87 -> 0 | BU87: =BD87*$AV87 -> 0 | BV87: =BE87*$AV87 -> 0 | BW87: =BF87*$AV87 -> 0 | ... CE87: =BN87*$AV87 -> 0
A88: =A87+1 -> 45941 | B88: Sat | D88: 30 | E88: 34 | H88: =I88+J88 -> 0 | I88: =K88+M88+Q88 -> 0 | J88: =L88+N88+R88 -> 0 | S88: =T88+U88 -> 0 | V88: =W88+X88 -> 0 | AA88: =AB88+AC88 -> 0 | AD88: =AE88+AF88 -> 0 | AQ88: 34 | AR88: 3 | AS88: =AQ88/AR88 -> 11.333333 | AT88: 11 | AU88: 1 | AV88: =AT88*AS88*AU88 -> 124.66667 | AW88: 12 | BP88: =AY88*$AV88 -> 0 | BQ88: =AZ88*$AV88 -> 0 | BR88: =BA88*$AV88 -> 0 | BS88: =BB88*$AV88 -> 0 | BT88: =BC88*$AV88 -> 0 | BU88: =BD88*$AV88 -> 0 | BV88: =BE88*$AV88 -> 0 | BW88: =BF88*$AV88 -> 0 | ... CE88: =BN88*$AV88 -> 0 | CG88: =AVERAGE(BP88:BP89) -> 0.97685698 | CH88: =AVERAGE(BQ88:BQ89) -> 0.48842849 | CI88: =AVERAGE(BR88:BR89) -> 0.48842849 | CJ88: =AVERAGE(BS88:BS89) -> 0.48842849 | CK88: =AVERAGE(BT88:BT89) -> 0 | CL88: =AVERAGE(BU88:BU89) -> 0 | CM88: =AVERAGE(BV88:BV89) -> 0.48842849 | CN88: =AVERAGE(BW88:BW89) -> 0 | ... CV88: =AVERAGE(CE88:CE89) -> 0 | CX88: 2 | CZ88: =CG88*$CX88 -> 1.953714 | DA88: =CH88*$CX88 -> 0.97685698 | DB88: =CI88*$CX88 -> 0.97685698 | DC88: =CJ88*$CX88 -> 0.97685698 | DD88: =CK88*$CX88 -> 0 | DE88: =CL88*$CX88 -> 0 | DF88: =CM88*$CX88 -> 0.97685698 | DG88: =CN88*$CX88 -> 0 | ... DO88: =CV88*$CX88 -> 0
A89: =A88+1 -> 45942 | B89: Sun | D89: 30 | E89: 34 | F89: 110.78 | G89: 126.46 | H89: =I89+J89 -> 2 | I89: =K89+M89+Q89 -> 1 | J89: =L89+N89+R89 -> 1 | K89: 1 | R89: 1 | S89: =T89+U89 -> 3 | T89: 1 | U89: 2 | V89: =W89+X89 -> 0 | AA89: =AB89+AC89 -> 0 | AD89: =AE89+AF89 -> 0 | AQ89: 34 | AR89: 3 | AS89: =AQ89/AR89 -> 11.333333 | AT89: 10.9 | AU89: 1 | AV89: =AT89*AS89*AU89 -> 123.53333 | AW89: 11 | AY89: =H89/G89 -> 0.015815278 | AZ89: =I89/G89 -> 0.0079076388 | BA89: =(K89+L89)/$G89 -> 0.0079076388 | BB89: =K89/$G89 -> 0.0079076388 | BC89: =(M89+N89)/$G89 -> 0 | BD89: =M89/$G89 -> 0 | BE89: =(Q89+R89)/$G89 -> 0.0079076388 | BF89: =Q89/$G89 -> 0 | BG89: =S89/$G89 -> 0.023722916 | BH89: =V89/$G89 -> 0 | BI89: =AA89/$G89 -> 0 | BJ89: =AH89/$G89 -> 0 | BP89: =AY89*$AV89 -> 1.953714 | BQ89: =AZ89*$AV89 -> 0.97685698 | BR89: =BA89*$AV89 -> 0.97685698 | BS89: =BB89*$AV89 -> 0.97685698 | BT89: =BC89*$AV89 -> 0 | BU89: =BD89*$AV89 -> 0 | BV89: =BE89*$AV89 -> 0.97685698 | BW89: =BF89*$AV89 -> 0 | ... CE89: =BN89*$AV89 -> 0
D90: =SUM(D83:D89) -> 119 | G90: =SUM(G83:G89) -> 369.09 | H90: =SUM(H83:H89) -> 3 | I90: =SUM(I83:I89) -> 1 | J90: =SUM(J83:J89) -> 2 | K90: =SUM(K83:K89) -> 1 | L90: =SUM(L83:L89) -> 0 | M90: =SUM(M83:M89) -> 0 | N90: =SUM(N83:N89) -> 1 | ... AH90: =SUM(AH83:AH89) -> 0 | AV90: =AVERAGE(AV83:AV87)*5+AVERAGE(AV88:AV89)*2 -> 534.61667 | CZ90: =CZ88+CZ83 -> 2.9754564 | DA90: =DA88+DA83 -> 0.97685698 | DB90: =DB88+DB83 -> 0.97685698 | DC90: =DC88+DC83 -> 0.97685698 | DD90: =DD88+DD83 -> 1.0217424 | DE90: =DE88+DE83 -> 0 | DF90: =DF88+DF83 -> 0.97685698 | DG90: =DG88+DG83 -> 0 | ... DO90: =DO88+DO83 -> 0
A92: =A83+7 -> 45943 | B92: Mon | D92: 10 | E92: 10 | F92: 36.37 | G92: 38.58 | H92: =I92+J92 -> 0 | I92: =K92+M92+Q92 -> 0 | J92: =L92+N92+R92 -> 0 | S92: =T92+U92 -> 7 | T92: 2 | U92: 5 | V92: =W92+X92 -> 0 | AA92: =AB92+AC92 -> 0 | AD92: =AE92+AF92 -> 0 | AQ92: 10 | AR92: 3 | AS92: =AQ92/AR92 -> 3.3333333 | AT92: 10.9 | AU92: 1 | AV92: =AT92*AS92*AU92 -> 36.333333 | AW92: 4 | AY92: =H92/G92 -> 0 | AZ92: =I92/G92 -> 0 | BA92: =(K92+L92)/$G92 -> 0 | BB92: =K92/$G92 -> 0 | BC92: =(M92+N92)/$G92 -> 0 | BD92: =M92/$G92 -> 0 | BE92: =(Q92+R92)/$G92 -> 0 | BF92: =Q92/$G92 -> 0 | BG92: =S92/$G92 -> 0.18144116 | BH92: =V92/$G92 -> 0 | BI92: =AA92/$G92 -> 0 | BJ92: =AH92/$G92 -> 0 | BP92: =AY92*$AV92 -> 0 | BQ92: =AZ92*$AV92 -> 0 | BR92: =BA92*$AV92 -> 0 | BS92: =BB92*$AV92 -> 0 | BT92: =BC92*$AV92 -> 0 | BU92: =BD92*$AV92 -> 0 | BV92: =BE92*$AV92 -> 0 | BW92: =BF92*$AV92 -> 0 | ... CE92: =BN92*$AV92 -> 0 | CG92: =AVERAGE(BP92:BP96) -> 0.30238509 | CH92: =AVERAGE(BQ92:BQ96) -> 0 | CI92: =AVERAGE(BR92:BR96) -> 0 | CJ92: =AVERAGE(BS92:BS96) -> 0 | CK92: =AVERAGE(BT92:BT96) -> 0.16497071 | CL92: =AVERAGE(BU92:BU96) -> 0 | CM92: =AVERAGE(BV92:BV96) -> 0.13741438 | CN92: =AVERAGE(BW92:BW96) -> 0 | ... CV92: =AVERAGE(CE92:CE96) -> 0 | CX92: 5 | CZ92: =CG92*$CX92 -> 1.5119254 | DA92: =CH92*$CX92 -> 0 | DB92: =CI92*$CX92 -> 0 | DC92: =CJ92*$CX92 -> 0 | DD92: =CK92*$CX92 -> 0.82485353 | DE92: =CL92*$CX92 -> 0 | DF92: =CM92*$CX92 -> 0.68707192 | DG92: =CN92*$CX92 -> 0 | ... DO92: =CV92*$CX92 -> 0
A93: =A92+1 -> 45944 | B93: Tues | D93: 8 | E93: 9 | H93: =I93+J93 -> 0 | I93: =K93+M93+Q93 -> 0 | J93: =L93+N93+R93 -> 0 | S93: =T93+U93 -> 0 | V93: =W93+X93 -> 0 | AA93: =AB93+AC93 -> 0 | AD93: =AE93+AF93 -> 0 | AQ93: 9 | AR93: 3 | AS93: =AQ93/AR93 -> 3 | AT93: 10.8 | AU93: 1 | AV93: =AT93*AS93*AU93 -> 32.4 | AW93: 4 | BP93: =AY93*$AV93 -> 0 | BQ93: =AZ93*$AV93 -> 0 | BR93: =BA93*$AV93 -> 0 | BS93: =BB93*$AV93 -> 0 | BT93: =BC93*$AV93 -> 0 | BU93: =BD93*$AV93 -> 0 | BV93: =BE93*$AV93 -> 0 | BW93: =BF93*$AV93 -> 0 | ... CE93: =BN93*$AV93 -> 0
A94: =A93+1 -> 45945 | B94: Wed | D94: 6 | E94: 9 | F94: 22.48 | G94: 28.75 | H94: =I94+J94 -> 0 | I94: =K94+M94+Q94 -> 0 | J94: =L94+N94+R94 -> 0 | S94: =T94+U94 -> 0 | V94: =W94+X94 -> 0 | AA94: =AB94+AC94 -> 0 | AD94: =AE94+AF94 -> 0 | AQ94: 9 | AR94: 3 | AS94: =AQ94/AR94 -> 3 | AT94: 10.8 | AU94: 1 | AV94: =AT94*AS94*AU94 -> 32.4 | AW94: 9 | AY94: =H94/G94 -> 0 | AZ94: =I94/G94 -> 0 | BA94: =(K94+L94)/$G94 -> 0 | BB94: =K94/$G94 -> 0 | BC94: =(M94+N94)/$G94 -> 0 | BD94: =M94/$G94 -> 0 | BE94: =(Q94+R94)/$G94 -> 0 | BF94: =Q94/$G94 -> 0 | BG94: =S94/$G94 -> 0 | BH94: =V94/$G94 -> 0 | BI94: =AA94/$G94 -> 0 | BJ94: =AH94/$G94 -> 0 | BP94: =AY94*$AV94 -> 0 | BQ94: =AZ94*$AV94 -> 0 | BR94: =BA94*$AV94 -> 0 | BS94: =BB94*$AV94 -> 0 | BT94: =BC94*$AV94 -> 0 | BU94: =BD94*$AV94 -> 0 | BV94: =BE94*$AV94 -> 0 | BW94: =BF94*$AV94 -> 0 | ... CE94: =BN94*$AV94 -> 0 | DS94: 1
A95: =A94+1 -> 45946 | B95: Thur | D95: 9 | E95: 9 | F95: 36.54 | G95: 46.72 | H95: =I95+J95 -> 1 | I95: =K95+M95+Q95 -> 0 | J95: =L95+N95+R95 -> 1 | R95: 1 | S95: =T95+U95 -> 3 | T95: 1 | U95: 2 | V95: =W95+X95 -> 0 | Y95: 1 | AA95: =AB95+AC95 -> 0 | AD95: =AE95+AF95 -> 0 | AQ95: 9 | AR95: 3 | AS95: =AQ95/AR95 -> 3 | AT95: 10.7 | AU95: 1 | AV95: =AT95*AS95*AU95 -> 32.1 | AW95: 12 | AY95: =H95/G95 -> 0.02140411 | AZ95: =I95/G95 -> 0 | BA95: =(K95+L95)/$G95 -> 0 | BB95: =K95/$G95 -> 0 | BC95: =(M95+N95)/$G95 -> 0 | BD95: =M95/$G95 -> 0 | BE95: =(Q95+R95)/$G95 -> 0.02140411 | BF95: =Q95/$G95 -> 0 | BG95: =S95/$G95 -> 0.064212329 | BH95: =V95/$G95 -> 0 | BI95: =AA95/$G95 -> 0 | BJ95: =AH95/$G95 -> 0 | BP95: =AY95*$AV95 -> 0.68707192 | BQ95: =AZ95*$AV95 -> 0 | BR95: =BA95*$AV95 -> 0 | BS95: =BB95*$AV95 -> 0 | BT95: =BC95*$AV95 -> 0 | BU95: =BD95*$AV95 -> 0 | BV95: =BE95*$AV95 -> 0.68707192 | BW95: =BF95*$AV95 -> 0 | ... CE95: =BN95*$AV95 -> 0
A96: =A95+1 -> 45947 | B96: Fri | D96: 11 | E96: 15 | F96: 50.07 | G96: 64.86 | H96: =I96+J96 -> 1 | I96: =K96+M96+Q96 -> 0 | J96: =L96+N96+R96 -> 1 | N96: 1 | S96: =T96+U96 -> 2 | U96: 2 | V96: =W96+X96 -> 1 | X96: 1 | AA96: =AB96+AC96 -> 0 | AD96: =AE96+AF96 -> 0 | AQ96: 15 | AR96: 3 | AS96: =AQ96/AR96 -> 5 | AT96: 10.7 | AU96: 1 | AV96: =AT96*AS96*AU96 -> 53.5 | AW96: 5 | AY96: =H96/G96 -> 0.015417823 | AZ96: =I96/G96 -> 0 | BA96: =(K96+L96)/$G96 -> 0 | BB96: =K96/$G96 -> 0 | BC96: =(M96+N96)/$G96 -> 0.015417823 | BD96: =M96/$G96 -> 0 | BE96: =(Q96+R96)/$G96 -> 0 | BF96: =Q96/$G96 -> 0 | BG96: =S96/$G96 -> 0.030835646 | BH96: =V96/$G96 -> 0.015417823 | BI96: =AA96/$G96 -> 0 | BJ96: =AH96/$G96 -> 0 | BP96: =AY96*$AV96 -> 0.82485353 | BQ96: =AZ96*$AV96 -> 0 | BR96: =BA96*$AV96 -> 0 | BS96: =BB96*$AV96 -> 0 | BT96: =BC96*$AV96 -> 0.82485353 | BU96: =BD96*$AV96 -> 0 | BV96: =BE96*$AV96 -> 0 | BW96: =BF96*$AV96 -> 0 | ... CE96: =BN96*$AV96 -> 0 | DZ96: 1
A97: =A96+1 -> 45948 | B97: Sat | D97: 35 | E97: 40 | F97: 80.8 | G97: 95.5 | H97: =I97+J97 -> 0 | I97: =K97+M97+Q97 -> 0 | J97: =L97+N97+R97 -> 0 | S97: =T97+U97 -> 3 | T97: 1 | U97: 2 | V97: =W97+X97 -> 1 | X97: 1 | AA97: =AB97+AC97 -> 0 | AD97: =AE97+AF97 -> 0 | AQ97: 40 | AR97: 3 | AS97: =AQ97/AR97 -> 13.333333 | AT97: 10.6 | AU97: 1 | AV97: =AT97*AS97*AU97 -> 141.33333 | AW97: 14 | AY97: =H97/G97 -> 0 | AZ97: =I97/G97 -> 0 | BA97: =(K97+L97)/$G97 -> 0 | BB97: =K97/$G97 -> 0 | BC97: =(M97+N97)/$G97 -> 0 | BD97: =M97/$G97 -> 0 | BE97: =(Q97+R97)/$G97 -> 0 | BF97: =Q97/$G97 -> 0 | BG97: =S97/$G97 -> 0.031413613 | BH97: =V97/$G97 -> 0.010471204 | BI97: =AA97/$G97 -> 0 | BJ97: =AH97/$G97 -> 0 | BP97: =AY97*$AV97 -> 0 | BQ97: =AZ97*$AV97 -> 0 | BR97: =BA97*$AV97 -> 0 | BS97: =BB97*$AV97 -> 0 | BT97: =BC97*$AV97 -> 0 | BU97: =BD97*$AV97 -> 0 | BV97: =BE97*$AV97 -> 0 | BW97: =BF97*$AV97 -> 0 | ... CE97: =BN97*$AV97 -> 0 | CG97: =AVERAGE(BP97:BP98) -> 0 | CH97: =AVERAGE(BQ97:BQ98) -> 0 | CI97: =AVERAGE(BR97:BR98) -> 0 | CJ97: =AVERAGE(BS97:BS98) -> 0 | CK97: =AVERAGE(BT97:BT98) -> 0 | CL97: =AVERAGE(BU97:BU98) -> 0 | CM97: =AVERAGE(BV97:BV98) -> 0 | CN97: =AVERAGE(BW97:BW98) -> 0 | ... CV97: =AVERAGE(CE97:CE98) -> 0 | CX97: 2 | CZ97: =CG97*$CX97 -> 0 | DA97: =CH97*$CX97 -> 0 | DB97: =CI97*$CX97 -> 0 | DC97: =CJ97*$CX97 -> 0 | DD97: =CK97*$CX97 -> 0 | DE97: =CL97*$CX97 -> 0 | DF97: =CM97*$CX97 -> 0 | DG97: =CN97*$CX97 -> 0 | ... DO97: =CV97*$CX97 -> 0
A98: =A97+1 -> 45949 | B98: Sun | D98: 4 | E98: 6 | F98: 14.76 | G98: 21.18 | H98: =I98+J98 -> 0 | I98: =K98+M98+Q98 -> 0 | J98: =L98+N98+R98 -> 0 | S98: =T98+U98 -> 1 | U98: 1 | V98: =W98+X98 -> 0 | AA98: =AB98+AC98 -> 0 | AD98: =AE98+AF98 -> 0 | AQ98: 6 | AR98: 2 | AS98: =AQ98/AR98 -> 3 | AT98: 10.6 | AU98: 1 | AV98: =AT98*AS98*AU98 -> 31.8 | AW98: 9 | AY98: =H98/G98 -> 0 | AZ98: =I98/G98 -> 0 | BA98: =(K98+L98)/$G98 -> 0 | BB98: =K98/$G98 -> 0 | BC98: =(M98+N98)/$G98 -> 0 | BD98: =M98/$G98 -> 0 | BE98: =(Q98+R98)/$G98 -> 0 | BF98: =Q98/$G98 -> 0 | BG98: =S98/$G98 -> 0.047214353 | BH98: =V98/$G98 -> 0 | BI98: =AA98/$G98 -> 0 | BJ98: =AH98/$G98 -> 0 | BP98: =AY98*$AV98 -> 0 | BQ98: =AZ98*$AV98 -> 0 | BR98: =BA98*$AV98 -> 0 | BS98: =BB98*$AV98 -> 0 | BT98: =BC98*$AV98 -> 0 | BU98: =BD98*$AV98 -> 0 | BV98: =BE98*$AV98 -> 0 | BW98: =BF98*$AV98 -> 0 | ... CE98: =BN98*$AV98 -> 0
D99: =SUM(D92:D98) -> 83 | E99: =SUM(E92:E98) -> 98 | F99: =SUM(F92:F98) -> 241.02 | G99: =SUM(G92:G98) -> 295.59 | H99: =SUM(H92:H98) -> 2 | I99: =SUM(I92:I98) -> 0 | J99: =SUM(J92:J98) -> 2 | K99: =SUM(K92:K98) -> 0 | ... AH99: =SUM(AH92:AH98) -> 0 | AV99: =AVERAGE(AV92:AV96)*5+AVERAGE(AV97:AV98)*2 -> 359.86667 | CZ99: =CZ97+CZ92 -> 1.5119254 | DA99: =DA97+DA92 -> 0 | DB99: =DB97+DB92 -> 0 | DC99: =DC97+DC92 -> 0 | DD99: =DD97+DD92 -> 0.82485353 | DE99: =DE97+DE92 -> 0 | DF99: =DF97+DF92 -> 0.68707192 | DG99: =DG97+DG92 -> 0 | ... DO99: =DO97+DO92 -> 0
A101: =A92+7 -> 45950 | B101: Mon | D101: 8 | E101: 8 | F101: 28.07 | G101: 28.07 | H101: =I101+J101 -> 0 | I101: =K101+M101+Q101 -> 0 | J101: =L101+N101+R101 -> 0 | S101: =T101+U101 -> 2 | U101: 2 | V101: =W101+X101 -> 0 | AA101: =AB101+AC101 -> 1 | AC101: 1 | AD101: =AE101+AF101 -> 0 | AQ101: 8 | AR101: 2 | AS101: =AQ101/AR101 -> 4 | AT101: 10.6 | AU101: 1 | AV101: =AT101*AS101*AU101 -> 42.4 | AW101: 5 | AY101: =H101/G101 -> 0 | AZ101: =I101/G101 -> 0 | BA101: =(K101+L101)/$G101 -> 0 | BB101: =K101/$G101 -> 0 | BC101: =(M101+N101)/$G101 -> 0 | BD101: =M101/$G101 -> 0 | BE101: =(Q101+R101)/$G101 -> 0 | BF101: =Q101/$G101 -> 0 | BG101: =S101/$G101 -> 0.071250445 | BH101: =V101/$G101 -> 0 | BI101: =AA101/$G101 -> 0.035625223 | BJ101: =AH101/$G101 -> 0 | BP101: =AY101*$AV101 -> 0 | BQ101: =AZ101*$AV101 -> 0 | BR101: =BA101*$AV101 -> 0 | BS101: =BB101*$AV101 -> 0 | BT101: =BC101*$AV101 -> 0 | BU101: =BD101*$AV101 -> 0 | BV101: =BE101*$AV101 -> 0 | BW101: =BF101*$AV101 -> 0 | ... CE101: =BN101*$AV101 -> 0 | CG101: =AVERAGE(BP101:BP105) -> 0.90807525 | CH101: =AVERAGE(BQ101:BQ105) -> 0.5575411 | CI101: =AVERAGE(BR101:BR105) -> 0.5575411 | CJ101: =AVERAGE(BS101:BS105) -> 0.5575411 | CK101: =AVERAGE(BT101:BT105) -> 0 | CL101: =AVERAGE(BU101:BU105) -> 0 | CM101: =AVERAGE(BV101:BV105) -> 0.35053415 | CN101: =AVERAGE(BW101:BW105) -> 0 | ... CV101: =AVERAGE(CE101:CE105) -> 0 | CX101: 5 | CZ101: =CG101*$CX101 -> 4.5403762 | DA101: =CH101*$CX101 -> 2.7877055 | DB101: =CI101*$CX101 -> 2.7877055 | DC101: =CJ101*$CX101 -> 2.7877055 | DD101: =CK101*$CX101 -> 0 | DE101: =CL101*$CX101 -> 0 | DF101: =CM101*$CX101 -> 1.7526707 | DG101: =CN101*$CX101 -> 0 | ... DO101: =CV101*$CX101 -> 0
A102: =A101+1 -> 45951 | B102: Tues | D102: 10 | E102: 14 | F102: 18.47 | G102: 19.85 | H102: =I102+J102 -> 0 | I102: =K102+M102+Q102 -> 0 | J102: =L102+N102+R102 -> 0 | S102: =T102+U102 -> 0 | V102: =W102+X102 -> 0 | AA102: =AB102+AC102 -> 1 | AC102: 1 | AD102: =AE102+AF102 -> 0 | AQ102: 14 | AR102: 2 | AS102: =AQ102/AR102 -> 7 | AT102: 10.5 | AU102: 1 | AV102: =AT102*AS102*AU102 -> 73.5 | AW102: 14 | AY102: =H102/G102 -> 0 | AZ102: =I102/G102 -> 0 | BA102: =(K102+L102)/$G102 -> 0 | BB102: =K102/$G102 -> 0 | BC102: =(M102+N102)/$G102 -> 0 | BD102: =M102/$G102 -> 0 | BE102: =(Q102+R102)/$G102 -> 0 | BF102: =Q102/$G102 -> 0 | BG102: =S102/$G102 -> 0 | BH102: =V102/$G102 -> 0 | BI102: =AA102/$G102 -> 0.050377834 | BJ102: =AH102/$G102 -> 0 | BP102: =AY102*$AV102 -> 0 | BQ102: =AZ102*$AV102 -> 0 | BR102: =BA102*$AV102 -> 0 | BS102: =BB102*$AV102 -> 0 | BT102: =BC102*$AV102 -> 0 | BU102: =BD102*$AV102 -> 0 | BV102: =BE102*$AV102 -> 0 | BW102: =BF102*$AV102 -> 0 | ... CE102: =BN102*$AV102 -> 0
A103: =A102+1 -> 45952 | B103: Wed | D103: 7 | E103: 7 | F103: 26.21 | G103: 26.21 | H103: =I103+J103 -> 1 | I103: =K103+M103+Q103 -> 0 | J103: =L103+N103+R103 -> 1 | R103: 1 | S103: =T103+U103 -> 1 | U103: 1 | V103: =W103+X103 -> 0 | Y103: 2 | AA103: =AB103+AC103 -> 1 | AC103: 1 | AD103: =AE103+AF103 -> 0 | AQ103: 7 | AR103: 2 | AS103: =AQ103/AR103 -> 3.5 | AT103: 10.5 | AU103: 1 | AV103: =AT103*AS103*AU103 -> 36.75 | AW103: 2 | AY103: =H103/G103 -> 0.038153377 | AZ103: =I103/G103 -> 0 | BA103: =(K103+L103)/$G103 -> 0 | BB103: =K103/$G103 -> 0 | BC103: =(M103+N103)/$G103 -> 0 | BD103: =M103/$G103 -> 0 | BE103: =(Q103+R103)/$G103 -> 0.038153377 | BF103: =Q103/$G103 -> 0 | BG103: =S103/$G103 -> 0.038153377 | BH103: =V103/$G103 -> 0 | BI103: =AA103/$G103 -> 0.038153377 | BJ103: =AH103/$G103 -> 0 | BP103: =AY103*$AV103 -> 1.4021366 | BQ103: =AZ103*$AV103 -> 0 | BR103: =BA103*$AV103 -> 0 | BS103: =BB103*$AV103 -> 0 | BT103: =BC103*$AV103 -> 0 | BU103: =BD103*$AV103 -> 0 | BV103: =BE103*$AV103 -> 1.4021366 | BW103: =BF103*$AV103 -> 0 | ... CE103: =BN103*$AV103 -> 0
A104: =A103+1 -> 45953 | B104: Thur | D104: 6 | E104: 6 | F104: 13.99 | G104: 13.99 | H104: =I104+J104 -> 1 | I104: =K104+M104+Q104 -> 1 | J104: =L104+N104+R104 -> 0 | K104: 1 | S104: =T104+U104 -> 0 | V104: =W104+X104 -> 0 | AA104: =AB104+AC104 -> 1 | AC104: 1 | AD104: =AE104+AF104 -> 0 | AG104: 2 | AQ104: 6 | AR104: 2 | AS104: =AQ104/AR104 -> 3 | AT104: 10.4 | AU104: 1 | AV104: =AT104*AS104*AU104 -> 31.2 | AW104: 3 | AY104: =H104/G104 -> 0.071479628 | AZ104: =I104/G104 -> 0.071479628 | BA104: =(K104+L104)/$G104 -> 0.071479628 | BB104: =K104/$G104 -> 0.071479628 | BC104: =(M104+N104)/$G104 -> 0 | BD104: =M104/$G104 -> 0 | BE104: =(Q104+R104)/$G104 -> 0 | BF104: =Q104/$G104 -> 0 | BG104: =S104/$G104 -> 0 | BH104: =V104/$G104 -> 0 | BI104: =AA104/$G104 -> 0.071479628 | BJ104: =AH104/$G104 -> 0 | BP104: =AY104*$AV104 -> 2.2301644 | BQ104: =AZ104*$AV104 -> 2.2301644 | BR104: =BA104*$AV104 -> 2.2301644 | BS104: =BB104*$AV104 -> 2.2301644 | BT104: =BC104*$AV104 -> 0 | BU104: =BD104*$AV104 -> 0 | BV104: =BE104*$AV104 -> 0 | BW104: =BF104*$AV104 -> 0 | ... CE104: =BN104*$AV104 -> 0
A105: =A104+1 -> 45954 | B105: Fri | D105: 17 | E105: 17 | H105: =I105+J105 -> 0 | I105: =K105+M105+Q105 -> 0 | J105: =L105+N105+R105 -> 0 | S105: =T105+U105 -> 0 | V105: =W105+X105 -> 0 | AA105: =AB105+AC105 -> 0 | AD105: =AE105+AF105 -> 0 | AQ105: 17 | AR105: 3 | AS105: =AQ105/AR105 -> 5.6666667 | AT105: 10.4 | AU105: 1 | AV105: =AT105*AS105*AU105 -> 58.933333 | AW105: 7
A106: =A105+1 -> 45955 | B106: Sat | D106: 17 | E106: 17 | H106: =I106+J106 -> 0 | I106: =K106+M106+Q106 -> 0 | J106: =L106+N106+R106 -> 0 | S106: =T106+U106 -> 0 | V106: =W106+X106 -> 0 | AA106: =AB106+AC106 -> 0 | AD106: =AE106+AF106 -> 0 | AQ106: 17 | AR106: 3 | AS106: =AQ106/AR106 -> 5.6666667 | AT106: 10.3 | AU106: 1 | AV106: =AT106*AS106*AU106 -> 58.366667 | AW106: 12 | CX106: 2 | CZ106: =CG106*$CX106 -> 0 | DA106: =CH106*$CX106 -> 0 | DB106: =CI106*$CX106 -> 0 | DC106: =CJ106*$CX106 -> 0 | DD106: =CK106*$CX106 -> 0 | DE106: =CL106*$CX106 -> 0 | DF106: =CM106*$CX106 -> 0 | DG106: =CN106*$CX106 -> 0 | ... DO106: =CV106*$CX106 -> 0
A107: =A106+1 -> 45956 | B107: Sun | D107: 17 | E107: 17 | F107: 53.01 | G107: 53.01 | H107: =I107+J107 -> 1 | I107: =K107+M107+Q107 -> 0 | J107: =L107+N107+R107 -> 1 | R107: 1 | S107: =T107+U107 -> 5 | T107: 2 | U107: 3 | V107: =W107+X107 -> 0 | Y107: 1 | AA107: =AB107+AC107 -> 1 | AB107: 1 | AD107: =AE107+AF107 -> 0 | AG107: 1 | AQ107: 17 | AR107: 3 | AS107: =AQ107/AR107 -> 5.6666667 | AT107: 10.2 | AU107: 1 | AV107: =AT107*AS107*AU107 -> 57.8 | AW107: 3 | AY107: =H107/G107 -> 0.018864365 | AZ107: =I107/G107 -> 0 | BA107: =(K107+L107)/$G107 -> 0 | BB107: =K107/$G107 -> 0 | BC107: =(M107+N107)/$G107 -> 0 | BD107: =M107/$G107 -> 0 | BE107: =(Q107+R107)/$G107 -> 0.018864365 | BF107: =Q107/$G107 -> 0 | BG107: =S107/$G107 -> 0.094321826 | BH107: =V107/$G107 -> 0 | BI107: =AA107/$G107 -> 0.018864365 | BJ107: =AH107/$G107 -> 0 | BP107: =AY107*$AV107 -> 1.0903603 | BQ107: =AZ107*$AV107 -> 0 | BR107: =BA107*$AV107 -> 0 | BS107: =BB107*$AV107 -> 0 | BT107: =BC107*$AV107 -> 0 | BU107: =BD107*$AV107 -> 0 | BV107: =BE107*$AV107 -> 1.0903603 | BW107: =BF107*$AV107 -> 0 | ... CE107: =BN107*$AV107 -> 0
D108: =SUM(D101:D107) -> 82 | E108: =SUM(E101:E107) -> 86 | F108: =SUM(F101:F107) -> 139.75 | G108: =SUM(G101:G107) -> 141.13 | H108: =SUM(H101:H107) -> 3 | I108: =SUM(I101:I107) -> 1 | J108: =SUM(J101:J107) -> 2 | K108: =SUM(K101:K107) -> 1 | ... AH108: =SUM(AH101:AH107) -> 0 | AV108: =AVERAGE(AV101:AV105)*5+AVERAGE(AV106:AV107)*2 -> 358.95 | CZ108: =CZ106+CZ101 -> 4.5403762 | DA108: =DA106+DA101 -> 2.7877055 | DB108: =DB106+DB101 -> 2.7877055 | DC108: =DC106+DC101 -> 2.7877055 | DD108: =DD106+DD101 -> 0 | DE108: =DE106+DE101 -> 0 | DF108: =DF106+DF101 -> 1.7526707 | DG108: =DG106+DG101 -> 0 | ... DO108: =DO106+DO101 -> 0
A110: =A101+7 -> 45957 | B110: Mon | D110: 4 | E110: 5 | F110: 13.52 | G110: 17.73 | H110: =I110+J110 -> 3 | I110: =K110+M110+Q110 -> 2 | J110: =L110+N110+R110 -> 1 | K110: 2 | R110: 1 | S110: =T110+U110 -> 0 | V110: =W110+X110 -> 0 | AA110: =AB110+AC110 -> 2 | AC110: 2 | AD110: =AE110+AF110 -> 1 | AF110: 1 | AQ110: 5 | AR110: 3 | AS110: =AQ110/AR110 -> 1.6666667 | AT110: 10.2 | AU110: 1 | AV110: =AT110*AS110*AU110 -> 17 | AY110: =H110/G110 -> 0.16920474 | AZ110: =I110/G110 -> 0.11280316 | BA110: =(K110+L110)/$G110 -> 0.11280316 | BB110: =K110/$G110 -> 0.11280316 | BC110: =(M110+N110)/$G110 -> 0 | BD110: =M110/$G110 -> 0 | BE110: =(Q110+R110)/$G110 -> 0.056401579 | BF110: =Q110/$G110 -> 0 | BG110: =S110/$G110 -> 0 | BH110: =V110/$G110 -> 0 | BI110: =AA110/$G110 -> 0.11280316 | BJ110: =AD110/$G110 -> 0.056401579 | BP110: =AY110*$AV110 -> 2.8764805 | BQ110: =AZ110*$AV110 -> 1.9176537 | BR110: =BA110*$AV110 -> 1.9176537 | BS110: =BB110*$AV110 -> 1.9176537 | BT110: =BC110*$AV110 -> 0 | BU110: =BD110*$AV110 -> 0 | BV110: =BE110*$AV110 -> 0.95882685 | BW110: =BF110*$AV110 -> 0 | ... CE110: =BN110*$AV110 -> 0 | CG110: =AVERAGE(BP110:BP114) -> 1.0700535 | CH110: =AVERAGE(BQ110:BQ114) -> 0.38353074 | CI110: =AVERAGE(BR110:BR114) -> 0.80045799 | CJ110: =AVERAGE(BS110:BS114) -> 0.38353074 | CK110: =AVERAGE(BT110:BT114) -> 0.077830189 | CL110: =AVERAGE(BU110:BU114) -> 0 | CM110: =AVERAGE(BV110:BV114) -> 0.19176537 | CN110: =AVERAGE(BW110:BW114) -> 0 | ... CV110: =AVERAGE(CE110:CE114) -> 0 | CX110: 5 | CZ110: =CG110*$CX110 -> 5.3502677 | DA110: =CH110*$CX110 -> 1.9176537 | DB110: =CI110*$CX110 -> 4.0022899 | DC110: =CJ110*$CX110 -> 1.9176537 | DD110: =CK110*$CX110 -> 0.38915094 | DE110: =CL110*$CX110 -> 0 | DF110: =CM110*$CX110 -> 0.95882685 | DG110: =CN110*$CX110 -> 0 | ... DO110: =CV110*$CX110 -> 0
...

Sheet Other
A2: Hanford Reach Non Salmon Anglers
AB3: Steelhead
H4: Total | I4: Steelhead
E5: Target | F5: Boats | G5: # of | H5: Pole | I5: Harvest | K5: C&R | M5: Bass | O5: Walleye | Q5: Pikeminnow | S5: Whitefish | U5: CC | W5: Sturgeon | AA5: Sucker | AC5: Perch | AE5: Trout | AG5: Bluegill | AI5: Chinook | AK5: Chinook (jack) | AM5: Crappie | AO5: Peamouth | AQ5: Shad | AS5: Sockeye
A6: Date | B6: Day | C6: Staff | D6: Location | E6: Species | F6: (#) | G6: Anglers | H6: Hours | I6: Hatchery | J6: Wild | K6: Hatchery | L6: Wild | M6: Catch | N6: Harvest | O6: Catch | P6: Harvest | Q6: Catch | R6: Harvest | S6: Catch | T6: Harvest | U6: Catch | V6: Harvest | W6: <43" | X6: 43"-54" | Y6: >54" | Z6: Unk | AA6: Catch | AB6: Harvest | AC6: Catch | AD6: Harvest | AE6: Catch | AF6: Harvest | AG6: Catch | AH6: Harvest | AI6: Catch | AJ6: Harvest | AK6: Catch | AL6: Harvest | AM6: Catch | AN6: Harvest | AO6: Catch | AP6: Harvest | AQ6: Catch | AR6: Harvest | AS6: Catch | AT6: Harvest
B7: Sat | C7: M. Spanos | D7: Ringold | E7: Duck
B8: Sat | C8: M. Spanos | D8: Ringold | E8: 3 | W8: 2 | X8: 1
B9: Sat | C9: M. Spanos | D9: Ringold | E9: Duck
C10: M. Spanos | D10: Ringold | E10: Duck
C11: D. Pobereyko | D11: Snyder | E11: Duck
C12: B. Rea | D12: Ringold | E12: Duck
B13: Mon | C13: M. Boes | D13: Ringold | E13: Duck
B14: Tues | C14: C. Shaffer | D14: Ringold | E14: Duck

Sheet Summary
Q1: Aug | R1: =SUM(R9:R10)+R11*3/7 -> 10.193085 | S1: =SUM(S9:S10)+S11*3/7 -> 0 | T1: =S1+R1 -> 10.193085
Q2: Sept | R2: =SUM(R12:R14)+R11*4/7+R15*5/7 -> 1834.2591 | S2: =SUM(S12:S14)+S11*4/7+S15*5/7 -> 103.36363 | T2: =S2+R2 -> 1937.6227
Q3: Oct | R3: =SUM(R16:R19)+R15*2/7+R20*1/7 -> 5610.0236 | S3: =SUM(S16:S19)+S15*2/7+S20*1/7 -> 249.22795 | T3: =S3+R3 -> 5859.2516
Q4: Nov | R4: =R20*6/7+R21 -> #DIV/0! | S4: =S20*6/7+S21 -> #DIV/0! | T4: =S4+R4 -> #DIV/0!
A5: 2025 Hanford Reach Salmon and Steelhead Fishery | T5: =T3+T2+T1 -> 7807.0674
I6: Sampled | R6: Harvest | W6: Released | AC6: Steelhead
A7: Week | B7: Sampled | E7: Estimated | H7: % of Effort | I7: Chinook | K7: Chinook (C&R) | M7: Sockeye | N7: Coho | P7: Coho (C&R) | R7: Chinook | T7: Sockeye | U7: Coho | W7: Chinook | Y7: Sockeye | Z7: Coho | AC7: Catch | AG7: Harvest | AJ7: Exp. Catch | AN7: Exp. Harvest | AR7: Angler
A8: Ending | B8: Boats | C8: Anglers | D8: Pole Hrs | E8: Boats | F8: Anglers | G8: Hours | H8: Sampled | I8: Adult | J8: Jacks | K8: Adult | L8: Jacks | M8: Adult | N8: Adult | O8: Jacks | P8: Adult | Q8: Jacks | R8: Adult | S8: Jacks | T8: Adult | U8: Adult | V8: Jacks | W8: Adult | X8: Jacks | Y8: Adult | Z8: Adult | AA8: Jacks | AC8: ADRV | AD8: Ad Only | AE8: Wild | AF8: Unk | AG8: ADRV | AH8: Ad Only | AI8: Wild | AJ8: ADRV | AK8: Ad Only | AL8: Wild | AM8: Unk | AN8: ADRV | AO8: Ad Only | AP8: Wild | AR8: Trips
A9: 45522 | B9: =B37 -> 9 | C9: =C37+C65 -> 24 | D9: =D37+D65 -> 156.64 | E9: =E37 -> 31.160121 | F9: =F37+F65 -> 61.086583 | G9: =G37+G65 -> 450.80268 | H9: =H37 -> 0.28883071 | I9: =I37+I65 -> 0 | J9: =J37+J65 -> 0 | K9: =K37+K65 -> 0 | L9: =L37+L65 -> 0 | M9: =M37+M65 -> 0 | N9: =N37+N65 -> 0 | O9: =O37+O65 -> 0 | P9: =P37+P65 -> 0 | ... AA9: =AA37+AA65 -> 0 | AC9: =AC37+AC65 -> 0 | AD9: =AD37+AD65 -> 0 | AE9: =AE37+AE65 -> 0 | AF9: =AF37+AF65 -> 2 | AG9: =AG37+AG65 -> 0 | AH9: =AH37+AH65 -> 0 | AI9: =AI37+AI65 -> 0 | AJ9: =AJ37+AJ65 -> 0 | ... AP9: =AP37+AP65 -> 0 | AR9: =AR37+AR65 -> 61.086583
A10: =A9+7 -> 45529 | B10: =B38 -> 17 | C10: =C38+C66 -> 46 | D10: =D38+D66 -> 203.59 | E10: =E38 -> 47.464995 | F10: =F38+F66 -> 118.33493 | G10: =G38+G66 -> 544.2679 | H10: =H38 -> 0.35815868 | I10: =I38+I66 -> 0 | J10: =J38+J66 -> 0 | K10: =K38+K66 -> 0 | L10: =L38+L66 -> 0 | M10: =M38+M66 -> 0 | N10: =N38+N66 -> 0 | O10: =O38+O66 -> 0 | P10: =P38+P66 -> 0 | ... AA10: =AA38+AA66 -> 0 | AC10: =AC38+AC66 -> 0 | AD10: =AD38+AD66 -> 0 | AE10: =AE38+AE66 -> 0 | AF10: =AF38+AF66 -> 1 | AG10: =AG38+AG66 -> 0 | AH10: =AH38+AH66 -> 0 | AI10: =AI38+AI66 -> 0 | AJ10: =AJ38+AJ66 -> 0 | ... AP10: =AP38+AP66 -> 0 | AR10: =AR38+AR66 -> 118.33493
A11: =A10+7 -> 45536 | B11: =B39 -> 34 | C11: =C39+C67 -> 86 | D11: =D39+D67 -> 471.51 | E11: =E39 -> 101.08143 | F11: =F39+F67 -> 237.04516 | G11: =G39+G67 -> 1350.9057 | H11: =H39 -> 0.33636249 | I11: =I39+I67 -> 8 | J11: =J39+J67 -> 0 | K11: =K39+K67 -> 0 | L11: =L39+L67 -> 0 | M11: =M39+M67 -> 0 | N11: =N39+N67 -> 0 | O11: =O39+O67 -> 0 | P11: =P39+P67 -> 0 | ... AA11: =AA39+AA67 -> 0 | AC11: =AC39+AJ67 -> 0 | AD11: =AD39+AK67 -> 0 | AE11: =AE39+AL67 -> 0 | AF11: =AF39+AM67 -> 0 | AG11: =AG39+AN67 -> 0 | AH11: =AH39+AO67 -> 0 | AI11: =AI39+AP67 -> 0 | AJ11: =AJ39+AJ67 -> 0 | AK11: =AK39+AK67 -> 0 | AL11: =AL39+AL67 -> 0 | AM11: =AM39+AM67 -> 0 | AN11: =AN39+AN67 -> 0 | AO11: =AO39+AO67 -> 0 | AP11: =AP39+AP67 -> 0 | AR11: =AR39+AR67 -> 237.04516
A12: =A11+7 -> 45543 | B12: =B40 -> 38 | C12: =C40+C68 -> 109 | D12: =D40+D68 -> 683.69 | E12: =E40 -> 172.48577 | F12: =F40+F68 -> 396.80564 | G12: =G40+G68 -> 2662.0442 | H12: =H40 -> 0.22030803 | I12: =I40+I68 -> 20 | J12: =J40+J68 -> 1 | K12: =K40+K68 -> 0 | L12: =L40+L68 -> 0 | M12: =M40+M68 -> 0 | N12: =N40+N68 -> 0 | O12: =O40+O68 -> 0 | P12: =P40+P68 -> 0 | ... AA12: =AA40+AA68 -> 0 | AC12: =AC40+AC68 -> 0 | AD12: =AD40+AD68 -> 0 | AE12: =AE40+AE68 -> 0 | AF12: =AF40+AF68 -> 0 | AG12: =AG40+AG68 -> 0 | AH12: =AH40+AH68 -> 0 | AI12: =AI40+AI68 -> 0 | AJ12: =AJ40+AJ68 -> 0 | ... AP12: =AP40+AP68 -> 0 | AR12: =AR40+AR68 -> 396.80564
A13: =A12+7 -> 45550 | B13: =B41 -> 117 | C13: =C41+C69 -> 355 | D13: =D41+D69 -> 2012.91 | E13: =E41 -> 551.5189 | F13: =F41+F69 -> 1470.943 | G13: =G41+G69 -> 8744.0963 | H13: =H41 -> 0.21214141 | I13: =I41+I69 -> 53 | J13: =J41+J69 -> 2 | K13: =K41+K69 -> 1 | L13: =L41+L69 -> 0 | M13: =M41+M69 -> 0 | N13: =N41+N69 -> 0 | O13: =O41+O69 -> 0 | P13: =P41+P69 -> 0 | ... AA13: =AA41+AA69 -> 0 | AC13: =AC41+AC69 -> 0 | AD13: =AD41+AD69 -> 1 | AE13: =AE41+AE69 -> 2 | AF13: =AF41+AF69 -> 0 | AG13: =AG41+AG69 -> 0 | AH13: =AH41+AH69 -> 0 | AI13: =AI41+AI69 -> 0 | AJ13: =AJ41+AJ69 -> 0 | ... AP13: =AP41+AP69 -> 0 | AR13: =AR41+AR69 -> 1470.943
A14: =A13+7 -> 45557 | B14: =B42 -> 258 | C14: =C42+C70 -> 776 | D14: =D42+D70 -> 5445.78 | E14: =E42 -> 773.65187 | F14: =F42+F70 -> 2118.5292 | G14: =G42+G70 -> 15156.49 | H14: =H42 -> 0.33348333 | I14: =I42+I70 -> 192 | J14: =J42+J70 -> 12 | K14: =K42+K70 -> 2 | L14: =L42+L70 -> 4 | M14: =M42+M70 -> 0 | N14: =N42+N70 -> 0 | O14: =O42+O70 -> 0 | P14: =P42+P70 -> 0 | ... AA14: =AA42+AA70 -> 0 | AC14: =AC42+AC70 -> 0 | AD14: =AD42+AD70 -> 0 | AE14: =AE42+AE70 -> 1 | AF14: =AF42+AF70 -> 0 | AG14: =AG42+AG70 -> 0 | AH14: =AH42+AH70 -> 0 | AI14: =AI42+AI70 -> 0 | AJ14: =AJ42+AJ70 -> 0 | ... AP14: =AP42+AP70 -> 0 | AR14: =AR42+AR70 -> 2118.5292
A15: =A14+7 -> 45564 | B15: =B43 -> 332 | C15: =C43+C71 -> 1066 | D15: =D43+D71 -> 6839.17 | E15: =E43 -> 1425.305 | F15: =F43+F71 -> 4116.3093 | G15: =G43+G71 -> 26403.299 | H15: =H43 -> 0.2329326 | I15: =I43+I71 -> 351 | J15: =J43+J71 -> 25 | K15: =K43+K71 -> 11 | L15: =L43+L71 -> 3 | M15: =M43+M71 -> 0 | N15: =N43+N71 -> 0 | O15: =O43+O71 -> 0 | P15: =P43+P71 -> 0 | ... AA15: =AA43+AA71 -> 0 | AC15: =AC43+AC71 -> 0 | AD15: =AD43+AD71 -> 0 | AE15: =AE43+AE71 -> 3 | AF15: =AF43+AF71 -> 1 | AG15: =AG43+AG71 -> 0 | AH15: =AH43+AH71 -> 0 | AI15: =AI43+AI71 -> 0 | AJ15: =AJ43+AJ71 -> 0 | ... AP15: =AP43+AP71 -> 0 | AR15: =AR43+AR71 -> 4116.3093
A16: =A15+7 -> 45571 | B16: =B44 -> 457 | C16: =C44+C72 -> 1512 | D16: =D44+D72 -> 8860.76 | E16: =E44 -> 1471.2783 | F16: =F44+F72 -> 4525.3382 | G16: =G44+G72 -> 26783.337 | H16: =H44 -> 0.31061425 | I16: =I44+I72 -> 740 | J16: =J44+J72 -> 24 | K16: =K44+K72 -> 9 | L16: =L44+L72 -> 3 | M16: =M44+M72 -> 0 | N16: =N44+N72 -> 2 | O16: =O44+O72 -> 1 | P16: =P44+P72 -> 0 | ... AA16: =AA44+AA72 -> 0 | AC16: =AC44+AC72 -> 0 | AD16: =AD44+AD72 -> 1 | AE16: =AE44+AE72 -> 3 | AF16: =AF44+AF72 -> 0 | AG16: =AG44+AG72 -> 0 | AH16: =AH44+AH72 -> 0 | AI16: =AI44+AI72 -> 0 | AJ16: =AJ44+AJ72 -> 0 | ... AP16: =AP44+AP72 -> 0 | AR16: =AR44+AR72 -> 4525.3382
A17: =A16+7 -> 45578 | B17: =B45 -> 305 | C17: =C45+C73 -> 1016 | D17: =D45+D73 -> 5721.93 | E17: =E45 -> 1221.4502 | F17: =F45+F73 -> 3764.6333 | G17: =G45+G73 -> 21971.428 | H17: =H45 -> 0.24970318 | I17: =I45+I73 -> 548 | J17: =J45+J73 -> 27 | K17: =K45+K73 -> 6 | L17: =L45+L73 -> 6 | M17: =M45+M73 -> 0 | N17: =N45+N73 -> 2 | O17: =O45+O73 -> 0 | P17: =P45+P73 -> 0 | ... AA17: =AA45+AA73 -> 0 | AC17: =AC45+AC73 -> 2 | AD17: =AD45+AD73 -> 1 | AE17: =AE45+AE73 -> 2 | AF17: =AF45+AF73 -> 0 | AG17: =AG45+AG73 -> 2 | AH17: =AH45+AH73 -> 0 | AI17: =AI45+AI73 -> 0 | AJ17: =AJ45+AJ73 -> 4.9816118 | ... AP17: =AP45+AP73 -> 0 | AR17: =AR45+AR73 -> 3764.6333
A18: =A17+7 -> 45585 | B18: =B46 -> 144 | C18: =C46+C74 -> 459 | D18: =D46+D74 -> 2441.07 | E18: =E46 -> 401.69439 | F18: =F46+F74 -> 1149.9172 | G18: =G46+G74 -> 6344.7784 | H18: =H46 -> 0.35848148 | I18: =I46+I74 -> 235 | J18: =J46+J74 -> 22 | K18: =K46+K74 -> 32 | L18: =L46+L74 -> 1 | M18: =M46+M74 -> 0 | N18: =N46+N74 -> 6 | O18: =O46+O74 -> 0 | P18: =P46+P74 -> 0 | ... AA18: =AA46+AA74 -> 0 | AC18: =AC46+AC74 -> 0 | AD18: =AD46+AD74 -> 2 | AE18: =AE46+AE74 -> 4 | AF18: =AF46+AF74 -> 0 | AG18: =AG46+AG74 -> 3 | AH18: =AH46+AH74 -> 0 | AI18: =AI46+AI74 -> 0 | AJ18: =AJ46+AJ74 -> 0 | ... AP18: =AP46+AP74 -> 0 | AR18: =AR46+AR74 -> 1149.9172
A19: =A18+7 -> 45592 | B19: =B47 -> 21 | C19: =C47+C75 -> 119 | D19: =D47+D75 -> 347.17 | E19: =E47 -> 131.01237 | F19: =F47+F75 -> 439.39009 | G19: =G47+G75 -> 1644.3685 | H19: =H47 -> 0.16029021 | I19: =I47+I75 -> 31 | J19: =J47+J75 -> 0 | K19: =K47+K75 -> 7 | L19: =L47+L75 -> 0 | M19: =M47+M75 -> 0 | N19: =N47+N75 -> 9 | O19: =O47+O75 -> 1 | P19: =P47+P75 -> 3 | ... AA19: =AA47+AA75 -> 0 | AC19: =AC47+AC75 -> 1 | AD19: =AD47+AD75 -> 0 | AE19: =AE47+AE75 -> 2 | AF19: =AF47+AF75 -> 0 | AG19: =AG47+AG75 -> 1 | AH19: =AH47+AH75 -> 0 | AI19: =AI47+AI75 -> 0 | AJ19: =AJ47+AJ75 -> 2.7877055 | ... AP19: =AP47+AP75 -> 0 | AR19: =AR47+AR75 -> 439.39009
A20: =A19+7 -> 45599 | B20: =B48 -> 23 | C20: =C48+C76 -> 94 | D20: =D48+D76 -> 521.29 | E20: =E48 -> 40.497127 | F20: =F48+F76 -> 104.52143 | G20: =G48+G76 -> 582.09 | H20: =H48 -> 0.56794152 | I20: =I48+I76 -> 34 | J20: =J48+J76 -> 1 | K20: =K48+K76 -> 28 | L20: =L48+L76 -> 0 | M20: =M48+M76 -> 0 | N20: =N48+N76 -> 12 | O20: =O48+O76 -> 2 | P20: =P48+P76 -> 0 | ... AA20: =AA48+AA76 -> 0 | AC20: =AC48+AC76 -> 4 | AD20: =AD48+AD76 -> 2 | AE20: =AE48+AE76 -> 1 | AF20: =AF48+AF76 -> 0 | AG20: =AG48+AG76 -> 3 | AH20: =AH48+AH76 -> 0 | AI20: =AI48+AI76 -> 0 | AJ20: =AJ48+AJ76 -> 4.0022899 | ... AP20: =AP48+AP76 -> 0 | AR20: =AR48+AR76 -> 104.52143
A21: =A20+7 -> 45606 | B21: =B49 -> 0 | C21: =C49+C77 -> 0 | D21: =D49+D77 -> 0 | E21: =E49 -> 0 | F21: =F49+F77 -> #DIV/0! | G21: =G49+G77 -> #DIV/0! | H21: =H49 -> #DIV/0! | I21: =I49+I77 -> 0 | J21: =J49+J77 -> 0 | K21: =K49+K77 -> 0 | L21: =L49+L77 -> 0 | M21: =M49+M77 -> 0 | N21: =N49+N77 -> 0 | O21: =O49+O77 -> 0 | P21: =P49+P77 -> 0 | ... AA21: =AA49+AA77 -> #DIV/0! | AC21: =AC49+AC77 -> 0 | AD21: =AD49+AD77 -> 0 | AE21: =AE49+AE77 -> 0 | AF21: =AF49+AF77 -> 0 | AG21: =AG49+AG77 -> 0 | AH21: =AH49+AH77 -> 0 | AI21: =AI49+AI77 -> 0 | AR21: =AR49+AR77 -> #DIV/0!
A22: =A21+7 -> 45613 | B22: =B50 -> 0 | C22: =C50+C78 -> 0 | D22: =D50+D78 -> 0 | E22: =E50 -> 0 | F22: =F50+F78 -> #DIV/0! | G22: =G50+G78 -> #DIV/0! | H22: =H50 -> #DIV/0! | I22: =I50+I78 -> 0 | J22: =J50+J78 -> 0 | K22: =K50+K78 -> 0 | L22: =L50+L78 -> 0 | M22: =M50+M78 -> 0 | N22: =N50+N78 -> 0 | O22: =O50+O78 -> 0 | P22: =P50+P78 -> 0 | ... AA22: =AA50+AA78 -> #DIV/0! | AC22: =AC50+AC78 -> 0 | AD22: =AD50+AD78 -> 0 | AE22: =AE50+AE78 -> 0 | AF22: =AF50+AF78 -> 0 | AG22: =AG50+AG78 -> 0 | AH22: =AH50+AH78 -> 0 | AI22: =AI50+AI78 -> 0 | AR22: =AR50+AR78 -> #DIV/0!
A23: =A22+7 -> 45620 | B23: =B51 -> 0 | C23: =C51+C79 -> 0 | D23: =D51+D79 -> 0 | E23: =E51 -> 0 | F23: =F51+F79 -> #DIV/0! | G23: =G51+G79 -> #DIV/0! | H23: =H51 -> #DIV/0! | I23: =I51+I79 -> 0 | J23: =J51+J79 -> 0 | K23: =K51+K79 -> 0 | L23: =L51+L79 -> 0 | M23: =M51+M79 -> 0 | N23: =N51+N79 -> 0 | O23: =O51+O79 -> 0 | P23: =P51+P79 -> 0 | ... AA23: =AA51+AA79 -> #DIV/0! | AC23: =AC51+AC79 -> 0 | AD23: =AD51+AD79 -> 0 | AE23: =AE51+AE79 -> 0 | AF23: =AF51+AF79 -> 0 | AG23: =AG51+AG79 -> 0 | AH23: =AH51+AH79 -> 0 | AI23: =AI51+AI79 -> 0 | AR23: =AR51+AR79 -> #DIV/0!
A24: =A23+7 -> 45627 | B24: =B52 -> 0 | C24: =C52+C80 -> 0 | D24: =D52+D80 -> 0 | E24: =E52 -> 0 | F24: =F52+F80 -> #DIV/0! | G24: =G52+G80 -> #DIV/0! | H24: =H52 -> #DIV/0! | I24: =I52+I80 -> 0 | J24: =J52+J80 -> 0 | K24: =K52+K80 -> 0 | L24: =L52+L80 -> 0 | M24: =M52+M80 -> 0 | N24: =N52+N80 -> 0 | O24: =O52+O80 -> 0 | P24: =P52+P80 -> 0 | ... AA24: =AA52+AA80 -> #DIV/0! | AC24: =AC52+AC80 -> 0 | AD24: =AD52+AD80 -> 0 | AE24: =AE52+AE80 -> 0 | AF24: =AF52+AF80 -> 0 | AG24: =AG52+AG80 -> 0 | AH24: =AH52+AH80 -> 0 | AI24: =AI52+AI80 -> 0 | AR24: =AR52+AR80 -> #DIV/0!
A25: =A24+7 -> 45634 | B25: =B53 -> 0 | C25: =C53+C81 -> 0 | D25: =D53+D81 -> 0 | E25: =E53 -> 0 | F25: =F53+F81 -> #DIV/0! | G25: =G53+G81 -> #DIV/0! | H25: =H53 -> #DIV/0! | I25: =I53+I81 -> 0 | J25: =J53+J81 -> 0 | K25: =K53+K81 -> 0 | L25: =L53+L81 -> 0 | M25: =M53+M81 -> 0 | N25: =N53+N81 -> 0 | O25: =O53+O81 -> 0 | P25: =P53+P81 -> 0 | ... AA25: =AA53+AA81 -> #DIV/0! | AC25: =AC53+AC81 -> 0 | AD25: =AD53+AD81 -> 0 | AE25: =AE53+AE81 -> 0 | AF25: =AF53+AF81 -> 0 | AG25: =AG53+AG81 -> 0 | AH25: =AH53+AH81 -> 0 | AI25: =AI53+AI81 -> 0 | AR25: =AR53+AR81 -> #DIV/0!
A26: =A25+7 -> 45641 | B26: =B54 -> 0 | C26: =C54+C82 -> 0 | D26: =D54+D82 -> 0 | E26: =E54 -> 0 | F26: =F54+F82 -> #DIV/0! | G26: =G54+G82 -> #DIV/0! | H26: =H54 -> #DIV/0! | I26: =I54+I82 -> 0 | J26: =J54+J82 -> 0 | K26: =K54+K82 -> 0 | L26: =L54+L82 -> 0 | M26: =M54+M82 -> 0 | N26: =N54+N82 -> 0 | O26: =O54+O82 -> 0 | P26: =P54+P82 -> 0 | ... AA26: =AA54+AA82 -> #DIV/0! | AC26: =AC54+AC82 -> 0 | AD26: =AD54+AD82 -> 0 | AE26: =AE54+AE82 -> 0 | AF26: =AF54+AF82 -> 0 | AG26: =AG54+AG82 -> 0 | AH26: =AH54+AH82 -> 0 | AI26: =AI54+AI82 -> 0 | AR26: =AR54+AR82 -> #DIV/0!
A27: =A26+7 -> 45648 | B27: =B55 -> 0 | C27: =C55+C83 -> 0 | D27: =D55+D83 -> 0 | E27: =E55 -> 0 | F27: =F55+F83 -> #DIV/0! | G27: =G55+G83 -> #DIV/0! | H27: =H55 -> #DIV/0! | I27: =I55+I83 -> 0 | J27: =J55+J83 -> 0 | K27: =K55+K83 -> 0 | L27: =L55+L83 -> 0 | M27: =M55+M83 -> 0 | N27: =N55+N83 -> 0 | O27: =O55+O83 -> 0 | P27: =P55+P83 -> 0 | ... AA27: =AA55+AA83 -> #DIV/0! | AC27: =AC55+AC83 -> 0 | AD27: =AD55+AD83 -> 0 | AE27: =AE55+AE83 -> 0 | AF27: =AF55+AF83 -> 0 | AG27: =AG55+AG83 -> 0 | AH27: =AH55+AH83 -> 0 | AI27: =AI55+AI83 -> 0 | AR27: =AR55+AR83 -> #DIV/0!
A28: =A27+7 -> 45655 | B28: =B56 -> 0 | C28: =C56+C84 -> 0 | D28: =D56+D84 -> 0 | E28: =E56 -> 0 | F28: =F56+F84 -> #DIV/0! | G28: =G56+G84 -> #DIV/0! | H28: =H56 -> #DIV/0! | I28: =I56+I84 -> 0 | J28: =J56+J84 -> 0 | K28: =K56+K84 -> 0 | L28: =L56+L84 -> 0 | M28: =M56+M84 -> 0 | N28: =N56+N84 -> 0 | O28: =O56+O84 -> 0 | P28: =P56+P84 -> 0 | ... AA28: =AA56+AA84 -> #DIV/0! | AC28: =AC56+AC84 -> 0 | AD28: =AD56+AD84 -> 0 | AE28: =AE56+AE84 -> 0 | AF28: =AF56+AF84 -> 0 | AG28: =AG56+AG84 -> 0 | AH28: =AH56+AH84 -> 0 | AI28: =AI56+AI84 -> 0 | AR28: =AR56+AR84 -> #DIV/0!
A30: Totals | B30: =SUM(B9:B29) -> 1755 | C30: =SUM(C9:C29) -> 5662 | D30: =SUM(D9:D29) -> 33705.51 | E30: =SUM(E9:E29) -> 6368.6004 | F30: =SUM(F9:F29) -> #DIV/0! | G30: =SUM(G9:G29) -> #DIV/0! | H30: =D30/G30 -> #DIV/0! | I30: =SUM(I9:I29) -> 2212 | J30: =SUM(J9:J29) -> 114 | K30: =SUM(K9:K29) -> 96 | L30: =SUM(L9:L29) -> 17 | M30: =SUM(M9:M29) -> 0 | N30: =SUM(N9:N29) -> 31 | O30: =SUM(O9:O29) -> 4 | P30: =SUM(P9:P29) -> 3 | ... AA30: =SUM(AA9:AA29) -> #DIV/0! | AC30: =SUM(AC9:AC29) -> 7 | AD30: =SUM(AD9:AD29) -> 7 | AE30: =SUM(AE9:AE29) -> 18 | AF30: =SUM(AF9:AF29) -> 4 | AG30: =SUM(AG9:AG29) -> 9 | AH30: =SUM(AH9:AH29) -> 0 | AI30: =SUM(AI9:AI29) -> 0 | AJ30: =SUM(AJ9:AJ29) -> 11.771607 | ... AP30: =SUM(AP9:AP29) -> 0 | AR30: =SUM(AR9:AR29) -> #DIV/0!
I31: =I30+J30 -> 2326 | R31: =R30+S30 -> #DIV/0!
V32: =8/21 -> 0.38095238
A33: Boat Fishery
I34: Sampled | R34: Harvest | W34: Released | AC34: Steelhead
A35: Week | B35: Sampled | E35: Estimated | H35: % of Effort | I35: Chinook | K35: Chinook (C&R) | M35: Sockeye | N35: Coho | P35: Coho (C&R) | R35: Chinook | T35: Sockeye | U35: Coho | W35: Chinook | Y35: Sockeye | Z35: Coho | AC35: Catch | AG35: Harvest | AJ35: Exp. Catch | AN35: Exp. Harvest | AR35: Angler | AT35: Salmon | AU35: Hours
A36: Ending | B36: Boats | C36: Anglers | D36: Hours | E36: Boats | F36: Anglers | G36: Hours | H36: Sampled | I36: Adult | J36: Jacks | K36: Adult | L36: Jacks | M36: Adult | N36: Adult | O36: Jacks | P36: Adult | Q36: Jacks | R36: Adult | S36: Jacks | T36: Adult | U36: Adult | V36: Jacks | W36: Adult | X36: Jacks | Y36: Adult | Z36: Adult | AA36: Jacks | AC36: ADRV | AD36: Ad Only | AE36: Wild | AF36: Unk | AG36: ADRV | AH36: Ad Only | AI36: Wild | AJ36: ADRV | AK36: Ad Only | AL36: Wild | AM36: Unk | AN36: ADRV | AO36: Ad Only | AP36: Wild | AR36: Trips | AT36: per Boat | AU36: per Fish
A37: =A9 -> 45522 | B37: =Harvest!D22 -> 9 | C37: =Harvest!E22 -> 16 | D37: =Harvest!F22 -> 123.37 | E37: =Harvest!C22 -> 31.160121 | F37: =C37/H37 -> 55.395771 | G37: =D37/H37 -> 427.13602 | H37: =B37/E37 -> 0.28883071 | I37: =Harvest!H21 -> 0 | J37: =Harvest!K21 -> 0 | K37: =Harvest!T21 -> 0 | L37: =Harvest!U21 -> 0 | N37: =Harvest!N21 -> 0 | O37: =Harvest!Q21 -> 0 | P37: =Harvest!W21 -> 0 | Q37: =Harvest!X21 -> 0 | R37: =Harvest!H22 -> 0 | S37: =Harvest!K22 -> 0 | U37: =Harvest!N22 -> 0 | V37: =Harvest!Q22 -> 0 | W37: =Harvest!T22 -> 0 | X37: =Harvest!U22 -> 0 | Y37: =Harvest!V22 -> 0 | Z37: =Harvest!W22 -> 0 | AA37: =Harvest!X22 -> 0 | AC37: =Harvest!AW21 -> 0 | AD37: =Harvest!AX21 -> 0 | AE37: =Harvest!AY21 -> 0 | AF37: =Harvest!AZ21 -> 2 | AG37: =Harvest!BA21 -> 0 | AH37: =Harvest!BB21 -> 0 | AI37: =Harvest!BC21 -> 0 | AJ37: =Harvest!AW22 -> 0 | AK37: =Harvest!AX22 -> 0 | AL37: =Harvest!AY22 -> 0 | AM37: =Harvest!AZ22 -> 6.9244714 | AN37: =Harvest!BA22 -> 0 | AO37: =Harvest!BB22 -> 0 | AP37: =Harvest!BC22 -> 0 | AR37: =F37 -> 55.395771 | AT37: =SUM(I37:Q37)/B37 -> 0 | AU37: 0
A38: =A37+7 -> 45529 | B38: =Harvest!D32 -> 17 | C38: =Harvest!E32 -> 32 | D38: =Harvest!F32 -> 170.09 | E38: =Harvest!C32 -> 47.464995 | F38: =C38/H38 -> 89.345872 | G38: =D38/H38 -> 474.90123 | H38: =B38/E38 -> 0.35815868 | I38: =Harvest!H31 -> 0 | J38: =Harvest!K31 -> 0 | K38: =Harvest!T31 -> 0 | L38: =Harvest!U31 -> 0 | N38: =Harvest!N31 -> 0 | O38: =Harvest!Q31 -> 0 | P38: =Harvest!W31 -> 0 | Q38: =Harvest!X31 -> 0 | R38: =Harvest!H32 -> 0 | S38: =Harvest!K32 -> 0 | U38: =Harvest!N32 -> 0 | V38: =Harvest!Q32 -> 0 | W38: =Harvest!T32 -> 0 | X38: =Harvest!U32 -> 0 | Y38: =Harvest!V32 -> 0 | Z38: =Harvest!W32 -> 0 | AA38: =Harvest!X32 -> 0 | AC38: =Harvest!AW31 -> 0 | AD38: =Harvest!AX31 -> 0 | AE38: =Harvest!AY31 -> 0 | AF38: =Harvest!AZ31 -> 0 | AG38: =Harvest!BA31 -> 0 | AH38: =Harvest!BB31 -> 0 | AI38: =Harvest!BC31 -> 0 | AJ38: =Harvest!AW32 -> 0 | AK38: =Harvest!AX32 -> 0 | AL38: =Harvest!AY32 -> 0 | AM38: =Harvest!AZ32 -> 0 | AN38: =Harvest!BA32 -> 0 | AO38: =Harvest!BB32 -> 0 | AP38: =Harvest!BC32 -> 0 | AR38: =F38 -> 89.345872 | AT38: =SUM(I38:Q38)/B38 -> 0 | AU38: 0
A39: =A38+7 -> 45536 | B39: =Harvest!D42 -> 34 | C39: =Harvest!E42 -> 69 | D39: =Harvest!F42 -> 425.08 | E39: =Harvest!C42 -> 101.08143 | F39: =C39/H39 -> 205.13584 | G39: =D39/H39 -> 1263.7557 | H39: =B39/E39 -> 0.33636249 | I39: =Harvest!H41 -> 8 | J39: =Harvest!K41 -> 0 | K39: =Harvest!T41 -> 0 | L39: =Harvest!U41 -> 0 | N39: =Harvest!N41 -> 0 | O39: =Harvest!Q41 -> 0 | P39: =Harvest!W41 -> 0 | Q39: =Harvest!X41 -> 0 | R39: =Harvest!H42 -> 23.783865 | S39: =Harvest!K42 -> 0 | U39: =Harvest!N42 -> 0 | V39: =Harvest!Q42 -> 0 | W39: =Harvest!T42 -> 0 | X39: =Harvest!U42 -> 0 | Y39: =Harvest!V42 -> 0 | Z39: =Harvest!W42 -> 0 | AA39: =Harvest!X42 -> 0 | AC39: =Harvest!AW41 -> 0 | AD39: =Harvest!AX41 -> 0 | AE39: =Harvest!AY41 -> 0 | AF39: =Harvest!AZ41 -> 0 | AG39: =Harvest!BA41 -> 0 | AH39: =Harvest!BB41 -> 0 | AI39: =Harvest!BC41 -> 0 | AJ39: =Harvest!AW42 -> 0 | AK39: =Harvest!AX42 -> 0 | AL39: =Harvest!AY42 -> 0 | AM39: =Harvest!AZ42 -> 0 | AN39: =Harvest!BA42 -> 0 | AO39: =Harvest!BB42 -> 0 | AP39: =Harvest!BC42 -> 0 | AR39: =F39 -> 205.13584 | AT39: =SUM(I39:Q39)/B39 -> 0.23529412 | AU39: =D39/SUM(I39:Q39) -> 53.135
A40: =A39+7 -> 45543 | B40: =Harvest!D52 -> 38 | C40: =Harvest!E52 -> 79 | D40: =Harvest!F52 -> 548.54 | E40: =Harvest!C52 -> 172.48577 | F40: =C40/H40 -> 358.58884 | G40: =D40/H40 -> 2489.8775 | H40: =B40/E40 -> 0.22030803 | I40: =Harvest!H51 -> 19 | J40: =Harvest!K51 -> 1 | K40: =Harvest!T51 -> 0 | L40: =Harvest!U51 -> 0 | N40: =Harvest!N51 -> 0 | O40: =Harvest!Q51 -> 0 | P40: =Harvest!W51 -> 0 | Q40: =Harvest!X51 -> 0 | R40: =Harvest!H52 -> 86.242886 | S40: =Harvest!K52 -> 4.5390992 | U40: =Harvest!N52 -> 0 | V40: =Harvest!Q52 -> 0 | W40: =Harvest!T52 -> 0 | X40: =Harvest!U52 -> 0 | Y40: =Harvest!V52 -> 0 | Z40: =Harvest!W52 -> 0 | AA40: =Harvest!X52 -> 0 | AC40: =Harvest!AW51 -> 0 | AD40: =Harvest!AX51 -> 0 | AE40: =Harvest!AY51 -> 0 | AF40: =Harvest!AZ51 -> 0 | AG40: =Harvest!BA51 -> 0 | AH40: =Harvest!BB51 -> 0 | AI40: =Harvest!BC51 -> 0 | AJ40: =Harvest!AW52 -> 0 | AK40: =Harvest!AX52 -> 0 | AL40: =Harvest!AY52 -> 0 | AM40: =Harvest!AZ52 -> 0 | AN40: =Harvest!BA52 -> 0 | AO40: =Harvest!BB52 -> 0 | AP40: =Harvest!BC52 -> 0 | AR40: =F40 -> 358.58884 | AT40: =SUM(I40:Q40)/B40 -> 0.52631579 | AU40: =D40/SUM(I40:Q40) -> 27.427
A41: =A40+7 -> 45550 | B41: =Harvest!D62 -> 117 | C41: =Harvest!E62 -> 293 | D41: =Harvest!F62 -> 1784.95 | E41: =Harvest!C62 -> 551.5189 | F41: =C41/H41 -> 1381.1542 | G41: =D41/H41 -> 8413.9629 | H41: =B41/E41 -> 0.21214141 | I41: =Harvest!H61 -> 46 | J41: =Harvest!K61 -> 1 | K41: =Harvest!T61 -> 1 | L41: =Harvest!U61 -> 0 | N41: =Harvest!N61 -> 0 | O41: =Harvest!Q61 -> 0 | P41: =Harvest!W61 -> 0 | Q41: =Harvest!X61 -> 0 | R41: =Harvest!H62 -> 216.83649 | S41: =Harvest!K62 -> 4.7138368 | U41: =Harvest!N62 -> 0 | V41: =Harvest!Q62 -> 0 | W41: =Harvest!T62 -> 4.7138368 | X41: =Harvest!U62 -> 0 | Y41: =Harvest!V62 -> 0 | Z41: =Harvest!W62 -> 0 | AA41: =Harvest!X62 -> 0 | AC41: =Harvest!AW61 -> 0 | AD41: =Harvest!AX61 -> 1 | AE41: =Harvest!AY61 -> 1 | AF41: =Harvest!AZ61 -> 0 | AG41: =Harvest!BA61 -> 0 | AH41: =Harvest!BB61 -> 0 | AI41: =Harvest!BC61 -> 0 | AJ41: =Harvest!AW62 -> 0 | AK41: =Harvest!AX62 -> 4.7138368 | AL41: =Harvest!AY62 -> 4.7138368 | AM41: =Harvest!AZ62 -> 0 | AN41: =Harvest!BA62 -> 0 | AO41: =Harvest!BB62 -> 0 | AP41: =Harvest!BC62 -> 0 | AR41: =F41 -> 1381.1542 | AT41: =SUM(I41:Q41)/B41 -> 0.41025641 | AU41: =D41/SUM(I41:Q41) -> 37.186458
A42: =A41+7 -> 45557 | B42: =Harvest!D72 -> 258 | C42: =Harvest!E72 -> 667 | D42: =Harvest!F72 -> 4832.07 | E42: =Harvest!C72 -> 773.65187 | F42: =C42/H42 -> 2000.1 | G42: =D42/H42 -> 14489.69 | H42: =B42/E42 -> 0.33348333 | I42: =Harvest!H71 -> 165 | J42: =Harvest!K71 -> 11 | K42: =Harvest!T71 -> 0 | L42: =Harvest!U71 -> 2 | N42: =Harvest!N71 -> 0 | O42: =Harvest!Q71 -> 0 | P42: =Harvest!W71 -> 0 | Q42: =Harvest!X71 -> 0 | R42: =Harvest!H72 -> 494.77736 | S42: =Harvest!K72 -> 32.985157 | U42: =Harvest!N72 -> 0 | V42: =Harvest!Q72 -> 0 | W42: =Harvest!T72 -> 0 | X42: =Harvest!U72 -> 5.9973013 | Y42: =Harvest!V72 -> 0 | Z42: =Harvest!W72 -> 0 | AA42: =Harvest!X72 -> 0 | AC42: =Harvest!AW71 -> 0 | AD42: =Harvest!AX71 -> 0 | AE42: =Harvest!AY71 -> 1 | AF42: =Harvest!AZ71 -> 0 | AG42: =Harvest!BA71 -> 0 | AH42: =Harvest!BB71 -> 0 | AI42: =Harvest!BC71 -> 0 | AJ42: =Harvest!AW72 -> 0 | AK42: =Harvest!AX72 -> 0 | AL42: =Harvest!AY72 -> 2.9986506 | AM42: =Harvest!AZ72 -> 0 | AN42: =Harvest!BA72 -> 0 | AO42: =Harvest!BB72 -> 0 | AP42: =Harvest!BC72 -> 0 | AR42: =F42 -> 2000.1 | AT42: =SUM(I42:Q42)/B42 -> 0.68992248 | AU42: =D42/SUM(I42:Q42) -> 27.146461
A43: =A42+7 -> 45564 | B43: =Harvest!D82 -> 332 | C43: =Harvest!E82 -> 927 | D43: =Harvest!F82 -> 5945.62 | E43: =Harvest!C82 -> 1425.305 | F43: =C43/H43 -> 3979.6919 | G43: =D43/H43 -> 25525.066 | H43: =B43/E43 -> 0.2329326 | I43: =Harvest!H81 -> 312 | J43: =Harvest!K81 -> 18 | K43: =Harvest!T81 -> 3 | L43: =Harvest!U81 -> 3 | N43: =Harvest!N81 -> 0 | O43: =Harvest!Q81 -> 0 | P43: =Harvest!W81 -> 0 | Q43: =Harvest!X81 -> 0 | R43: =Harvest!H82 -> 1339.4432 | S43: =Harvest!K82 -> 77.275571 | U43: =Harvest!N82 -> 0 | V43: =Harvest!Q82 -> 0 | W43: =Harvest!T82 -> 12.879262 | X43: =Harvest!U82 -> 12.879262 | Y43: =Harvest!V82 -> 0 | Z43: =Harvest!W82 -> 0 | AA43: =Harvest!X82 -> 0 | AC43: =Harvest!AW81 -> 0 | AD43: =Harvest!AX81 -> 0 | AE43: =Harvest!AY81 -> 2 | AF43: =Harvest!AZ81 -> 1 | AG43: =Harvest!BA81 -> 0 | AH43: =Harvest!BB81 -> 0 | AI43: =Harvest!BC81 -> 0 | AJ43: =Harvest!AW82 -> 0 | AK43: =Harvest!AX82 -> 0 | AL43: =Harvest!AY82 -> 8.5861745 | AM43: =Harvest!AZ82 -> 4.2930873 | AN43: =Harvest!BA82 -> 0 | AO43: =Harvest!BB82 -> 0 | AP43: =Harvest!BC82 -> 0 | AR43: =F43 -> 3979.6919 | AT43: =SUM(I43:Q43)/B43 -> 1.0120482 | AU43: =D43/SUM(I43:Q43) -> 17.695298
A44: =A43+7 -> 45571 | B44: =Harvest!D92 -> 457 | C44: =Harvest!E92 -> 1353 | D44: =Harvest!F92 -> 8051.34 | E44: =Harvest!C92 -> 1471.2783 | F44: =C44/H44 -> 4355.8851 | G44: =D44/H44 -> 25920.704 | H44: =B44/E44 -> 0.31061425 | I44: =Harvest!H91 -> 694 | J44: =Harvest!K91 -> 19 | K44: =Harvest!T91 -> 3 | L44: =Harvest!U91 -> 1 | N44: =Harvest!N91 -> 2 | O44: =Harvest!Q91 -> 1 | P44: =Harvest!W91 -> 0 | Q44: =Harvest!X91 -> 0 | R44: =Harvest!H92 -> 2234.2825 | S44: =Harvest!K92 -> 61.169119 | U44: =Harvest!N92 -> 6.4388546 | V44: =Harvest!Q92 -> 3.2194273 | W44: =Harvest!T92 -> 9.6582819 | X44: =Harvest!U92 -> 3.2194273 | Y44: =Harvest!V92 -> 0 | Z44: =Harvest!W92 -> 0 | AA44: =Harvest!X92 -> 0 | AC44: =Harvest!AW91 -> 0 | AD44: =Harvest!AX91 -> 1 | AE44: =Harvest!AY91 -> 2 | AF44: =Harvest!AZ91 -> 0 | AG44: =Harvest!BA91 -> 0 | AH44: =Harvest!BB91 -> 0 | AI44: =Harvest!BC91 -> 0 | AJ44: =Harvest!AW92 -> 0 | AK44: =Harvest!AX92 -> 3.2194273 | AL44: =Harvest!AY92 -> 6.4388546 | AM44: =Harvest!AZ92 -> 0 | AN44: =Harvest!BA92 -> 0 | AO44: =Harvest!BB92 -> 0 | AP44: =Harvest!BC92 -> 0 | AR44: =F44 -> 4355.8851 | AT44: =SUM(I44:Q44)/B44 -> 1.5754923 | AU44: =D44/SUM(I44:Q44) -> 11.182417
