Workbook

Sheet Prosser
C2: 2025 Yakima River Fall Salmon Creel Survey (Sept 15 - October 31) | L2: No Boats=FIX FORMULA
AB3: hours/fish
E4: Sampled | AC4: Effort | AG4: Expanded Catch & Harvest
H5: Chinook | N5: Coho | T5: Steelhead | V5: Incidental Catch | AG5: Chinook | AM5: Coho | AS5: Steelhead | AU5: Incidental Catch
E6: Sampled | H6: Adults | J6: Jacks | L6: Released | N6: Adults | P6: Jacks | R6: Released | T6: (Released) | V6: NPM | X6: SK | Z6: SMB | AC6: Angler | AD6: Effort | AE6: Sampled | AG6: Adults | AI6: Jacks | AK6: Released | AM6: Adults | AO6: Jacks | AQ6: Released | AS6: (Released) | AU6: NPM | AW6: SK | AY6: SMB
C7: Combined | E7: Boats | F7: Anglers | G7: Hours | H7: NM | I7: AD | J7: NM | K7: AD | L7: Adult | M7: Jacks | N7: NM | O7: AD | P7: NM | Q7: AD | R7: Adult | S7: Jacks | T7: Hatch | U7: Wild | V7: Catch | W7: Rel | X7: Catch | Y7: Rel | Z7: Catch | AA7: Rel | AC7: Trips | AD7: Pole Hrs | AE7: % | AG7: NM | AH7: AD | AI7: NM | AJ7: AD | AK7: Adult | AL7: Jacks | AM7: NM | AN7: AD | AO7: NM | AP7: AD | AQ7: Adult | AR7: Jacks | AS7: Hatch | AT7: Wild | AU7: Catch | AV7: Rel | AW7: Catch | AX7: Rel | AY7: Catch | AZ7: Rel
C8: 0 | E8: =E22+E36 -> 0 | F8: =F22+F36 -> 0 | G8: =G22+G36 -> 0 | H8: =H22+H36 -> 0 | I8: =I22+I36 -> 0 | J8: =J22+J36 -> 0 | K8: =K22+K36 -> 0 | L8: =L22+L36 -> 0 | ... AA8: =AA22+AA36 -> 0
C9: Sept 15-21 | E9: =E23+E37 -> 0 | F9: =F23+F37 -> 56 | G9: =G23+G37 -> 120.88 | H9: =H23+H37 -> 0 | I9: =I23+I37 -> 0 | J9: =J23+J37 -> 0 | K9: =K23+K37 -> 0 | L9: =L23+L37 -> 0 | ... AA9: =AA23+AA37 -> 0 | AB9: 0 | AC9: =AC23+AC37 -> 219.73705 | AD9: =AD23+AD37 -> 436.36842 | AE9: =G9/AD9 -> 0.27701363 | AG9: =AG23 -> 0 | AH9: =AH23 -> 0 | AI9: =AI23 -> 0 | AJ9: =AJ23 -> 0 | AK9: =AK23 -> 0 | AL9: =AL23 -> 0 | AM9: =AM23 -> 0 | AN9: =AN23 -> 0 | ... AZ9: =AZ23 -> 0
C10: Sept 21-28 | E10: =E24+E38 -> 0 | F10: =F24+F38 -> 78 | G10: =G24+G38 -> 161.47 | H10: =H24+H38 -> 4 | I10: =I24+I38 -> 3 | J10: =J24+J38 -> 1 | K10: =K24+K38 -> 0 | L10: =L24+L38 -> 1 | ... AA10: =AA24+AA38 -> 0 | AB10: =SUM(G10)/SUM(H10:M10) -> 17.941111 | AC10: =AC24+AC38 -> 378.40155 | AD10: =AD24+AD38 -> 698.84211 | AE10: =G10/AD10 -> 0.23105362 | AG10: =AG24 -> 29.391418 | AH10: =AH24 -> 12.770654 | AI10: =AI24 -> 7.3478545 | AJ10: =AJ24 -> 0 | AK10: =AK24 -> 2.7113996 | AL10: =AL24 -> 0 | AM10: =AM24 -> 0 | AN10: =AN24 -> 0 | ... AZ10: =AZ24 -> 0
C11: Sept 29-Oct 5 | E11: =E25+E39 -> 1 | F11: =F25+F39 -> 98 | G11: =G25+G39 -> 163.55 | H11: =H25+H39 -> 3 | I11: =I25+I39 -> 10 | J11: =J25+J39 -> 1 | K11: =K25+K39 -> 0 | L11: =L25+L39 -> 0 | ... AA11: =AA25+AA39 -> 0 | AB11: =SUM(G11)/SUM(H11:M11) -> 11.682143 | AC11: =AC25+AC39 -> 886.35987 | AD11: =AD25+AD39 -> 798.94737 | AE11: =G11/AD11 -> 0.20470685 | AG11: =AG25 -> 5.8263741 | AH11: =AH25 -> 20.392309 | AI11: =AI25 -> 2.913187 | AJ11: =AJ25 -> 0 | AK11: =AK25 -> 0 | AL11: =AL25 -> 0 | AM11: =AM25 -> 0 | AN11: =AN25 -> 0 | ... AZ11: =AZ25 -> 0
C12: Oct 6-Oct 12 | E12: =E26+E40 -> 0 | F12: =F26+F40 -> 169 | G12: =G26+G40 -> 385.46 | H12: =H26+H40 -> 12 | I12: =I26+I40 -> 22 | J12: =J26+J40 -> 1 | K12: =K26+K40 -> 1 | L12: =L26+L40 -> 0 | ... AA12: =AA26+AA40 -> 1 | AB12: =SUM(G12)/SUM(H12:M12) -> 10.707222 | AC12: =AC26+AC40 -> 608.38443 | AD12: =AD26+AD40 -> 1387.3684 | AE12: =G12/AD12 -> 0.27783536 | AG12: =AG26 -> 43.39829 | AH12: =AH26 -> 81.215386 | AI12: =AI26 -> 4.7728224 | AJ12: =AJ26 -> 4.7728224 | AK12: =AK26 -> 0 | AL12: =AL26 -> 0 | AM12: =AM26 -> 2.7905968 | AN12: =AN26 -> 0 | ... AZ12: =AZ26 -> 4.7728224
C13: Oct 13-19 | E13: =E27+E41 -> 0 | F13: =F27+F41 -> 149 | G13: =G27+G41 -> 341.13 | H13: =H27+H41 -> 12 | I13: =I27+I41 -> 14 | J13: =J27+J41 -> 1 | K13: =K27+K41 -> 0 | L13: =L27+L41 -> 0 | ... AA13: =AA27+AA41 -> 0 | AB13: =SUM(G13)/SUM(H13:M13) -> 12.634444 | AC13: =AC27+AC41 -> 710.32091 | AD13: =AD27+AD41 -> 1204.3333 | AE13: =G13/AD13 -> 0.28325215 | AG13: =AG27 -> 36.118671 | AH13: =AH27 -> 46.27833 | AI13: =AI27 -> 8.1847392 | AJ13: =AJ27 -> 0 | AK13: =AK27 -> 0 | AL13: =AL27 -> 0 | AM13: =AM27 -> 3.9498386 | AN13: =AN27 -> 0 | ... AZ13: =AZ27 -> 0
C14: Oct 20-26 | E14: =E28+E42 -> 0 | F14: =F28+F42 -> 128 | G14: =G28+G42 -> 383.7 | H14: =H28+H42 -> 4 | I14: =I28+I42 -> 10 | J14: =J28+J42 -> 0 | K14: =K28+K42 -> 0 | L14: =L28+L42 -> 1 | ... AA14: =AA28+AA42 -> 0 | AB14: =SUM(G14)/SUM(H14:M14) -> 25.58 | AC14: =AC28+AC42 -> 353.28058 | AD14: =AD28+AD42 -> 985.35088 | AE14: =G14/AD14 -> 0.38940443 | AG14: =AG28 -> 16.761406 | AH14: =AH28 -> 41.903516 | AI14: =AI28 -> 0 | AJ14: =AJ28 -> 0 | AK14: =AK28 -> 4.1903516 | AL14: =AL28 -> 0 | AM14: =AM28 -> 4.1903516 | AN14: =AN28 -> 0 | ... AZ14: =AZ28 -> 0
C15: Oct 27-Nov 2 | E15: =E29+E43 -> 0 | F15: =F29+F43 -> 111 | G15: =G29+G43 -> 210.16 | H15: =H29+H43 -> 3 | I15: =I29+I43 -> 12 | J15: =J29+J43 -> 0 | K15: =K29+K43 -> 0 | L15: =L29+L43 -> 8 | ... AA15: =AA29+AA43 -> 0 | AB15: =SUM(G15)/SUM(H15:M15) -> 9.1373913 | AC15: =AC29+AC43 -> 518.82392 | AD15: =AD29+AD43 -> 917.01754 | AE15: =G15/AD15 -> 0.22917773 | AG15: =AG29 -> 11.042334 | AH15: =AH29 -> 61.952814 | AI15: =AI29 -> 0 | AJ15: =AJ29 -> 0 | AK15: =AK29 -> 37.74518 | AL15: =AL29 -> 0 | AM15: =AM29 -> 0 | AN15: =AN29 -> 35.622214 | ... AZ15: =AZ29 -> 0
C16: Nov 3-9 | E16: =E30+E44 -> 0 | F16: =F30+F44 -> 0 | G16: =G30+G44 -> 0 | H16: =H30+H44 -> 0 | I16: =I30+I44 -> 0 | J16: =J30+J44 -> 0 | K16: =K30+K44 -> 0 | L16: =L30+L44 -> 0 | ... AA16: =AA30+AA44 -> 0
C17: Nov 10-16 | E17: =E31+E45 -> 0 | F17: =F31+F45 -> 0 | G17: =G31+G45 -> 0 | H17: =H31+H45 -> 0 | I17: =I31+I45 -> 0 | J17: =J31+J45 -> 0 | K17: =K31+K45 -> 0 | L17: =L31+L45 -> 0 | ... AA17: =AA31+AA45 -> 0
E18: =SUM(E8:E17) -> 1 | F18: =SUM(F8:F17) -> 789 | G18: =SUM(G8:G17) -> 1766.35 | H18: =SUM(H8:H17) -> 38 | I18: =SUM(I8:I17) -> 71 | J18: =SUM(J8:J17) -> 4 | K18: =SUM(K8:K17) -> 1 | L18: =SUM(L8:L17) -> 10 | ... AA18: =SUM(AA8:AA17) -> 1 | AB18: =SUM(G18)/SUM(H18:M18) -> 14.244758 | AC18: =SUM(AC8:AC17) -> 3675.3083 | AD18: =SUM(AD8:AD17) -> 6428.2281 | AE18: =G18/AD18 -> 0.27478023 | AG18: =SUM(AG8:AG17) -> 142.53849 | AH18: =SUM(AH8:AH17) -> 264.51301 | AI18: =SUM(AI8:AI17) -> 23.218603 | AJ18: =SUM(AJ8:AJ17) -> 4.7728224 | AK18: =SUM(AK8:AK17) -> 44.646931 | AL18: =SUM(AL8:AL17) -> 0 | AM18: =SUM(AM8:AM17) -> 10.930787 | AN18: =SUM(AN8:AN17) -> 35.622214 | ... AZ18: =SUM(AZ8:AZ17) -> 4.7728224
AG19: =SUM(AG18:AL18) -> 479.68986 | AH19: Total Salmon Caught
C21: Bank Summary | E21: Sampled | AC21: Effort | AG21: Expanded Catch & Harvest
C22: =C8 -> 0 | F22: =SUM(F52:F56) -> 0 | G22: =SUM(G52:G56) -> 0 | H22: =SUM(H52:H56) -> 0 | I22: =SUM(I52:I56) -> 0 | J22: =SUM(J52:J56) -> 0 | K22: =SUM(K52:K56) -> 0 | L22: =SUM(L52:L56) -> 0 | M22: =SUM(M52:M56) -> 0 | ... AA22: =SUM(AA52:AA56) -> 0 | AC22: =AK52+AK36 -> #DIV/0! | AD22: =AJ52+AJ55 -> 0 | AE22: =G22/AD22 -> #DIV/0! | AG22: =BG52+BG55 -> #DIV/0! | AH22: =BH52+BH55 -> #DIV/0! | AI22: =BI52+BI55 -> #DIV/0! | AJ22: =BJ52+BJ55 -> #DIV/0! | AK22: =BK52+BK55 -> #DIV/0! | AL22: =BL52+BL55 -> #DIV/0! | AM22: =BM52+BM55 -> #DIV/0! | AN22: =BN52+BN55 -> #DIV/0! | ... AZ22: =BZ52+BZ55 -> #DIV/0!
C23: =C9 -> Sept 15-21 | F23: =SUM(F57:F61) -> 56 | G23: =SUM(G57:G61) -> 120.88 | H23: =SUM(H57:H61) -> 0 | I23: =SUM(I57:I61) -> 0 | J23: =SUM(J57:J61) -> 0 | K23: =SUM(K57:K61) -> 0 | L23: =SUM(L57:L61) -> 0 | M23: =SUM(M57:M61) -> 0 | ... AA23: =SUM(AA57:AA61) -> 0 | AB23: 0 | AC23: =AK57+AK60 -> 219.73705 | AD23: =AJ57+AJ60 -> 436.36842 | AE23: =G23/AD23 -> 0.27701363 | AG23: =BG57+BG60 -> 0 | AH23: =BH57+BH60 -> 0 | AI23: =BI57+BI60 -> 0 | AJ23: =BJ57+BJ60 -> 0 | AK23: =BK57+BK60 -> 0 | AL23: =BL57+BL60 -> 0 | AM23: =BM57+BM60 -> 0 | AN23: =BN57+BN60 -> 0 | ... AZ23: =BZ57+BZ60 -> 0
C24: =C10 -> Sept 21-28 | F24: =SUM(F62:F66) -> 78 | G24: =SUM(G62:G66) -> 161.47 | H24: =SUM(H62:H66) -> 4 | I24: =SUM(I62:I66) -> 3 | J24: =SUM(J62:J66) -> 1 | K24: =SUM(K62:K66) -> 0 | L24: =SUM(L62:L66) -> 1 | M24: =SUM(M62:M66) -> 0 | ... AA24: =SUM(AA62:AA66) -> 0 | AB24: =SUM(G24)/SUM(H24:M24) -> 17.941111 | AC24: =AK62+AK65 -> 378.40155 | AD24: =AJ62+AJ65 -> 698.84211 | AE24: =G24/AD24 -> 0.23105362 | AG24: =BG62+BG65 -> 29.391418 | AH24: =BH62+BH65 -> 12.770654 | AI24: =BI62+BI65 -> 7.3478545 | AJ24: =BJ62+BJ65 -> 0 | AK24: =BK62+BK65 -> 2.7113996 | AL24: =BL62+BL65 -> 0 | AM24: =BM62+BM65 -> 0 | AN24: =BN62+BN65 -> 0 | ... AZ24: =BZ62+BZ65 -> 0
C25: =C11 -> Sept 29-Oct 5 | F25: =SUM(F67:F71) -> 96 | G25: =SUM(G67:G71) -> 155.95 | H25: =SUM(H67:H71) -> 2 | I25: =SUM(I67:I71) -> 7 | J25: =SUM(J67:J71) -> 1 | K25: =SUM(K67:K71) -> 0 | L25: =SUM(L67:L71) -> 0 | M25: =SUM(M67:M71) -> 0 | ... AA25: =SUM(AA67:AA71) -> 0 | AB25: =SUM(G25)/SUM(H25:M25) -> 15.595 | AC25: =AK67+AK70 -> 886.35987 | AD25: =AJ67+AJ70 -> 798.94737 | AE25: =G25/AD25 -> 0.19519433 | AG25: =BG67+BG70 -> 5.8263741 | AH25: =BH67+BH70 -> 20.392309 | AI25: =BI67+BI70 -> 2.913187 | AJ25: =BJ67+BJ70 -> 0 | AK25: =BK67+BK70 -> 0 | AL25: =BL67+BL70 -> 0 | AM25: =BM67+BM70 -> 0 | AN25: =BN67+BN70 -> 0 | ... AZ25: =BZ67+BZ70 -> 0
C26: =C12 -> Oct 6-Oct 12 | F26: =SUM(F72:F76) -> 169 | G26: =SUM(G72:G76) -> 385.46 | H26: =SUM(H72:H76) -> 12 | I26: =SUM(I72:I76) -> 22 | J26: =SUM(J72:J76) -> 1 | K26: =SUM(K72:K76) -> 1 | L26: =SUM(L72:L76) -> 0 | M26: =SUM(M72:M76) -> 0 | ... AA26: =SUM(AA72:AA76) -> 1 | AB26: =SUM(G26)/SUM(H26:M26) -> 10.707222 | AC26: =AK72+AK75 -> 608.38443 | AD26: =AJ72+AJ75 -> 1387.3684 | AE26: =G26/AD26 -> 0.27783536 | AG26: =BG72+BG75 -> 43.39829 | AH26: =BH72+BH75 -> 81.215386 | AI26: =BI72+BI75 -> 4.7728224 | AJ26: =BJ72+BJ75 -> 4.7728224 | AK26: =BK72+BK75 -> 0 | AL26: =BL72+BL75 -> 0 | AM26: =BM72+BM75 -> 2.7905968 | AN26: =BN72+BN75 -> 0 | ... AZ26: =BZ72+BZ75 -> 4.7728224
C27: =C13 -> Oct 13-19 | F27: =SUM(F77:F81) -> 149 | G27: =SUM(G77:G81) -> 341.13 | H27: =SUM(H77:H81) -> 12 | I27: =SUM(I77:I81) -> 14 | J27: =SUM(J77:J81) -> 1 | K27: =SUM(K77:K81) -> 0 | L27: =SUM(L77:L81) -> 0 | M27: =SUM(M77:M81) -> 0 | ... AA27: =SUM(AA77:AA81) -> 0 | AB27: =SUM(G27)/SUM(H27:M27) -> 12.634444 | AC27: =AK77+AK80 -> 710.32091 | AD27: =AJ77+AJ80 -> 1204.3333 | AE27: =G27/AD27 -> 0.28325215 | AG27: =BG77+BG80 -> 36.118671 | AH27: =BH77+BH80 -> 46.27833 | AI27: =BI77+BI80 -> 8.1847392 | AJ27: =BJ77+BJ80 -> 0 | AK27: =BK77+BK80 -> 0 | AL27: =BL77+BL80 -> 0 | AM27: =BM77+BM80 -> 3.9498386 | AN27: =BN77+BN80 -> 0 | ... AZ27: =BZ77+BZ80 -> 0
C28: =C14 -> Oct 20-26 | F28: =SUM(F82:F86) -> 128 | G28: =SUM(G82:G86) -> 383.7 | H28: =SUM(H82:H86) -> 4 | I28: =SUM(I82:I86) -> 10 | J28: =SUM(J82:J86) -> 0 | K28: =SUM(K82:K86) -> 0 | L28: =SUM(L82:L86) -> 1 | M28: =SUM(M82:M86) -> 0 | ... AA28: =SUM(AA82:AA86) -> 0 | AB28: =SUM(G28)/SUM(H28:M28) -> 25.58 | AC28: =AK82+AK85 -> 353.28058 | AD28: =AJ82+AJ85 -> 985.35088 | AE28: =G28/AD28 -> 0.38940443 | AG28: =BG82+BG85 -> 16.761406 | AH28: =BH82+BH85 -> 41.903516 | AI28: =BI82+BI85 -> 0 | AJ28: =BJ82+BJ85 -> 0 | AK28: =BK82+BK85 -> 4.1903516 | AL28: =BL82+BL85 -> 0 | AM28: =BM82+BM85 -> 4.1903516 | AN28: =BN82+BN85 -> 0 | ... AZ28: =BZ82+BZ85 -> 0
C29: =C15 -> Oct 27-Nov 2 | F29: =SUM(F87:F91) -> 111 | G29: =SUM(G87:G91) -> 210.16 | H29: =SUM(H87:H91) -> 3 | I29: =SUM(I87:I91) -> 12 | J29: =SUM(J87:J91) -> 0 | K29: =SUM(K87:K91) -> 0 | L29: =SUM(L87:L91) -> 8 | M29: =SUM(M87:M91) -> 0 | ... AA29: =SUM(AA87:AA91) -> 0 | AB29: =SUM(G29)/SUM(H29:M29) -> 9.1373913 | AC29: =AK87+AK90 -> 518.82392 | AD29: =AJ87+AJ90 -> 917.01754 | AE29: =G29/AD29 -> 0.22917773 | AG29: =BG87+BG90 -> 11.042334 | AH29: =BH87+BH90 -> 61.952814 | AI29: =BI87+BI90 -> 0 | AJ29: =BJ87+BJ90 -> 0 | AK29: =BK87+BK90 -> 37.74518 | AL29: =BL87+BL90 -> 0 | AM29: =BM87+BM90 -> 0 | AN29: =BN87+BN90 -> 35.622214 | ... AZ29: =BZ87+BZ90 -> 0
C30: =C16 -> Nov 3-9 | F30: =SUM(F92:F96) -> 0 | G30: =SUM(G92:G96) -> 0 | H30: =SUM(H92:H96) -> 0 | I30: =SUM(I92:I96) -> 0 | J30: =SUM(J92:J96) -> 0 | K30: =SUM(K92:K96) -> 0 | L30: =SUM(L92:L96) -> 0 | M30: =SUM(M92:M96) -> 0 | ... AA30: =SUM(AA92:AA96) -> 0 | AC30: =AK97+AK100 -> #DIV/0! | AD30: =AJ97+AJ100 -> 0 | AE30: =G30/AD30 -> #DIV/0! | AG30: =BG92+BG95 -> #DIV/0! | AH30: =BH92+BH95 -> #DIV/0! | AI30: =BI92+BI95 -> #DIV/0! | AJ30: =BJ92+BJ95 -> #DIV/0! | AK30: =BK92+BK95 -> #DIV/0! | AL30: =BL92+BL95 -> #DIV/0! | AM30: =BM92+BM95 -> #DIV/0! | AN30: =BN92+BN95 -> #DIV/0! | ... AZ30: =BZ92+BZ95 -> #DIV/0!
C31: =C17 -> Nov 10-16 | F31: =SUM(F97:F101) -> 0 | G31: =SUM(G97:G101) -> 0 | H31: =SUM(H97:H101) -> 0 | I31: =SUM(I97:I101) -> 0 | J31: =SUM(J97:J101) -> 0 | K31: =SUM(K97:K101) -> 0 | L31: =SUM(L97:L101) -> 0 | M31: =SUM(M97:M101) -> 0 | ... AA31: =SUM(AA97:AA101) -> 0 | AC31: =AK98+AK101 -> 0 | AD31: =AJ98+AJ101 -> 0 | AE31: 0 | AG31: =BG97 -> #DIV/0! | AH31: =BH97 -> #DIV/0! | AI31: =BI97 -> #DIV/0! | AJ31: =BJ97 -> #DIV/0! | AK31: =BK97 -> #DIV/0! | AL31: =BL97 -> #DIV/0! | AM31: =BM97 -> #DIV/0! | AN31: =BN97 -> #DIV/0! | ... AZ31: =BZ97 -> #DIV/0!
F32: =SUM(F22:F31) -> 787 | G32: =SUM(G22:G31) -> 1758.75 | H32: =SUM(H22:H31) -> 37 | I32: =SUM(I22:I31) -> 68 | J32: =SUM(J22:J31) -> 4 | K32: =SUM(K22:K31) -> 1 | L32: =SUM(L22:L31) -> 10 | M32: =SUM(M22:M31) -> 0 | ... AA32: =SUM(AA22:AA31) -> 1 | AB32: =SUM(G32)/SUM(H32:M32) -> 14.65625 | AC32: =SUM(AC22:AC31) -> #DIV/0! | AD32: =SUM(AD22:AD31) -> 6428.2281 | AE32: =G32/AD32 -> 0.27359795 | AG32: =SUM(AG22:AG31) -> #DIV/0! | AH32: =SUM(AH22:AH31) -> #DIV/0! | AI32: =SUM(AI22:AI31) -> #DIV/0! | AJ32: =SUM(AJ22:AJ31) -> #DIV/0! | AK32: =SUM(AK22:AK31) -> #DIV/0! | AL32: =SUM(AL22:AL31) -> #DIV/0! | AM32: =SUM(AM22:AM31) -> #DIV/0! | AN32: =SUM(AN22:AN31) -> #DIV/0! | ... AZ32: =SUM(AZ22:AZ31) -> #DIV/0!
C35: Boat Summary | E35: Sampled | AC35: Effort | AG35: Expanded Catch & Harvest
C36: =C8 -> 0 | E36: =SUM(E109:E113) -> 0 | F36: =SUM(F109:F113) -> 0 | G36: =SUM(G109:G113) -> 0 | H36: =SUM(H109:H113) -> 0 | I36: =SUM(I109:I113) -> 0 | J36: =SUM(J109:J113) -> 0 | K36: =SUM(K109:K113) -> 0 | L36: =SUM(L109:L113) -> 0 | ... AA36: =SUM(AA109:AA113) -> 0 | AC36: =AK109+AK112 -> 0 | AD36: =AJ109+AJ112 -> #DIV/0! | AE36: =G36/AD36 -> #DIV/0! | AG36: =BG109+BG112 -> 0 | AH36: =BH109+BH112 -> #DIV/0! | AI36: =BI109+BI112 -> #DIV/0! | AJ36: =BJ109+BJ112 -> #DIV/0! | AK36: =BK109+BK112 -> #DIV/0! | AL36: =BL109+BL112 -> #DIV/0! | AM36: =BM109+BM112 -> #DIV/0! | AN36: =BN109+BN112 -> #DIV/0! | ... AZ36: =BZ109+BZ112 -> #DIV/0!
C37: =C9 -> Sept 15-21 | E37: =SUM(E114:E118) -> 0 | F37: =SUM(F114:F118) -> 0 | G37: =SUM(G114:G118) -> 0 | H37: =SUM(H114:H118) -> 0 | I37: =SUM(I114:I118) -> 0 | J37: =SUM(J114:J118) -> 0 | K37: =SUM(K114:K118) -> 0 | L37: =SUM(L114:L118) -> 0 | ... AA37: =SUM(AA114:AA118) -> 0 | AC37: 0 | AD37: 0 | AE37: =G37/AD37 -> #DIV/0! | AG37: =BG114+BG117 -> #DIV/0! | AH37: =BH114+BH117 -> #DIV/0! | AI37: =BI114+BI117 -> #DIV/0! | AJ37: =BJ114+BJ117 -> #DIV/0! | AK37: =BK114+BK117 -> #DIV/0! | AL37: =BL114+BL117 -> #DIV/0! | AM37: =BM114+BM117 -> #DIV/0! | AN37: =BN114+BN117 -> #DIV/0! | ... AZ37: =BZ114+BZ117 -> #DIV/0!
C38: =C10 -> Sept 21-28 | E38: =SUM(E119:E123) -> 0 | F38: =SUM(F119:F123) -> 0 | G38: =SUM(G119:G123) -> 0 | H38: =SUM(H119:H123) -> 0 | I38: =SUM(I119:I123) -> 0 | J38: =SUM(J119:J123) -> 0 | K38: =SUM(K119:K123) -> 0 | L38: =SUM(L119:L123) -> 0 | ... AA38: =SUM(AA119:AA123) -> 0 | AC38: 0 | AD38: 0 | AE38: =G38/AD38 -> #DIV/0! | AG38: =BG119+BG122 -> #DIV/0! | AH38: =BH119+BH122 -> #DIV/0! | AI38: =BI119+BI122 -> #DIV/0! | AJ38: =BJ119+BJ122 -> #DIV/0! | AK38: =BK119+BK122 -> #DIV/0! | AL38: =BL119+BL122 -> #DIV/0! | AM38: =BM119+BM122 -> #DIV/0! | AN38: =BN119+BN122 -> #DIV/0! | ... AZ38: =BZ119+BZ122 -> #DIV/0!
C39: =C11 -> Sept 29-Oct 5 | E39: =SUM(E124:E128) -> 1 | F39: =SUM(F124:F128) -> 2 | G39: =SUM(G124:G128) -> 7.6 | H39: =SUM(H124:H128) -> 1 | I39: =SUM(I124:I128) -> 3 | J39: =SUM(J124:J128) -> 0 | K39: =SUM(K124:K128) -> 0 | L39: =SUM(L124:L128) -> 0 | ... AA39: =SUM(AA124:AA128) -> 0 | AB39: =SUM(G39)/SUM(H39:M39) -> 1.9 | AC39: 0 | AD39: 0 | AE39: =G39/AD39 -> #DIV/0! | AG39: =BG124+BG127 -> #DIV/0! | AH39: =BH124+BH127 -> #DIV/0! | AI39: =BI124+BI127 -> #DIV/0! | AJ39: =BJ124+BJ127 -> #DIV/0! | AK39: =BK124+BK127 -> #DIV/0! | AL39: =BL124+BL127 -> #DIV/0! | AM39: =BM124+BM127 -> #DIV/0! | AN39: =BN124+BN127 -> #DIV/0! | ... AZ39: =BZ124+BZ127 -> #DIV/0!
C40: =C12 -> Oct 6-Oct 12 | E40: =SUM(E129:E133) -> 0 | F40: =SUM(F129:F133) -> 0 | G40: =SUM(G129:G133) -> 0 | H40: =SUM(H129:H133) -> 0 | I40: =SUM(I129:I133) -> 0 | J40: =SUM(J129:J133) -> 0 | K40: =SUM(K129:K133) -> 0 | L40: =SUM(L129:L133) -> 0 | ... AA40: =SUM(AA129:AA133) -> 0 | AC40: 0 | AD40: 0 | AE40: =G40/AD40 -> #DIV/0! | AG40: =BG129+BG132 -> #DIV/0! | AH40: =BH129+BH132 -> #DIV/0! | AI40: =BI129+BI132 -> #DIV/0! | AJ40: =BJ129+BJ132 -> #DIV/0! | AK40: =BK129+BK132 -> #DIV/0! | AL40: =BL129+BL132 -> #DIV/0! | AM40: =BM129+BM132 -> #DIV/0! | AN40: =BN129+BN132 -> #DIV/0! | ... AZ40: =BZ129+BZ132 -> #DIV/0!
C41: =C13 -> Oct 13-19 | E41: =SUM(E134:E138) -> 0 | F41: =SUM(F134:F138) -> 0 | G41: =SUM(G134:G138) -> 0 | H41: =SUM(H134:H138) -> 0 | I41: =SUM(I134:I138) -> 0 | J41: =SUM(J134:J138) -> 0 | K41: =SUM(K134:K138) -> 0 | L41: =SUM(L134:L138) -> 0 | ... AA41: =SUM(AA134:AA138) -> 0 | AC41: 0 | AD41: 0 | AE41: =G41/AD41 -> #DIV/0! | AG41: =BG134+BG137 -> #DIV/0! | AH41: =BH134+BH137 -> #DIV/0! | AI41: =BI134+BI137 -> #DIV/0! | AJ41: =BJ134+BJ137 -> #DIV/0! | AK41: =BK134+BK137 -> #DIV/0! | AL41: =BL134+BL137 -> #DIV/0! | AM41: =BM134+BM137 -> #DIV/0! | AN41: =BN134+BN137 -> #DIV/0! | ... AZ41: =BZ134+BZ137 -> #DIV/0!
C42: =C14 -> Oct 20-26 | E42: =SUM(E139:E143) -> 0 | F42: =SUM(F139:F143) -> 0 | G42: =SUM(G139:G143) -> 0 | H42: =SUM(H139:H143) -> 0 | I42: =SUM(I139:I143) -> 0 | J42: =SUM(J139:J143) -> 0 | K42: =SUM(K139:K143) -> 0 | L42: =SUM(L139:L143) -> 0 | ... AA42: =SUM(AA139:AA143) -> 0 | AC42: 0 | AD42: 0 | AE42: =G42/AD42 -> #DIV/0! | AG42: =BG139+BG142 -> #DIV/0! | AH42: =BH139+BH142 -> #DIV/0! | AI42: =BI139+BI142 -> #DIV/0! | AJ42: =BJ139+BJ142 -> #DIV/0! | AK42: =BK139+BK142 -> #DIV/0! | AL42: =BL139+BL142 -> #DIV/0! | AM42: =BM139+BM142 -> #DIV/0! | AN42: =BN139+BN142 -> #DIV/0! | ... AZ42: =BZ139+BZ142 -> #DIV/0!
C43: =C15 -> Oct 27-Nov 2 | E43: =SUM(E144:E148) -> 0 | F43: =SUM(F144:F148) -> 0 | G43: =SUM(G144:G148) -> 0 | H43: =SUM(H144:H148) -> 0 | I43: =SUM(I144:I148) -> 0 | J43: =SUM(J144:J148) -> 0 | K43: =SUM(K144:K148) -> 0 | L43: =SUM(L144:L148) -> 0 | ... AA43: =SUM(AA144:AA148) -> 0 | AC43: 0 | AD43: 0 | AE43: =G43/AD43 -> #DIV/0! | AG43: =BG144+BG147 -> #DIV/0! | AH43: =BH144+BH147 -> #DIV/0! | AI43: =BI144+BI147 -> #DIV/0! | AJ43: =BJ144+BJ147 -> #DIV/0! | AK43: =BK144+BK147 -> #DIV/0! | AL43: =BL144+BL147 -> #DIV/0! | AM43: =BM144+BM147 -> #DIV/0! | AN43: =BN144+BN147 -> #DIV/0! | ... AZ43: =BZ144+BZ147 -> #DIV/0!
C44: =C16 -> Nov 3-9 | E44: =SUM(E149:E153) -> 0 | F44: =SUM(F149:F153) -> 0 | G44: =SUM(G149:G153) -> 0 | H44: =SUM(H149:H153) -> 0 | I44: =SUM(I149:I153) -> 0 | J44: =SUM(J149:J153) -> 0 | K44: =SUM(K149:K153) -> 0 | L44: =SUM(L149:L153) -> 0 | ... AA44: =SUM(AA149:AA153) -> 0 | AC44: 0 | AD44: 0 | AE44: =G44/AD44 -> #DIV/0! | AG44: =BG149+BG152 -> #DIV/0! | AH44: =BH149+BH152 -> #DIV/0! | AI44: =BI149+BI152 -> #DIV/0! | AJ44: =BJ149+BJ152 -> #DIV/0! | AK44: =BK149+BK152 -> #DIV/0! | AL44: =BL149+BL152 -> #DIV/0! | AM44: =BM149+BM152 -> #DIV/0! | AN44: =BN149+BN152 -> #DIV/0! | ... AZ44: =BZ149+BZ152 -> #DIV/0!
C45: =C17 -> Nov 10-16
E46: =SUM(E36:E45) -> 1 | F46: =SUM(F36:F45) -> 2 | G46: =SUM(G36:G45) -> 7.6 | H46: =SUM(H36:H45) -> 1 | I46: =SUM(I36:I45) -> 3 | J46: =SUM(J36:J45) -> 0 | K46: =SUM(K36:K45) -> 0 | L46: =SUM(L36:L45) -> 0 | ... AA46: =SUM(AA36:AA45) -> 0 | AB46: =SUM(G46)/SUM(H46:M46) -> 1.9 | AC46: =SUM(AC36:AC45) -> 0 | AD46: =SUM(AD36:AD45) -> #DIV/0! | AE46: =G46/AD46 -> #DIV/0! | AG46: =SUM(AG36:AG45) -> #DIV/0! | AH46: =SUM(AH36:AH45) -> #DIV/0! | AI46: =SUM(AI36:AI45) -> #DIV/0! | AJ46: =SUM(AJ36:AJ45) -> #DIV/0! | AK46: =SUM(AK36:AK45) -> #DIV/0! | AL46: =SUM(AL36:AL45) -> #DIV/0! | AM46: =SUM(AM36:AM45) -> #DIV/0! | AN46: =SUM(AN36:AN45) -> #DIV/0! | ... AZ46: =SUM(AZ36:AZ45) -> #DIV/0!
AL48: Catch Per Unit Effort (fish/hour) | BG48: Catch & Harvest
C49: Bank | H49: Chinook | N49: Coho | T49: Steelhead | V49: Incidental Catch | AB49: Hours/Angler Hours/Fish | AC49: Effort (Salmon Only) | AL49: Chinook | AR49: Coho | AX49: Steelhead | AZ49: Incidental Catch | BG49: Chinook | BM49: Coho | BS49: Steelhead | BU49: Incidental Catch
C50: Date | D50: Day/ | G50: Pole | H50: Adults | J50: Jacks | L50: Released | N50: Adults | P50: Jacks | R50: Released | T50: (Released) | V50: NPM/Bass | X50: SK | Z50: RB | AC50: Count | AD50: Index | AG50: Daylight | AH50: Pole | AI50: Expansion | AJ50: Exp | AK50: Angler | AL50: Adults | AN50: Jacks | AP50: Released | AR50: Adults | AT50: Jacks | AV50: Released | AX50: (Released) | BG50: Adults | BI50: Jacks | BK50: Released | BM50: Adults | BO50: Jacks | BQ50: Released | BS50: (Released)
D51: End | E51: Anglers | F51: Poles | G51: Hours | H51: NM | I51: AD | J51: NM | K51: AD | L51: Adult | M51: Jacks | N51: NM | O51: AD | P51: NM | Q51: AD | R51: Adult | S51: Jacks | T51: Hatch | U51: Wild | V51: Catch | W51: Rel | X51: Catch | Y51: Rel | Z51: Catch | AA51: Rel | AC51: (total) | AD51: (#) | AE51: Avg | AG51: +1 | AH51: Hrs | AI51: 0.95 | AJ51: Hours | AK51: Trips | AL51: NM | AM51: AD | AN51: NM | AO51: AD | AP51: Adult | AQ51: Jacks | AR51: NM | AS51: AD | AT51: NM | AU51: AD | AV51: Adult | AW51: Jacks | AX51: Hatch | AY51: Wild | AZ51: Catch | BA51: Rel | BB51: Catch | BC51: Rel | BD51: Catch | BE51: Rel | BG51: NM | BH51: AD | BI51: NM | BJ51: AD | BK51: Adult | BL51: Jacks | BM51: NM | BN51: AD | BO51: NM | BP51: AD | BQ51: Adult | BR51: Jacks | BS51: Hatch | BT51: Wild | BU51: Catch | BV51: Rel | BW51: Catch | BX51: Rel | BY51: Catch | BZ51: Rel
A52: 1 | B52: =C8 -> 0 | D52: Day
A53: 2 | D53: Day
A54: 3 | D54: Day
A55: 4 | D55: End | AB55: =SUM(G55+G56)/SUM(F55+F56) -> #DIV/0! | AE55: =SUM(AC55:AC56)/SUM(AD55:AD56) -> 0 | AH55: =AE55*AG55 -> 0 | AI55: =AH55/AI$51 -> 0 | AJ55: =AI55*2 -> 0 | AK55: =SUM(F55:F56)/(SUM(G55:G56)/SUM(AJ55)) -> #DIV/0! | AL55: =SUM(H55:H56)/SUM($G55:$G56) -> #DIV/0! | AM55: =SUM(I55:I56)/SUM($G55:$G56) -> #DIV/0! | AN55: =SUM(J55:J56)/SUM($G55:$G56) -> #DIV/0! | AO55: =SUM(K55:K56)/SUM($G55:$G56) -> #DIV/0! | AP55: =SUM(L55:L56)/SUM($G55:$G56) -> #DIV/0! | AQ55: =SUM(M55:M56)/SUM($G55:$G56) -> #DIV/0! | AR55: =SUM(N55:N56)/SUM($G55:$G56) -> #DIV/0! | AS55: =SUM(O55:O56)/SUM($G55:$G56) -> #DIV/0! | ... BE55: =SUM(AA55:AA56)/SUM($G55:$G56) -> #DIV/0! | BG55: =AL55*$AJ55 -> #DIV/0! | BH55: =AM55*$AJ55 -> #DIV/0! | BI55: =AN55*$AJ55 -> #DIV/0! | BJ55: =AO55*$AJ55 -> #DIV/0! | BK55: =AP55*$AJ55 -> #DIV/0! | BL55: =AQ55*$AJ55 -> #DIV/0! | BM55: =AR55*$AJ55 -> #DIV/0! | BN55: =AS55*$AJ55 -> #DIV/0! | ... BZ55: =BE55*$AJ55 -> #DIV/0!
A56: 5 | D56: End | AD56: 2
A57: 6 | B57: =C9 -> Sept 15-21 | C57: 45915 | D57: Day | E57: 4 | F57: 4 | G57: 9.77 | V57: 2 | AB57: =SUM(G57:G59)/SUM(F57:F59) -> 1.3944444 | AC57: 4 | AD57: 2 | AE57: =SUM(AC57:AC59)/SUM(AD57:AD59) -> 1.5 | AG57: 13.6 | AH57: =AE57*AG57 -> 20.4 | AI57: =AH57/AI$51 -> 21.473684 | AJ57: =AI57*5 -> 107.36842 | AK57: =SUM(F57:F59)/(SUM(G57:G59)/SUM(AJ57)) -> 76.997274 | AL57: =SUM(H57:H59)/SUM($G57:$G59) -> 0 | AM57: =SUM(I57:I59)/SUM($G57:$G59) -> 0 | AN57: =SUM(J57:J59)/SUM($G57:$G59) -> 0 | AO57: =SUM(K57:K59)/SUM($G57:$G59) -> 0 | AP57: =SUM(L57:L59)/SUM($G57:$G59) -> 0 | AQ57: =SUM(M57:M59)/SUM($G57:$G59) -> 0 | AR57: =SUM(N57:N59)/SUM($G57:$G59) -> 0 | AS57: =SUM(O57:O59)/SUM($G57:$G59) -> 0 | ... BE57: =SUM(AA57:AA59)/SUM($G57:$G59) -> 0 | BG57: =AL57*$AJ57 -> 0 | BH57: =AM57*$AJ57 -> 0 | BI57: =AN57*$AJ57 -> 0 | BJ57: =AO57*$AJ57 -> 0 | BK57: =AP57*$AJ57 -> 0 | BL57: =AQ57*$AJ57 -> 0 | BM57: =AR57*$AJ57 -> 0 | BN57: =AS57*$AJ57 -> 0 | ... BZ57: =BE57*$AJ57 -> 0
A58: 7 | C58: 45916 | D58: Day | E58: 2 | F58: 2 | G58: 2.78 | AC58: 2 | AD58: 2 | AG58: 13.5
A59: 8 | D59: Day | E59: 3 | F59: 3 | AC59: 3 | AD59: 2 | AG59: 13.5
A60: 9 | C60: 45920 | D60: End | E60: 17 | F60: 18 | G60: 48.11 | AB60: =SUM(G60+G61)/SUM(F60+F61) -> 2.3048936 | AC60: 18 | AD60: 2 | AE60: =SUM(AC60:AC61)/SUM(AD60:AD61) -> 11.75 | AG60: 13.3 | AH60: =AE60*AG60 -> 156.275 | AI60: =AH60/AI$51 -> 164.5 | AJ60: =AI60*2 -> 329 | AK60: =SUM(F60:F61)/(SUM(G60:G61)/SUM(AJ60)) -> 142.73978 | AL60: =SUM(H60:H61)/SUM($G60:$G61) -> 0 | AM60: =SUM(I60:I61)/SUM($G60:$G61) -> 0 | AN60: =SUM(J60:J61)/SUM($G60:$G61) -> 0 | AO60: =SUM(K60:K61)/SUM($G60:$G61) -> 0 | AP60: =SUM(L60:L61)/SUM($G60:$G61) -> 0 | AQ60: =SUM(M60:M61)/SUM($G60:$G61) -> 0 | AR60: =SUM(N60:N61)/SUM($G60:$G61) -> 0 | AS60: =SUM(O60:O61)/SUM($G60:$G61) -> 0 | ... BE60: =SUM(AA60:AA61)/SUM($G60:$G61) -> 0 | BG60: =AL60*$AJ60 -> 0 | BH60: =AM60*$AJ60 -> 0 | BI60: =AN60*$AJ60 -> 0 | BJ60: =AO60*$AJ60 -> 0 | BK60: =AP60*$AJ60 -> 0 | BL60: =AQ60*$AJ60 -> 0 | BM60: =AR60*$AJ60 -> 0 | BN60: =AS60*$AJ60 -> 0 | ... BZ60: =BE60*$AJ60 -> 0
A61: 10 | C61: 45921 | D61: End | E61: 29 | F61: 29 | G61: 60.22 | AC61: 29 | AD61: 2 | AG61: 13.2
A62: 11 | B62: =C10 -> Sept 21-28 | C62: 45923 | D62: Day | E62: 14 | F62: 14 | G62: 21.4 | H62: 1 | AB62: =SUM(G62:G64)/SUM(F62:F64) -> 1.5638889 | AC62: 14 | AD62: 2 | AE62: =SUM(AC62:AC64)/SUM(AD62:AD64) -> 6 | AG62: 13.1 | AH62: =AE62*AG62 -> 78.6 | AI62: =AH62/AI$51 -> 82.736842 | AJ62: =AI62*5 -> 413.68421 | AK62: =SUM(F62:F64)/(SUM(G62:G64)/SUM(AJ62)) -> 264.52276 | AL62: =SUM(H62:H64)/SUM($G62:$G64) -> 0.071047957 | AM62: =SUM(I62:I64)/SUM($G62:$G64) -> 0.017761989 | AN62: =SUM(J62:J64)/SUM($G62:$G64) -> 0.017761989 | AO62: =SUM(K62:K64)/SUM($G62:$G64) -> 0 | AP62: =SUM(L62:L64)/SUM($G62:$G64) -> 0 | AQ62: =SUM(M62:M64)/SUM($G62:$G64) -> 0 | AR62: =SUM(N62:N64)/SUM($G62:$G64) -> 0 | AS62: =SUM(O62:O64)/SUM($G62:$G64) -> 0 | ... BE62: =SUM(AA62:AA64)/SUM($G62:$G64) -> 0 | BG62: =AL62*$AJ62 -> 29.391418 | BH62: =AM62*$AJ62 -> 7.3478545 | BI62: =AN62*$AJ62 -> 7.3478545 | BJ62: =AO62*$AJ62 -> 0 | BK62: =AP62*$AJ62 -> 0 | BL62: =AQ62*$AJ62 -> 0 | BM62: =AR62*$AJ62 -> 0 | BN62: =AS62*$AJ62 -> 0 | ... BZ62: =BE62*$AJ62 -> 0
A63: 12 | C63: 45924 | D63: Day | E63: 13 | F63: 13 | G63: 34.9 | H63: 3 | I63: 1 | J63: 1 | AC63: 13 | AD63: 2 | AG63: 13.1
A64: 13 | C64: 45925 | D64: Day | E64: 9 | F64: 9 | AC64: 9 | AD64: 2 | AG64: 13
A65: 14 | C65: 45927 | D65: End | E65: 22 | F65: 22 | G65: 44.13 | I65: 1 | L65: 1 | AB65: =SUM(G65+G66)/SUM(F65+F66) -> 2.5040476 | AC65: 22 | AD65: 2 | AE65: =SUM(AC65:AC66)/SUM(AD65:AD66) -> 10.5 | AG65: 12.9 | AH65: =AE65*AG65 -> 135.45 | AI65: =AH65/AI$51 -> 142.57895 | AJ65: =AI65*2 -> 285.15789 | AK65: =SUM(F65:F66)/(SUM(G65:G66)/SUM(AJ65)) -> 113.87878 | AL65: =SUM(H65:H66)/SUM($G65:$G66) -> 0 | AM65: =SUM(I65:I66)/SUM($G65:$G66) -> 0.01901683 | AN65: =SUM(J65:J66)/SUM($G65:$G66) -> 0 | AO65: =SUM(K65:K66)/SUM($G65:$G66) -> 0 | AP65: =SUM(L65:L66)/SUM($G65:$G66) -> 0.0095084149 | AQ65: =SUM(M65:M66)/SUM($G65:$G66) -> 0 | AR65: =SUM(N65:N66)/SUM($G65:$G66) -> 0 | AS65: =SUM(O65:O66)/SUM($G65:$G66) -> 0 | ... BE65: =SUM(AA65:AA66)/SUM($G65:$G66) -> 0 | BG65: =AL65*$AJ65 -> 0 | BH65: =AM65*$AJ65 -> 5.4227992 | BI65: =AN65*$AJ65 -> 0 | BJ65: =AO65*$AJ65 -> 0 | BK65: =AP65*$AJ65 -> 2.7113996 | BL65: =AQ65*$AJ65 -> 0 | BM65: =AR65*$AJ65 -> 0 | BN65: =AS65*$AJ65 -> 0 | ... BZ65: =BE65*$AJ65 -> 0
A66: 15 | C66: 45928 | D66: End | E66: 20 | F66: 20 | G66: 61.04 | I66: 1 | AC66: 20 | AD66: 2 | AG66: 12.8
A67: 16 | B67: =C11 -> Sept 29-Oct 5 | C67: 45929 | D67: Day | AB67: =SUM(G67:G69)/SUM(F67:F69) -> 0.56805556 | AD67: 2 | AE67: =SUM(AC67:AC69)/SUM(AD67:AD69) -> 6 | AG67: 12.8 | AH67: =AE67*AG67 -> 76.8 | AI67: =AH67/AI$51 -> 80.842105 | AJ67: =AI67*5 -> 404.21053 | AK67: =SUM(F67:F69)/(SUM(G67:G69)/SUM(AJ67)) -> 711.56865 | AL67: =SUM(H67:H69)/SUM($G67:$G69) -> 0 | AM67: =SUM(I67:I69)/SUM($G67:$G69) -> 0 | AN67: =SUM(J67:J69)/SUM($G67:$G69) -> 0 | AO67: =SUM(K67:K69)/SUM($G67:$G69) -> 0 | AP67: =SUM(L67:L69)/SUM($G67:$G69) -> 0 | AQ67: =SUM(M67:M69)/SUM($G67:$G69) -> 0 | AR67: =SUM(N67:N69)/SUM($G67:$G69) -> 0 | AS67: =SUM(O67:O69)/SUM($G67:$G69) -> 0 | ... BE67: =SUM(AA67:AA69)/SUM($G67:$G69) -> 0 | BG67: =AL67*$AJ67 -> 0 | BH67: =AM67*$AJ67 -> 0 | BI67: =AN67*$AJ67 -> 0 | BJ67: =AO67*$AJ67 -> 0 | BK67: =AP67*$AJ67 -> 0 | BL67: =AQ67*$AJ67 -> 0 | BM67: =AR67*$AJ67 -> 0 | BN67: =AS67*$AJ67 -> 0 | ... BZ67: =BE67*$AJ67 -> 0
A68: 17 | C68: 45930 | D68: Day | E68: 15 | F68: 16 | G68: 20.45 | AC68: 16 | AD68: 2 | AG68: 12.7
A69: 18 | C69: 45931 | D69: Day | E69: 20 | F69: 20 | AC69: 20 | AD69: 2 | AG69: 12.6
A70: 19 | C70: 45934 | D70: End | E70: 32 | F70: 32 | G70: 77.29 | I70: 1 | J70: 1 | V70: 5 | AB70: =(G70+G71)/(F70+F71) -> 2.2583333 | AC70: 32 | AD70: 2 | AE70: =SUM(AC70:AC71)/SUM(AD70:AD71) -> 15 | AG70: 12.5 | AH70: =AE70*AG70 -> 187.5 | AI70: =AH70/AI$51 -> 197.36842 | AJ70: =AI70*2 -> 394.73684 | AK70: =SUM(F70:F71)/(SUM(G70:G71)/SUM(AJ70)) -> 174.79122 | AL70: =SUM(H70:H71)/SUM($G70:$G71) -> 0.014760148 | AM70: =SUM(I70:I71)/SUM($G70:$G71) -> 0.051660517 | AN70: =SUM(J70:J71)/SUM($G70:$G71) -> 0.0073800738 | AO70: =SUM(K70:K71)/SUM($G70:$G71) -> 0 | AP70: =SUM(L70:L71)/SUM($G70:$G71) -> 0 | AQ70: =SUM(M70:M71)/SUM($G70:$G71) -> 0 | AR70: =SUM(N70:N71)/SUM($G70:$G71) -> 0 | AS70: =SUM(O70:O71)/SUM($G70:$G71) -> 0 | ... BE70: =SUM(AA70:AA71)/SUM($G70:$G71) -> 0 | BG70: =AL70*$AJ70 -> 5.8263741 | BH70: =AM70*$AJ70 -> 20.392309 | BI70: =AN70*$AJ70 -> 2.913187 | BJ70: =AO70*$AJ70 -> 0 | BK70: =AP70*$AJ70 -> 0 | BL70: =AQ70*$AJ70 -> 0 | BM70: =AR70*$AJ70 -> 0 | BN70: =AS70*$AJ70 -> 0 | ... BZ70: =BE70*$AJ70 -> 0
A71: 20 | C71: 45935 | D71: End | E71: 28 | F71: 28 | G71: 58.21 | H71: 2 | I71: 6 | AC71: 28 | AD71: 2 | AG71: 12.4
A72: 21 | B72: =C12 -> Oct 6-Oct 12 | C72: 45936 | D72: Day | E72: 19 | F72: 19 | G72: 43.48 | H72: 2 | I72: 3 | J72: 1 | AB72: =SUM(G72:G74)/SUM(F72:F74) -> 2.2789855 | AC72: 19 | AD72: 2 | AE72: =SUM(AC72:AC74)/SUM(AD72:AD74) -> 11.5 | AG72: 12.4 | AH72: =AE72*AG72 -> 142.6 | AI72: =AH72/AI$51 -> 150.10526 | AJ72: =AI72*5 -> 750.52632 | AK72: =SUM(F72:F74)/(SUM(G72:G74)/SUM(AJ72)) -> 329.32474 | AL72: =SUM(H72:H74)/SUM($G72:$G74) -> 0.031796502 | AM72: =SUM(I72:I74)/SUM($G72:$G74) -> 0.063593005 | AN72: =SUM(J72:J74)/SUM($G72:$G74) -> 0.0063593005 | AO72: =SUM(K72:K74)/SUM($G72:$G74) -> 0.0063593005 | AP72: =SUM(L72:L74)/SUM($G72:$G74) -> 0 | AQ72: =SUM(M72:M74)/SUM($G72:$G74) -> 0 | AR72: =SUM(N72:N74)/SUM($G72:$G74) -> 0 | AS72: =SUM(O72:O74)/SUM($G72:$G74) -> 0 | ... BE72: =SUM(AA72:AA74)/SUM($G72:$G74) -> 0.0063593005 | BG72: =AL72*$AJ72 -> 23.864112 | BH72: =AM72*$AJ72 -> 47.728224 | BI72: =AN72*$AJ72 -> 4.7728224 | BJ72: =AO72*$AJ72 -> 4.7728224 | BK72: =AP72*$AJ72 -> 0 | BL72: =AQ72*$AJ72 -> 0 | BM72: =AR72*$AJ72 -> 0 | BN72: =AS72*$AJ72 -> 0 | ... BZ72: =BE72*$AJ72 -> 4.7728224
A73: 22 | C73: 45937 | D73: Day | E73: 28 | F73: 28 | G73: 49.51 | H73: 1 | I73: 5 | U73: 1 | AC73: 28 | AD73: 2 | AG73: 12.3
A74: 23 | C74: 45940 | D74: Day | E74: 22 | F74: 22 | G74: 64.26 | H74: 2 | I74: 2 | K74: 1 | V74: 2 | AA74: 1 | AC74: 22 | AD74: 2 | AG74: 12.1
A75: 24 | C75: 45941 | D75: End | E75: 66 | F75: 66 | G75: 149.64 | H75: 6 | I75: 11 | N75: 1 | AB75: =(G75+G76)/(F75+F76) -> 2.2821 | AC75: 66 | AD75: 2 | AE75: =SUM(AC75:AC76)/SUM(AD75:AD76) -> 25 | AG75: 12.1 | AH75: =AE75*AG75 -> 302.5 | AI75: =AH75/AI$51 -> 318.42105 | AJ75: =AI75*2 -> 636.84211 | AK75: =SUM(F75:F76)/(SUM(G75:G76)/SUM(AJ75)) -> 279.05968 | AL75: =SUM(H75:H76)/SUM($G75:$G76) -> 0.030673502 | AM75: =SUM(I75:I76)/SUM($G75:$G76) -> 0.052583147 | AN75: =SUM(J75:J76)/SUM($G75:$G76) -> 0 | AO75: =SUM(K75:K76)/SUM($G75:$G76) -> 0 | AP75: =SUM(L75:L76)/SUM($G75:$G76) -> 0 | AQ75: =SUM(M75:M76)/SUM($G75:$G76) -> 0 | AR75: =SUM(N75:N76)/SUM($G75:$G76) -> 0.0043819289 | AS75: =SUM(O75:O76)/SUM($G75:$G76) -> 0 | ... BE75: =SUM(AA75:AA76)/SUM($G75:$G76) -> 0 | BG75: =AL75*$AJ75 -> 19.534178 | BH75: =AM75*$AJ75 -> 33.487162 | BI75: =AN75*$AJ75 -> 0 | BJ75: =AO75*$AJ75 -> 0 | BK75: =AP75*$AJ75 -> 0 | BL75: =AQ75*$AJ75 -> 0 | BM75: =AR75*$AJ75 -> 2.7905968 | BN75: =AS75*$AJ75 -> 0 | ... BZ75: =BE75*$AJ75 -> 0
A76: 25 | C76: 45942 | D76: End | E76: 34 | F76: 34 | G76: 78.57 | H76: 1 | I76: 1 | AC76: 34 | AD76: 2 | AG76: 12
A77: 26 | B77: =C13 -> Oct 13-19 | C77: 45944 | D77: Day | E77: 20 | F77: 20 | G77: 35.16 | AB77: =SUM(G77:G79)/SUM(F77:F79) -> 1.2753731 | AC77: 20 | AD77: 2 | AE77: =SUM(AC77:AC79)/SUM(AD77:AD79) -> 11.166667 | AG77: 11.9 | AH77: =AE77*AG77 -> 132.88333 | AI77: =AH77/AI$51 -> 139.87719 | AJ77: =AI77*5 -> 699.38596 | AK77: =SUM(F77:F79)/(SUM(G77:G79)/SUM(AJ77)) -> 548.37753 | AL77: =SUM(H77:H79)/SUM($G77:$G79) -> 0.0234055 | AM77: =SUM(I77:I79)/SUM($G77:$G79) -> 0.03510825 | AN77: =SUM(J77:J79)/SUM($G77:$G79) -> 0.01170275 | AO77: =SUM(K77:K79)/SUM($G77:$G79) -> 0 | AP77: =SUM(L77:L79)/SUM($G77:$G79) -> 0 | AQ77: =SUM(M77:M79)/SUM($G77:$G79) -> 0 | AR77: =SUM(N77:N79)/SUM($G77:$G79) -> 0 | AS77: =SUM(O77:O79)/SUM($G77:$G79) -> 0 | ... BE77: =SUM(AA77:AA79)/SUM($G77:$G79) -> 0 | BG77: =AL77*$AJ77 -> 16.369478 | BH77: =AM77*$AJ77 -> 24.554218 | BI77: =AN77*$AJ77 -> 8.1847392 | BJ77: =AO77*$AJ77 -> 0 | BK77: =AP77*$AJ77 -> 0 | BL77: =AQ77*$AJ77 -> 0 | BM77: =AR77*$AJ77 -> 0 | BN77: =AS77*$AJ77 -> 0 | ... BZ77: =BE77*$AJ77 -> 0
A78: 27 | C78: 45945 | D78: Day | E78: 22 | F78: 22 | G78: 50.29 | H78: 2 | I78: 3 | J78: 1 | AC78: 22 | AD78: 2 | AG78: 11.8
A79: 28 | C79: 45946 | D79: Day | E79: 25 | F79: 25 | AC79: 25 | AD79: 2 | AG79: 11.8
A80: 29 | C80: 45948 | D80: End | E80: 40 | F80: 40 | G80: 101.47 | H80: 3 | I80: 5 | N80: 1 | AB80: =(G80+G81)/(F81) -> 6.087619 | AC80: 40 | AD80: 2 | AE80: =SUM(AC80:AC81)/SUM(AD80:AD81) -> 20.5 | AG80: 11.7 | AH80: =AE80*AG80 -> 239.85 | AI80: =AH80/AI$51 -> 252.47368 | AJ80: =AI80*2 -> 504.94737 | AK80: =SUM(F80:F81)/(SUM(G80:G81)/SUM(AJ80)) -> 161.94338 | AL80: =SUM(H80:H81)/SUM($G80:$G81) -> 0.039111389 | AM80: =SUM(I80:I81)/SUM($G80:$G81) -> 0.043022528 | AN80: =SUM(J80:J81)/SUM($G80:$G81) -> 0 | AO80: =SUM(K80:K81)/SUM($G80:$G81) -> 0 | AP80: =SUM(L80:L81)/SUM($G80:$G81) -> 0 | AQ80: =SUM(M80:M81)/SUM($G80:$G81) -> 0 | AR80: =SUM(N80:N81)/SUM($G80:$G81) -> 0.0078222778 | AS80: =SUM(O80:O81)/SUM($G80:$G81) -> 0 | ... BE80: =SUM(AA80:AA81)/SUM($G80:$G81) -> 0 | BG80: =AL80*$AJ80 -> 19.749193 | BH80: =AM80*$AJ80 -> 21.724112 | BI80: =AN80*$AJ80 -> 0 | BJ80: =AO80*$AJ80 -> 0 | BK80: =AP80*$AJ80 -> 0 | BL80: =AQ80*$AJ80 -> 0 | BM80: =AR80*$AJ80 -> 3.9498386 | BN80: =AS80*$AJ80 -> 0 | ... BZ80: =BE80*$AJ80 -> 0
A81: 30 | C81: 45949 | D81: End | E81: 42 | F81: 42 | G81: 154.21 | H81: 7 | I81: 6 | N81: 1 | AC81: 42 | AD81: 2 | AG81: 11.6
A82: 31 | B82: Oct 21-27 | C82: 45585 | D82: Day | E82: 29 | F82: 29 | G82: 85.37 | H82: 2 | I82: 6 | N82: 1 | AB82: =SUM(G82:G84)/SUM(F82:F84) -> 2.4283019 | AC82: 29 | AD82: 2 | AE82: =SUM(AC82:AC84)/SUM(AD82:AD84) -> 8.8333333 | AG82: 11.6 | AH82: =AE82*AG82 -> 102.46667 | AI82: =AH82/AI$51 -> 107.85965 | AJ82: =AI82*5 -> 539.29825 | AK82: =SUM(F82:F84)/(SUM(G82:G84)/SUM(AJ82)) -> 222.08863 | AL82: =SUM(H82:H84)/SUM($G82:$G84) -> 0.031080031 | AM82: =SUM(I82:I84)/SUM($G82:$G84) -> 0.077700078 | AN82: =SUM(J82:J84)/SUM($G82:$G84) -> 0 | AO82: =SUM(K82:K84)/SUM($G82:$G84) -> 0 | AP82: =SUM(L82:L84)/SUM($G82:$G84) -> 0.0077700078 | AQ82: =SUM(M82:M84)/SUM($G82:$G84) -> 0 | AR82: =SUM(N82:N84)/SUM($G82:$G84) -> 0.0077700078 | AS82: =SUM(O82:O84)/SUM($G82:$G84) -> 0 | ... BE82: =SUM(AA82:AA84)/SUM($G82:$G84) -> 0 | BG82: =AL82*$AJ82 -> 16.761406 | BH82: =AM82*$AJ82 -> 41.903516 | BI82: =AN82*$AJ82 -> 0 | BJ82: =AO82*$AJ82 -> 0 | BK82: =AP82*$AJ82 -> 4.1903516 | BL82: =AQ82*$AJ82 -> 0 | BM82: =AR82*$AJ82 -> 4.1903516 | BN82: =AS82*$AJ82 -> 0 | ... BZ82: =BE82*$AJ82 -> 0
A83: 32 | C83: 45587 | D83: Day | AD83: 2 | AG83: 11.5
A84: 33 | C84: 44857 | D84: Day | E84: 24 | F84: 24 | G84: 43.33 | H84: 2 | I84: 4 | L84: 1 | AC84: 24 | AD84: 2 | AG84: 11.4
A85: 34 | C85: 45590 | D85: End | E85: 40 | F85: 40 | G85: 101 | AB85: =(G85+G86)/(F85+F86) -> 3.4 | AC85: 40 | AD85: 2 | AE85: =SUM(AC85:AC86)/SUM(AD85:AD86) -> 18.75 | AG85: 11.3 | AH85: =AE85*AG85 -> 211.875 | AI85: =AH85/AI$51 -> 223.02632 | AJ85: =AI85*2 -> 446.05263 | AK85: =SUM(F85:F86)/(SUM(G85:G86)/SUM(AJ85)) -> 131.19195 | AL85: =SUM(H85:H86)/SUM($G85:$G86) -> 0 | AM85: =SUM(I85:I86)/SUM($G85:$G86) -> 0 | AN85: =SUM(J85:J86)/SUM($G85:$G86) -> 0 | AO85: =SUM(K85:K86)/SUM($G85:$G86) -> 0 | AP85: =SUM(L85:L86)/SUM($G85:$G86) -> 0 | AQ85: =SUM(M85:M86)/SUM($G85:$G86) -> 0 | AR85: =SUM(N85:N86)/SUM($G85:$G86) -> 0 | AS85: =SUM(O85:O86)/SUM($G85:$G86) -> 0 | ... BE85: =SUM(AA85:AA86)/SUM($G85:$G86) -> 0 | BG85: =AL85*$AJ85 -> 0 | BH85: =AM85*$AJ85 -> 0 | BI85: =AN85*$AJ85 -> 0 | BJ85: =AO85*$AJ85 -> 0 | BK85: =AP85*$AJ85 -> 0 | BL85: =AQ85*$AJ85 -> 0 | BM85: =AR85*$AJ85 -> 0 | BN85: =AS85*$AJ85 -> 0 | ... BZ85: =BE85*$AJ85 -> 0
A86: 35 | C86: 45591 | D86: End | E86: 35 | F86: 35 | G86: 154 | AC86: 35 | AD86: 2 | AG86: 11.2
A87: 36 | B87: =C15 -> Oct 27-Nov 2 | C87: 45592 | D87: Day | E87: 20 | F87: 20 | G87: 53.31 | I87: 6 | L87: 3 | O87: 1 | AB87: =SUM(G87:G89)/SUM(F87:F89) -> 1.6233824 | AC87: 20 | AD87: 2 | AE87: =SUM(AC87:AC89)/SUM(AD87:AD89) -> 11.333333 | AG87: 11.2 | AH87: =AE87*AG87 -> 126.93333 | AI87: =AH87/AI$51 -> 133.61404 | AJ87: =AI87*5 -> 668.07018 | AK87: =SUM(F87:F89)/(SUM(G87:G89)/SUM(AJ87)) -> 411.52978 | AL87: =SUM(H87:H89)/SUM($G87:$G89) -> 0.0090587916 | AM87: =SUM(I87:I89)/SUM($G87:$G89) -> 0.081529124 | AN87: =SUM(J87:J89)/SUM($G87:$G89) -> 0 | AO87: =SUM(K87:K89)/SUM($G87:$G89) -> 0 | AP87: =SUM(L87:L89)/SUM($G87:$G89) -> 0.045293958 | AQ87: =SUM(M87:M89)/SUM($G87:$G89) -> 0 | AR87: =SUM(N87:N89)/SUM($G87:$G89) -> 0 | AS87: =SUM(O87:O89)/SUM($G87:$G89) -> 0.027176375 | ... BE87: =SUM(AA87:AA89)/SUM($G87:$G89) -> 0 | BG87: =AL87*$AJ87 -> 6.0519085 | BH87: =AM87*$AJ87 -> 54.467176 | BI87: =AN87*$AJ87 -> 0 | BJ87: =AO87*$AJ87 -> 0 | BK87: =AP87*$AJ87 -> 30.259542 | BL87: =AQ87*$AJ87 -> 0 | BM87: =AR87*$AJ87 -> 0 | BN87: =AS87*$AJ87 -> 18.155725 | ... BZ87: =BE87*$AJ87 -> 0
A88: 37 | C88: 45593 | D88: Day | E88: 26 | F88: 26 | G88: 57.08 | AC88: 26 | AD88: 2 | AG88: 11.1
A89: 38 | C89: 45594 | D89: Day | E89: 22 | F89: 22 | H89: 1 | I89: 3 | L89: 2 | O89: 2 | W89: 1 | AC89: 22 | AD89: 2 | AG89: 11.1
A90: 39 | C90: 45595 | D90: End | E90: 23 | F90: 23 | G90: 47.91 | H90: 2 | I90: 2 | L90: 2 | O90: 2 | AB90: =(G90+G91)/(F90+F91) -> 2.3202326 | AC90: 23 | AD90: 2 | AE90: =SUM(AC90:AC91)/SUM(AD90:AD91) -> 10.75 | AG90: 11 | AH90: =AE90*AG90 -> 118.25 | AI90: =AH90/AI$51 -> 124.47368 | AJ90: =AI90*2 -> 248.94737 | AK90: =SUM(F90:F91)/(SUM(G90:G91)/SUM(AJ90)) -> 107.29414 | AL90: =SUM(H90:H91)/SUM($G90:$G91) -> 0.020046106 | AM90: =SUM(I90:I91)/SUM($G90:$G91) -> 0.030069159 | AN90: =SUM(J90:J91)/SUM($G90:$G91) -> 0 | AO90: =SUM(K90:K91)/SUM($G90:$G91) -> 0 | AP90: =SUM(L90:L91)/SUM($G90:$G91) -> 0.030069159 | AQ90: =SUM(M90:M91)/SUM($G90:$G91) -> 0 | AR90: =SUM(N90:N91)/SUM($G90:$G91) -> 0 | AS90: =SUM(O90:O91)/SUM($G90:$G91) -> 0.070161371 | ... BE90: =SUM(AA90:AA91)/SUM($G90:$G91) -> 0 | BG90: =AL90*$AJ90 -> 4.9904253 | BH90: =AM90*$AJ90 -> 7.485638 | BI90: =AN90*$AJ90 -> 0 | BJ90: =AO90*$AJ90 -> 0 | BK90: =AP90*$AJ90 -> 7.485638 | BL90: =AQ90*$AJ90 -> 0 | BM90: =AR90*$AJ90 -> 0 | BN90: =AS90*$AJ90 -> 17.466489 | ... BZ90: =BE90*$AJ90 -> 0
A91: 40 | C91: 45596 | D91: End | E91: 20 | F91: 20 | G91: 51.86 | I91: 1 | L91: 1 | O91: 5 | AC91: 20 | AD91: 2 | AG91: 11
B92: =C44 -> Nov 3-9 | C92: 45602 | D92: Day | AB92: =SUM(G92:G94)/SUM(F92:F94) -> #DIV/0! | AD92: 2 | AE92: =SUM(AC92:AC94)/SUM(AD92:AD94) -> 0 | AH92: =AE92*AG92 -> 0 | AI92: =AH92/AI$51 -> 0 | AJ92: =AI92*5 -> 0 | AK92: =SUM(F92:F94)/(SUM(G92:G94)/SUM(AJ92)) -> #DIV/0! | AL92: =SUM(H92:H94)/SUM($G92:$G94) -> #DIV/0! | AM92: =SUM(I92:I94)/SUM($G92:$G94) -> #DIV/0! | AN92: =SUM(J92:J94)/SUM($G92:$G94) -> #DIV/0! | AO92: =SUM(K92:K94)/SUM($G92:$G94) -> #DIV/0! | AP92: =SUM(L92:L94)/SUM($G92:$G94) -> #DIV/0! | AQ92: =SUM(M92:M94)/SUM($G92:$G94) -> #DIV/0! | AR92: =SUM(N92:N94)/SUM($G92:$G94) -> #DIV/0! | AS92: =SUM(O92:O94)/SUM($G92:$G94) -> #DIV/0! | ... BE92: =SUM(AA92:AA94)/SUM($G92:$G94) -> #DIV/0! | BG92: =AL92*$AJ92 -> #DIV/0! | BH92: =AM92*$AJ92 -> #DIV/0! | BI92: =AN92*$AJ92 -> #DIV/0! | BJ92: =AO92*$AJ92 -> #DIV/0! | BK92: =AP92*$AJ92 -> #DIV/0! | BL92: =AQ92*$AJ92 -> #DIV/0! | BM92: =AR92*$AJ92 -> #DIV/0! | BN92: =AS92*$AJ92 -> #DIV/0! | ... BZ92: =BE92*$AJ92 -> #DIV/0!
C93: 45603 | D93: Day | AD93: 2
C94: 45604 | D94: Day | AD94: 2
C95: 45605 | D95: End | AB95: =(G95+G96)/(F95+F96) -> #DIV/0! | AD95: 2 | AE95: =SUM(AC95:AC96)/SUM(AD95:AD96) -> 0 | AH95: =AE95*AG95 -> 0 | AI95: =AH95/AI$51 -> 0 | AJ95: =AI95*2 -> 0 | AK95: =SUM(F95:F96)/(SUM(G95:G96)/SUM(AJ95)) -> #DIV/0! | AL95: =SUM(H95:H96)/SUM($G95:$G96) -> #DIV/0! | AM95: =SUM(I95:I96)/SUM($G95:$G96) -> #DIV/0! | AN95: =SUM(J95:J96)/SUM($G95:$G96) -> #DIV/0! | AO95: =SUM(K95:K96)/SUM($G95:$G96) -> #DIV/0! | AP95: =SUM(L95:L96)/SUM($G95:$G96) -> #DIV/0! | AQ95: =SUM(M95:M96)/SUM($G95:$G96) -> #DIV/0! | AR95: =SUM(N95:N96)/SUM($G95:$G96) -> #DIV/0! | AS95: =SUM(O95:O96)/SUM($G95:$G96) -> #DIV/0! | ... BE95: =SUM(AA95:AA96)/SUM($G95:$G96) -> #DIV/0! | BG95: =AL95*$AJ95 -> #DIV/0! | BH95: =AM95*$AJ95 -> #DIV/0! | BI95: =AN95*$AJ95 -> #DIV/0! | BJ95: =AO95*$AJ95 -> #DIV/0! | BK95: =AP95*$AJ95 -> #DIV/0! | BL95: =AQ95*$AJ95 -> #DIV/0! | BM95: =AR95*$AJ95 -> #DIV/0! | BN95: =AS95*$AJ95 -> #DIV/0! | ... BZ95: =BE95*$AJ95 -> #DIV/0!
C96: 45606 | D96: End | AD96: 2
B97: Nov11-16 | C97: 45607 | D97: Day | AB97: =SUM(G97:G99)/SUM(F97:F99) -> #DIV/0! | AD97: 2 | AE97: =SUM(AC97:AC99)/SUM(AD97:AD99) -> 0 | AH97: =AE97*AG97 -> 0 | AI97: =AH97/AI$51 -> 0 | AJ97: =AI97*5 -> 0 | AK97: =SUM(F97:F99)/(SUM(G97:G99)/SUM(AJ97)) -> #DIV/0! | AL97: =SUM(H97:H99)/SUM($G97:$G99) -> #DIV/0! | AM97: =SUM(I97:I99)/SUM($G97:$G99) -> #DIV/0! | AN97: =SUM(J97:J99)/SUM($G97:$G99) -> #DIV/0! | AO97: =SUM(K97:K99)/SUM($G97:$G99) -> #DIV/0! | AP97: =SUM(L97:L99)/SUM($G97:$G99) -> #DIV/0! | AQ97: =SUM(M97:M99)/SUM($G97:$G99) -> #DIV/0! | AR97: =SUM(N97:N99)/SUM($G97:$G99) -> #DIV/0! | AS97: =SUM(O97:O99)/SUM($G97:$G99) -> #DIV/0! | ... BE97: =SUM(AA97:AA99)/SUM($G97:$G99) -> #DIV/0! | BG97: =AL97*$AJ97 -> #DIV/0! | BH97: =AM97*$AJ97 -> #DIV/0! | BI97: =AN97*$AJ97 -> #DIV/0! | BJ97: =AO97*$AJ97 -> #DIV/0! | BK97: =AP97*$AJ97 -> #DIV/0! | BL97: =AQ97*$AJ97 -> #DIV/0! | BM97: =AR97*$AJ97 -> #DIV/0! | BN97: =AS97*$AJ97 -> #DIV/0! | ... BZ97: =BE97*$AJ97 -> #DIV/0!
C98: 45609 | D98: Day | AD98: 2
C99: 45610 | D99: Day | AD99: 2
C100: 45611 | D100: End | AB100: 0
C101: 45612 | D101: End
AL105: Catch Per Unit Effort (fish/hour) | BG105: Catch & Harvest
C106: Boat | H106: Chinook | N106: Coho | T106: Steelhead | V106: Incidental Catch | AC106: Effort (Salmon Only) | AL106: Chinook | AR106: Coho | AX106: Steelhead | AZ106: Incidental Catch | BG106: Chinook | BM106: Coho | BS106: Steelhead | BU106: Incidental Catch
C107: Date | D107: Day/ | G107: Pole | H107: Adults | J107: Jacks | L107: Released | N107: Adults | P107: Jacks | R107: Released | T107: (Released) | AC107: Count | AD107: Index | AF107: Anglers/ | AG107: +1 | AH107: Pole | AI107: Expansion | AJ107: Exp | AK107: Angler | AL107: Adults | AN107: Jacks | AP107: Released | AR107: Adults | AT107: Jacks | AV107: Released | AX107: (Released) | BG107: Adults | BI107: Jacks | BK107: Released | BM107: Adults | BO107: Jacks | BQ107: Released | BS107: (Released)
D108: End | E108: Boats | F108: Anglers | G108: Hours | H108: NM | I108: AD | J108: NM | K108: AD | L108: Adult | M108: Jacks | N108: NM | O108: AD | P108: NM | Q108: AD | R108: Adult | S108: Jacks | T108: Hatch | U108: Wild | V108: Catch | W108: Rel | X108: Catch | Y108: Rel | Z108: Catch | AA108: Rel | AC108: (total) | AD108: (#) | AE108: Avg | AF108: Boat | AG108: Daylight | AH108: Hrs | AI108: 0.95 | AJ108: Hours | AK108: Trips | AL108: NM | AM108: AD | AN108: NM | AO108: AD | AP108: Adult | AQ108: Jacks | AR108: NM | AS108: AD | AT108: NM | AU108: AD | AV108: Adult | AW108: Jacks | AX108: Hatch | AY108: Wild | AZ108: Catch | BA108: Rel | BB108: Catch | BC108: Rel | BD108: Catch | BE108: Rel | BG108: NM | BH108: AD | BI108: NM | BJ108: AD | BK108: Adult | BL108: Jacks | BM108: NM | BN108: AD | BO108: NM | BP108: AD | BQ108: Adult | BR108: Jacks | BS108: Hatch | BT108: Wild | BU108: Catch | BV108: Rel | BW108: Catch | BX108: Rel | BY108: Catch | BZ108: Rel
...

Sheet Horn Rapids
C2: =Prosser!C2 -> 2025 Yakima River Fall Salmon Creel Survey (Sept 15 - October 31)
AB3: hours/fish
E4: Sampled | AC4: Effort | AG4: Expanded Catch & Harvest
H5: Chinook | N5: Coho | T5: Steelhead | V5: Incidental Catch | AG5: Chinook | AM5: Coho | AS5: Steelhead | AU5: Incidental Catch
E6: Sampled | H6: Adults | J6: Jacks | L6: Released | N6: Adults | P6: Jacks | R6: Released | T6: (Released) | V6: NPM | X6: SK | AC6: Angler | AD6: Effort | AE6: Sampled | AG6: Adults | AI6: Jacks | AK6: Released | AM6: Adults | AO6: Jacks | AQ6: Released | AS6: (Released) | AU6: NPM | AW6: SK
C7: Combined | E7: Boats | F7: Anglers | G7: Hours | H7: NM | I7: AD | J7: NM | K7: AD | L7: Adult | M7: Jacks | N7: NM | O7: AD | P7: NM | Q7: AD | R7: Adult | S7: Jacks | T7: Hatch | U7: Wild | V7: Catch | W7: Rel | X7: Catch | Y7: Rel | Z7: Catch | AA7: Rel | AC7: Trips | AD7: Pole Hrs | AE7: % | AG7: NM | AH7: AD | AI7: NM | AJ7: AD | AK7: Adult | AL7: Jacks | AM7: NM | AN7: AD | AO7: NM | AP7: AD | AQ7: Adult | AR7: Jacks | AS7: Hatch | AT7: Wild | AU7: Catch | AV7: Rel | AW7: Catch | AX7: Rel | AY7: Catch | AZ7: Rel
C8: =Prosser!C8 -> 0 | E8: =E22+E36 -> 0 | F8: =F22+F36 -> 0 | G8: =G22+G36 -> 0 | H8: =H22+H36 -> 0 | I8: =I22+I36 -> 0 | J8: =J22+J36 -> 0 | K8: =K22+K36 -> 0 | L8: =L22+L36 -> 0 | ... AA8: =AA22+AA36 -> 0 | AB8: =SUM(G8)/SUM(H8:M8) -> #DIV/0! | AC8: =AC22+AC36 -> #DIV/0! | AD8: =AD22+AD36 -> #DIV/0! | AE8: =G8/AD8 -> #DIV/0! | AG8: =AG22+AG36 -> #DIV/0! | AH8: =AH22+AH36 -> #DIV/0! | AI8: =AI22+AI36 -> #DIV/0! | AJ8: =AJ22+AJ36 -> #DIV/0! | AK8: =AK22+AK36 -> #DIV/0! | AL8: =AL22+AL36 -> #DIV/0! | AM8: =AM22+AM36 -> #DIV/0! | AN8: =AN22+AN36 -> #DIV/0! | ... AZ8: =AZ22+AZ36 -> #DIV/0!
C9: =Prosser!C9 -> Sept 15-21 | E9: =E23+E37 -> 0 | F9: =F23+F37 -> 0 | G9: =G23+G37 -> 0 | H9: =H23+H37 -> 0 | I9: =I23+I37 -> 0 | J9: =J23+J37 -> 0 | K9: =K23+K37 -> 0 | L9: =L23+L37 -> 0 | ... AA9: =AA23+AA37 -> 0 | AB9: =SUM(G9)/SUM(H9:M9) -> #DIV/0! | AC9: =AC23+AC37 -> #DIV/0! | AD9: =AD23+AD37 -> #DIV/0! | AE9: =G9/AD9 -> #DIV/0! | AG9: =AG23+AG37 -> #DIV/0! | AH9: =AH23+AH37 -> #DIV/0! | AI9: =AI23+AI37 -> #DIV/0! | AJ9: =AJ23+AJ37 -> #DIV/0! | AK9: =AK23+AK37 -> #DIV/0! | AL9: =AL23+AL37 -> #DIV/0! | AM9: =AM23+AM37 -> #DIV/0! | AN9: =AN23+AN37 -> #DIV/0! | ... AZ9: =AZ23+AZ37 -> #DIV/0!
C10: =Prosser!C10 -> Sept 21-28 | E10: =E24+E38 -> 0 | F10: =F24+F38 -> 0 | G10: =G24+G38 -> 0 | H10: =H24+H38 -> 0 | I10: =I24+I38 -> 0 | J10: =J24+J38 -> 0 | K10: =K24+K38 -> 0 | L10: =L24+L38 -> 0 | ... AA10: =AA24+AA38 -> 0 | AB10: =SUM(G10)/SUM(H10:M10) -> #DIV/0! | AC10: =AC24+AC38 -> #DIV/0! | AD10: =AD24+AD38 -> #DIV/0! | AE10: =G10/AD10 -> #DIV/0! | AG10: =AG24+AG38 -> #DIV/0! | AH10: =AH24+AH38 -> #DIV/0! | AI10: =AI24+AI38 -> #DIV/0! | AJ10: =AJ24+AJ38 -> #DIV/0! | AK10: =AK24+AK38 -> #DIV/0! | AL10: =AL24+AL38 -> #DIV/0! | AM10: =AM24+AM38 -> #DIV/0! | AN10: =AN24+AN38 -> #DIV/0! | ... AZ10: =AZ24+AZ38 -> #DIV/0!
C11: =Prosser!C11 -> Sept 29-Oct 5 | E11: =E25+E39 -> 0 | F11: =F25+F39 -> 0 | G11: =G25+G39 -> 0 | H11: =H25+H39 -> 0 | I11: =I25+I39 -> 0 | J11: =J25+J39 -> 0 | K11: =K25+K39 -> 0 | L11: =L25+L39 -> 0 | ... AA11: =AA25+AA39 -> 0 | AB11: =SUM(G11)/SUM(H11:M11) -> #DIV/0! | AC11: =AC25+AC39 -> #DIV/0! | AD11: =AD25+AD39 -> #DIV/0! | AE11: =G11/AD11 -> #DIV/0! | AG11: =AG25+AG39 -> #DIV/0! | AH11: =AH25+AH39 -> #DIV/0! | AI11: =AI25+AI39 -> #DIV/0! | AJ11: =AJ25+AJ39 -> #DIV/0! | AK11: =AK25+AK39 -> #DIV/0! | AL11: =AL25+AL39 -> #DIV/0! | AM11: =AM25+AM39 -> #DIV/0! | AN11: =AN25+AN39 -> #DIV/0! | ... AZ11: =AZ25+AZ39 -> #DIV/0!
C12: =Prosser!C12 -> Oct 6-Oct 12 | E12: =E26+E40 -> 0 | F12: =F26+F40 -> 0 | G12: =G26+G40 -> 0 | H12: =H26+H40 -> 0 | I12: =I26+I40 -> 0 | J12: =J26+J40 -> 0 | K12: =K26+K40 -> 0 | L12: =L26+L40 -> 0 | ... AA12: =AA26+AA40 -> 0 | AB12: =SUM(G12)/SUM(H12:M12) -> #DIV/0! | AC12: =AC26+AC40 -> #DIV/0! | AD12: =AD26+AD40 -> #DIV/0! | AE12: =G12/AD12 -> #DIV/0! | AG12: =AG26+AG40 -> #DIV/0! | AH12: =AH26+AH40 -> #DIV/0! | AI12: =AI26+AI40 -> #DIV/0! | AJ12: =AJ26+AJ40 -> #DIV/0! | AK12: =AK26+AK40 -> #DIV/0! | AL12: =AL26+AL40 -> #DIV/0! | AM12: =AM26+AM40 -> #DIV/0! | AN12: =AN26+AN40 -> #DIV/0! | ... AZ12: =AZ26+AZ40 -> #DIV/0!
C13: =Prosser!C13 -> Oct 13-19 | E13: =E27+E41 -> 0 | F13: =F27+F41 -> 0 | G13: =G27+G41 -> 0 | H13: =H27+H41 -> 0 | I13: =I27+I41 -> 0 | J13: =J27+J41 -> 0 | K13: =K27+K41 -> 0 | L13: =L27+L41 -> 0 | ... AA13: =AA27+AA41 -> 0 | AB13: =SUM(G13)/SUM(H13:M13) -> #DIV/0! | AC13: =AC27+AC41 -> #DIV/0! | AD13: =AD27+AD41 -> #DIV/0! | AE13: =G13/AD13 -> #DIV/0! | AG13: =AG27+AG41 -> #DIV/0! | AH13: =AH27+AH41 -> #DIV/0! | AI13: =AI27+AI41 -> #DIV/0! | AJ13: =AJ27+AJ41 -> #DIV/0! | AK13: =AK27+AK41 -> #DIV/0! | AL13: =AL27+AL41 -> #DIV/0! | AM13: =AM27+AM41 -> #DIV/0! | AN13: =AN27+AN41 -> #DIV/0! | ... AZ13: =AZ27+AZ41 -> #DIV/0!
C14: =Prosser!C14 -> Oct 20-26 | E14: =E28+E42 -> 0 | F14: =F28+F42 -> 0 | G14: =G28+G42 -> 0 | H14: =H28+H42 -> 0 | I14: =I28+I42 -> 0 | J14: =J28+J42 -> 0 | K14: =K28+K42 -> 0 | L14: =L28+L42 -> 0 | ... AA14: =AA28+AA42 -> 0 | AB14: =SUM(G14)/SUM(H14:M14) -> #DIV/0! | AC14: =AC28+AC42 -> #DIV/0! | AD14: =AD28+AD42 -> #DIV/0! | AE14: =G14/AD14 -> #DIV/0! | AG14: =AG28+AG42 -> #DIV/0! | AH14: =AH28+AH42 -> #DIV/0! | AI14: =AI28+AI42 -> #DIV/0! | AJ14: =AJ28+AJ42 -> #DIV/0! | AK14: =AK28+AK42 -> #DIV/0! | AL14: =AL28+AL42 -> #DIV/0! | AM14: =AM28+AM42 -> #DIV/0! | AN14: =AN28+AN42 -> #DIV/0! | ... AZ14: =AZ28+AZ42 -> #DIV/0!
C15: =Prosser!C15 -> Oct 27-Nov 2 | E15: =E29+E43 -> 0 | F15: =F29+F43 -> 0 | G15: =G29+G43 -> 0 | H15: =H29+H43 -> 0 | I15: =I29+I43 -> 0 | J15: =J29+J43 -> 0 | K15: =K29+K43 -> 0 | L15: =L29+L43 -> 0 | ... AA15: =AA29+AA43 -> 0 | AB15: =SUM(G15)/SUM(H15:M15) -> #DIV/0! | AC15: =AC29+AC43 -> #DIV/0! | AD15: =AD29+AD43 -> #DIV/0! | AE15: =G15/AD15 -> #DIV/0! | AG15: =AG29+AG43 -> #DIV/0! | AH15: =AH29+AH43 -> #DIV/0! | AI15: =AI29+AI43 -> #DIV/0! | AJ15: =AJ29+AJ43 -> #DIV/0! | AK15: =AK29+AK43 -> #DIV/0! | AL15: =AL29+AL43 -> #DIV/0! | AM15: =AM29+AM43 -> #DIV/0! | AN15: =AN29+AN43 -> #DIV/0! | ... AZ15: =AZ29+AZ43 -> #DIV/0!
C16: =Prosser!C16 -> Nov 3-9 | E16: =E30+E44 -> 0 | F16: =F30+F44 -> 0 | G16: =G30+G44 -> 0 | H16: =H30+H44 -> 0 | I16: =I30+I44 -> 0 | J16: =J30+J44 -> 0 | K16: =K30+K44 -> 0 | L16: =L30+L44 -> 0 | ... AA16: =AA30+AA44 -> 0 | AB16: =SUM(G16)/SUM(H16:M16) -> #DIV/0! | AC16: =AC30+AC44 -> #DIV/0! | AD16: =AD30+AD44 -> #DIV/0! | AE16: =G16/AD16 -> #DIV/0! | AG16: =AG30+AG44 -> #DIV/0! | AH16: =AH30+AH44 -> #DIV/0! | AI16: =AI30+AI44 -> #DIV/0! | AJ16: =AJ30+AJ44 -> #DIV/0! | AK16: =AK30+AK44 -> #DIV/0! | AL16: =AL30+AL44 -> #DIV/0! | AM16: =AM30+AM44 -> #DIV/0! | AN16: =AN30+AN44 -> #DIV/0! | ... AZ16: =AZ30+AZ44 -> #DIV/0!
C17: =Prosser!C17 -> Nov 10-16
E18: =SUM(E8:E17) -> 0 | F18: =SUM(F8:F17) -> 0 | G18: =SUM(G8:G17) -> 0 | H18: =SUM(H8:H17) -> 0 | I18: =SUM(I8:I17) -> 0 | J18: =SUM(J8:J17) -> 0 | K18: =SUM(K8:K17) -> 0 | L18: =SUM(L8:L17) -> 0 | ... AA18: =SUM(AA8:AA17) -> 0 | AB18: =SUM(G18)/SUM(H18:M18) -> #DIV/0! | AC18: =SUM(AC8:AC17) -> #DIV/0! | AD18: =SUM(AD8:AD17) -> #DIV/0! | AE18: =G18/AD18 -> #DIV/0! | AG18: =SUM(AG8:AG17) -> #DIV/0! | AH18: =SUM(AH8:AH17) -> #DIV/0! | AI18: =SUM(AI8:AI17) -> #DIV/0! | AJ18: =SUM(AJ8:AJ17) -> #DIV/0! | AK18: =SUM(AK8:AK17) -> #DIV/0! | AL18: =SUM(AL8:AL17) -> #DIV/0! | AM18: =SUM(AM8:AM17) -> #DIV/0! | AN18: =SUM(AN8:AN17) -> #DIV/0! | ... AZ18: =SUM(AZ8:AZ17) -> #DIV/0!
AG19: =SUM(AG18:AL18) -> #DIV/0! | AH19: Total Salmon Caught
C21: Bank Summary | E21: Sampled | AC21: Effort | AG21: Expanded Catch & Harvest
C22: =C8 -> 0 | F22: =SUM(F52:F56) -> 0 | G22: =SUM(G52:G56) -> 0 | H22: =SUM(H52:H56) -> 0 | I22: =SUM(I52:I56) -> 0 | J22: =SUM(J52:J56) -> 0 | K22: =SUM(K52:K56) -> 0 | L22: =SUM(L52:L56) -> 0 | M22: =SUM(M52:M56) -> 0 | ... AA22: =SUM(AA52:AA56) -> 0 | AB22: =SUM(G22)/SUM(H22:M22) -> #DIV/0! | AC22: =AK52+AK55 -> #DIV/0! | AD22: =AJ52+AJ55 -> #DIV/0! | AE22: =G22/AD22 -> #DIV/0! | AG22: =BG52+BG55 -> #DIV/0! | AH22: =BH52+BH55 -> #DIV/0! | AI22: =BI52+BI55 -> #DIV/0! | AJ22: =BJ52+BJ55 -> #DIV/0! | AK22: =BK52+BK55 -> #DIV/0! | AL22: =BL52+BL55 -> #DIV/0! | AM22: =BM52+BM55 -> #DIV/0! | AN22: =BN52+BN55 -> #DIV/0! | ... AZ22: =BZ52+BZ55 -> #DIV/0!
C23: =C9 -> Sept 15-21 | F23: =SUM(F57:F61) -> 0 | G23: =SUM(G57:G61) -> 0 | H23: =SUM(H57:H61) -> 0 | I23: =SUM(I57:I61) -> 0 | J23: =SUM(J57:J61) -> 0 | K23: =SUM(K57:K61) -> 0 | L23: =SUM(L57:L61) -> 0 | M23: =SUM(M57:M61) -> 0 | ... AA23: =SUM(AA57:AA61) -> 0 | AB23: =SUM(G23)/SUM(H23:M23) -> #DIV/0! | AC23: =AK57+AK60 -> #DIV/0! | AD23: =AJ57+AJ60 -> #DIV/0! | AE23: =G23/AD23 -> #DIV/0! | AG23: =BG57+BG60 -> #DIV/0! | AH23: =BH57+BH60 -> #DIV/0! | AI23: =BI57+BI60 -> #DIV/0! | AJ23: =BJ57+BJ60 -> #DIV/0! | AK23: =BK57+BK60 -> #DIV/0! | AL23: =BL57+BL60 -> #DIV/0! | AM23: =BM57+BM60 -> #DIV/0! | AN23: =BN57+BN60 -> #DIV/0! | ... AZ23: =BZ57+BZ60 -> #DIV/0!
C24: =C10 -> Sept 21-28 | F24: =SUM(F62:F66) -> 0 | G24: =SUM(G62:G66) -> 0 | H24: =SUM(H62:H66) -> 0 | I24: =SUM(I62:I66) -> 0 | J24: =SUM(J62:J66) -> 0 | K24: =SUM(K62:K66) -> 0 | L24: =SUM(L62:L66) -> 0 | M24: =SUM(M62:M66) -> 0 | ... AA24: =SUM(AA62:AA66) -> 0 | AB24: =SUM(G24)/SUM(H24:M24) -> #DIV/0! | AC24: =AK62+AK65 -> #DIV/0! | AD24: =AJ62+AJ65 -> #DIV/0! | AE24: =G24/AD24 -> #DIV/0! | AG24: =BG62+BG65 -> #DIV/0! | AH24: =BH62+BH65 -> #DIV/0! | AI24: =BI62+BI65 -> #DIV/0! | AJ24: =BJ62+BJ65 -> #DIV/0! | AK24: =BK62+BK65 -> #DIV/0! | AL24: =BL62+BL65 -> #DIV/0! | AM24: =BM62+BM65 -> #DIV/0! | AN24: =BN62+BN65 -> #DIV/0! | ... AZ24: =BZ62+BZ65 -> #DIV/0!
C25: =C11 -> Sept 29-Oct 5 | F25: =SUM(F67:F71) -> 0 | G25: =SUM(G67:G71) -> 0 | H25: =SUM(H67:H71) -> 0 | I25: =SUM(I67:I71) -> 0 | J25: =SUM(J67:J71) -> 0 | K25: =SUM(K67:K71) -> 0 | L25: =SUM(L67:L71) -> 0 | M25: =SUM(M67:M71) -> 0 | ... AA25: =SUM(AA67:AA71) -> 0 | AB25: =SUM(G25)/SUM(H25:M25) -> #DIV/0! | AC25: =AK67+AK70 -> #DIV/0! | AD25: =AJ67+AJ70 -> #DIV/0! | AE25: =G25/AD25 -> #DIV/0! | AG25: =BG67+BG70 -> #DIV/0! | AH25: =BH67+BH70 -> #DIV/0! | AI25: =BI67+BI70 -> #DIV/0! | AJ25: =BJ67+BJ70 -> #DIV/0! | AK25: =BK67+BK70 -> #DIV/0! | AL25: =BL67+BL70 -> #DIV/0! | AM25: =BM67+BM70 -> #DIV/0! | AN25: =BN67+BN70 -> #DIV/0! | ... AZ25: =BZ67+BZ70 -> #DIV/0!
C26: =C12 -> Oct 6-Oct 12 | F26: =SUM(F72:F76) -> 0 | G26: =SUM(G72:G76) -> 0 | H26: =SUM(H72:H76) -> 0 | I26: =SUM(I72:I76) -> 0 | J26: =SUM(J72:J76) -> 0 | K26: =SUM(K72:K76) -> 0 | L26: =SUM(L72:L76) -> 0 | M26: =SUM(M72:M76) -> 0 | ... AA26: =SUM(AA72:AA76) -> 0 | AB26: =SUM(G26)/SUM(H26:M26) -> #DIV/0! | AC26: =AK72+AK75 -> #DIV/0! | AD26: =AJ72+AJ75 -> #DIV/0! | AE26: =G26/AD26 -> #DIV/0! | AG26: =BG72+BG75 -> #DIV/0! | AH26: =BH72+BH75 -> #DIV/0! | AI26: =BI72+BI75 -> #DIV/0! | AJ26: =BJ72+BJ75 -> #DIV/0! | AK26: =BK72+BK75 -> #DIV/0! | AL26: =BL72+BL75 -> #DIV/0! | AM26: =BM72+BM75 -> #DIV/0! | AN26: =BN72+BN75 -> #DIV/0! | ... AZ26: =BZ72+BZ75 -> #DIV/0!
C27: =C13 -> Oct 13-19 | F27: =SUM(F77:F81) -> 0 | G27: =SUM(G77:G81) -> 0 | H27: =SUM(H77:H81) -> 0 | I27: =SUM(I77:I81) -> 0 | J27: =SUM(J77:J81) -> 0 | K27: =SUM(K77:K81) -> 0 | L27: =SUM(L77:L81) -> 0 | M27: =SUM(M77:M81) -> 0 | ... AA27: =SUM(AA77:AA81) -> 0 | AB27: =SUM(G27)/SUM(H27:M27) -> #DIV/0! | AC27: =AK77+AK80 -> #DIV/0! | AD27: =AJ77+AJ80 -> #DIV/0! | AE27: =G27/AD27 -> #DIV/0! | AG27: =BG77+BG80 -> #DIV/0! | AH27: =BH77+BH80 -> #DIV/0! | AI27: =BI77+BI80 -> #DIV/0! | AJ27: =BJ77+BJ80 -> #DIV/0! | AK27: =BK77+BK80 -> #DIV/0! | AL27: =BL77+BL80 -> #DIV/0! | AM27: =BM77+BM80 -> #DIV/0! | AN27: =BN77+BN80 -> #DIV/0! | ... AZ27: =BZ77+BZ80 -> #DIV/0!
C28: =C14 -> Oct 20-26 | F28: =SUM(F82:F86) -> 0 | G28: =SUM(G82:G86) -> 0 | H28: =SUM(H82:H86) -> 0 | I28: =SUM(I82:I86) -> 0 | J28: =SUM(J82:J86) -> 0 | K28: =SUM(K82:K86) -> 0 | L28: =SUM(L82:L86) -> 0 | M28: =SUM(M82:M86) -> 0 | ... AA28: =SUM(AA82:AA86) -> 0 | AB28: =SUM(G28)/SUM(H28:M28) -> #DIV/0! | AC28: =AK82+AK85 -> #DIV/0! | AD28: =AJ82+AJ85 -> #DIV/0! | AE28: =G28/AD28 -> #DIV/0! | AG28: =BG82+BG85 -> #DIV/0! | AH28: =BH82+BH85 -> #DIV/0! | AI28: =BI82+BI85 -> #DIV/0! | AJ28: =BJ82+BJ85 -> #DIV/0! | AK28: =BK82+BK85 -> #DIV/0! | AL28: =BL82+BL85 -> #DIV/0! | AM28: =BM82+BM85 -> #DIV/0! | AN28: =BN82+BN85 -> #DIV/0! | ... AZ28: =BZ82+BZ85 -> #DIV/0!
C29: =C15 -> Oct 27-Nov 2 | F29: =SUM(F87:F91) -> 0 | G29: =SUM(G87:G91) -> 0 | H29: =SUM(H87:H91) -> 0 | I29: =SUM(I87:I91) -> 0 | J29: =SUM(J87:J91) -> 0 | K29: =SUM(K87:K91) -> 0 | L29: =SUM(L87:L91) -> 0 | M29: =SUM(M87:M91) -> 0 | ... AA29: =SUM(AA87:AA91) -> 0 | AB29: =SUM(G29)/SUM(H29:M29) -> #DIV/0! | AC29: =AK87+AK90 -> #DIV/0! | AD29: =AJ87+AJ90 -> #DIV/0! | AE29: =G29/AD29 -> #DIV/0! | AG29: =BG87+BG90 -> #DIV/0! | AH29: =BH87+BH90 -> #DIV/0! | AI29: =BI87+BI90 -> #DIV/0! | AJ29: =BJ87+BJ90 -> #DIV/0! | AK29: =BK87+BK90 -> #DIV/0! | AL29: =BL87+BL90 -> #DIV/0! | AM29: =BM87+BM90 -> #DIV/0! | AN29: =BN87+BN90 -> #DIV/0! | ... AZ29: =BZ87+BZ90 -> #DIV/0!
C30: =C16 -> Nov 3-9 | F30: =SUM(F92:F96) -> 0 | G30: =SUM(G92:G96) -> 0 | H30: =SUM(H92:H96) -> 0 | I30: =SUM(I92:I96) -> 0 | J30: =SUM(J92:J96) -> 0 | K30: =SUM(K92:K96) -> 0 | L30: =SUM(L92:L96) -> 0 | M30: =SUM(M92:M96) -> 0 | ... AA30: =SUM(AA92:AA96) -> 0 | AB30: =SUM(G30)/SUM(H30:M30) -> #DIV/0! | AC30: =AK92+AK95 -> #DIV/0! | AD30: =AL92+AL95 -> #DIV/0! | AE30: =G30/AD30 -> #DIV/0! | AG30: =BG92+BG95 -> #DIV/0! | AH30: =BH92+BH95 -> #DIV/0! | AI30: =BI92+BI95 -> #DIV/0! | AJ30: =BJ92+BJ95 -> #DIV/0! | AK30: =BK92+BK95 -> #DIV/0! | AL30: =BL92+BL95 -> #DIV/0! | AM30: =BM92+BM95 -> #DIV/0! | AN30: =BN92+BN95 -> #DIV/0! | ... AZ30: =BZ92+BZ95 -> #DIV/0!
C31: =C17 -> Nov 10-16
F32: =SUM(F22:F31) -> 0 | G32: =SUM(G22:G31) -> 0 | H32: =SUM(H22:H31) -> 0 | I32: =SUM(I22:I31) -> 0 | J32: =SUM(J22:J31) -> 0 | K32: =SUM(K22:K31) -> 0 | L32: =SUM(L22:L31) -> 0 | M32: =SUM(M22:M31) -> 0 | ... AA32: =SUM(AA22:AA31) -> 0 | AB32: =SUM(G32)/SUM(H32:M32) -> #DIV/0! | AC32: =SUM(AC22:AC31) -> #DIV/0! | AD32: =SUM(AD22:AD31) -> #DIV/0! | AE32: =G32/AD32 -> #DIV/0! | AG32: =SUM(AG22:AG31) -> #DIV/0! | AH32: =SUM(AH22:AH31) -> #DIV/0! | AI32: =SUM(AI22:AI31) -> #DIV/0! | AJ32: =SUM(AJ22:AJ31) -> #DIV/0! | AK32: =SUM(AK22:AK31) -> #DIV/0! | AL32: =SUM(AL22:AL31) -> #DIV/0! | AM32: =SUM(AM22:AM31) -> #DIV/0! | AN32: =SUM(AN22:AN31) -> #DIV/0! | ... AZ32: =SUM(AZ22:AZ31) -> #DIV/0!
C35: Boat Summary | E35: Sampled | AC35: Effort | AG35: Expanded Catch & Harvest
C36: =C8 -> 0 | E36: =SUM(E104:E108) -> 0 | F36: =SUM(F104:F108) -> 0 | G36: =SUM(G104:G108) -> 0 | H36: =SUM(H104:H108) -> 0 | I36: =SUM(I104:I108) -> 0 | J36: =SUM(J104:J108) -> 0 | K36: =SUM(K104:K108) -> 0 | L36: =SUM(L104:L108) -> 0 | ... AA36: =SUM(AA104:AA108) -> 0 | AB36: =SUM(G36)/SUM(H36:M36) -> #DIV/0! | AC36: =AK104+AK107 -> 0 | AD36: =AJ104+AJ107 -> 0 | AE36: =G36/AD36 -> #DIV/0! | AG36: =BG104+BG107 -> 0 | AH36: =BH104+BH107 -> 0 | AI36: =BI104+BI107 -> 0 | AJ36: =BJ104+BJ107 -> 0 | AK36: =BK104+BK107 -> 0 | AL36: =BL104+BL107 -> 0 | AM36: =BM104+BM107 -> 0 | AN36: =BN104+BN107 -> 0 | ... AZ36: =BZ104+BZ107 -> 0
C37: =C9 -> Sept 15-21 | E37: =SUM(E109:E113) -> 0 | F37: =SUM(F109:F113) -> 0 | G37: =SUM(G109:G113) -> 0 | H37: =SUM(H109:H113) -> 0 | I37: =SUM(I109:I113) -> 0 | J37: =SUM(J109:J113) -> 0 | K37: =SUM(K109:K113) -> 0 | L37: =SUM(L109:L113) -> 0 | ... AA37: =SUM(AA109:AA113) -> 0 | AB37: =SUM(G37)/SUM(H37:M37) -> #DIV/0! | AC37: =AK109+AK112 -> #DIV/0! | AD37: =AJ109+AJ112 -> #DIV/0! | AE37: =G37/AD37 -> #DIV/0! | AG37: =BG109+BG112 -> #DIV/0! | AH37: =BH109+BH112 -> #DIV/0! | AI37: =BI109+BI112 -> #DIV/0! | AJ37: =BJ109+BJ112 -> #DIV/0! | AK37: =BK109+BK112 -> #DIV/0! | AL37: =BL109+BL112 -> #DIV/0! | AM37: =BM109+BM112 -> #DIV/0! | AN37: =BN109+BN112 -> #DIV/0! | ... AZ37: =BZ109+BZ112 -> #DIV/0!
C38: =C10 -> Sept 21-28 | E38: =SUM(E114:E118) -> 0 | F38: =SUM(F114:F118) -> 0 | G38: =SUM(G114:G118) -> 0 | H38: =SUM(H114:H118) -> 0 | I38: =SUM(I114:I118) -> 0 | J38: =SUM(J114:J118) -> 0 | K38: =SUM(K114:K118) -> 0 | L38: =SUM(L114:L118) -> 0 | ... AA38: =SUM(AA114:AA118) -> 0 | AB38: =SUM(G38)/SUM(H38:M38) -> #DIV/0! | AC38: =AK114+AK117 -> #DIV/0! | AD38: =AJ114+AJ117 -> #DIV/0! | AE38: =G38/AD38 -> #DIV/0! | AG38: =BG114+BG117 -> #DIV/0! | AH38: =BH114+BH117 -> #DIV/0! | AI38: =BI114+BI117 -> #DIV/0! | AJ38: =BJ114+BJ117 -> #DIV/0! | AK38: =BK114+BK117 -> #DIV/0! | AL38: =BL114+BL117 -> #DIV/0! | AM38: =BM114+BM117 -> #DIV/0! | AN38: =BN114+BN117 -> #DIV/0! | ... AZ38: =BZ114+BZ117 -> #DIV/0!
C39: =C11 -> Sept 29-Oct 5 | E39: =SUM(E119:E123) -> 0 | F39: =SUM(F119:F123) -> 0 | G39: =SUM(G119:G123) -> 0 | H39: =SUM(H119:H123) -> 0 | I39: =SUM(I119:I123) -> 0 | J39: =SUM(J119:J123) -> 0 | K39: =SUM(K119:K123) -> 0 | L39: =SUM(L119:L123) -> 0 | ... AA39: =SUM(AA119:AA123) -> 0 | AB39: =SUM(G39)/SUM(H39:M39) -> #DIV/0! | AC39: =AK119+AK122 -> #DIV/0! | AD39: =AJ119+AJ122 -> #DIV/0! | AE39: =G39/AD39 -> #DIV/0! | AG39: =BG119+BG122 -> #DIV/0! | AH39: =BH119+BH122 -> #DIV/0! | AI39: =BI119+BI122 -> #DIV/0! | AJ39: =BJ119+BJ122 -> #DIV/0! | AK39: =BK119+BK122 -> #DIV/0! | AL39: =BL119+BL122 -> #DIV/0! | AM39: =BM119+BM122 -> #DIV/0! | AN39: =BN119+BN122 -> #DIV/0! | ... AZ39: =BZ119+BZ122 -> #DIV/0!
C40: =C12 -> Oct 6-Oct 12 | E40: =SUM(E124:E128) -> 0 | F40: =SUM(F124:F128) -> 0 | G40: =SUM(G124:G128) -> 0 | H40: =SUM(H124:H128) -> 0 | I40: =SUM(I124:I128) -> 0 | J40: =SUM(J124:J128) -> 0 | K40: =SUM(K124:K128) -> 0 | L40: =SUM(L124:L128) -> 0 | ... AA40: =SUM(AA124:AA128) -> 0 | AB40: =SUM(G40)/SUM(H40:M40) -> #DIV/0! | AC40: =AK124+AK127 -> #DIV/0! | AD40: =AJ124+AJ127 -> #DIV/0! | AE40: =G40/AD40 -> #DIV/0! | AG40: =BG124+BG127 -> #DIV/0! | AH40: =BH124+BH127 -> #DIV/0! | AI40: =BI124+BI127 -> #DIV/0! | AJ40: =BJ124+BJ127 -> #DIV/0! | AK40: =BK124+BK127 -> #DIV/0! | AL40: =BL124+BL127 -> #DIV/0! | AM40: =BM124+BM127 -> #DIV/0! | AN40: =BN124+BN127 -> #DIV/0! | ... AZ40: =BZ124+BZ127 -> #DIV/0!
C41: =C13 -> Oct 13-19 | E41: =SUM(E129:E133) -> 0 | F41: =SUM(F129:F133) -> 0 | G41: =SUM(G129:G133) -> 0 | H41: =SUM(H129:H133) -> 0 | I41: =SUM(I129:I133) -> 0 | J41: =SUM(J129:J133) -> 0 | K41: =SUM(K129:K133) -> 0 | L41: =SUM(L129:L133) -> 0 | ... AA41: =SUM(AA129:AA133) -> 0 | AB41: =SUM(G41)/SUM(H41:M41) -> #DIV/0! | AC41: =AK129+AK132 -> #DIV/0! | AD41: =AJ129+AJ132 -> #DIV/0! | AE41: =G41/AD41 -> #DIV/0! | AG41: =BG129+BG132 -> #DIV/0! | AH41: =BH129+BH132 -> #DIV/0! | AI41: =BI129+BI132 -> #DIV/0! | AJ41: =BJ129+BJ132 -> #DIV/0! | AK41: =BK129+BK132 -> #DIV/0! | AL41: =BL129+BL132 -> #DIV/0! | AM41: =BM129+BM132 -> #DIV/0! | AN41: =BN129+BN132 -> #DIV/0! | ... AZ41: =BZ129+BZ132 -> #DIV/0!
C42: =C14 -> Oct 20-26 | E42: =SUM(E134:E138) -> 0 | F42: =SUM(F134:F138) -> 0 | G42: =SUM(G134:G138) -> 0 | H42: =SUM(H134:H138) -> 0 | I42: =SUM(I134:I138) -> 0 | J42: =SUM(J134:J138) -> 0 | K42: =SUM(K134:K138) -> 0 | L42: =SUM(L134:L138) -> 0 | ... AA42: =SUM(AA134:AA138) -> 0 | AB42: =SUM(G42)/SUM(H42:M42) -> #DIV/0! | AC42: =AK134+AK137 -> #DIV/0! | AD42: =AJ134+AJ137 -> #DIV/0! | AE42: =G42/AD42 -> #DIV/0! | AG42: =BG134+BG137 -> #DIV/0! | AH42: =BH134+BH137 -> #DIV/0! | AI42: =BI134+BI137 -> #DIV/0! | AJ42: =BJ134+BJ137 -> #DIV/0! | AK42: =BK134+BK137 -> #DIV/0! | AL42: =BL134+BL137 -> #DIV/0! | AM42: =BM134+BM137 -> #DIV/0! | AN42: =BN134+BN137 -> #DIV/0! | ... AZ42: =BZ134+BZ137 -> #DIV/0!
C43: =C15 -> Oct 27-Nov 2 | E43: =SUM(E139:E143) -> 0 | F43: =SUM(F139:F143) -> 0 | G43: =SUM(G139:G143) -> 0 | H43: =SUM(H139:H143) -> 0 | I43: =SUM(I139:I143) -> 0 | J43: =SUM(J139:J143) -> 0 | K43: =SUM(K139:K143) -> 0 | L43: =SUM(L139:L143) -> 0 | ... AA43: =SUM(AA139:AA143) -> 0 | AB43: =SUM(G43)/SUM(H43:M43) -> #DIV/0! | AC43: =AK139+AK142 -> #DIV/0! | AD43: =AJ139+AJ142 -> #DIV/0! | AE43: =G43/AD43 -> #DIV/0! | AG43: =BG139+BG142 -> #DIV/0! | AH43: =BH139+BH142 -> #DIV/0! | AI43: =BI139+BI142 -> #DIV/0! | AJ43: =BJ139+BJ142 -> #DIV/0! | AK43: =BK139+BK142 -> #DIV/0! | AL43: =BL139+BL142 -> #DIV/0! | AM43: =BM139+BM142 -> #DIV/0! | AN43: =BN139+BN142 -> #DIV/0! | ... AZ43: =BZ139+BZ142 -> #DIV/0!
C44: =C16 -> Nov 3-9 | E44: =SUM(E144:E148) -> 0 | F44: =SUM(F144:F148) -> 0 | G44: =SUM(G144:G148) -> 0 | H44: =SUM(H144:H148) -> 0 | I44: =SUM(I144:I148) -> 0 | J44: =SUM(J144:J148) -> 0 | K44: =SUM(K144:K148) -> 0 | L44: =SUM(L144:L148) -> 0 | ... AA44: =SUM(AA144:AA148) -> 0 | AB44: =SUM(G44)/SUM(H44:M44) -> #DIV/0! | AC44: =AK144+AK147 -> #DIV/0! | AD44: =AJ144+AJ147 -> #DIV/0! | AE44: =G44/AD44 -> #DIV/0! | AG44: =BG144+BG147 -> #DIV/0! | AH44: =BH144+BH147 -> #DIV/0! | AI44: =BI144+BI147 -> #DIV/0! | AJ44: =BJ144+BJ147 -> #DIV/0! | AK44: =BK144+BK147 -> #DIV/0! | AL44: =BL144+BL147 -> #DIV/0! | AM44: =BM144+BM147 -> #DIV/0! | AN44: =BN144+BN147 -> #DIV/0! | ... AZ44: =BZ144+BZ147 -> #DIV/0!
C45: =C17 -> Nov 10-16
E46: =SUM(E36:E45) -> 0 | F46: =SUM(F36:F45) -> 0 | G46: =SUM(G36:G45) -> 0 | H46: =SUM(H36:H45) -> 0 | I46: =SUM(I36:I45) -> 0 | J46: =SUM(J36:J45) -> 0 | K46: =SUM(K36:K45) -> 0 | L46: =SUM(L36:L45) -> 0 | ... AA46: =SUM(AA36:AA45) -> 0 | AB46: =SUM(G46)/SUM(H46:M46) -> #DIV/0! | AC46: =SUM(AC36:AC45) -> #DIV/0! | AD46: =SUM(AD36:AD45) -> #DIV/0! | AE46: =G46/AD46 -> #DIV/0! | AG46: =SUM(AG36:AG45) -> #DIV/0! | AH46: =SUM(AH36:AH45) -> #DIV/0! | AI46: =SUM(AI36:AI45) -> #DIV/0! | AJ46: =SUM(AJ36:AJ45) -> #DIV/0! | AK46: =SUM(AK36:AK45) -> #DIV/0! | AL46: =SUM(AL36:AL45) -> #DIV/0! | AM46: =SUM(AM36:AM45) -> #DIV/0! | AN46: =SUM(AN36:AN45) -> #DIV/0! | ... AZ46: =SUM(AZ36:AZ45) -> #DIV/0!
AL48: Catch Per Unit Effort (fish/hour) | BG48: Catch & Harvest
C49: Bank | H49: Chinook | N49: Coho | T49: Steelhead | V49: Incidental Catch | AB49: Hours/Angler Hours/Fish | AC49: Effort (Salmon Only) | AL49: Chinook | AR49: Coho | AX49: Steelhead | AZ49: Incidental Catch | BG49: Chinook | BM49: Coho | BS49: Steelhead | BU49: Incidental Catch
C50: Date | D50: Day/ | G50: Pole | H50: Adults | J50: Jacks | L50: Released | N50: Adults | P50: Jacks | R50: Released | T50: (Released) | V50: NPM | X50: SK | Z50: RB | AC50: Count | AD50: Index | AG50: Daylight | AH50: Pole | AI50: Expansion | AJ50: Exp | AK50: Angler | AL50: Adults | AN50: Jacks | AP50: Released | AR50: Adults | AT50: Jacks | AV50: Released | AX50: (Released) | BG50: Adults | BI50: Jacks | BK50: Released | BM50: Adults | BO50: Jacks | BQ50: Released | BS50: (Released)
D51: End | E51: Anglers | F51: Poles | G51: Hours | H51: NM | I51: AD | J51: NM | K51: AD | L51: Adult | M51: Jacks | N51: NM | O51: AD | P51: NM | Q51: AD | R51: Adult | S51: Jacks | T51: Hatch | U51: Wild | V51: Catch | W51: Rel | X51: Catch | Y51: Rel | Z51: Catch | AA51: Rel | AC51: (total) | AD51: (#) | AE51: Avg | AG51: +1 | AH51: Hrs | AI51: 0.95 | AJ51: Hours | AK51: Trips | AL51: NM | AM51: AD | AN51: NM | AO51: AD | AP51: Adult | AQ51: Jacks | AR51: NM | AS51: AD | AT51: NM | AU51: AD | AV51: Adult | AW51: Jacks | AX51: Hatch | AY51: Wild | AZ51: Catch | BA51: Rel | BB51: Catch | BC51: Rel | BD51: Catch | BE51: Rel | BG51: NM | BH51: AD | BI51: NM | BJ51: AD | BK51: Adult | BL51: Jacks | BM51: NM | BN51: AD | BO51: NM | BP51: AD | BQ51: Adult | BR51: Jacks | BS51: Hatch | BT51: Wild | BU51: Catch | BV51: Rel | BW51: Catch | BX51: Rel | BY51: Catch | BZ51: Rel
A52: 1 | B52: =C8 -> 0 | D52: Day
A53: 2 | D53: Day
A54: 3 | D54: Day
A55: 4 | D55: End | AB55: =SUM(G55+G56)/SUM(F55+F56) -> #DIV/0! | AE55: =SUM(AC55:AC56)/SUM(AD55:AD56) -> #DIV/0! | AG55: 14.3 | AH55: =AE55*AG55 -> #DIV/0! | AI55: =AH55/AI$51 -> #DIV/0! | AJ55: =AI55*2 -> #DIV/0! | AK55: =SUM(F55:F56)/(SUM(G55:G56)/SUM(AJ55)) -> #DIV/0! | AL55: =SUM(H55:H56)/SUM($G55:$G56) -> #DIV/0! | AM55: =SUM(I55:I56)/SUM($G55:$G56) -> #DIV/0! | AN55: =SUM(J55:J56)/SUM($G55:$G56) -> #DIV/0! | AO55: =SUM(K55:K56)/SUM($G55:$G56) -> #DIV/0! | AP55: =SUM(L55:L56)/SUM($G55:$G56) -> #DIV/0! | AQ55: =SUM(M55:M56)/SUM($G55:$G56) -> #DIV/0! | AR55: =SUM(N55:N56)/SUM($G55:$G56) -> #DIV/0! | AS55: =SUM(O55:O56)/SUM($G55:$G56) -> #DIV/0! | ... BE55: =SUM(AA55:AA56)/SUM($G55:$G56) -> #DIV/0! | BG55: =AL55*$AJ55 -> #DIV/0! | BH55: =AM55*$AJ55 -> #DIV/0! | BI55: =AN55*$AJ55 -> #DIV/0! | BJ55: =AO55*$AJ55 -> #DIV/0! | BK55: =AP55*$AJ55 -> #DIV/0! | BL55: =AQ55*$AJ55 -> #DIV/0! | BM55: =AR55*$AJ55 -> #DIV/0! | BN55: =AS55*$AJ55 -> #DIV/0! | ... BZ55: =BE55*$AJ55 -> #DIV/0!
A56: 5 | D56: End
A57: 6 | B57: =C9 -> Sept 15-21 | D57: Day | AB57: =SUM(G57:G59)/SUM(F57:F59) -> #DIV/0! | AE57: =SUM(AC57:AC59)/SUM(AD57:AD59) -> #DIV/0! | AG57: 15.5 | AH57: =AE57*AG57 -> #DIV/0! | AI57: =AH57/AI$51 -> #DIV/0! | AJ57: =AI57*5 -> #DIV/0! | AK57: =SUM(F57:F59)/(SUM(G57:G59)/SUM(AJ57)) -> #DIV/0! | AL57: =SUM(H57:H59)/SUM($G57:$G59) -> #DIV/0! | AM57: =SUM(I57:I59)/SUM($G57:$G59) -> #DIV/0! | AN57: =SUM(J57:J59)/SUM($G57:$G59) -> #DIV/0! | AO57: =SUM(K57:K59)/SUM($G57:$G59) -> #DIV/0! | AP57: =SUM(L57:L59)/SUM($G57:$G59) -> #DIV/0! | AQ57: =SUM(M57:M59)/SUM($G57:$G59) -> #DIV/0! | AR57: =SUM(N57:N59)/SUM($G57:$G59) -> #DIV/0! | AS57: =SUM(O57:O59)/SUM($G57:$G59) -> #DIV/0! | ... BE57: =SUM(AA57:AA59)/SUM($G57:$G59) -> #DIV/0! | BG57: =AL57*$AJ57 -> #DIV/0! | BH57: =AM57*$AJ57 -> #DIV/0! | BI57: =AN57*$AJ57 -> #DIV/0! | BJ57: =AO57*$AJ57 -> #DIV/0! | BK57: =AP57*$AJ57 -> #DIV/0! | BL57: =AQ57*$AJ57 -> #DIV/0! | BM57: =AR57*$AJ57 -> #DIV/0! | BN57: =AS57*$AJ57 -> #DIV/0! | ... BZ57: =BE57*$AJ57 -> #DIV/0!
A58: 7 | D58: Day
A59: 8 | D59: Day
A60: 9 | D60: End | AB60: =SUM(G60+G61)/SUM(F60+F61) -> #DIV/0! | AE60: =SUM(AC60:AC61)/SUM(AD60:AD61) -> #DIV/0! | AG60: 15.6 | AH60: =AE60*AG60 -> #DIV/0! | AI60: =AH60/AI$51 -> #DIV/0! | AJ60: =AI60*2 -> #DIV/0! | AK60: =SUM(F60:F61)/(SUM(G60:G61)/SUM(AJ60)) -> #DIV/0! | AL60: =SUM(H60:H61)/SUM($G60:$G61) -> #DIV/0! | AM60: =SUM(I60:I61)/SUM($G60:$G61) -> #DIV/0! | AN60: =SUM(J60:J61)/SUM($G60:$G61) -> #DIV/0! | AO60: =SUM(K60:K61)/SUM($G60:$G61) -> #DIV/0! | AP60: =SUM(L60:L61)/SUM($G60:$G61) -> #DIV/0! | AQ60: =SUM(M60:M61)/SUM($G60:$G61) -> #DIV/0! | AR60: =SUM(N60:N61)/SUM($G60:$G61) -> #DIV/0! | AS60: =SUM(O60:O61)/SUM($G60:$G61) -> #DIV/0! | ... BE60: =SUM(AA60:AA61)/SUM($G60:$G61) -> #DIV/0! | BG60: =AL60*$AJ60 -> #DIV/0! | BH60: =AM60*$AJ60 -> #DIV/0! | BI60: =AN60*$AJ60 -> #DIV/0! | BJ60: =AO60*$AJ60 -> #DIV/0! | BK60: =AP60*$AJ60 -> #DIV/0! | BL60: =AQ60*$AJ60 -> #DIV/0! | BM60: =AR60*$AJ60 -> #DIV/0! | BN60: =AS60*$AJ60 -> #DIV/0! | ... BZ60: =BE60*$AJ60 -> #DIV/0!
A61: 10 | D61: End
A62: 11 | B62: =C10 -> Sept 21-28 | D62: Day | AB62: =SUM(G62:G64)/SUM(F62:F64) -> #DIV/0! | AE62: =SUM(AC62:AC64)/SUM(AD62:AD64) -> #DIV/0! | AG62: 15.7 | AH62: =AE62*AG62 -> #DIV/0! | AI62: =AH62/AI$51 -> #DIV/0! | AJ62: =AI62*5 -> #DIV/0! | AK62: =SUM(F62:F64)/(SUM(G62:G64)/SUM(AJ62)) -> #DIV/0! | AL62: =SUM(H62:H64)/SUM($G62:$G64) -> #DIV/0! | AM62: =SUM(I62:I64)/SUM($G62:$G64) -> #DIV/0! | AN62: =SUM(J62:J64)/SUM($G62:$G64) -> #DIV/0! | AO62: =SUM(K62:K64)/SUM($G62:$G64) -> #DIV/0! | AP62: =SUM(L62:L64)/SUM($G62:$G64) -> #DIV/0! | AQ62: =SUM(M62:M64)/SUM($G62:$G64) -> #DIV/0! | AR62: =SUM(N62:N64)/SUM($G62:$G64) -> #DIV/0! | AS62: =SUM(O62:O64)/SUM($G62:$G64) -> #DIV/0! | ... BE62: =SUM(AA62:AA64)/SUM($G62:$G64) -> #DIV/0! | BG62: =AL62*$AJ62 -> #DIV/0! | BH62: =AM62*$AJ62 -> #DIV/0! | BI62: =AN62*$AJ62 -> #DIV/0! | BJ62: =AO62*$AJ62 -> #DIV/0! | BK62: =AP62*$AJ62 -> #DIV/0! | BL62: =AQ62*$AJ62 -> #DIV/0! | BM62: =AR62*$AJ62 -> #DIV/0! | BN62: =AS62*$AJ62 -> #DIV/0! | ... BZ62: =BE62*$AJ62 -> #DIV/0!
A63: 12 | D63: Day
A64: 13 | D64: Day
A65: 14 | D65: End | AB65: =SUM(G65+G66)/SUM(F65+F66) -> #DIV/0! | AE65: =SUM(AC65:AC66)/SUM(AD65:AD66) -> #DIV/0! | AG65: 15.8 | AH65: =AE65*AG65 -> #DIV/0! | AI65: =AH65/AI$51 -> #DIV/0! | AJ65: =AI65*2 -> #DIV/0! | AK65: =SUM(F65:F66)/(SUM(G65:G66)/SUM(AJ65)) -> #DIV/0! | AL65: =SUM(H65:H66)/SUM($G65:$G66) -> #DIV/0! | AM65: =SUM(I65:I66)/SUM($G65:$G66) -> #DIV/0! | AN65: =SUM(J65:J66)/SUM($G65:$G66) -> #DIV/0! | AO65: =SUM(K65:K66)/SUM($G65:$G66) -> #DIV/0! | AP65: =SUM(L65:L66)/SUM($G65:$G66) -> #DIV/0! | AQ65: =SUM(M65:M66)/SUM($G65:$G66) -> #DIV/0! | AR65: =SUM(N65:N66)/SUM($G65:$G66) -> #DIV/0! | AS65: =SUM(O65:O66)/SUM($G65:$G66) -> #DIV/0! | ... BE65: =SUM(AA65:AA66)/SUM($G65:$G66) -> #DIV/0! | BG65: =AL65*$AJ65 -> #DIV/0! | BH65: =AM65*$AJ65 -> #DIV/0! | BI65: =AN65*$AJ65 -> #DIV/0! | BJ65: =AO65*$AJ65 -> #DIV/0! | BK65: =AP65*$AJ65 -> #DIV/0! | BL65: =AQ65*$AJ65 -> #DIV/0! | BM65: =AR65*$AJ65 -> #DIV/0! | BN65: =AS65*$AJ65 -> #DIV/0! | ... BZ65: =BE65*$AJ65 -> #DIV/0!
A66: 15 | D66: End
A67: 16 | B67: =C11 -> Sept 29-Oct 5 | D67: Day | AB67: =SUM(G67:G69)/SUM(F67:F69) -> #DIV/0! | AE67: =SUM(AC67:AC69)/SUM(AD67:AD69) -> #DIV/0! | AG67: 15.9 | AH67: =AE67*AG67 -> #DIV/0! | AI67: =AH67/AI$51 -> #DIV/0! | AJ67: =AI67*5 -> #DIV/0! | AK67: =SUM(F67:F69)/(SUM(G67:G69)/SUM(AJ67)) -> #DIV/0! | AL67: =SUM(H67:H69)/SUM($G67:$G69) -> #DIV/0! | AM67: =SUM(I67:I69)/SUM($G67:$G69) -> #DIV/0! | AN67: =SUM(J67:J69)/SUM($G67:$G69) -> #DIV/0! | AO67: =SUM(K67:K69)/SUM($G67:$G69) -> #DIV/0! | AP67: =SUM(L67:L69)/SUM($G67:$G69) -> #DIV/0! | AQ67: =SUM(M67:M69)/SUM($G67:$G69) -> #DIV/0! | AR67: =SUM(N67:N69)/SUM($G67:$G69) -> #DIV/0! | AS67: =SUM(O67:O69)/SUM($G67:$G69) -> #DIV/0! | ... BE67: =SUM(AA67:AA69)/SUM($G67:$G69) -> #DIV/0! | BG67: =AL67*$AJ67 -> #DIV/0! | BH67: =AM67*$AJ67 -> #DIV/0! | BI67: =AN67*$AJ67 -> #DIV/0! | BJ67: =AO67*$AJ67 -> #DIV/0! | BK67: =AP67*$AJ67 -> #DIV/0! | BL67: =AQ67*$AJ67 -> #DIV/0! | BM67: =AR67*$AJ67 -> #DIV/0! | BN67: =AS67*$AJ67 -> #DIV/0! | ... BZ67: =BE67*$AJ67 -> #DIV/0!
A68: 17 | D68: Day
A69: 18 | D69: Day
A70: 19 | D70: End | AB70: =(G70+G71)/(F70+F71) -> #DIV/0! | AE70: =SUM(AC70:AC71)/SUM(AD70:AD71) -> #DIV/0! | AG70: 16 | AH70: =AE70*AG70 -> #DIV/0! | AI70: =AH70/AI$51 -> #DIV/0! | AJ70: =AI70*2 -> #DIV/0! | AK70: =SUM(F70:F71)/(SUM(G70:G71)/SUM(AJ70)) -> #DIV/0! | AL70: =SUM(H70:H71)/SUM($G70:$G71) -> #DIV/0! | AM70: =SUM(I70:I71)/SUM($G70:$G71) -> #DIV/0! | AN70: =SUM(J70:J71)/SUM($G70:$G71) -> #DIV/0! | AO70: =SUM(K70:K71)/SUM($G70:$G71) -> #DIV/0! | AP70: =SUM(L70:L71)/SUM($G70:$G71) -> #DIV/0! | AQ70: =SUM(M70:M71)/SUM($G70:$G71) -> #DIV/0! | AR70: =SUM(N70:N71)/SUM($G70:$G71) -> #DIV/0! | AS70: =SUM(O70:O71)/SUM($G70:$G71) -> #DIV/0! | ... BE70: =SUM(AA70:AA71)/SUM($G70:$G71) -> #DIV/0! | BG70: =AL70*$AJ70 -> #DIV/0! | BH70: =AM70*$AJ70 -> #DIV/0! | BI70: =AN70*$AJ70 -> #DIV/0! | BJ70: =AO70*$AJ70 -> #DIV/0! | BK70: =AP70*$AJ70 -> #DIV/0! | BL70: =AQ70*$AJ70 -> #DIV/0! | BM70: =AR70*$AJ70 -> #DIV/0! | BN70: =AS70*$AJ70 -> #DIV/0! | ... BZ70: =BE70*$AJ70 -> #DIV/0!
A71: 20 | D71: End
A72: 21 | B72: =C12 -> Oct 6-Oct 12 | D72: Day | AB72: =SUM(G72:G74)/SUM(F72:F74) -> #DIV/0! | AE72: =SUM(AC72:AC74)/SUM(AD72:AD74) -> #DIV/0! | AG72: 16 | AH72: =AE72*AG72 -> #DIV/0! | AI72: =AH72/AI$51 -> #DIV/0! | AJ72: =AI72*5 -> #DIV/0! | AK72: =SUM(F72:F74)/(SUM(G72:G74)/SUM(AJ72)) -> #DIV/0! | AL72: =SUM(H72:H74)/SUM($G72:$G74) -> #DIV/0! | AM72: =SUM(I72:I74)/SUM($G72:$G74) -> #DIV/0! | AN72: =SUM(J72:J74)/SUM($G72:$G74) -> #DIV/0! | AO72: =SUM(K72:K74)/SUM($G72:$G74) -> #DIV/0! | AP72: =SUM(L72:L74)/SUM($G72:$G74) -> #DIV/0! | AQ72: =SUM(M72:M74)/SUM($G72:$G74) -> #DIV/0! | AR72: =SUM(N72:N74)/SUM($G72:$G74) -> #DIV/0! | AS72: =SUM(O72:O74)/SUM($G72:$G74) -> #DIV/0! | ... BE72: =SUM(AA72:AA74)/SUM($G72:$G74) -> #DIV/0! | BG72: =AL72*$AJ72 -> #DIV/0! | BH72: =AM72*$AJ72 -> #DIV/0! | BI72: =AN72*$AJ72 -> #DIV/0! | BJ72: =AO72*$AJ72 -> #DIV/0! | BK72: =AP72*$AJ72 -> #DIV/0! | BL72: =AQ72*$AJ72 -> #DIV/0! | BM72: =AR72*$AJ72 -> #DIV/0! | BN72: =AS72*$AJ72 -> #DIV/0! | ... BZ72: =BE72*$AJ72 -> #DIV/0!
A73: 22 | D73: Day
A74: 23 | D74: Day
A75: 24 | D75: End | AB75: =(G75+G76)/(F75+F76) -> #DIV/0! | AE75: =SUM(AC75:AC76)/SUM(AD75:AD76) -> #DIV/0! | AG75: 16 | AH75: =AE75*AG75 -> #DIV/0! | AI75: =AH75/AI$51 -> #DIV/0! | AJ75: =AI75*2 -> #DIV/0! | AK75: =SUM(F75:F76)/(SUM(G75:G76)/SUM(AJ75)) -> #DIV/0! | AL75: =SUM(H75:H76)/SUM($G75:$G76) -> #DIV/0! | AM75: =SUM(I75:I76)/SUM($G75:$G76) -> #DIV/0! | AN75: =SUM(J75:J76)/SUM($G75:$G76) -> #DIV/0! | AO75: =SUM(K75:K76)/SUM($G75:$G76) -> #DIV/0! | AP75: =SUM(L75:L76)/SUM($G75:$G76) -> #DIV/0! | AQ75: =SUM(M75:M76)/SUM($G75:$G76) -> #DIV/0! | AR75: =SUM(N75:N76)/SUM($G75:$G76) -> #DIV/0! | AS75: =SUM(O75:O76)/SUM($G75:$G76) -> #DIV/0! | ... BE75: =SUM(AA75:AA76)/SUM($G75:$G76) -> #DIV/0! | BG75: =AL75*$AJ75 -> #DIV/0! | BH75: =AM75*$AJ75 -> #DIV/0! | BI75: =AN75*$AJ75 -> #DIV/0! | BJ75: =AO75*$AJ75 -> #DIV/0! | BK75: =AP75*$AJ75 -> #DIV/0! | BL75: =AQ75*$AJ75 -> #DIV/0! | BM75: =AR75*$AJ75 -> #DIV/0! | BN75: =AS75*$AJ75 -> #DIV/0! | ... BZ75: =BE75*$AJ75 -> #DIV/0!
A76: 25 | D76: End
A77: 26 | B77: =C13 -> Oct 13-19 | D77: Day | AB77: =SUM(G77:G79)/SUM(F77:F79) -> #DIV/0! | AE77: =SUM(AC77:AC79)/SUM(AD77:AD79) -> #DIV/0! | AG77: 16.1 | AH77: =AE77*AG77 -> #DIV/0! | AI77: =AH77/AI$51 -> #DIV/0! | AJ77: =AI77*5 -> #DIV/0! | AK77: =SUM(F77:F79)/(SUM(G77:G79)/SUM(AJ77)) -> #DIV/0! | AL77: =SUM(H77:H79)/SUM($G77:$G79) -> #DIV/0! | AM77: =SUM(I77:I79)/SUM($G77:$G79) -> #DIV/0! | AN77: =SUM(J77:J79)/SUM($G77:$G79) -> #DIV/0! | AO77: =SUM(K77:K79)/SUM($G77:$G79) -> #DIV/0! | AP77: =SUM(L77:L79)/SUM($G77:$G79) -> #DIV/0! | AQ77: =SUM(M77:M79)/SUM($G77:$G79) -> #DIV/0! | AR77: =SUM(N77:N79)/SUM($G77:$G79) -> #DIV/0! | AS77: =SUM(O77:O79)/SUM($G77:$G79) -> #DIV/0! | ... BE77: =SUM(AA77:AA79)/SUM($G77:$G79) -> #DIV/0! | BG77: =AL77*$AJ77 -> #DIV/0! | BH77: =AM77*$AJ77 -> #DIV/0! | BI77: =AN77*$AJ77 -> #DIV/0! | BJ77: =AO77*$AJ77 -> #DIV/0! | BK77: =AP77*$AJ77 -> #DIV/0! | BL77: =AQ77*$AJ77 -> #DIV/0! | BM77: =AR77*$AJ77 -> #DIV/0! | BN77: =AS77*$AJ77 -> #DIV/0! | ... BZ77: =BE77*$AJ77 -> #DIV/0!
A78: 27 | D78: Day
A79: 28 | D79: Day
A80: 29 | D80: End | AB80: =(G80+G81)/(F80+F81) -> #DIV/0! | AE80: =SUM(AC80:AC81)/SUM(AD80:AD81) -> #DIV/0! | AG80: 16.1 | AH80: =AE80*AG80 -> #DIV/0! | AI80: =AH80/AI$51 -> #DIV/0! | AJ80: =AI80*2 -> #DIV/0! | AK80: =SUM(F80:F81)/(SUM(G80:G81)/SUM(AJ80)) -> #DIV/0! | AL80: =SUM(H80:H81)/SUM($G80:$G81) -> #DIV/0! | AM80: =SUM(I80:I81)/SUM($G80:$G81) -> #DIV/0! | AN80: =SUM(J80:J81)/SUM($G80:$G81) -> #DIV/0! | AO80: =SUM(K80:K81)/SUM($G80:$G81) -> #DIV/0! | AP80: =SUM(L80:L81)/SUM($G80:$G81) -> #DIV/0! | AQ80: =SUM(M80:M81)/SUM($G80:$G81) -> #DIV/0! | AR80: =SUM(N80:N81)/SUM($G80:$G81) -> #DIV/0! | AS80: =SUM(O80:O81)/SUM($G80:$G81) -> #DIV/0! | ... BE80: =SUM(AA80:AA81)/SUM($G80:$G81) -> #DIV/0! | BG80: =AL80*$AJ80 -> #DIV/0! | BH80: =AM80*$AJ80 -> #DIV/0! | BI80: =AN80*$AJ80 -> #DIV/0! | BJ80: =AO80*$AJ80 -> #DIV/0! | BK80: =AP80*$AJ80 -> #DIV/0! | BL80: =AQ80*$AJ80 -> #DIV/0! | BM80: =AR80*$AJ80 -> #DIV/0! | BN80: =AS80*$AJ80 -> #DIV/0! | ... BZ80: =BE80*$AJ80 -> #DIV/0!
A81: 30 | D81: End
A82: 31 | B82: =C14 -> Oct 20-26 | D82: Day | AB82: =SUM(G82:G84)/SUM(F82:F84) -> #DIV/0! | AE82: =SUM(AC82:AC84)/SUM(AD82:AD84) -> #DIV/0! | AG82: 16.1 | AH82: =AE82*AG82 -> #DIV/0! | AI82: =AH82/AI$51 -> #DIV/0! | AJ82: =AI82*5 -> #DIV/0! | AK82: =SUM(F82:F84)/(SUM(G82:G84)/SUM(AJ82)) -> #DIV/0! | AL82: =SUM(H82:H84)/SUM($G82:$G84) -> #DIV/0! | AM82: =SUM(I82:I84)/SUM($G82:$G84) -> #DIV/0! | AN82: =SUM(J82:J84)/SUM($G82:$G84) -> #DIV/0! | AO82: =SUM(K82:K84)/SUM($G82:$G84) -> #DIV/0! | AP82: =SUM(L82:L84)/SUM($G82:$G84) -> #DIV/0! | AQ82: =SUM(M82:M84)/SUM($G82:$G84) -> #DIV/0! | AR82: =SUM(N82:N84)/SUM($G82:$G84) -> #DIV/0! | AS82: =SUM(O82:O84)/SUM($G82:$G84) -> #DIV/0! | ... BE82: =SUM(AA82:AA84)/SUM($G82:$G84) -> #DIV/0! | BG82: =AL82*$AJ82 -> #DIV/0! | BH82: =AM82*$AJ82 -> #DIV/0! | BI82: =AN82*$AJ82 -> #DIV/0! | BJ82: =AO82*$AJ82 -> #DIV/0! | BK82: =AP82*$AJ82 -> #DIV/0! | BL82: =AQ82*$AJ82 -> #DIV/0! | BM82: =AR82*$AJ82 -> #DIV/0! | BN82: =AS82*$AJ82 -> #DIV/0! | ... BZ82: =BE82*$AJ82 -> #DIV/0!
A83: 32 | D83: Day
A84: 33 | D84: Day
A85: 34 | D85: End | AB85: =(G85+G86)/(F85+F86) -> #DIV/0! | AE85: =SUM(AC85:AC86)/SUM(AD85:AD86) -> #DIV/0! | AG85: 16.1 | AH85: =AE85*AG85 -> #DIV/0! | AI85: =AH85/AI$51 -> #DIV/0! | AJ85: =AI85*2 -> #DIV/0! | AK85: =SUM(F85:F86)/(SUM(G85:G86)/SUM(AJ85)) -> #DIV/0! | AL85: =SUM(H85:H86)/SUM($G85:$G86) -> #DIV/0! | AM85: =SUM(I85:I86)/SUM($G85:$G86) -> #DIV/0! | AN85: =SUM(J85:J86)/SUM($G85:$G86) -> #DIV/0! | AO85: =SUM(K85:K86)/SUM($G85:$G86) -> #DIV/0! | AP85: =SUM(L85:L86)/SUM($G85:$G86) -> #DIV/0! | AQ85: =SUM(M85:M86)/SUM($G85:$G86) -> #DIV/0! | AR85: =SUM(N85:N86)/SUM($G85:$G86) -> #DIV/0! | AS85: =SUM(O85:O86)/SUM($G85:$G86) -> #DIV/0! | ... BE85: =SUM(AA85:AA86)/SUM($G85:$G86) -> #DIV/0! | BG85: =AL85*$AJ85 -> #DIV/0! | BH85: =AM85*$AJ85 -> #DIV/0! | BI85: =AN85*$AJ85 -> #DIV/0! | BJ85: =AO85*$AJ85 -> #DIV/0! | BK85: =AP85*$AJ85 -> #DIV/0! | BL85: =AQ85*$AJ85 -> #DIV/0! | BM85: =AR85*$AJ85 -> #DIV/0! | BN85: =AS85*$AJ85 -> #DIV/0! | ... BZ85: =BE85*$AJ85 -> #DIV/0!
A86: 35 | D86: End
A87: 36 | B87: =C15 -> Oct 27-Nov 2 | D87: Day | AB87: =SUM(G87:G89)/SUM(F87:F89) -> #DIV/0! | AE87: =SUM(AC87:AC89)/SUM(AD87:AD89) -> #DIV/0! | AG87: 16.1 | AH87: =AE87*AG87 -> #DIV/0! | AI87: =AH87/AI$51 -> #DIV/0! | AJ87: =AI87*5 -> #DIV/0! | AK87: =SUM(F87:F89)/(SUM(G87:G89)/SUM(AJ87)) -> #DIV/0! | AL87: =SUM(H87:H89)/SUM($G87:$G89) -> #DIV/0! | AM87: =SUM(I87:I89)/SUM($G87:$G89) -> #DIV/0! | AN87: =SUM(J87:J89)/SUM($G87:$G89) -> #DIV/0! | AO87: =SUM(K87:K89)/SUM($G87:$G89) -> #DIV/0! | AP87: =SUM(L87:L89)/SUM($G87:$G89) -> #DIV/0! | AQ87: =SUM(M87:M89)/SUM($G87:$G89) -> #DIV/0! | AR87: =SUM(N87:N89)/SUM($G87:$G89) -> #DIV/0! | AS87: =SUM(O87:O89)/SUM($G87:$G89) -> #DIV/0! | ... BE87: =SUM(AA87:AA89)/SUM($G87:$G89) -> #DIV/0! | BG87: =AL87*$AJ87 -> #DIV/0! | BH87: =AM87*$AJ87 -> #DIV/0! | BI87: =AN87*$AJ87 -> #DIV/0! | BJ87: =AO87*$AJ87 -> #DIV/0! | BK87: =AP87*$AJ87 -> #DIV/0! | BL87: =AQ87*$AJ87 -> #DIV/0! | BM87: =AR87*$AJ87 -> #DIV/0! | BN87: =AS87*$AJ87 -> #DIV/0! | ... BZ87: =BE87*$AJ87 -> #DIV/0!
A88: 37 | D88: Day
A89: 38 | D89: Day
A90: 39 | D90: End | AB90: =(G90+G91)/(F90+F91) -> #DIV/0! | AE90: =SUM(AC90:AC91)/SUM(AD90:AD91) -> #DIV/0! | AG90: 16.1 | AH90: =AE90*AG90 -> #DIV/0! | AI90: =AH90/AI$51 -> #DIV/0! | AJ90: =AI90*2 -> #DIV/0! | AK90: =SUM(F90:F91)/(SUM(G90:G91)/SUM(AJ90)) -> #DIV/0! | AL90: =SUM(H90:H91)/SUM($G90:$G91) -> #DIV/0! | AM90: =SUM(I90:I91)/SUM($G90:$G91) -> #DIV/0! | AN90: =SUM(J90:J91)/SUM($G90:$G91) -> #DIV/0! | AO90: =SUM(K90:K91)/SUM($G90:$G91) -> #DIV/0! | AP90: =SUM(L90:L91)/SUM($G90:$G91) -> #DIV/0! | AQ90: =SUM(M90:M91)/SUM($G90:$G91) -> #DIV/0! | AR90: =SUM(N90:N91)/SUM($G90:$G91) -> #DIV/0! | AS90: =SUM(O90:O91)/SUM($G90:$G91) -> #DIV/0! | ... BE90: =SUM(AA90:AA91)/SUM($G90:$G91) -> #DIV/0! | BG90: =AL90*$AJ90 -> #DIV/0! | BH90: =AM90*$AJ90 -> #DIV/0! | BI90: =AN90*$AJ90 -> #DIV/0! | BJ90: =AO90*$AJ90 -> #DIV/0! | BK90: =AP90*$AJ90 -> #DIV/0! | BL90: =AQ90*$AJ90 -> #DIV/0! | BM90: =AR90*$AJ90 -> #DIV/0! | BN90: =AS90*$AJ90 -> #DIV/0! | ... BZ90: =BE90*$AJ90 -> #DIV/0!
A91: 40 | D91: End
B92: =C44 -> Nov 3-9 | D92: Day | AB92: =SUM(G92:G94)/SUM(F92:F94) -> #DIV/0! | AE92: =SUM(AC92:AC94)/SUM(AD92:AD94) -> #DIV/0! | AG92: 16.1 | AH92: =AE92*AG92 -> #DIV/0! | AI92: =AH92/AI$51 -> #DIV/0! | AJ92: =AI92*5 -> #DIV/0! | AK92: =SUM(F92:F94)/(SUM(G92:G94)/SUM(AJ92)) -> #DIV/0! | AL92: =SUM(H92:H94)/SUM($G92:$G94) -> #DIV/0! | AM92: =SUM(I92:I94)/SUM($G92:$G94) -> #DIV/0! | AN92: =SUM(J92:J94)/SUM($G92:$G94) -> #DIV/0! | AO92: =SUM(K92:K94)/SUM($G92:$G94) -> #DIV/0! | AP92: =SUM(L92:L94)/SUM($G92:$G94) -> #DIV/0! | AQ92: =SUM(M92:M94)/SUM($G92:$G94) -> #DIV/0! | AR92: =SUM(N92:N94)/SUM($G92:$G94) -> #DIV/0! | AS92: =SUM(O92:O94)/SUM($G92:$G94) -> #DIV/0! | ... BE92: =SUM(AA92:AA94)/SUM($G92:$G94) -> #DIV/0! | BG92: =AL92*$AJ92 -> #DIV/0! | BH92: =AM92*$AJ92 -> #DIV/0! | BI92: =AN92*$AJ92 -> #DIV/0! | BJ92: =AO92*$AJ92 -> #DIV/0! | BK92: =AP92*$AJ92 -> #DIV/0! | BL92: =AQ92*$AJ92 -> #DIV/0! | BM92: =AR92*$AJ92 -> #DIV/0! | BN92: =AS92*$AJ92 -> #DIV/0! | ... BZ92: =BE92*$AJ92 -> #DIV/0!
D93: Day
D94: Day
D95: End | AB95: =(G95+G96)/(F95+F96) -> #DIV/0! | AE95: =SUM(AC95:AC96)/SUM(AD95:AD96) -> #DIV/0! | AG95: 16.1 | AH95: =AE95*AG95 -> #DIV/0! | AI95: =AH95/AI$51 -> #DIV/0! | AJ95: =AI95*2 -> #DIV/0! | AK95: =SUM(F95:F96)/(SUM(G95:G96)/SUM(AJ95)) -> #DIV/0! | AL95: =SUM(H95:H96)/SUM($G95:$G96) -> #DIV/0! | AM95: =SUM(I95:I96)/SUM($G95:$G96) -> #DIV/0! | AN95: =SUM(J95:J96)/SUM($G95:$G96) -> #DIV/0! | AO95: =SUM(K95:K96)/SUM($G95:$G96) -> #DIV/0! | AP95: =SUM(L95:L96)/SUM($G95:$G96) -> #DIV/0! | AQ95: =SUM(M95:M96)/SUM($G95:$G96) -> #DIV/0! | AR95: =SUM(N95:N96)/SUM($G95:$G96) -> #DIV/0! | AS95: =SUM(O95:O96)/SUM($G95:$G96) -> #DIV/0! | ... BE95: =SUM(AA95:AA96)/SUM($G95:$G96) -> #DIV/0! | BG95: =AL95*$AJ95 -> #DIV/0! | BH95: =AM95*$AJ95 -> #DIV/0! | BI95: =AN95*$AJ95 -> #DIV/0! | BJ95: =AO95*$AJ95 -> #DIV/0! | BK95: =AP95*$AJ95 -> #DIV/0! | BL95: =AQ95*$AJ95 -> #DIV/0! | BM95: =AR95*$AJ95 -> #DIV/0! | BN95: =AS95*$AJ95 -> #DIV/0! | ... BZ95: =BE95*$AJ95 -> #DIV/0!
D96: End
AL100: Catch Per Unit Effort (fish/hour) | BG100: Catch & Harvest
C101: Boat | H101: Chinook | N101: Coho | T101: Steelhead | V101: Incidental Catch | AC101: Effort (Salmon Only) | AL101: Chinook | AR101: Coho | AX101: Steelhead | AZ101: Incidental Catch | BG101: Chinook | BM101: Coho | BS101: Steelhead | BU101: Incidental Catch
C102: Date | D102: Day/ | G102: Pole | H102: Adults | J102: Jacks | L102: Released | N102: Adults | P102: Jacks | R102: Released | T102: (Released) | AC102: Count | AD102: Index | AF102: Anglers/ | AH102: Pole | AI102: Expansion | AJ102: Exp | AK102: Angler | AL102: Adults | AN102: Jacks | AP102: Released | AR102: Adults | AT102: Jacks | AV102: Released | AX102: (Released) | BG102: Adults | BI102: Jacks | BK102: Released | BM102: Adults | BO102: Jacks | BQ102: Released | BS102: (Released)
D103: End | E103: Boats | F103: Anglers | G103: Hours | H103: NM | I103: AD | J103: NM | K103: AD | L103: Adult | M103: Jacks | N103: NM | O103: AD | P103: NM | Q103: AD | R103: Adult | S103: Jacks | T103: Hatch | U103: Wild | V103: Catch | W103: Rel | X103: Catch | Y103: Rel | Z103: Catch | AA103: Rel | AC103: (total) | AD103: (#) | AE103: Avg | AF103: Boat | AG103: Daylight | AH103: Hrs | AI103: 0.95 | AJ103: Hours | AK103: Trips | AL103: NM | AM103: AD | AN103: NM | AO103: AD | AP103: Adult | AQ103: Jacks | AR103: NM | AS103: AD | AT103: NM | AU103: AD | AV103: Adult | AW103: Jacks | AX103: Hatch | AY103: Wild | AZ103: Catch | BA103: Rel | BB103: Catch | BC103: Rel | BD103: Catch | BE103: Rel | BG103: NM | BH103: AD | BI103: NM | BJ103: AD | BK103: Adult | BL103: Jacks | BM103: NM | BN103: AD | BO103: NM | BP103: AD | BQ103: Adult | BR103: Jacks | BS103: Hatch | BT103: Wild | BU103: Catch | BV103: Rel | BW103: Catch | BX103: Rel | BY103: Catch | BZ103: Rel
B104: =B52 -> 0 | D104: Day
D105: Day
D106: Day
D107: End | AC107: 0 | AD107: 1 | AE107: =SUM(AC107:AC108)/SUM(AD107:AD108) -> 0 | AF107: 2 | AG107: 16 | AH107: =AE107*AF107*AG107 -> 0 | AI107: =AH107/AI$51 -> 0 | AJ107: =AI107*3 -> 0 | AK107: 0 | AL107: 0 | AM107: 0 | AN107: 0 | AO107: 0 | AP107: 0 | AQ107: 0 | AR107: 0 | AS107: 0 | AT107: 0 | AU107: 0 | AV107: 0 | AW107: 0 | AX107: 0 | AY107: 0 | AZ107: 0 | BA107: 0 | BB107: 0 | BC107: 0 | BD107: 0 | BE107: 0 | BG107: 0 | BH107: =AM107*$AJ107 -> 0 | BI107: =AN107*$AJ107 -> 0 | BJ107: =AO107*$AJ107 -> 0 | BK107: =AP107*$AJ107 -> 0 | BL107: =AQ107*$AJ107 -> 0 | BM107: =AR107*$AJ107 -> 0 | BN107: =AS107*$AJ107 -> 0 | BO107: =AT107*$AJ107 -> 0 | ... BZ107: =BE107*$AJ107 -> 0
C108: 45550 | D108: End | E108: 0 | F108: 0 | G108: 0 | AC108: 0 | AD108: 2
...

Sheet Summary
C2: =Prosser!C2 -> 2025 Yakima River Fall Salmon Creel Survey (Sept 15 - October 31)
AB3: hours/fish
E4: Sampled | AC4: Effort | AG4: Expanded Catch & Harvest
H5: Chinook | N5: Coho | T5: Steelhead | V5: Incidental Catch | AG5: Chinook | AM5: Coho | AS5: Steelhead | AU5: Incidental Catch
E6: Sampled | H6: Adults | J6: Jacks | L6: Released | N6: Adults | P6: Jacks | R6: Released | T6: (Released) | V6: NPM | X6: SK | Z6: Bass | AC6: Angler | AD6: Effort | AE6: Sampled | AG6: Adults | AI6: Jacks | AK6: Released | AM6: Adults | AO6: Jacks | AQ6: Released | AS6: (Released) | AU6: NPM | AW6: SK
C7: Combined | E7: Boats | F7: Anglers | G7: Hours | H7: NM | I7: AD | J7: NM | K7: AD | L7: Adult | M7: Jacks | N7: NM | O7: AD | P7: NM | Q7: AD | R7: Adult | S7: Jacks | T7: Hatch | U7: Wild | V7: Catch | W7: Rel | X7: Catch | Y7: Rel | Z7: Catch | AA7: Rel | AC7: Trips | AD7: Pole Hrs | AE7: % | AG7: NM | AH7: AD | AI7: NM | AJ7: AD | AK7: Adult | AL7: Jacks | AM7: NM | AN7: AD | AO7: NM | AP7: AD | AQ7: Adult | AR7: Jacks | AS7: Hatch | AT7: Wild | AU7: Catch | AV7: Rel | AW7: Catch | AX7: Rel | AY7: Catch | AZ7: Rel
C8: =Prosser!C8 -> 0 | E8: =E22+E36 -> 0 | F8: =F22+F36 -> 0 | G8: =G22+G36 -> 0 | H8: =H22+H36 -> 0 | I8: =I22+I36 -> 0 | J8: =J22+J36 -> 0 | K8: =K22+K36 -> 0 | L8: =L22+L36 -> 0 | ... AA8: =AA22+AA36 -> 0 | AB8: =SUM(G8)/SUM(H8:M8) -> #DIV/0! | AC8: =AC22+AC36 -> 0 | AD8: =AD22+AD36 -> 0 | AE8: =G8/AD8 -> #DIV/0! | AG8: =AG22+AG36 -> 0 | AH8: =AH22+AH36 -> 0 | AI8: =AI22+AI36 -> 0 | AJ8: =AJ22+AJ36 -> 0 | AK8: =AK22+AK36 -> 0 | AL8: =AL22+AL36 -> 0 | AM8: =AM22+AM36 -> 0 | AN8: =AN22+AN36 -> 0 | ... AZ8: =AZ22+AZ36 -> 0
C9: =Prosser!C9 -> Sept 15-21 | E9: =E23+E37 -> 0 | F9: =F23+F37 -> 56 | G9: =G23+G37 -> 120.88 | H9: =H23+H37 -> 0 | I9: =I23+I37 -> 0 | J9: =J23+J37 -> 0 | K9: =K23+K37 -> 0 | L9: =L23+L37 -> 0 | ... AA9: =AA23+AA37 -> 0 | AB9: =SUM(G9)/SUM(H9:M9) -> #DIV/0! | AC9: =AC23+AC37 -> 0 | AD9: =AD23+AD37 -> 0 | AE9: =G9/AD9 -> #DIV/0! | AG9: =AG23+AG37 -> 0 | AH9: =AH23+AH37 -> 0 | AI9: =AI23+AI37 -> 0 | AJ9: =AJ23+AJ37 -> 0 | AK9: =AK23+AK37 -> 0 | AL9: =AL23+AL37 -> 0 | AM9: =AM23+AM37 -> 0 | AN9: =AN23+AN37 -> 0 | ... AZ9: =AZ23+AZ37 -> 0
C10: =Prosser!C10 -> Sept 21-28 | E10: =E24+E38 -> 0 | F10: =F24+F38 -> 78 | G10: =G24+G38 -> 161.47 | H10: =H24+H38 -> 4 | I10: =I24+I38 -> 3 | J10: =J24+J38 -> 1 | K10: =K24+K38 -> 0 | L10: =L24+L38 -> 1 | ... AA10: =AA24+AA38 -> 0 | AB10: =SUM(G10)/SUM(H10:M10) -> 17.941111 | AC10: =AC24+AC38 -> 0 | AD10: =AD24+AD38 -> 0 | AE10: =G10/AD10 -> #DIV/0! | AG10: =AG24+AG38 -> 0 | AH10: =AH24+AH38 -> 0 | AI10: =AI24+AI38 -> 0 | AJ10: =AJ24+AJ38 -> 0 | AK10: =AK24+AK38 -> 0 | AL10: =AL24+AL38 -> 0 | AM10: =AM24+AM38 -> 0 | AN10: =AN24+AN38 -> 0 | ... AZ10: =AZ24+AZ38 -> 0
C11: =Prosser!C11 -> Sept 29-Oct 5 | E11: =E25+E39 -> 1 | F11: =F25+F39 -> 98 | G11: =G25+G39 -> 163.55 | H11: =H25+H39 -> 3 | I11: =I25+I39 -> 10 | J11: =J25+J39 -> 1 | K11: =K25+K39 -> 0 | L11: =L25+L39 -> 0 | ... AA11: =AA25+AA39 -> 0 | AB11: =SUM(G11)/SUM(H11:M11) -> 11.682143 | AC11: =AC25+AC39 -> 0 | AD11: =AD25+AD39 -> 0 | AE11: =G11/AD11 -> #DIV/0! | AG11: =AG25+AG39 -> 0 | AH11: =AH25+AH39 -> 0 | AI11: =AI25+AI39 -> 0 | AJ11: =AJ25+AJ39 -> 0 | AK11: =AK25+AK39 -> 0 | AL11: =AL25+AL39 -> 0 | AM11: =AM25+AM39 -> 0 | AN11: =AN25+AN39 -> 0 | ... AZ11: =AZ25+AZ39 -> 0
C12: =Prosser!C12 -> Oct 6-Oct 12 | E12: =E26+E40 -> 0 | F12: =F26+F40 -> 169 | G12: =G26+G40 -> 385.46 | H12: =H26+H40 -> 12 | I12: =I26+I40 -> 22 | J12: =J26+J40 -> 1 | K12: =K26+K40 -> 1 | L12: =L26+L40 -> 0 | ... AA12: =AA26+AA40 -> 1 | AB12: =SUM(G12)/SUM(H12:M12) -> 10.707222 | AC12: =AC26+AC40 -> 0 | AD12: =AD26+AD40 -> 0 | AE12: =G12/AD12 -> #DIV/0! | AG12: =AG26+AG40 -> 0 | AH12: =AH26+AH40 -> 0 | AI12: =AI26+AI40 -> 0 | AJ12: =AJ26+AJ40 -> 0 | AK12: =AK26+AK40 -> 0 | AL12: =AL26+AL40 -> 0 | AM12: =AM26+AM40 -> 0 | AN12: =AN26+AN40 -> 0 | ... AZ12: =AZ26+AZ40 -> 0
C13: =Prosser!C13 -> Oct 13-19 | E13: =E27+E41 -> 0 | F13: =F27+F41 -> 149 | G13: =G27+G41 -> 341.13 | H13: =H27+H41 -> 12 | I13: =I27+I41 -> 14 | J13: =J27+J41 -> 1 | K13: =K27+K41 -> 0 | L13: =L27+L41 -> 0 | ... AA13: =AA27+AA41 -> 0 | AB13: =SUM(G13)/SUM(H13:M13) -> 12.634444 | AC13: =AC27+AC41 -> 0 | AD13: =AD27+AD41 -> 0 | AE13: =G13/AD13 -> #DIV/0! | AG13: =AG27+AG41 -> 0 | AH13: =AH27+AH41 -> 0 | AI13: =AI27+AI41 -> 0 | AJ13: =AJ27+AJ41 -> 0 | AK13: =AK27+AK41 -> 0 | AL13: =AL27+AL41 -> 0 | AM13: =AM27+AM41 -> 0 | AN13: =AN27+AN41 -> 0 | ... AZ13: =AZ27+AZ41 -> 0
C14: =Prosser!C14 -> Oct 20-26 | E14: =E28+E42 -> 0 | F14: =F28+F42 -> 128 | G14: =G28+G42 -> 383.7 | H14: =H28+H42 -> 4 | I14: =I28+I42 -> 10 | J14: =J28+J42 -> 0 | K14: =K28+K42 -> 0 | L14: =L28+L42 -> 1 | ... AA14: =AA28+AA42 -> 0 | AB14: =SUM(G14)/SUM(H14:M14) -> 25.58 | AC14: =AC28+AC42 -> 0 | AD14: =AD28+AD42 -> 0 | AE14: =G14/AD14 -> #DIV/0! | AG14: =AG28+AG42 -> 0 | AH14: =AH28+AH42 -> 0 | AI14: =AI28+AI42 -> 0 | AJ14: =AJ28+AJ42 -> 0 | AK14: =AK28+AK42 -> 0 | AL14: =AL28+AL42 -> 0 | AM14: =AM28+AM42 -> 0 | AN14: =AN28+AN42 -> 0 | ... AZ14: =AZ28+AZ42 -> 0
C15: =Prosser!C15 -> Oct 27-Nov 2 | E15: =E29+E43 -> 0 | F15: =F29+F43 -> 111 | G15: =G29+G43 -> 210.16 | H15: =H29+H43 -> 3 | I15: =I29+I43 -> 12 | J15: =J29+J43 -> 0 | K15: =K29+K43 -> 0 | L15: =L29+L43 -> 8 | ... AA15: =AA29+AA43 -> 0 | AB15: =SUM(G15)/SUM(H15:M15) -> 9.1373913 | AC15: =AC29+AC43 -> 0 | AD15: =AD29+AD43 -> 0 | AE15: =G15/AD15 -> #DIV/0! | AG15: =AG29+AG43 -> 0 | AH15: =AH29+AH43 -> 0 | AI15: =AI29+AI43 -> 0 | AJ15: =AJ29+AJ43 -> 0 | AK15: =AK29+AK43 -> 0 | AL15: =AL29+AL43 -> 0 | AM15: =AM29+AM43 -> 0 | AN15: =AN29+AN43 -> 0 | ... AZ15: =AZ29+AZ43 -> 0
C16: =Prosser!C16 -> Nov 3-9 | E16: =E30+E44 -> 0 | F16: =F30+F44 -> 0 | G16: =G30+G44 -> 0 | H16: =H30+H44 -> 0 | I16: =I30+I44 -> 0 | J16: =J30+J44 -> 0 | K16: =K30+K44 -> 0 | L16: =L30+L44 -> 0 | ... AA16: =AA30+AA44 -> 0 | AB16: =SUM(G16)/SUM(H16:M16) -> #DIV/0! | AC16: =AC30+AC44 -> 0 | AD16: =AD30+AD44 -> 0 | AE16: =G16/AD16 -> #DIV/0! | AG16: =AG30+AG44 -> 0 | AH16: =AH30+AH44 -> 0 | AI16: =AI30+AI44 -> 0 | AJ16: =AJ30+AJ44 -> 0 | AK16: =AK30+AK44 -> 0 | AL16: =AL30+AL44 -> 0 | AM16: =AM30+AM44 -> 0 | AN16: =AN30+AN44 -> 0 | ... AZ16: =AZ30+AZ44 -> 0
C17: =Prosser!C17 -> Nov 10-16 | E17: =E31+E45 -> 0 | F17: =F31+F45 -> 0 | G17: =G31+G45 -> 0 | H17: =H31+H45 -> 0 | I17: =I31+I45 -> 0 | J17: =J31+J45 -> 0 | K17: =K31+K45 -> 0 | L17: =L31+L45 -> 0 | ... AA17: =AA31+AA45 -> 0 | AB17: 0
E18: =SUM(E8:E17) -> 1 | F18: =SUM(F8:F17) -> 789 | G18: =SUM(G8:G17) -> 1766.35 | H18: =SUM(H8:H17) -> 38 | I18: =SUM(I8:I17) -> 71 | J18: =SUM(J8:J17) -> 4 | K18: =SUM(K8:K17) -> 1 | L18: =SUM(L8:L17) -> 10 | ... AA18: =SUM(AA8:AA17) -> 1 | AB18: =SUM(G18)/SUM(H18:M18) -> 14.244758 | AC18: =SUM(AC8:AC17) -> 0 | AD18: =SUM(AD8:AD17) -> 0 | AE18: =G18/AD18 -> #DIV/0! | AG18: =SUM(AG8:AG17) -> 0 | AH18: =SUM(AH8:AH17) -> 0 | AI18: =SUM(AI8:AI17) -> 0 | AJ18: =SUM(AJ8:AJ17) -> 0 | AK18: =SUM(AK8:AK17) -> 0 | AL18: =SUM(AL8:AL17) -> 0 | AM18: =SUM(AM8:AM17) -> 0 | AN18: =SUM(AN8:AN17) -> 0 | ... AZ18: =SUM(AZ8:AZ17) -> 0
AG19: =SUM(AG18:AL18) -> 0 | AH19: Total Salmon Caught
C21: Bank Summary | E21: Sampled | AC21: Effort | AG21: Expanded Catch & Harvest
C22: =C8 -> 0 | F22: =Prosser!F22+'Horn Rapids'!F22 -> 0 | G22: =Prosser!G22+'Horn Rapids'!G22 -> 0 | H22: =Prosser!H22+'Horn Rapids'!H22 -> 0 | I22: =Prosser!I22+'Horn Rapids'!I22 -> 0 | J22: =Prosser!J22+'Horn Rapids'!J22 -> 0 | K22: =Prosser!K22+'Horn Rapids'!K22 -> 0 | L22: =Prosser!L22+'Horn Rapids'!L22 -> 0 | M22: =Prosser!M22+'Horn Rapids'!M22 -> 0 | ... AA22: =Prosser!AA22+'Horn Rapids'!AA22 -> 0 | AB22: =SUM(G22)/SUM(H22:M22) -> #DIV/0!
C23: =C9 -> Sept 15-21 | F23: =Prosser!F23+'Horn Rapids'!F23 -> 56 | G23: =Prosser!G23+'Horn Rapids'!G23 -> 120.88 | H23: =Prosser!H23+'Horn Rapids'!H23 -> 0 | I23: =Prosser!I23+'Horn Rapids'!I23 -> 0 | J23: =Prosser!J23+'Horn Rapids'!J23 -> 0 | K23: =Prosser!K23+'Horn Rapids'!K23 -> 0 | L23: =Prosser!L23+'Horn Rapids'!L23 -> 0 | M23: =Prosser!M23+'Horn Rapids'!M23 -> 0 | ... AA23: =Prosser!AA23+'Horn Rapids'!AA23 -> 0 | AB23: =SUM(G23)/SUM(H23:M23) -> #DIV/0!
C24: =C10 -> Sept 21-28 | F24: =Prosser!F24+'Horn Rapids'!F24 -> 78 | G24: =Prosser!G24+'Horn Rapids'!G24 -> 161.47 | H24: =Prosser!H24+'Horn Rapids'!H24 -> 4 | I24: =Prosser!I24+'Horn Rapids'!I24 -> 3 | J24: =Prosser!J24+'Horn Rapids'!J24 -> 1 | K24: =Prosser!K24+'Horn Rapids'!K24 -> 0 | L24: =Prosser!L24+'Horn Rapids'!L24 -> 1 | M24: =Prosser!M24+'Horn Rapids'!M24 -> 0 | ... AA24: =Prosser!AA24+'Horn Rapids'!AA24 -> 0 | AB24: =SUM(G24)/SUM(H24:M24) -> 17.941111
C25: =C11 -> Sept 29-Oct 5 | F25: =Prosser!F25+'Horn Rapids'!F25 -> 96 | G25: =Prosser!G25+'Horn Rapids'!G25 -> 155.95 | H25: =Prosser!H25+'Horn Rapids'!H25 -> 2 | I25: =Prosser!I25+'Horn Rapids'!I25 -> 7 | J25: =Prosser!J25+'Horn Rapids'!J25 -> 1 | K25: =Prosser!K25+'Horn Rapids'!K25 -> 0 | L25: =Prosser!L25+'Horn Rapids'!L25 -> 0 | M25: =Prosser!M25+'Horn Rapids'!M25 -> 0 | ... AA25: =Prosser!AA25+'Horn Rapids'!AA25 -> 0 | AB25: =SUM(G25)/SUM(H25:M25) -> 15.595
C26: =C12 -> Oct 6-Oct 12 | F26: =Prosser!F26+'Horn Rapids'!F26 -> 169 | G26: =Prosser!G26+'Horn Rapids'!G26 -> 385.46 | H26: =Prosser!H26+'Horn Rapids'!H26 -> 12 | I26: =Prosser!I26+'Horn Rapids'!I26 -> 22 | J26: =Prosser!J26+'Horn Rapids'!J26 -> 1 | K26: =Prosser!K26+'Horn Rapids'!K26 -> 1 | L26: =Prosser!L26+'Horn Rapids'!L26 -> 0 | M26: =Prosser!M26+'Horn Rapids'!M26 -> 0 | ... AA26: =Prosser!AA26+'Horn Rapids'!AA26 -> 1 | AB26: =SUM(G26)/SUM(H26:M26) -> 10.707222
C27: =C13 -> Oct 13-19 | F27: =Prosser!F27+'Horn Rapids'!F27 -> 149 | G27: =Prosser!G27+'Horn Rapids'!G27 -> 341.13 | H27: =Prosser!H27+'Horn Rapids'!H27 -> 12 | I27: =Prosser!I27+'Horn Rapids'!I27 -> 14 | J27: =Prosser!J27+'Horn Rapids'!J27 -> 1 | K27: =Prosser!K27+'Horn Rapids'!K27 -> 0 | L27: =Prosser!L27+'Horn Rapids'!L27 -> 0 | M27: =Prosser!M27+'Horn Rapids'!M27 -> 0 | ... AA27: =Prosser!AA27+'Horn Rapids'!AA27 -> 0 | AB27: =SUM(G27)/SUM(H27:M27) -> 12.634444
C28: =C14 -> Oct 20-26 | F28: =Prosser!F28+'Horn Rapids'!F28 -> 128 | G28: =Prosser!G28+'Horn Rapids'!G28 -> 383.7 | H28: =Prosser!H28+'Horn Rapids'!H28 -> 4 | I28: =Prosser!I28+'Horn Rapids'!I28 -> 10 | J28: =Prosser!J28+'Horn Rapids'!J28 -> 0 | K28: =Prosser!K28+'Horn Rapids'!K28 -> 0 | L28: =Prosser!L28+'Horn Rapids'!L28 -> 1 | M28: =Prosser!M28+'Horn Rapids'!M28 -> 0 | ... AA28: =Prosser!AA28+'Horn Rapids'!AA28 -> 0 | AB28: =SUM(G28)/SUM(H28:M28) -> 25.58
C29: =C15 -> Oct 27-Nov 2 | F29: =Prosser!F29+'Horn Rapids'!F29 -> 111 | G29: =Prosser!G29+'Horn Rapids'!G29 -> 210.16 | H29: =Prosser!H29+'Horn Rapids'!H29 -> 3 | I29: =Prosser!I29+'Horn Rapids'!I29 -> 12 | J29: =Prosser!J29+'Horn Rapids'!J29 -> 0 | K29: =Prosser!K29+'Horn Rapids'!K29 -> 0 | L29: =Prosser!L29+'Horn Rapids'!L29 -> 8 | M29: =Prosser!M29+'Horn Rapids'!M29 -> 0 | ... AA29: =Prosser!AA29+'Horn Rapids'!AA29 -> 0 | AB29: =SUM(G29)/SUM(H29:M29) -> 9.1373913
C30: =C16 -> Nov 3-9 | F30: =Prosser!F30+'Horn Rapids'!F30 -> 0 | G30: =Prosser!G30+'Horn Rapids'!G30 -> 0 | H30: =Prosser!H30+'Horn Rapids'!H30 -> 0 | I30: =Prosser!I30+'Horn Rapids'!I30 -> 0 | J30: =Prosser!J30+'Horn Rapids'!J30 -> 0 | K30: =Prosser!K30+'Horn Rapids'!K30 -> 0 | L30: =Prosser!L30+'Horn Rapids'!L30 -> 0 | M30: =Prosser!M30+'Horn Rapids'!M30 -> 0 | ... AA30: =Prosser!AA30+'Horn Rapids'!AA30 -> 0 | AB30: =SUM(G30)/SUM(H30:M30) -> #DIV/0!
C31: =C17 -> Nov 10-16 | F31: =Prosser!F31+'Horn Rapids'!F31 -> 0 | G31: =Prosser!G31+'Horn Rapids'!G31 -> 0 | H31: =Prosser!H31+'Horn Rapids'!H31 -> 0 | I31: =Prosser!I31+'Horn Rapids'!I31 -> 0 | J31: =Prosser!J31+'Horn Rapids'!J31 -> 0 | K31: =Prosser!K31+'Horn Rapids'!K31 -> 0 | L31: =Prosser!L31+'Horn Rapids'!L31 -> 0 | M31: =Prosser!M31+'Horn Rapids'!M31 -> 0 | ... AA31: =Prosser!AA31+'Horn Rapids'!AA31 -> 0 | AB31: 0
F32: =SUM(F22:F31) -> 787 | G32: =SUM(G22:G31) -> 1758.75 | H32: =SUM(H22:H31) -> 37 | I32: =SUM(I22:I31) -> 68 | J32: =SUM(J22:J31) -> 4 | K32: =SUM(K22:K31) -> 1 | L32: =SUM(L22:L31) -> 10 | M32: =SUM(M22:M31) -> 0 | ... AA32: =SUM(AA22:AA31) -> 1 | AB32: =SUM(G32)/SUM(H32:M32) -> 14.65625 | AC32: =SUM(AC22:AC31) -> 0 | AD32: =SUM(AD22:AD31) -> 0 | AE32: =G32/AD32 -> #DIV/0! | AG32: =SUM(AG22:AG31) -> 0 | AH32: =SUM(AH22:AH31) -> 0 | AI32: =SUM(AI22:AI31) -> 0 | AJ32: =SUM(AJ22:AJ31) -> 0 | AK32: =SUM(AK22:AK31) -> 0 | AL32: =SUM(AL22:AL31) -> 0 | AM32: =SUM(AM22:AM31) -> 0 | AN32: =SUM(AN22:AN31) -> 0 | ... AZ32: =SUM(AZ22:AZ31) -> 0
C35: Boat Summary | E35: Sampled | AC35: Effort | AG35: Expanded Catch & Harvest
C36: =C8 -> 0 | E36: =Prosser!E36+'Horn Rapids'!E36 -> 0 | F36: =Prosser!F36+'Horn Rapids'!F36 -> 0 | G36: =Prosser!G36+'Horn Rapids'!G36 -> 0 | H36: =Prosser!H36+'Horn Rapids'!H36 -> 0 | I36: =Prosser!I36+'Horn Rapids'!I36 -> 0 | J36: =Prosser!J36+'Horn Rapids'!J36 -> 0 | K36: =Prosser!K36+'Horn Rapids'!K36 -> 0 | L36: =Prosser!L36+'Horn Rapids'!L36 -> 0 | ... AA36: =Prosser!AA36+'Horn Rapids'!AA36 -> 0 | AB36: 0
C37: =C9 -> Sept 15-21 | E37: =Prosser!E37+'Horn Rapids'!E37 -> 0 | F37: =Prosser!F37+'Horn Rapids'!F37 -> 0 | G37: =Prosser!G37+'Horn Rapids'!G37 -> 0 | H37: =Prosser!H37+'Horn Rapids'!H37 -> 0 | I37: =Prosser!I37+'Horn Rapids'!I37 -> 0 | J37: =Prosser!J37+'Horn Rapids'!J37 -> 0 | K37: =Prosser!K37+'Horn Rapids'!K37 -> 0 | L37: =Prosser!L37+'Horn Rapids'!L37 -> 0 | ... AA37: =Prosser!AA37+'Horn Rapids'!AA37 -> 0 | AB37: =SUM(G37)/SUM(H37:M37) -> #DIV/0!
C38: =C10 -> Sept 21-28 | E38: =Prosser!E38+'Horn Rapids'!E38 -> 0 | F38: =Prosser!F38+'Horn Rapids'!F38 -> 0 | G38: =Prosser!G38+'Horn Rapids'!G38 -> 0 | H38: =Prosser!H38+'Horn Rapids'!H38 -> 0 | I38: =Prosser!I38+'Horn Rapids'!I38 -> 0 | J38: =Prosser!J38+'Horn Rapids'!J38 -> 0 | K38: =Prosser!K38+'Horn Rapids'!K38 -> 0 | L38: =Prosser!L38+'Horn Rapids'!L38 -> 0 | ... AA38: =Prosser!AA38+'Horn Rapids'!AA38 -> 0 | AB38: =SUM(G38)/SUM(H38:M38) -> #DIV/0!
C39: =C11 -> Sept 29-Oct 5 | E39: =Prosser!E39+'Horn Rapids'!E39 -> 1 | F39: =Prosser!F39+'Horn Rapids'!F39 -> 2 | G39: =Prosser!G39+'Horn Rapids'!G39 -> 7.6 | H39: =Prosser!H39+'Horn Rapids'!H39 -> 1 | I39: =Prosser!I39+'Horn Rapids'!I39 -> 3 | J39: =Prosser!J39+'Horn Rapids'!J39 -> 0 | K39: =Prosser!K39+'Horn Rapids'!K39 -> 0 | L39: =Prosser!L39+'Horn Rapids'!L39 -> 0 | ... AA39: =Prosser!AA39+'Horn Rapids'!AA39 -> 0 | AB39: =SUM(G39)/SUM(H39:M39) -> 1.9
C40: =C12 -> Oct 6-Oct 12 | E40: =Prosser!E40+'Horn Rapids'!E40 -> 0 | F40: =Prosser!F40+'Horn Rapids'!F40 -> 0 | G40: =Prosser!G40+'Horn Rapids'!G40 -> 0 | H40: =Prosser!H40+'Horn Rapids'!H40 -> 0 | I40: =Prosser!I40+'Horn Rapids'!I40 -> 0 | J40: =Prosser!J40+'Horn Rapids'!J40 -> 0 | K40: =Prosser!K40+'Horn Rapids'!K40 -> 0 | L40: =Prosser!L40+'Horn Rapids'!L40 -> 0 | ... AA40: =Prosser!AA40+'Horn Rapids'!AA40 -> 0 | AB40: =SUM(G40)/SUM(H40:M40) -> #DIV/0!
C41: =C13 -> Oct 13-19 | E41: =Prosser!E41+'Horn Rapids'!E41 -> 0 | F41: =Prosser!F41+'Horn Rapids'!F41 -> 0 | G41: =Prosser!G41+'Horn Rapids'!G41 -> 0 | H41: =Prosser!H41+'Horn Rapids'!H41 -> 0 | I41: =Prosser!I41+'Horn Rapids'!I41 -> 0 | J41: =Prosser!J41+'Horn Rapids'!J41 -> 0 | K41: =Prosser!K41+'Horn Rapids'!K41 -> 0 | L41: =Prosser!L41+'Horn Rapids'!L41 -> 0 | ... AA41: =Prosser!AA41+'Horn Rapids'!AA41 -> 0 | AB41: =SUM(G41)/SUM(H41:M41) -> #DIV/0!
C42: =C14 -> Oct 20-26 | E42: =Prosser!E42+'Horn Rapids'!E42 -> 0 | F42: =Prosser!F42+'Horn Rapids'!F42 -> 0 | G42: =Prosser!G42+'Horn Rapids'!G42 -> 0 | H42: =Prosser!H42+'Horn Rapids'!H42 -> 0 | I42: =Prosser!I42+'Horn Rapids'!I42 -> 0 | J42: =Prosser!J42+'Horn Rapids'!J42 -> 0 | K42: =Prosser!K42+'Horn Rapids'!K42 -> 0 | L42: =Prosser!L42+'Horn Rapids'!L42 -> 0 | ... AA42: =Prosser!AA42+'Horn Rapids'!AA42 -> 0 | AB42: =SUM(G42)/SUM(H42:M42) -> #DIV/0!
C43: =C15 -> Oct 27-Nov 2 | E43: =Prosser!E43+'Horn Rapids'!E43 -> 0 | F43: =Prosser!F43+'Horn Rapids'!F43 -> 0 | G43: =Prosser!G43+'Horn Rapids'!G43 -> 0 | H43: =Prosser!H43+'Horn Rapids'!H43 -> 0 | I43: =Prosser!I43+'Horn Rapids'!I43 -> 0 | J43: =Prosser!J43+'Horn Rapids'!J43 -> 0 | K43: =Prosser!K43+'Horn Rapids'!K43 -> 0 | L43: =Prosser!L43+'Horn Rapids'!L43 -> 0 | ... AA43: =Prosser!AA43+'Horn Rapids'!AA43 -> 0 | AB43: =SUM(G43)/SUM(H43:M43) -> #DIV/0!
C44: =C16 -> Nov 3-9 | E44: =Prosser!E44+'Horn Rapids'!E44 -> 0 | F44: =Prosser!F44+'Horn Rapids'!F44 -> 0 | G44: =Prosser!G44+'Horn Rapids'!G44 -> 0 | H44: =Prosser!H44+'Horn Rapids'!H44 -> 0 | I44: =Prosser!I44+'Horn Rapids'!I44 -> 0 | J44: =Prosser!J44+'Horn Rapids'!J44 -> 0 | K44: =Prosser!K44+'Horn Rapids'!K44 -> 0 | L44: =Prosser!L44+'Horn Rapids'!L44 -> 0 | ... AA44: =Prosser!AA44+'Horn Rapids'!AA44 -> 0 | AB44: =SUM(G44)/SUM(H44:M44) -> #DIV/0!
C45: =C17 -> Nov 10-16 | E45: =Prosser!E45+'Horn Rapids'!E45 -> 0 | F45: =Prosser!F45+'Horn Rapids'!F45 -> 0 | G45: =Prosser!G45+'Horn Rapids'!G45 -> 0 | H45: =Prosser!H45+'Horn Rapids'!H45 -> 0 | I45: =Prosser!I45+'Horn Rapids'!I45 -> 0 | J45: =Prosser!J45+'Horn Rapids'!J45 -> 0 | K45: =Prosser!K45+'Horn Rapids'!K45 -> 0 | L45: =Prosser!L45+'Horn Rapids'!L45 -> 0 | ... AA45: =Prosser!AA45+'Horn Rapids'!AA45 -> 0
E46: =SUM(E36:E45) -> 1 | F46: =SUM(F36:F45) -> 2 | G46: =SUM(G36:G45) -> 7.6 | H46: =SUM(H36:H45) -> 1 | I46: =SUM(I36:I45) -> 3 | J46: =SUM(J36:J45) -> 0 | K46: =SUM(K36:K45) -> 0 | L46: =SUM(L36:L45) -> 0 | ... AA46: =SUM(AA36:AA45) -> 0 | AB46: =SUM(G46)/SUM(H46:M46) -> 1.9 | AC46: =SUM(AC36:AC45) -> 0 | AD46: =SUM(AD36:AD45) -> 0 | AE46: =G46/AD46 -> #DIV/0! | AG46: =SUM(AG36:AG45) -> 0 | AH46: =SUM(AH36:AH45) -> 0 | AI46: =SUM(AI36:AI45) -> 0 | AJ46: =SUM(AJ36:AJ45) -> 0 | AK46: =SUM(AK36:AK45) -> 0 | AL46: =SUM(AL36:AL45) -> 0 | AM46: =SUM(AM36:AM45) -> 0 | AN46: =SUM(AN36:AN45) -> 0 | ... AZ46: =SUM(AZ36:AZ45) -> 0

Sheet Other
C3: =Prosser!C8 -> 0 | E3: =SUM(E16:E25) -> 0 | F3: =SUM(F16:F25) -> 0 | G3: =SUM(G16:G25) -> 0 | H3: =SUM(H16:H25) -> 0 | I3: =SUM(I16:I25) -> 0 | J3: =SUM(J16:J25) -> 0 | K3: =SUM(K16:K25) -> 0 | L3: =SUM(L16:L25) -> 0 | ... W3: =SUM(W16:W25) -> 0 | AG3: =SUM(AG16:AG25) -> #DIV/0! | CA3: May 2-3 | CC3: =SUM(CC16:CC25) -> #DIV/0! | CD3: =SUM(CD16:CD25) -> #DIV/0! | CE3: =SUM(CE16:CE25) -> #DIV/0! | CF3: =SUM(CF16:CF25) -> #DIV/0! | CG3: =SUM(CG16:CG25) -> #DIV/0! | CH3: =SUM(CH16:CH25) -> #DIV/0! | CI3: =SUM(CI16:CI25) -> #DIV/0! | CJ3: =SUM(CJ16:CJ25) -> #DIV/0! | ... CT3: =SUM(CT16:CT25) -> 0
C4: =Prosser!C9 -> Sept 15-21 | E4: =SUM(E26:E35) -> 0 | F4: =SUM(F26:F35) -> 0 | G4: =SUM(G26:G35) -> 0 | H4: =SUM(H26:H35) -> 0 | I4: =SUM(I26:I35) -> 0 | J4: =SUM(J26:J35) -> 0 | K4: =SUM(K26:K35) -> 0 | L4: =SUM(L26:L35) -> 0 | ... W4: =SUM(W26:W35) -> 0 | AG4: =AVERAGE(AG26:AG35)*7 -> #DIV/0! | CA4: May 4-10 | CC4: =SUM(CC26:CC35) -> #DIV/0! | CD4: =SUM(CD26:CD35) -> #DIV/0! | CE4: =SUM(CE26:CE35) -> #DIV/0! | CF4: =SUM(CF26:CF35) -> #DIV/0! | CG4: =SUM(CG26:CG35) -> #DIV/0! | CH4: =SUM(CH26:CH35) -> #DIV/0! | CI4: =SUM(CI26:CI35) -> #DIV/0! | CJ4: =SUM(CJ26:CJ35) -> #DIV/0! | ... CT4: =SUM(CT26:CT35) -> 0
C5: =Prosser!C10 -> Sept 21-28 | E5: =SUM(E36:E45) -> 0 | F5: =SUM(F36:F45) -> 0 | G5: =SUM(G36:G45) -> 0 | H5: =SUM(H36:H45) -> 0 | I5: =SUM(I36:I45) -> 0 | J5: =SUM(J36:J45) -> 0 | K5: =SUM(K36:K45) -> 0 | L5: =SUM(L36:L45) -> 0 | ... W5: =SUM(W36:W45) -> 0 | AG5: =AVERAGE(AG36:AG41)*5+AG42+AG44 -> #DIV/0! | CA5: May 11-17 | CC5: =SUM(CC36:CC45) -> #DIV/0! | CD5: =SUM(CD36:CD45) -> #DIV/0! | CE5: =SUM(CE36:CE45) -> #DIV/0! | CF5: =SUM(CF36:CF45) -> #DIV/0! | CG5: =SUM(CG36:CG45) -> #DIV/0! | CH5: =SUM(CH36:CH45) -> #DIV/0! | CI5: =SUM(CI36:CI45) -> #DIV/0! | CJ5: =SUM(CJ36:CJ45) -> #DIV/0! | ... CT5: =SUM(CT36:CT45) -> 0
C6: =Prosser!C11 -> Sept 29-Oct 5 | E6: =SUM(E46:E55) -> 0 | F6: =SUM(F46:F55) -> 0 | G6: =SUM(G46:G55) -> 0 | H6: =SUM(H46:H55) -> 0 | I6: =SUM(I46:I55) -> 0 | J6: =SUM(J46:J55) -> 0 | K6: =SUM(K46:K55) -> 0 | L6: =SUM(L46:L55) -> 0 | ... W6: =SUM(W46:W55) -> 0 | AG6: =AVERAGE(AG46:AG51)*5+AG52+AG54 -> #DIV/0! | CA6: May 18-24 | CC6: =SUM(CC46:CC55) -> #DIV/0! | CD6: =SUM(CD46:CD55) -> #DIV/0! | CE6: =SUM(CE46:CE55) -> #DIV/0! | CF6: =SUM(CF46:CF55) -> #DIV/0! | CG6: =SUM(CG46:CG55) -> #DIV/0! | CH6: =SUM(CH46:CH55) -> #DIV/0! | CI6: =SUM(CI46:CI55) -> #DIV/0! | CJ6: =SUM(CJ46:CJ55) -> #DIV/0! | ... CT6: =SUM(CT46:CT55) -> 0
C7: =Prosser!C12 -> Oct 6-Oct 12 | E7: =SUM(E56:E63) -> 0 | F7: =SUM(F56:F63) -> 0 | G7: =SUM(G56:G63) -> 0 | H7: =SUM(H56:H63) -> 0 | I7: =SUM(I56:I63) -> 0 | J7: =SUM(J56:J63) -> 0 | K7: =SUM(K56:K63) -> 0 | L7: =SUM(L56:L63) -> 0 | ... W7: =SUM(W56:W63) -> 0 | AG7: =AVERAGE(AG56:AG59)*5+AG60+AG62 -> #DIV/0! | CA7: May 26-Jun 1 | CC7: =SUM(CC47:CC56) -> #DIV/0! | CD7: =SUM(CD47:CD56) -> #DIV/0! | CE7: =SUM(CE47:CE56) -> #DIV/0! | CF7: =SUM(CF47:CF56) -> #DIV/0! | CG7: =SUM(CG47:CG56) -> #DIV/0! | CH7: =SUM(CH47:CH56) -> #DIV/0! | CI7: =SUM(CI47:CI56) -> #DIV/0! | CJ7: =SUM(CJ47:CJ56) -> #DIV/0! | ... CT7: =SUM(CT47:CT56) -> 0
C8: =Prosser!C13 -> Oct 13-19 | E8: =SUM(E64:E71) -> 0 | F8: =SUM(F64:F71) -> 0 | G8: =SUM(G64:G71) -> 0 | H8: =SUM(H64:H71) -> 0 | I8: =SUM(I64:I71) -> 0 | J8: =SUM(J64:J71) -> 0 | K8: =SUM(K64:K71) -> 0 | L8: =SUM(L64:L71) -> 0 | ... W8: =SUM(W64:W71) -> 0 | AG8: =AVERAGE(AG64:AG67)*5+AG68+AG70 -> #DIV/0! | CA8: Jun 2-8 | CC8: =SUM(CC64:CC71) -> #DIV/0! | CD8: =SUM(CD64:CD71) -> #DIV/0! | CE8: =SUM(CE64:CE71) -> #DIV/0! | CF8: =SUM(CF64:CF71) -> #DIV/0! | CG8: =SUM(CG64:CG71) -> #DIV/0! | CH8: =SUM(CH64:CH71) -> #DIV/0! | CI8: =SUM(CI64:CI71) -> #DIV/0! | CJ8: =SUM(CJ64:CJ71) -> #DIV/0! | ... CT8: =SUM(CT64:CT71) -> 0
C9: =Prosser!C14 -> Oct 20-26 | E9: =SUM(E72:E77) -> 0 | F9: =SUM(F72:F77) -> 0 | G9: =SUM(G72:G77) -> 0 | H9: =SUM(H72:H77) -> 0 | I9: =SUM(I72:I77) -> 0 | J9: =SUM(J72:J77) -> 0 | K9: =SUM(K72:K77) -> 0 | L9: =SUM(L72:L77) -> 0 | ... W9: =SUM(W72:W77) -> 0 | AG9: =AVERAGE(AG72:AG74)*6+AG76*2 -> #DIV/0! | CA9: Jun 7-15 | CC9: =SUM(CC65:CC72) -> #DIV/0! | CD9: =SUM(CD65:CD72) -> #DIV/0! | CE9: =SUM(CE65:CE72) -> #DIV/0! | CF9: =SUM(CF65:CF72) -> #DIV/0! | CG9: =SUM(CG65:CG72) -> #DIV/0! | CH9: =SUM(CH65:CH72) -> #DIV/0! | CI9: =SUM(CI65:CI72) -> #DIV/0! | CJ9: =SUM(CJ65:CJ72) -> #DIV/0! | ... CT9: =SUM(CT65:CT72) -> 0
C10: =Prosser!C17 -> Nov 10-16 | E10: =SUM(E3:E9) -> 0 | F10: =SUM(F3:F9) -> 0 | G10: =SUM(G3:G9) -> 0 | H10: =SUM(H3:H9) -> 0 | I10: =SUM(I3:I9) -> 0 | J10: =SUM(J3:J9) -> 0 | K10: =SUM(K3:K9) -> 0 | L10: =SUM(L3:L9) -> 0 | ... W10: =SUM(W3:W9) -> 0 | AG10: =SUM(AG3:AG9) -> #DIV/0! | CC10: =SUM(CC3:CC9) -> #DIV/0! | CD10: =SUM(CD3:CD9) -> #DIV/0! | CE10: =SUM(CE3:CE9) -> #DIV/0! | CF10: =SUM(CF3:CF9) -> #DIV/0! | CG10: =SUM(CG3:CG9) -> #DIV/0! | CH10: =SUM(CH3:CH9) -> #DIV/0! | CI10: =SUM(CI3:CI9) -> #DIV/0! | CJ10: =SUM(CJ3:CJ9) -> #DIV/0! | ... CT10: =SUM(CT3:CT9) -> 0
E12: =SUM(E16:E79) -> 0 | F12: =SUM(F16:F79) -> 0 | G12: =SUM(G16:G79) -> 0 | H12: =SUM(H16:H79) -> 0 | I12: =SUM(I16:I79) -> 0 | J12: =SUM(J16:J79) -> 0 | K12: =SUM(K16:K79) -> 0 | L12: =SUM(L16:L79) -> 0 | ... W12: =SUM(W16:W79) -> 0 | AD12: =SUM(AD48:AD53) -> #DIV/0! | AE12: =SUM(AE48:AE53) -> #DIV/0!
Y13: Effort (Other)
G14: Pole | H14: Bass | J14: C. Catfish | L14: NPM | N14: Whitefish | P14: Sucker | R14: Carp | T14: WAL | V14: Steelhead | Y14: Count | Z14: Index | AB14: Ang/ | AC14: Daylight | AD14: Pole | AE14: Expansion | AF14: Peak | AH14: Bass | AJ14: C. Catfish | AL14: NPM | AN14: Whitefish | AP14: Sucker | AR14: Carp | AT14: WAL | AW14: Bass | AY14: C. Catfish | BA14: NPM | BC14: Whitefish | BE14: Sucker | BG14: Carp | BI14: WAL | BL14: Bass | BN14: C. Catfish | BP14: NPM | BR14: Whitefish | BT14: Sucker | BV14: Carp | BX14: WAL | CC14: Bass | CE14: C. Catfish | CG14: NPM | CI14: Whitefish | CK14: Sucker | CM14: Carp | CO14: Walleye
C15: Date | D15: Day/End | E15: Boats | F15: Anglers | G15: Hours | H15: Kept | I15: Rel | J15: Kept | K15: Rel | L15: Kept | M15: Rel | N15: Kept | O15: Rel | P15: Kept | Q15: Rel | R15: Kept | S15: Rel | T15: Kept | U15: Rel | V15: Hatch | W15: Wild | Y15: (total) | Z15: (#) | AA15: Avg | AB15: boat | AD15: Hrs | AE15: 0.85 | AF15: Count | AH15: Kept | AI15: Rel | AJ15: Kept | AK15: Rel | AL15: Kept | AM15: Rel | AN15: Kept | AO15: Rel | AP15: Kept | AQ15: Rel | AR15: Kept | AS15: Rel | AT15: Kept | AU15: Rel | AW15: Kept | AX15: Rel | AY15: Kept | AZ15: Rel | BA15: Kept | BB15: Rel | BC15: Kept | BD15: Rel | BE15: Kept | BF15: Rel | BG15: Kept | BH15: Rel | BI15: Kept | BJ15: Rel | BL15: Kept | BM15: Rel | BN15: Kept | BO15: Rel | BP15: Kept | BQ15: Rel | BR15: Kept | BS15: Rel | BT15: Kept | BU15: Rel | BV15: Kept | BW15: Rel | BX15: Kept | BY15: Rel | CA15: Days | CC15: Kept | CD15: Rel | CE15: Kept | CF15: Rel | CG15: Kept | CH15: Rel | CI15: Kept | CJ15: Rel | CK15: Kept | CL15: Rel | CM15: Kept | CN15: Rel | CO15: Kept | CP15: Rel
D16: Day | AA16: =Y16/Z16 -> #DIV/0! | AD16: =AA16*AC16 -> #DIV/0! | AE16: =AD16/AE$15 -> #DIV/0! | AG16: =AE16+AE17 -> #DIV/0! | AH16: =H16/$G16 -> #DIV/0! | AI16: =I16/$G16 -> #DIV/0! | AJ16: =J16/$G16 -> #DIV/0! | AK16: =K16/$G16 -> #DIV/0! | AL16: =L16/$G16 -> #DIV/0! | AM16: =M16/$G16 -> #DIV/0! | AN16: =N16/$G16 -> #DIV/0! | AO16: =O16/$G16 -> #DIV/0! | ... AU16: =U16/$G16 -> #DIV/0! | AW16: =AH16*$AE16 -> #DIV/0! | AX16: =AI16*$AE16 -> #DIV/0! | AY16: =AJ16*$AE16 -> #DIV/0! | AZ16: =AK16*$AE16 -> #DIV/0! | BA16: =AL16*$AE16 -> #DIV/0! | BB16: =AM16*$AE16 -> #DIV/0! | BC16: =AN16*$AE16 -> #DIV/0! | BD16: =AO16*$AE16 -> #DIV/0! | ... BJ16: =AU16*$AE16 -> #DIV/0! | BL16: =AW16+AW17 -> #DIV/0! | BM16: =AX16+AX17 -> #DIV/0! | BN16: =AY16+AY17 -> #DIV/0! | BO16: =AZ16+AZ17 -> #DIV/0! | BP16: =BA16+BA17 -> #DIV/0! | BQ16: =BB16+BB17 -> #DIV/0! | BR16: =BC16+BC17 -> #DIV/0! | BS16: =BD16+BD17 -> #DIV/0! | ... BX16: =BI16+BI17 -> #DIV/0! | CA16: 7 | CC16: =AVERAGE(AW16:AW24)*$CA16 -> #DIV/0! | CD16: =AVERAGE(AX16:AX24)*$CA16 -> #DIV/0! | CE16: =AVERAGE(AY16:AY24)*$CA16 -> #DIV/0! | CF16: =AVERAGE(AZ16:AZ24)*$CA16 -> #DIV/0! | CG16: =AVERAGE(BA16:BA24)*$CA16 -> #DIV/0! | CH16: =AVERAGE(BB16:BB24)*$CA16 -> #DIV/0! | CI16: =AVERAGE(BC16:BC24)*$CA16 -> #DIV/0! | CJ16: =AVERAGE(BD16:BD24)*$CA16 -> #DIV/0! | ... CP16: =AVERAGE(BJ16:BJ24)*$CA16 -> #DIV/0!
AA17: =Y17/Z17 -> #DIV/0! | AD17: =AA17*AC17 -> #DIV/0! | AE17: =AD17/AE$15 -> #DIV/0! | AH17: =AH16 -> #DIV/0! | AI17: =AI16 -> #DIV/0! | AJ17: =AJ16 -> #DIV/0! | AK17: =AK16 -> #DIV/0! | AL17: =AL16 -> #DIV/0! | AM17: =AM16 -> #DIV/0! | AN17: =AN16 -> #DIV/0! | AO17: =AO16 -> #DIV/0! | ... AU17: =AU16 -> #DIV/0! | AW17: =AH17*$AE17 -> #DIV/0! | AX17: =AI17*$AE17 -> #DIV/0! | AY17: =AJ17*$AE17 -> #DIV/0! | AZ17: =AK17*$AE17 -> #DIV/0! | BA17: =AL17*$AE17 -> #DIV/0! | BB17: =AM17*$AE17 -> #DIV/0! | BC17: =AN17*$AE17 -> #DIV/0! | BD17: =AO17*$AE17 -> #DIV/0! | ... BJ17: =AU17*$AE17 -> #DIV/0!
D18: Day | AA18: =Y18/Z18 -> #DIV/0! | AD18: =AA18*AC18 -> #DIV/0! | AE18: =AD18/AE$15 -> #DIV/0! | AG18: =AE18+AE19 -> #DIV/0! | AH18: =H18/$G18 -> #DIV/0! | AI18: =I18/$G18 -> #DIV/0! | AJ18: =J18/$G18 -> #DIV/0! | AK18: =K18/$G18 -> #DIV/0! | AL18: =L18/$G18 -> #DIV/0! | AM18: =M18/$G18 -> #DIV/0! | AN18: =N18/$G18 -> #DIV/0! | AO18: =O18/$G18 -> #DIV/0! | ... AU18: =U18/$G18 -> #DIV/0! | AW18: =AH18*$AE18 -> #DIV/0! | AX18: =AI18*$AE18 -> #DIV/0! | AY18: =AJ18*$AE18 -> #DIV/0! | AZ18: =AK18*$AE18 -> #DIV/0! | BA18: =AL18*$AE18 -> #DIV/0! | BB18: =AM18*$AE18 -> #DIV/0! | BC18: =AN18*$AE18 -> #DIV/0! | BD18: =AO18*$AE18 -> #DIV/0! | ... BJ18: =AU18*$AE18 -> #DIV/0! | BL18: =AW18+AW19 -> #DIV/0! | BM18: =AX18+AX19 -> #DIV/0! | BN18: =AY18+AY19 -> #DIV/0! | BO18: =AZ18+AZ19 -> #DIV/0! | BP18: =BA18+BA19 -> #DIV/0! | BQ18: =BB18+BB19 -> #DIV/0! | BR18: =BC18+BC19 -> #DIV/0! | BS18: =BD18+BD19 -> #DIV/0! | ... BX18: =BI18+BI19 -> #DIV/0!
AA19: =Y19/Z19 -> #DIV/0! | AD19: =AA19*AC19 -> #DIV/0! | AE19: =AD19/AE$15 -> #DIV/0! | AH19: =AH18 -> #DIV/0! | AI19: =AI18 -> #DIV/0! | AJ19: =AJ18 -> #DIV/0! | AK19: =AK18 -> #DIV/0! | AL19: =AL18 -> #DIV/0! | AM19: =AM18 -> #DIV/0! | AN19: =AN18 -> #DIV/0! | AO19: =AO18 -> #DIV/0! | ... AU19: =AU18 -> #DIV/0! | AW19: =AH19*$AE19 -> #DIV/0! | AX19: =AI19*$AE19 -> #DIV/0! | AY19: =AJ19*$AE19 -> #DIV/0! | AZ19: =AK19*$AE19 -> #DIV/0! | BA19: =AL19*$AE19 -> #DIV/0! | BB19: =AM19*$AE19 -> #DIV/0! | BC19: =AN19*$AE19 -> #DIV/0! | BD19: =AO19*$AE19 -> #DIV/0! | ... BJ19: =AU19*$AE19 -> #DIV/0!
D20: Day | AA20: =Y20/Z20 -> #DIV/0! | AD20: =AA20*AC20 -> #DIV/0! | AE20: =AD20/AE$15 -> #DIV/0! | AG20: =AE20+AE21 -> #DIV/0! | AH20: =H20/$G20 -> #DIV/0! | AI20: =I20/$G20 -> #DIV/0! | AJ20: =J20/$G20 -> #DIV/0! | AK20: =K20/$G20 -> #DIV/0! | AL20: =L20/$G20 -> #DIV/0! | AM20: =M20/$G20 -> #DIV/0! | AN20: =N20/$G20 -> #DIV/0! | AO20: =O20/$G20 -> #DIV/0! | ... AU20: =U20/$G20 -> #DIV/0! | AW20: =AH20*$AE20 -> #DIV/0! | AX20: =AI20*$AE20 -> #DIV/0! | AY20: =AJ20*$AE20 -> #DIV/0! | AZ20: =AK20*$AE20 -> #DIV/0! | BA20: =AL20*$AE20 -> #DIV/0! | BB20: =AM20*$AE20 -> #DIV/0! | BC20: =AN20*$AE20 -> #DIV/0! | BD20: =AO20*$AE20 -> #DIV/0! | ... BJ20: =AU20*$AE20 -> #DIV/0! | BL20: =AW20+AW21 -> #DIV/0! | BM20: =AX20+AX21 -> #DIV/0! | BN20: =AY20+AY21 -> #DIV/0! | BO20: =AZ20+AZ21 -> #DIV/0! | BP20: =BA20+BA21 -> #DIV/0! | BQ20: =BB20+BB21 -> #DIV/0! | BR20: =BC20+BC21 -> #DIV/0! | BS20: =BD20+BD21 -> #DIV/0! | ... BX20: =BI20+BI21 -> #DIV/0!
AA21: =Y21/Z21 -> #DIV/0! | AD21: =AA21*AC21 -> #DIV/0! | AE21: =AD21/AE$15 -> #DIV/0! | AH21: =AH20 -> #DIV/0! | AI21: =AI20 -> #DIV/0! | AJ21: =AJ20 -> #DIV/0! | AK21: =AK20 -> #DIV/0! | AL21: =AL20 -> #DIV/0! | AM21: =AM20 -> #DIV/0! | AN21: =AN20 -> #DIV/0! | AO21: =AO20 -> #DIV/0! | ... AU21: =AU20 -> #DIV/0! | AW21: =AH21*$AE21 -> #DIV/0! | AX21: =AI21*$AE21 -> #DIV/0! | AY21: =AJ21*$AE21 -> #DIV/0! | AZ21: =AK21*$AE21 -> #DIV/0! | BA21: =AL21*$AE21 -> #DIV/0! | BB21: =AM21*$AE21 -> #DIV/0! | BC21: =AN21*$AE21 -> #DIV/0! | BD21: =AO21*$AE21 -> #DIV/0! | ... BJ21: =AU21*$AE21 -> #DIV/0!
D22: End | AA22: =Y22/Z22 -> #DIV/0! | AD22: =AA22*AC22 -> #DIV/0! | AE22: =AD22/AE$15 -> #DIV/0! | AG22: =AE22+AE23 -> #DIV/0! | AH22: =H22/$G22 -> #DIV/0! | AI22: =I22/$G22 -> #DIV/0! | AJ22: =J22/$G22 -> #DIV/0! | AK22: =K22/$G22 -> #DIV/0! | AL22: =L22/$G22 -> #DIV/0! | AM22: =M22/$G22 -> #DIV/0! | AN22: =N22/$G22 -> #DIV/0! | AO22: =O22/$G22 -> #DIV/0! | ... AU22: =U22/$G22 -> #DIV/0! | AW22: =AH22*$AE22 -> #DIV/0! | AX22: =AI22*$AE22 -> #DIV/0! | AY22: =AJ22*$AE22 -> #DIV/0! | AZ22: =AK22*$AE22 -> #DIV/0! | BA22: =AL22*$AE22 -> #DIV/0! | BB22: =AM22*$AE22 -> #DIV/0! | BC22: =AN22*$AE22 -> #DIV/0! | BD22: =AO22*$AE22 -> #DIV/0! | ... BJ22: =AU22*$AE22 -> #DIV/0! | BL22: =AW22+AW23 -> #DIV/0! | BM22: =AX22+AX23 -> #DIV/0! | BN22: =AY22+AY23 -> #DIV/0! | BO22: =AZ22+AZ23 -> #DIV/0! | BP22: =BA22+BA23 -> #DIV/0! | BQ22: =BB22+BB23 -> #DIV/0! | BR22: =BC22+BC23 -> #DIV/0! | BS22: =BD22+BD23 -> #DIV/0! | ... BX22: =BI22+BI23 -> #DIV/0!
AA23: =Y23/Z23 -> #DIV/0! | AD23: =AA23*AC23 -> #DIV/0! | AE23: =AD23/AE$15 -> #DIV/0! | AH23: =AH22 -> #DIV/0! | AI23: =AI22 -> #DIV/0! | AJ23: =AJ22 -> #DIV/0! | AK23: =AK22 -> #DIV/0! | AL23: =AL22 -> #DIV/0! | AM23: =AM22 -> #DIV/0! | AN23: =AN22 -> #DIV/0! | AO23: =AO22 -> #DIV/0! | ... AU23: =AU22 -> #DIV/0! | AW23: =AH23*$AE23 -> #DIV/0! | AX23: =AI23*$AE23 -> #DIV/0! | AY23: =AJ23*$AE23 -> #DIV/0! | AZ23: =AK23*$AE23 -> #DIV/0! | BA23: =AL23*$AE23 -> #DIV/0! | BB23: =AM23*$AE23 -> #DIV/0! | BC23: =AN23*$AE23 -> #DIV/0! | BD23: =AO23*$AE23 -> #DIV/0! | ... BJ23: =AU23*$AE23 -> #DIV/0!
D24: End | AA24: =Y24/Z24 -> #DIV/0! | AD24: =AA24*AC24 -> #DIV/0! | AE24: =AD24/AE$15 -> #DIV/0! | AG24: =AE24+AE25 -> #DIV/0! | AH24: =H24/$G24 -> #DIV/0! | AI24: =I24/$G24 -> #DIV/0! | AJ24: =J24/$G24 -> #DIV/0! | AK24: =K24/$G24 -> #DIV/0! | AL24: =L24/$G24 -> #DIV/0! | AM24: =M24/$G24 -> #DIV/0! | AN24: =N24/$G24 -> #DIV/0! | AO24: =O24/$G24 -> #DIV/0! | ... AU24: =U24/$G24 -> #DIV/0! | AW24: =AH24*$AE24 -> #DIV/0! | AX24: =AI24*$AE24 -> #DIV/0! | AY24: =AJ24*$AE24 -> #DIV/0! | AZ24: =AK24*$AE24 -> #DIV/0! | BA24: =AL24*$AE24 -> #DIV/0! | BB24: =AM24*$AE24 -> #DIV/0! | BC24: =AN24*$AE24 -> #DIV/0! | BD24: =AO24*$AE24 -> #DIV/0! | ... BJ24: =AU24*$AE24 -> #DIV/0! | BL24: =AW24+AW25 -> #DIV/0! | BM24: =AX24+AX25 -> #DIV/0! | BN24: =AY24+AY25 -> #DIV/0! | BO24: =AZ24+AZ25 -> #DIV/0! | BP24: =BA24+BA25 -> #DIV/0! | BQ24: =BB24+BB25 -> #DIV/0! | BR24: =BC24+BC25 -> #DIV/0! | BS24: =BD24+BD25 -> #DIV/0! | ... BX24: =BI24+BI25 -> #DIV/0!
AA25: =Y25/Z25 -> #DIV/0! | AD25: =AA25*AC25 -> #DIV/0! | AE25: =AD25/AE$15 -> #DIV/0! | AH25: =AH24 -> #DIV/0! | AI25: =AI24 -> #DIV/0! | AJ25: =AJ24 -> #DIV/0! | AK25: =AK24 -> #DIV/0! | AL25: =AL24 -> #DIV/0! | AM25: =AM24 -> #DIV/0! | AN25: =AN24 -> #DIV/0! | AO25: =AO24 -> #DIV/0! | ... AU25: =AU24 -> #DIV/0! | AW25: =AH25*$AE25 -> #DIV/0! | AX25: =AI25*$AE25 -> #DIV/0! | AY25: =AJ25*$AE25 -> #DIV/0! | AZ25: =AK25*$AE25 -> #DIV/0! | BA25: =AL25*$AE25 -> #DIV/0! | BB25: =AM25*$AE25 -> #DIV/0! | BC25: =AN25*$AE25 -> #DIV/0! | BD25: =AO25*$AE25 -> #DIV/0! | ... BJ25: =AU25*$AE25 -> #DIV/0!
D26: Day | AA26: =Y26/Z26 -> #DIV/0! | AD26: =AA26*AC26 -> #DIV/0! | AE26: =AD26/AE$15 -> #DIV/0! | AG26: =AE26+AE27 -> #DIV/0! | AH26: =H26/$G26 -> #DIV/0! | AI26: =I26/$G26 -> #DIV/0! | AJ26: =J26/$G26 -> #DIV/0! | AK26: =K26/$G26 -> #DIV/0! | AL26: =L26/$G26 -> #DIV/0! | AM26: =M26/$G26 -> #DIV/0! | AN26: =N26/$G26 -> #DIV/0! | AO26: =O26/$G26 -> #DIV/0! | ... AU26: =U26/$G26 -> #DIV/0! | AW26: =AH26*$AE26 -> #DIV/0! | AX26: =AI26*$AE26 -> #DIV/0! | AY26: =AJ26*$AE26 -> #DIV/0! | AZ26: =AK26*$AE26 -> #DIV/0! | BA26: =AL26*$AE26 -> #DIV/0! | BB26: =AM26*$AE26 -> #DIV/0! | BC26: =AN26*$AE26 -> #DIV/0! | BD26: =AO26*$AE26 -> #DIV/0! | ... BJ26: =AU26*$AE26 -> #DIV/0! | BL26: =AW26+AW27 -> #DIV/0! | BM26: =AX26+AX27 -> #DIV/0! | BN26: =AY26+AY27 -> #DIV/0! | BO26: =AZ26+AZ27 -> #DIV/0! | BP26: =BA26+BA27 -> #DIV/0! | BQ26: =BB26+BB27 -> #DIV/0! | BR26: =BC26+BC27 -> #DIV/0! | BS26: =BD26+BD27 -> #DIV/0! | ... BX26: =BI26+BI27 -> #DIV/0! | CA26: 7 | CC26: =AVERAGE(AW26:AW34)*$CA26 -> #DIV/0! | CD26: =AVERAGE(AX26:AX34)*$CA26 -> #DIV/0! | CE26: =AVERAGE(AY26:AY34)*$CA26 -> #DIV/0! | CF26: =AVERAGE(AZ26:AZ34)*$CA26 -> #DIV/0! | CG26: =AVERAGE(BA26:BA34)*$CA26 -> #DIV/0! | CH26: =AVERAGE(BB26:BB34)*$CA26 -> #DIV/0! | CI26: =AVERAGE(BC26:BC34)*$CA26 -> #DIV/0! | CJ26: =AVERAGE(BD26:BD34)*$CA26 -> #DIV/0! | ... CP26: =AVERAGE(BJ26:BJ34)*$CA26 -> #DIV/0!
AA27: =Y27/Z27 -> #DIV/0! | AD27: =AA27*AC27 -> #DIV/0! | AE27: =AD27/AE$15 -> #DIV/0! | AH27: =AH26 -> #DIV/0! | AI27: =AI26 -> #DIV/0! | AJ27: =AJ26 -> #DIV/0! | AK27: =AK26 -> #DIV/0! | AL27: =AL26 -> #DIV/0! | AM27: =AM26 -> #DIV/0! | AN27: =AN26 -> #DIV/0! | AO27: =AO26 -> #DIV/0! | ... AU27: =AU26 -> #DIV/0! | AW27: =AH27*$AE27 -> #DIV/0! | AX27: =AI27*$AE27 -> #DIV/0! | AY27: =AJ27*$AE27 -> #DIV/0! | AZ27: =AK27*$AE27 -> #DIV/0! | BA27: =AL27*$AE27 -> #DIV/0! | BB27: =AM27*$AE27 -> #DIV/0! | BC27: =AN27*$AE27 -> #DIV/0! | BD27: =AO27*$AE27 -> #DIV/0! | ... BJ27: =AU27*$AE27 -> #DIV/0!
D28: Day | AA28: =Y28/Z28 -> #DIV/0! | AD28: =AA28*AC28 -> #DIV/0! | AE28: =AD28/AE$15 -> #DIV/0! | AG28: =AE28+AE29 -> #DIV/0! | AH28: =H28/$G28 -> #DIV/0! | AI28: =I28/$G28 -> #DIV/0! | AJ28: =J28/$G28 -> #DIV/0! | AK28: =K28/$G28 -> #DIV/0! | AL28: =L28/$G28 -> #DIV/0! | AM28: =M28/$G28 -> #DIV/0! | AN28: =N28/$G28 -> #DIV/0! | AO28: =O28/$G28 -> #DIV/0! | ... AU28: =U28/$G28 -> #DIV/0! | AW28: =AH28*$AE28 -> #DIV/0! | AX28: =AI28*$AE28 -> #DIV/0! | AY28: =AJ28*$AE28 -> #DIV/0! | AZ28: =AK28*$AE28 -> #DIV/0! | BA28: =AL28*$AE28 -> #DIV/0! | BB28: =AM28*$AE28 -> #DIV/0! | BC28: =AN28*$AE28 -> #DIV/0! | BD28: =AO28*$AE28 -> #DIV/0! | ... BJ28: =AU28*$AE28 -> #DIV/0! | BL28: =AW28+AW29 -> #DIV/0! | BM28: =AX28+AX29 -> #DIV/0! | BN28: =AY28+AY29 -> #DIV/0! | BO28: =AZ28+AZ29 -> #DIV/0! | BP28: =BA28+BA29 -> #DIV/0! | BQ28: =BB28+BB29 -> #DIV/0! | BR28: =BC28+BC29 -> #DIV/0! | BS28: =BD28+BD29 -> #DIV/0! | ... BX28: =BI28+BI29 -> #DIV/0!
AA29: =Y29/Z29 -> #DIV/0! | AD29: =AA29*AC29 -> #DIV/0! | AE29: =AD29/AE$15 -> #DIV/0! | AH29: =AH28 -> #DIV/0! | AI29: =AI28 -> #DIV/0! | AJ29: =AJ28 -> #DIV/0! | AK29: =AK28 -> #DIV/0! | AL29: =AL28 -> #DIV/0! | AM29: =AM28 -> #DIV/0! | AN29: =AN28 -> #DIV/0! | AO29: =AO28 -> #DIV/0! | ... AU29: =AU28 -> #DIV/0! | AW29: =AH29*$AE29 -> #DIV/0! | AX29: =AI29*$AE29 -> #DIV/0! | AY29: =AJ29*$AE29 -> #DIV/0! | AZ29: =AK29*$AE29 -> #DIV/0! | BA29: =AL29*$AE29 -> #DIV/0! | BB29: =AM29*$AE29 -> #DIV/0! | BC29: =AN29*$AE29 -> #DIV/0! | BD29: =AO29*$AE29 -> #DIV/0! | ... BJ29: =AU29*$AE29 -> #DIV/0!
D30: Day | AA30: =Y30/Z30 -> #DIV/0! | AD30: =AA30*AC30 -> #DIV/0! | AE30: =AD30/AE$15 -> #DIV/0! | AG30: =AE30+AE31 -> #DIV/0! | AH30: =H30/$G30 -> #DIV/0! | AI30: =I30/$G30 -> #DIV/0! | AJ30: =J30/$G30 -> #DIV/0! | AK30: =K30/$G30 -> #DIV/0! | AL30: =L30/$G30 -> #DIV/0! | AM30: =M30/$G30 -> #DIV/0! | AN30: =N30/$G30 -> #DIV/0! | AO30: =O30/$G30 -> #DIV/0! | ... AU30: =U30/$G30 -> #DIV/0! | AW30: =AH30*$AE30 -> #DIV/0! | AX30: =AI30*$AE30 -> #DIV/0! | AY30: =AJ30*$AE30 -> #DIV/0! | AZ30: =AK30*$AE30 -> #DIV/0! | BA30: =AL30*$AE30 -> #DIV/0! | BB30: =AM30*$AE30 -> #DIV/0! | BC30: =AN30*$AE30 -> #DIV/0! | BD30: =AO30*$AE30 -> #DIV/0! | ... BJ30: =AU30*$AE30 -> #DIV/0! | BL30: =AW30+AW31 -> #DIV/0! | BM30: =AX30+AX31 -> #DIV/0! | BN30: =AY30+AY31 -> #DIV/0! | BO30: =AZ30+AZ31 -> #DIV/0! | BP30: =BA30+BA31 -> #DIV/0! | BQ30: =BB30+BB31 -> #DIV/0! | BR30: =BC30+BC31 -> #DIV/0! | BS30: =BD30+BD31 -> #DIV/0! | ... BX30: =BI30+BI31 -> #DIV/0!
AA31: =Y31/Z31 -> #DIV/0! | AD31: =AA31*AC31 -> #DIV/0! | AE31: =AD31/AE$15 -> #DIV/0! | AH31: =AH30 -> #DIV/0! | AI31: =AI30 -> #DIV/0! | AJ31: =AJ30 -> #DIV/0! | AK31: =AK30 -> #DIV/0! | AL31: =AL30 -> #DIV/0! | AM31: =AM30 -> #DIV/0! | AN31: =AN30 -> #DIV/0! | AO31: =AO30 -> #DIV/0! | ... AU31: =AU30 -> #DIV/0! | AW31: =AH31*$AE31 -> #DIV/0! | AX31: =AI31*$AE31 -> #DIV/0! | AY31: =AJ31*$AE31 -> #DIV/0! | AZ31: =AK31*$AE31 -> #DIV/0! | BA31: =AL31*$AE31 -> #DIV/0! | BB31: =AM31*$AE31 -> #DIV/0! | BC31: =AN31*$AE31 -> #DIV/0! | BD31: =AO31*$AE31 -> #DIV/0! | ... BJ31: =AU31*$AE31 -> #DIV/0!
D32: End | AA32: =Y32/Z32 -> #DIV/0! | AD32: =AA32*AC32 -> #DIV/0! | AE32: =AD32/AE$15 -> #DIV/0! | AG32: =AE32+AE33 -> #DIV/0! | AH32: =H32/$G32 -> #DIV/0! | AI32: =I32/$G32 -> #DIV/0! | AJ32: =J32/$G32 -> #DIV/0! | AK32: =K32/$G32 -> #DIV/0! | AL32: =L32/$G32 -> #DIV/0! | AM32: =M32/$G32 -> #DIV/0! | AN32: =N32/$G32 -> #DIV/0! | AO32: =O32/$G32 -> #DIV/0! | ... AU32: =U32/$G32 -> #DIV/0! | AW32: =AH32*$AE32 -> #DIV/0! | AX32: =AI32*$AE32 -> #DIV/0! | AY32: =AJ32*$AE32 -> #DIV/0! | AZ32: =AK32*$AE32 -> #DIV/0! | BA32: =AL32*$AE32 -> #DIV/0! | BB32: =AM32*$AE32 -> #DIV/0! | BC32: =AN32*$AE32 -> #DIV/0! | BD32: =AO32*$AE32 -> #DIV/0! | ... BJ32: =AU32*$AE32 -> #DIV/0! | BL32: =AW32+AW33 -> #DIV/0! | BM32: =AX32+AX33 -> #DIV/0! | BN32: =AY32+AY33 -> #DIV/0! | BO32: =AZ32+AZ33 -> #DIV/0! | BP32: =BA32+BA33 -> #DIV/0! | BQ32: =BB32+BB33 -> #DIV/0! | BR32: =BC32+BC33 -> #DIV/0! | BS32: =BD32+BD33 -> #DIV/0! | ... BX32: =BI32+BI33 -> #DIV/0!
AA33: =Y33/Z33 -> #DIV/0! | AD33: =AA33*AC33 -> #DIV/0! | AE33: =AD33/AE$15 -> #DIV/0! | AH33: =AH32 -> #DIV/0! | AI33: =AI32 -> #DIV/0! | AJ33: =AJ32 -> #DIV/0! | AK33: =AK32 -> #DIV/0! | AL33: =AL32 -> #DIV/0! | AM33: =AM32 -> #DIV/0! | AN33: =AN32 -> #DIV/0! | AO33: =AO32 -> #DIV/0! | ... AU33: =AU32 -> #DIV/0! | AW33: =AH33*$AE33 -> #DIV/0! | AX33: =AI33*$AE33 -> #DIV/0! | AY33: =AJ33*$AE33 -> #DIV/0! | AZ33: =AK33*$AE33 -> #DIV/0! | BA33: =AL33*$AE33 -> #DIV/0! | BB33: =AM33*$AE33 -> #DIV/0! | BC33: =AN33*$AE33 -> #DIV/0! | BD33: =AO33*$AE33 -> #DIV/0! | ... BJ33: =AU33*$AE33 -> #DIV/0!
D34: End | AA34: =Y34/Z34 -> #DIV/0! | AD34: =AA34*AC34 -> #DIV/0! | AE34: =AD34/AE$15 -> #DIV/0! | AG34: =AE34+AE35 -> #DIV/0! | AH34: =H34/$G34 -> #DIV/0! | AI34: =I34/$G34 -> #DIV/0! | AJ34: =J34/$G34 -> #DIV/0! | AK34: =K34/$G34 -> #DIV/0! | AL34: =L34/$G34 -> #DIV/0! | AM34: =M34/$G34 -> #DIV/0! | AN34: =N34/$G34 -> #DIV/0! | AO34: =O34/$G34 -> #DIV/0! | ... AU34: =U34/$G34 -> #DIV/0! | AW34: =AH34*$AE34 -> #DIV/0! | AX34: =AI34*$AE34 -> #DIV/0! | AY34: =AJ34*$AE34 -> #DIV/0! | AZ34: =AK34*$AE34 -> #DIV/0! | BA34: =AL34*$AE34 -> #DIV/0! | BB34: =AM34*$AE34 -> #DIV/0! | BC34: =AN34*$AE34 -> #DIV/0! | BD34: =AO34*$AE34 -> #DIV/0! | ... BJ34: =AU34*$AE34 -> #DIV/0! | BL34: =AW34+AW35 -> #DIV/0! | BM34: =AX34+AX35 -> #DIV/0! | BN34: =AY34+AY35 -> #DIV/0! | BO34: =AZ34+AZ35 -> #DIV/0! | BP34: =BA34+BA35 -> #DIV/0! | BQ34: =BB34+BB35 -> #DIV/0! | BR34: =BC34+BC35 -> #DIV/0! | BS34: =BD34+BD35 -> #DIV/0! | ... BX34: =BI34+BI35 -> #DIV/0!
AA35: =Y35/Z35 -> #DIV/0! | AD35: =AA35*AC35 -> #DIV/0! | AE35: =AD35/AE$15 -> #DIV/0! | AH35: =AH34 -> #DIV/0! | AI35: =AI34 -> #DIV/0! | AJ35: =AJ34 -> #DIV/0! | AK35: =AK34 -> #DIV/0! | AL35: =AL34 -> #DIV/0! | AM35: =AM34 -> #DIV/0! | AN35: =AN34 -> #DIV/0! | AO35: =AO34 -> #DIV/0! | ... AU35: =AU34 -> #DIV/0! | AW35: =AH35*$AE35 -> #DIV/0! | AX35: =AI35*$AE35 -> #DIV/0! | AY35: =AJ35*$AE35 -> #DIV/0! | AZ35: =AK35*$AE35 -> #DIV/0! | BA35: =AL35*$AE35 -> #DIV/0! | BB35: =AM35*$AE35 -> #DIV/0! | BC35: =AN35*$AE35 -> #DIV/0! | BD35: =AO35*$AE35 -> #DIV/0! | ... BJ35: =AU35*$AE35 -> #DIV/0!
D36: Day | AA36: =Y36/Z36 -> #DIV/0! | AD36: =AA36*AC36 -> #DIV/0! | AE36: =AD36/AE$15 -> #DIV/0! | AG36: =AE36+AE37 -> #DIV/0! | AH36: =H36/$G36 -> #DIV/0! | AI36: =I36/$G36 -> #DIV/0! | AJ36: =J36/$G36 -> #DIV/0! | AK36: =K36/$G36 -> #DIV/0! | AL36: =L36/$G36 -> #DIV/0! | AM36: =M36/$G36 -> #DIV/0! | AN36: =N36/$G36 -> #DIV/0! | AO36: =O36/$G36 -> #DIV/0! | ... AU36: =U36/$G36 -> #DIV/0! | AW36: =AH36*$AE36 -> #DIV/0! | AX36: =AI36*$AE36 -> #DIV/0! | AY36: =AJ36*$AE36 -> #DIV/0! | AZ36: =AK36*$AE36 -> #DIV/0! | BA36: =AL36*$AE36 -> #DIV/0! | BB36: =AM36*$AE36 -> #DIV/0! | BC36: =AN36*$AE36 -> #DIV/0! | BD36: =AO36*$AE36 -> #DIV/0! | ... BJ36: =AU36*$AE36 -> #DIV/0! | BL36: =AW36+AW37 -> #DIV/0! | BM36: =AX36+AX37 -> #DIV/0! | BN36: =AY36+AY37 -> #DIV/0! | BO36: =AZ36+AZ37 -> #DIV/0! | BP36: =BA36+BA37 -> #DIV/0! | BQ36: =BB36+BB37 -> #DIV/0! | BR36: =BC36+BC37 -> #DIV/0! | BS36: =BD36+BD37 -> #DIV/0! | ... BX36: =BI36+BI37 -> #DIV/0! | CA36: 7 | CC36: =AVERAGE(AW36:AW44)*$CA36 -> #DIV/0! | CD36: =AVERAGE(AX36:AX44)*$CA36 -> #DIV/0! | CE36: =AVERAGE(AY36:AY44)*$CA36 -> #DIV/0! | CF36: =AVERAGE(AZ36:AZ44)*$CA36 -> #DIV/0! | CG36: =AVERAGE(BA36:BA44)*$CA36 -> #DIV/0! | CH36: =AVERAGE(BB36:BB44)*$CA36 -> #DIV/0! | CI36: =AVERAGE(BC36:BC44)*$CA36 -> #DIV/0! | CJ36: =AVERAGE(BD36:BD44)*$CA36 -> #DIV/0! | ... CP36: =AVERAGE(BJ36:BJ44)*$CA36 -> #DIV/0!
AA37: =Y37/Z37 -> #DIV/0! | AD37: =AA37*AC37 -> #DIV/0! | AE37: =AD37/AE$15 -> #DIV/0! | AH37: =AH36 -> #DIV/0! | AI37: =AI36 -> #DIV/0! | AJ37: =AJ36 -> #DIV/0! | AK37: =AK36 -> #DIV/0! | AL37: =AL36 -> #DIV/0! | AM37: =AM36 -> #DIV/0! | AN37: =AN36 -> #DIV/0! | AO37: =AO36 -> #DIV/0! | ... AU37: =AU36 -> #DIV/0! | AW37: =AH37*$AE37 -> #DIV/0! | AX37: =AI37*$AE37 -> #DIV/0! | AY37: =AJ37*$AE37 -> #DIV/0! | AZ37: =AK37*$AE37 -> #DIV/0! | BA37: =AL37*$AE37 -> #DIV/0! | BB37: =AM37*$AE37 -> #DIV/0! | BC37: =AN37*$AE37 -> #DIV/0! | BD37: =AO37*$AE37 -> #DIV/0! | ... BJ37: =AU37*$AE37 -> #DIV/0!
D38: Day | AA38: =Y38/Z38 -> #DIV/0! | AD38: =AA38*AC38 -> #DIV/0! | AE38: =AD38/AE$15 -> #DIV/0! | AG38: =AE38+AE39 -> #DIV/0! | AH38: =H38/$G38 -> #DIV/0! | AI38: =I38/$G38 -> #DIV/0! | AJ38: =J38/$G38 -> #DIV/0! | AK38: =K38/$G38 -> #DIV/0! | AL38: =L38/$G38 -> #DIV/0! | AM38: =M38/$G38 -> #DIV/0! | AN38: =N38/$G38 -> #DIV/0! | AO38: =O38/$G38 -> #DIV/0! | ... AU38: =U38/$G38 -> #DIV/0! | AW38: =AH38*$AE38 -> #DIV/0! | AX38: =AI38*$AE38 -> #DIV/0! | AY38: =AJ38*$AE38 -> #DIV/0! | AZ38: =AK38*$AE38 -> #DIV/0! | BA38: =AL38*$AE38 -> #DIV/0! | BB38: =AM38*$AE38 -> #DIV/0! | BC38: =AN38*$AE38 -> #DIV/0! | BD38: =AO38*$AE38 -> #DIV/0! | ... BJ38: =AU38*$AE38 -> #DIV/0! | BL38: =AW38+AW39 -> #DIV/0! | BM38: =AX38+AX39 -> #DIV/0! | BN38: =AY38+AY39 -> #DIV/0! | BO38: =AZ38+AZ39 -> #DIV/0! | BP38: =BA38+BA39 -> #DIV/0! | BQ38: =BB38+BB39 -> #DIV/0! | BR38: =BC38+BC39 -> #DIV/0! | BS38: =BD38+BD39 -> #DIV/0! | ... BX38: =BI38+BI39 -> #DIV/0!
AA39: =Y39/Z39 -> #DIV/0! | AD39: =AA39*AC39 -> #DIV/0! | AE39: =AD39/AE$15 -> #DIV/0! | AH39: =AH38 -> #DIV/0! | AI39: =AI38 -> #DIV/0! | AJ39: =AJ38 -> #DIV/0! | AK39: =AK38 -> #DIV/0! | AL39: =AL38 -> #DIV/0! | AM39: =AM38 -> #DIV/0! | AN39: =AN38 -> #DIV/0! | AO39: =AO38 -> #DIV/0! | ... AU39: =AU38 -> #DIV/0! | AW39: =AH39*$AE39 -> #DIV/0! | AX39: =AI39*$AE39 -> #DIV/0! | AY39: =AJ39*$AE39 -> #DIV/0! | AZ39: =AK39*$AE39 -> #DIV/0! | BA39: =AL39*$AE39 -> #DIV/0! | BB39: =AM39*$AE39 -> #DIV/0! | BC39: =AN39*$AE39 -> #DIV/0! | BD39: =AO39*$AE39 -> #DIV/0! | ... BJ39: =AU39*$AE39 -> #DIV/0!
D40: Day | AA40: =Y40/Z40 -> #DIV/0! | AD40: =AA40*AC40 -> #DIV/0! | AE40: =AD40/AE$15 -> #DIV/0! | AG40: =AE40+AE41 -> #DIV/0! | AH40: =H40/$G40 -> #DIV/0! | AI40: =I40/$G40 -> #DIV/0! | AJ40: =J40/$G40 -> #DIV/0! | AK40: =K40/$G40 -> #DIV/0! | AL40: =L40/$G40 -> #DIV/0! | AM40: =M40/$G40 -> #DIV/0! | AN40: =N40/$G40 -> #DIV/0! | AO40: =O40/$G40 -> #DIV/0! | ... AU40: =U40/$G40 -> #DIV/0! | AW40: =AH40*$AE40 -> #DIV/0! | AX40: =AI40*$AE40 -> #DIV/0! | AY40: =AJ40*$AE40 -> #DIV/0! | AZ40: =AK40*$AE40 -> #DIV/0! | BA40: =AL40*$AE40 -> #DIV/0! | BB40: =AM40*$AE40 -> #DIV/0! | BC40: =AN40*$AE40 -> #DIV/0! | BD40: =AO40*$AE40 -> #DIV/0! | ... BJ40: =AU40*$AE40 -> #DIV/0! | BL40: =AW40+AW41 -> #DIV/0! | BM40: =AX40+AX41 -> #DIV/0! | BN40: =AY40+AY41 -> #DIV/0! | BO40: =AZ40+AZ41 -> #DIV/0! | BP40: =BA40+BA41 -> #DIV/0! | BQ40: =BB40+BB41 -> #DIV/0! | BR40: =BC40+BC41 -> #DIV/0! | BS40: =BD40+BD41 -> #DIV/0! | ... BX40: =BI40+BI41 -> #DIV/0!
AA41: =Y41/Z41 -> #DIV/0! | AD41: =AA41*AC41 -> #DIV/0! | AE41: =AD41/AE$15 -> #DIV/0! | AH41: =AH40 -> #DIV/0! | AI41: =AI40 -> #DIV/0! | AJ41: =AJ40 -> #DIV/0! | AK41: =AK40 -> #DIV/0! | AL41: =AL40 -> #DIV/0! | AM41: =AM40 -> #DIV/0! | AN41: =AN40 -> #DIV/0! | AO41: =AO40 -> #DIV/0! | ... AU41: =AU40 -> #DIV/0! | AW41: =AH41*$AE41 -> #DIV/0! | AX41: =AI41*$AE41 -> #DIV/0! | AY41: =AJ41*$AE41 -> #DIV/0! | AZ41: =AK41*$AE41 -> #DIV/0! | BA41: =AL41*$AE41 -> #DIV/0! | BB41: =AM41*$AE41 -> #DIV/0! | BC41: =AN41*$AE41 -> #DIV/0! | BD41: =AO41*$AE41 -> #DIV/0! | ... BJ41: =AU41*$AE41 -> #DIV/0!
D42: End | AA42: =Y42/Z42 -> #DIV/0! | AD42: =AA42*AC42 -> #DIV/0! | AE42: =AD42/AE$15 -> #DIV/0! | AG42: =AE42+AE43 -> #DIV/0! | AH42: =H42/$G42 -> #DIV/0! | AI42: =I42/$G42 -> #DIV/0! | AJ42: =J42/$G42 -> #DIV/0! | AK42: =K42/$G42 -> #DIV/0! | AL42: =L42/$G42 -> #DIV/0! | AM42: =M42/$G42 -> #DIV/0! | AN42: =N42/$G42 -> #DIV/0! | AO42: =O42/$G42 -> #DIV/0! | ... AU42: =U42/$G42 -> #DIV/0! | AW42: =AH42*$AE42 -> #DIV/0! | AX42: =AI42*$AE42 -> #DIV/0! | AY42: =AJ42*$AE42 -> #DIV/0! | AZ42: =AK42*$AE42 -> #DIV/0! | BA42: =AL42*$AE42 -> #DIV/0! | BB42: =AM42*$AE42 -> #DIV/0! | BC42: =AN42*$AE42 -> #DIV/0! | BD42: =AO42*$AE42 -> #DIV/0! | ... BJ42: =AU42*$AE42 -> #DIV/0! | BL42: =AW42+AW43 -> #DIV/0! | BM42: =AX42+AX43 -> #DIV/0! | BN42: =AY42+AY43 -> #DIV/0! | BO42: =AZ42+AZ43 -> #DIV/0! | BP42: =BA42+BA43 -> #DIV/0! | BQ42: =BB42+BB43 -> #DIV/0! | BR42: =BC42+BC43 -> #DIV/0! | BS42: =BD42+BD43 -> #DIV/0! | ... BX42: =BI42+BI43 -> #DIV/0!
AA43: =Y43/Z43 -> #DIV/0! | AD43: =AA43*AC43 -> #DIV/0! | AE43: =AD43/AE$15 -> #DIV/0! | AH43: =AH42 -> #DIV/0! | AI43: =AI42 -> #DIV/0! | AJ43: =AJ42 -> #DIV/0! | AK43: =AK42 -> #DIV/0! | AL43: =AL42 -> #DIV/0! | AM43: =AM42 -> #DIV/0! | AN43: =AN42 -> #DIV/0! | AO43: =AO42 -> #DIV/0! | ... AU43: =AU42 -> #DIV/0! | AW43: =AH43*$AE43 -> #DIV/0! | AX43: =AI43*$AE43 -> #DIV/0! | AY43: =AJ43*$AE43 -> #DIV/0! | AZ43: =AK43*$AE43 -> #DIV/0! | BA43: =AL43*$AE43 -> #DIV/0! | BB43: =AM43*$AE43 -> #DIV/0! | BC43: =AN43*$AE43 -> #DIV/0! | BD43: =AO43*$AE43 -> #DIV/0! | ... BJ43: =AU43*$AE43 -> #DIV/0!
D44: End | AA44: =Y44/Z44 -> #DIV/0! | AD44: =AA44*AC44 -> #DIV/0! | AE44: =AD44/AE$15 -> #DIV/0! | AG44: =AE44+AE45 -> #DIV/0! | AH44: =H44/$G44 -> #DIV/0! | AI44: =I44/$G44 -> #DIV/0! | AJ44: =J44/$G44 -> #DIV/0! | AK44: =K44/$G44 -> #DIV/0! | AL44: =L44/$G44 -> #DIV/0! | AM44: =M44/$G44 -> #DIV/0! | AN44: =N44/$G44 -> #DIV/0! | AO44: =O44/$G44 -> #DIV/0! | ... AU44: =U44/$G44 -> #DIV/0! | AW44: =AH44*$AE44 -> #DIV/0! | AX44: =AI44*$AE44 -> #DIV/0! | AY44: =AJ44*$AE44 -> #DIV/0! | AZ44: =AK44*$AE44 -> #DIV/0! | BA44: =AL44*$AE44 -> #DIV/0! | BB44: =AM44*$AE44 -> #DIV/0! | BC44: =AN44*$AE44 -> #DIV/0! | BD44: =AO44*$AE44 -> #DIV/0! | ... BJ44: =AU44*$AE44 -> #DIV/0! | BL44: =AW44+AW45 -> #DIV/0! | BM44: =AX44+AX45 -> #DIV/0! | BN44: =AY44+AY45 -> #DIV/0! | BO44: =AZ44+AZ45 -> #DIV/0! | BP44: =BA44+BA45 -> #DIV/0! | BQ44: =BB44+BB45 -> #DIV/0! | BR44: =BC44+BC45 -> #DIV/0! | BS44: =BD44+BD45 -> #DIV/0! | ... BX44: =BI44+BI45 -> #DIV/0!
AA45: =Y45/Z45 -> #DIV/0! | AD45: =AA45*AC45 -> #DIV/0! | AE45: =AD45/AE$15 -> #DIV/0! | AH45: =AH44 -> #DIV/0! | AI45: =AI44 -> #DIV/0! | AJ45: =AJ44 -> #DIV/0! | AK45: =AK44 -> #DIV/0! | AL45: =AL44 -> #DIV/0! | AM45: =AM44 -> #DIV/0! | AN45: =AN44 -> #DIV/0! | AO45: =AO44 -> #DIV/0! | ... AU45: =AU44 -> #DIV/0! | AW45: =AH45*$AE45 -> #DIV/0! | AX45: =AI45*$AE45 -> #DIV/0! | AY45: =AJ45*$AE45 -> #DIV/0! | AZ45: =AK45*$AE45 -> #DIV/0! | BA45: =AL45*$AE45 -> #DIV/0! | BB45: =AM45*$AE45 -> #DIV/0! | BC45: =AN45*$AE45 -> #DIV/0! | BD45: =AO45*$AE45 -> #DIV/0! | ... BJ45: =AU45*$AE45 -> #DIV/0!
D46: Day | AA46: =Y46/Z46 -> #DIV/0! | AD46: =AA46*AC46 -> #DIV/0! | AE46: =AD46/AE$15 -> #DIV/0! | AG46: =AE46+AE47 -> #DIV/0! | AH46: =H46/$G46 -> #DIV/0! | AI46: =I46/$G46 -> #DIV/0! | AJ46: =J46/$G46 -> #DIV/0! | AK46: =K46/$G46 -> #DIV/0! | AL46: =L46/$G46 -> #DIV/0! | AM46: =M46/$G46 -> #DIV/0! | AN46: =N46/$G46 -> #DIV/0! | AO46: =O46/$G46 -> #DIV/0! | ... AU46: =U46/$G46 -> #DIV/0! | AW46: =AH46*$AE46 -> #DIV/0! | AX46: =AI46*$AE46 -> #DIV/0! | AY46: =AJ46*$AE46 -> #DIV/0! | AZ46: =AK46*$AE46 -> #DIV/0! | BA46: =AL46*$AE46 -> #DIV/0! | BB46: =AM46*$AE46 -> #DIV/0! | BC46: =AN46*$AE46 -> #DIV/0! | BD46: =AO46*$AE46 -> #DIV/0! | ... BJ46: =AU46*$AE46 -> #DIV/0! | BL46: =AW46+AW47 -> #DIV/0! | BM46: =AX46+AX47 -> #DIV/0! | BN46: =AY46+AY47 -> #DIV/0! | BO46: =AZ46+AZ47 -> #DIV/0! | BP46: =BA46+BA47 -> #DIV/0! | BQ46: =BB46+BB47 -> #DIV/0! | BR46: =BC46+BC47 -> #DIV/0! | BS46: =BD46+BD47 -> #DIV/0! | ... BX46: =BI46+BI47 -> #DIV/0! | CA46: 7 | CC46: =AVERAGE(AW46:AW54)*$CA46 -> #DIV/0! | CD46: =AVERAGE(AX46:AX54)*$CA46 -> #DIV/0! | CE46: =AVERAGE(AY46:AY54)*$CA46 -> #DIV/0! | CF46: =AVERAGE(AZ46:AZ54)*$CA46 -> #DIV/0! | CG46: =AVERAGE(BA46:BA54)*$CA46 -> #DIV/0! | CH46: =AVERAGE(BB46:BB54)*$CA46 -> #DIV/0! | CI46: =AVERAGE(BC46:BC54)*$CA46 -> #DIV/0! | CJ46: =AVERAGE(BD46:BD54)*$CA46 -> #DIV/0! | ... CP46: =AVERAGE(BJ46:BJ54)*$CA46 -> #DIV/0!
AA47: =Y47/Z47 -> #DIV/0! | AD47: =AA47*AC47 -> #DIV/0! | AE47: =AD47/AE$15 -> #DIV/0! | AH47: =AH46 -> #DIV/0! | AI47: =AI46 -> #DIV/0! | AJ47: =AJ46 -> #DIV/0! | AK47: =AK46 -> #DIV/0! | AL47: =AL46 -> #DIV/0! | AM47: =AM46 -> #DIV/0! | AN47: =AN46 -> #DIV/0! | AO47: =AO46 -> #DIV/0! | ... AU47: =AU46 -> #DIV/0! | AW47: =AH47*$AE47 -> #DIV/0! | AX47: =AI47*$AE47 -> #DIV/0! | AY47: =AJ47*$AE47 -> #DIV/0! | AZ47: =AK47*$AE47 -> #DIV/0! | BA47: =AL47*$AE47 -> #DIV/0! | BB47: =AM47*$AE47 -> #DIV/0! | BC47: =AN47*$AE47 -> #DIV/0! | BD47: =AO47*$AE47 -> #DIV/0! | ... BJ47: =AU47*$AE47 -> #DIV/0!
D48: Day | AA48: =Y48/Z48 -> #DIV/0! | AD48: =AA48*AC48 -> #DIV/0! | AE48: =AD48/AE$15 -> #DIV/0! | AG48: =AE48+AE49 -> #DIV/0! | AH48: =H48/$G48 -> #DIV/0! | AI48: =I48/$G48 -> #DIV/0! | AJ48: =J48/$G48 -> #DIV/0! | AK48: =K48/$G48 -> #DIV/0! | AL48: =L48/$G48 -> #DIV/0! | AM48: =M48/$G48 -> #DIV/0! | AN48: =N48/$G48 -> #DIV/0! | AO48: =O48/$G48 -> #DIV/0! | ... AU48: =U48/$G48 -> #DIV/0! | AW48: =AH48*$AE48 -> #DIV/0! | AX48: =AI48*$AE48 -> #DIV/0! | AY48: =AJ48*$AE48 -> #DIV/0! | AZ48: =AK48*$AE48 -> #DIV/0! | BA48: =AL48*$AE48 -> #DIV/0! | BB48: =AM48*$AE48 -> #DIV/0! | BC48: =AN48*$AE48 -> #DIV/0! | BD48: =AO48*$AE48 -> #DIV/0! | ... BJ48: =AU48*$AE48 -> #DIV/0! | BL48: =AW48+AW49 -> #DIV/0! | BM48: =AX48+AX49 -> #DIV/0! | BN48: =AY48+AY49 -> #DIV/0! | BO48: =AZ48+AZ49 -> #DIV/0! | BP48: =BA48+BA49 -> #DIV/0! | BQ48: =BB48+BB49 -> #DIV/0! | BR48: =BC48+BC49 -> #DIV/0! | BS48: =BD48+BD49 -> #DIV/0! | ... BX48: =BI48+BI49 -> #DIV/0!
AA49: =Y49/Z49 -> #DIV/0! | AD49: =AA49*AC49 -> #DIV/0! | AE49: =AD49/AE$15 -> #DIV/0! | AH49: =AH48 -> #DIV/0! | AI49: =AI48 -> #DIV/0! | AJ49: =AJ48 -> #DIV/0! | AK49: =AK48 -> #DIV/0! | AL49: =AL48 -> #DIV/0! | AM49: =AM48 -> #DIV/0! | AN49: =AN48 -> #DIV/0! | AO49: =AO48 -> #DIV/0! | ... AU49: =AU48 -> #DIV/0! | AW49: =AH49*$AE49 -> #DIV/0! | AX49: =AI49*$AE49 -> #DIV/0! | AY49: =AJ49*$AE49 -> #DIV/0! | AZ49: =AK49*$AE49 -> #DIV/0! | BA49: =AL49*$AE49 -> #DIV/0! | BB49: =AM49*$AE49 -> #DIV/0! | BC49: =AN49*$AE49 -> #DIV/0! | BD49: =AO49*$AE49 -> #DIV/0! | ... BJ49: =AU49*$AE49 -> #DIV/0!
D50: Day | AA50: =Y50/Z50 -> #DIV/0! | AD50: =AA50*AC50 -> #DIV/0! | AE50: =AD50/AE$15 -> #DIV/0! | AG50: =AE50+AE51 -> #DIV/0! | AH50: =H50/$G50 -> #DIV/0! | AI50: =I50/$G50 -> #DIV/0! | AJ50: =J50/$G50 -> #DIV/0! | AK50: =K50/$G50 -> #DIV/0! | AL50: =L50/$G50 -> #DIV/0! | AM50: =M50/$G50 -> #DIV/0! | AN50: =N50/$G50 -> #DIV/0! | AO50: =O50/$G50 -> #DIV/0! | ... AU50: =U50/$G50 -> #DIV/0! | AW50: =AH50*$AE50 -> #DIV/0! | AX50: =AI50*$AE50 -> #DIV/0! | AY50: =AJ50*$AE50 -> #DIV/0! | AZ50: =AK50*$AE50 -> #DIV/0! | BA50: =AL50*$AE50 -> #DIV/0! | BB50: =AM50*$AE50 -> #DIV/0! | BC50: =AN50*$AE50 -> #DIV/0! | BD50: =AO50*$AE50 -> #DIV/0! | ... BJ50: =AU50*$AE50 -> #DIV/0! | BL50: =AW50+AW51 -> #DIV/0! | BM50: =AX50+AX51 -> #DIV/0! | BN50: =AY50+AY51 -> #DIV/0! | BO50: =AZ50+AZ51 -> #DIV/0! | BP50: =BA50+BA51 -> #DIV/0! | BQ50: =BB50+BB51 -> #DIV/0! | BR50: =BC50+BC51 -> #DIV/0! | BS50: =BD50+BD51 -> #DIV/0! | ... BX50: =BI50+BI51 -> #DIV/0!
AA51: =Y51/Z51 -> #DIV/0! | AD51: =AA51*AC51 -> #DIV/0! | AE51: =AD51/AE$15 -> #DIV/0! | AH51: =AH50 -> #DIV/0! | AI51: =AI50 -> #DIV/0! | AJ51: =AJ50 -> #DIV/0! | AK51: =AK50 -> #DIV/0! | AL51: =AL50 -> #DIV/0! | AM51: =AM50 -> #DIV/0! | AN51: =AN50 -> #DIV/0! | AO51: =AO50 -> #DIV/0! | ... AU51: =AU50 -> #DIV/0! | AW51: =AH51*$AE51 -> #DIV/0! | AX51: =AI51*$AE51 -> #DIV/0! | AY51: =AJ51*$AE51 -> #DIV/0! | AZ51: =AK51*$AE51 -> #DIV/0! | BA51: =AL51*$AE51 -> #DIV/0! | BB51: =AM51*$AE51 -> #DIV/0! | BC51: =AN51*$AE51 -> #DIV/0! | BD51: =AO51*$AE51 -> #DIV/0! | ... BJ51: =AU51*$AE51 -> #DIV/0!
D52: End | AA52: =Y52/Z52 -> #DIV/0! | AD52: =AA52*AC52 -> #DIV/0! | AE52: =AD52/AE$15 -> #DIV/0! | AG52: =AE52+AE53 -> #DIV/0! | AH52: =H52/$G52 -> #DIV/0! | AI52: =I52/$G52 -> #DIV/0! | AJ52: =J52/$G52 -> #DIV/0! | AK52: =K52/$G52 -> #DIV/0! | AL52: =L52/$G52 -> #DIV/0! | AM52: =M52/$G52 -> #DIV/0! | AN52: =N52/$G52 -> #DIV/0! | AO52: =O52/$G52 -> #DIV/0! | ... AU52: =U52/$G52 -> #DIV/0! | AW52: =AH52*$AE52 -> #DIV/0! | AX52: =AI52*$AE52 -> #DIV/0! | AY52: =AJ52*$AE52 -> #DIV/0! | AZ52: =AK52*$AE52 -> #DIV/0! | BA52: =AL52*$AE52 -> #DIV/0! | BB52: =AM52*$AE52 -> #DIV/0! | BC52: =AN52*$AE52 -> #DIV/0! | BD52: =AO52*$AE52 -> #DIV/0! | ... BJ52: =AU52*$AE52 -> #DIV/0! | BL52: =AW52+AW53 -> #DIV/0! | BM52: =AX52+AX53 -> #DIV/0! | BN52: =AY52+AY53 -> #DIV/0! | BO52: =AZ52+AZ53 -> #DIV/0! | BP52: =BA52+BA53 -> #DIV/0! | BQ52: =BB52+BB53 -> #DIV/0! | BR52: =BC52+BC53 -> #DIV/0! | BS52: =BD52+BD53 -> #DIV/0! | ... BX52: =BI52+BI53 -> #DIV/0!
AA53: =Y53/Z53 -> #DIV/0! | AD53: =AA53*AC53 -> #DIV/0! | AE53: =AD53/AE$15 -> #DIV/0! | AH53: =AH52 -> #DIV/0! | AI53: =AI52 -> #DIV/0! | AJ53: =AJ52 -> #DIV/0! | AK53: =AK52 -> #DIV/0! | AL53: =AL52 -> #DIV/0! | AM53: =AM52 -> #DIV/0! | AN53: =AN52 -> #DIV/0! | AO53: =AO52 -> #DIV/0! | ... AU53: =AU52 -> #DIV/0! | AW53: =AH53*$AE53 -> #DIV/0! | AX53: =AI53*$AE53 -> #DIV/0! | AY53: =AJ53*$AE53 -> #DIV/0! | AZ53: =AK53*$AE53 -> #DIV/0! | BA53: =AL53*$AE53 -> #DIV/0! | BB53: =AM53*$AE53 -> #DIV/0! | BC53: =AN53*$AE53 -> #DIV/0! | BD53: =AO53*$AE53 -> #DIV/0! | ... BJ53: =AU53*$AE53 -> #DIV/0!
D54: End | AA54: =Y54/Z54 -> #DIV/0! | AD54: =AA54*AC54 -> #DIV/0! | AE54: =AD54/AE$15 -> #DIV/0! | AG54: =AE54+AE55 -> #DIV/0! | AH54: =H54/$G54 -> #DIV/0! | AI54: =I54/$G54 -> #DIV/0! | AJ54: =J54/$G54 -> #DIV/0! | AK54: =K54/$G54 -> #DIV/0! | AL54: =L54/$G54 -> #DIV/0! | AM54: =M54/$G54 -> #DIV/0! | AN54: =N54/$G54 -> #DIV/0! | AO54: =O54/$G54 -> #DIV/0! | ... AU54: =U54/$G54 -> #DIV/0! | AW54: =AH54*$AE54 -> #DIV/0! | AX54: =AI54*$AE54 -> #DIV/0! | AY54: =AJ54*$AE54 -> #DIV/0! | AZ54: =AK54*$AE54 -> #DIV/0! | BA54: =AL54*$AE54 -> #DIV/0! | BB54: =AM54*$AE54 -> #DIV/0! | BC54: =AN54*$AE54 -> #DIV/0! | BD54: =AO54*$AE54 -> #DIV/0! | ... BJ54: =AU54*$AE54 -> #DIV/0! | BL54: =AW54+AW55 -> #DIV/0! | BM54: =AX54+AX55 -> #DIV/0! | BN54: =AY54+AY55 -> #DIV/0! | BO54: =AZ54+AZ55 -> #DIV/0! | BP54: =BA54+BA55 -> #DIV/0! | BQ54: =BB54+BB55 -> #DIV/0! | BR54: =BC54+BC55 -> #DIV/0! | BS54: =BD54+BD55 -> #DIV/0! | ... BX54: =BI54+BI55 -> #DIV/0!
AA55: =Y55/Z55 -> #DIV/0! | AD55: =AA55*AC55 -> #DIV/0! | AE55: =AD55/AE$15 -> #DIV/0! | AH55: =AH54 -> #DIV/0! | AI55: =AI54 -> #DIV/0! | AJ55: =AJ54 -> #DIV/0! | AK55: =AK54 -> #DIV/0! | AL55: =AL54 -> #DIV/0! | AM55: =AM54 -> #DIV/0! | AN55: =AN54 -> #DIV/0! | AO55: =AO54 -> #DIV/0! | ... AU55: =AU54 -> #DIV/0! | AW55: =AH55*$AE55 -> #DIV/0! | AX55: =AI55*$AE55 -> #DIV/0! | AY55: =AJ55*$AE55 -> #DIV/0! | AZ55: =AK55*$AE55 -> #DIV/0! | BA55: =AL55*$AE55 -> #DIV/0! | BB55: =AM55*$AE55 -> #DIV/0! | BC55: =AN55*$AE55 -> #DIV/0! | BD55: =AO55*$AE55 -> #DIV/0! | ... BJ55: =AU55*$AE55 -> #DIV/0!
D56: Day | AA56: =Y56/Z56 -> #DIV/0! | AD56: =AA56*AC56 -> #DIV/0! | AE56: =AD56/AE$15 -> #DIV/0! | AG56: =AE56+AE57 -> #DIV/0! | AH56: =H56/$G56 -> #DIV/0! | AI56: =I56/$G56 -> #DIV/0! | AJ56: =J56/$G56 -> #DIV/0! | AK56: =K56/$G56 -> #DIV/0! | AL56: =L56/$G56 -> #DIV/0! | AM56: =M56/$G56 -> #DIV/0! | AN56: =N56/$G56 -> #DIV/0! | AO56: =O56/$G56 -> #DIV/0! | ... AU56: =U56/$G56 -> #DIV/0! | AW56: =AH56*$AE56 -> #DIV/0! | AX56: =AI56*$AE56 -> #DIV/0! | AY56: =AJ56*$AE56 -> #DIV/0! | AZ56: =AK56*$AE56 -> #DIV/0! | BA56: =AL56*$AE56 -> #DIV/0! | BB56: =AM56*$AE56 -> #DIV/0! | BC56: =AN56*$AE56 -> #DIV/0! | BD56: =AO56*$AE56 -> #DIV/0! | ... BJ56: =AU56*$AE56 -> #DIV/0! | BL56: =AW56+AW57 -> #DIV/0! | BM56: =AX56+AX57 -> #DIV/0! | BN56: =AY56+AY57 -> #DIV/0! | BO56: =AZ56+AZ57 -> #DIV/0! | BP56: =BA56+BA57 -> #DIV/0! | BQ56: =BB56+BB57 -> #DIV/0! | BR56: =BC56+BC57 -> #DIV/0! | BS56: =BD56+BD57 -> #DIV/0! | ... BX56: =BI56+BI57 -> #DIV/0! | CA56: 7 | CC56: =AVERAGE(AW56:AW64)*$CA56 -> #DIV/0! | CD56: =AVERAGE(AX56:AX64)*$CA56 -> #DIV/0! | CE56: =AVERAGE(AY56:AY64)*$CA56 -> #DIV/0! | CF56: =AVERAGE(AZ56:AZ64)*$CA56 -> #DIV/0! | CG56: =AVERAGE(BA56:BA64)*$CA56 -> #DIV/0! | CH56: =AVERAGE(BB56:BB64)*$CA56 -> #DIV/0! | CI56: =AVERAGE(BC56:BC64)*$CA56 -> #DIV/0! | CJ56: =AVERAGE(BD56:BD64)*$CA56 -> #DIV/0! | ... CP56: =AVERAGE(BJ56:BJ64)*$CA56 -> #DIV/0!
AA57: =Y57/Z57 -> #DIV/0! | AD57: =AA57*AC57 -> #DIV/0! | AE57: =AD57/AE$15 -> #DIV/0! | AH57: =AH56 -> #DIV/0! | AI57: =AI56 -> #DIV/0! | AJ57: =AJ56 -> #DIV/0! | AK57: =AK56 -> #DIV/0! | AL57: =AL56 -> #DIV/0! | AM57: =AM56 -> #DIV/0! | AN57: =AN56 -> #DIV/0! | AO57: =AO56 -> #DIV/0! | ... AU57: =AU56 -> #DIV/0! | AW57: =AH57*$AE57 -> #DIV/0! | AX57: =AI57*$AE57 -> #DIV/0! | AY57: =AJ57*$AE57 -> #DIV/0! | AZ57: =AK57*$AE57 -> #DIV/0! | BA57: =AL57*$AE57 -> #DIV/0! | BB57: =AM57*$AE57 -> #DIV/0! | BC57: =AN57*$AE57 -> #DIV/0! | BD57: =AO57*$AE57 -> #DIV/0! | ... BJ57: =AU57*$AE57 -> #DIV/0!
D58: Day | AA58: =Y58/Z58 -> #DIV/0! | AD58: =AA58*AC58 -> #DIV/0! | AE58: =AD58/AE$15 -> #DIV/0! | AG58: =AE58+AE59 -> #DIV/0! | AH58: =H58/$G58 -> #DIV/0! | AI58: =I58/$G58 -> #DIV/0! | AJ58: =J58/$G58 -> #DIV/0! | AK58: =K58/$G58 -> #DIV/0! | AL58: =L58/$G58 -> #DIV/0! | AM58: =M58/$G58 -> #DIV/0! | AN58: =N58/$G58 -> #DIV/0! | AO58: =O58/$G58 -> #DIV/0! | ... AU58: =U58/$G58 -> #DIV/0! | AW58: =AH58*$AE58 -> #DIV/0! | AX58: =AI58*$AE58 -> #DIV/0! | AY58: =AJ58*$AE58 -> #DIV/0! | AZ58: =AK58*$AE58 -> #DIV/0! | BA58: =AL58*$AE58 -> #DIV/0! | BB58: =AM58*$AE58 -> #DIV/0! | BC58: =AN58*$AE58 -> #DIV/0! | BD58: =AO58*$AE58 -> #DIV/0! | ... BJ58: =AU58*$AE58 -> #DIV/0! | BL58: =AW58+AW59 -> #DIV/0! | BM58: =AX58+AX59 -> #DIV/0! | BN58: =AY58+AY59 -> #DIV/0! | BO58: =AZ58+AZ59 -> #DIV/0! | BP58: =BA58+BA59 -> #DIV/0! | BQ58: =BB58+BB59 -> #DIV/0! | BR58: =BC58+BC59 -> #DIV/0! | BS58: =BD58+BD59 -> #DIV/0! | ... BX58: =BI58+BI59 -> #DIV/0!
AA59: =Y59/Z59 -> #DIV/0! | AD59: =AA59*AC59 -> #DIV/0! | AE59: =AD59/AE$15 -> #DIV/0! | AH59: =AH58 -> #DIV/0! | AI59: =AI58 -> #DIV/0! | AJ59: =AJ58 -> #DIV/0! | AK59: =AK58 -> #DIV/0! | AL59: =AL58 -> #DIV/0! | AM59: =AM58 -> #DIV/0! | AN59: =AN58 -> #DIV/0! | AO59: =AO58 -> #DIV/0! | ... AU59: =AU58 -> #DIV/0! | AW59: =AH59*$AE59 -> #DIV/0! | AX59: =AI59*$AE59 -> #DIV/0! | AY59: =AJ59*$AE59 -> #DIV/0! | AZ59: =AK59*$AE59 -> #DIV/0! | BA59: =AL59*$AE59 -> #DIV/0! | BB59: =AM59*$AE59 -> #DIV/0! | BC59: =AN59*$AE59 -> #DIV/0! | BD59: =AO59*$AE59 -> #DIV/0! | ... BJ59: =AU59*$AE59 -> #DIV/0!
D60: Day | AA60: =Y60/Z60 -> #DIV/0! | AD60: =AA60*AC60 -> #DIV/0! | AE60: =AD60/AE$15 -> #DIV/0! | AG60: =AE60+AE61 -> #DIV/0! | AH60: =H60/$G60 -> #DIV/0! | AI60: =I60/$G60 -> #DIV/0! | AJ60: =J60/$G60 -> #DIV/0! | AK60: =K60/$G60 -> #DIV/0! | AL60: =L60/$G60 -> #DIV/0! | AM60: =M60/$G60 -> #DIV/0! | AN60: =N60/$G60 -> #DIV/0! | AO60: =O60/$G60 -> #DIV/0! | ... AU60: =U60/$G60 -> #DIV/0! | AW60: =AH60*$AE60 -> #DIV/0! | AX60: =AI60*$AE60 -> #DIV/0! | AY60: =AJ60*$AE60 -> #DIV/0! | AZ60: =AK60*$AE60 -> #DIV/0! | BA60: =AL60*$AE60 -> #DIV/0! | BB60: =AM60*$AE60 -> #DIV/0! | BC60: =AN60*$AE60 -> #DIV/0! | BD60: =AO60*$AE60 -> #DIV/0! | ... BJ60: =AU60*$AE60 -> #DIV/0! | BL60: =AW60+AW61 -> #DIV/0! | BM60: =AX60+AX61 -> #DIV/0! | BN60: =AY60+AY61 -> #DIV/0! | BO60: =AZ60+AZ61 -> #DIV/0! | BP60: =BA60+BA61 -> #DIV/0! | BQ60: =BB60+BB61 -> #DIV/0! | BR60: =BC60+BC61 -> #DIV/0! | BS60: =BD60+BD61 -> #DIV/0! | ... BX60: =BI60+BI61 -> #DIV/0!
AA61: =Y61/Z61 -> #DIV/0! | AD61: =AA61*AC61 -> #DIV/0! | AE61: =AD61/AE$15 -> #DIV/0! | AH61: =AH60 -> #DIV/0! | AI61: =AI60 -> #DIV/0! | AJ61: =AJ60 -> #DIV/0! | AK61: =AK60 -> #DIV/0! | AL61: =AL60 -> #DIV/0! | AM61: =AM60 -> #DIV/0! | AN61: =AN60 -> #DIV/0! | AO61: =AO60 -> #DIV/0! | ... AU61: =AU60 -> #DIV/0! | AW61: =AH61*$AE61 -> #DIV/0! | AX61: =AI61*$AE61 -> #DIV/0! | AY61: =AJ61*$AE61 -> #DIV/0! | AZ61: =AK61*$AE61 -> #DIV/0! | BA61: =AL61*$AE61 -> #DIV/0! | BB61: =AM61*$AE61 -> #DIV/0! | BC61: =AN61*$AE61 -> #DIV/0! | BD61: =AO61*$AE61 -> #DIV/0! | ... BJ61: =AU61*$AE61 -> #DIV/0!
D62: End | AA62: =Y62/Z62 -> #DIV/0! | AD62: =AA62*AC62 -> #DIV/0! | AE62: =AD62/AE$15 -> #DIV/0! | AG62: =AE62+AE63 -> #DIV/0! | AH62: =H62/$G62 -> #DIV/0! | AI62: =I62/$G62 -> #DIV/0! | AJ62: =J62/$G62 -> #DIV/0! | AK62: =K62/$G62 -> #DIV/0! | AL62: =L62/$G62 -> #DIV/0! | AM62: =M62/$G62 -> #DIV/0! | AN62: =N62/$G62 -> #DIV/0! | AO62: =O62/$G62 -> #DIV/0! | ... AU62: =U62/$G62 -> #DIV/0! | AW62: =AH62*$AE62 -> #DIV/0! | AX62: =AI62*$AE62 -> #DIV/0! | AY62: =AJ62*$AE62 -> #DIV/0! | AZ62: =AK62*$AE62 -> #DIV/0! | BA62: =AL62*$AE62 -> #DIV/0! | BB62: =AM62*$AE62 -> #DIV/0! | BC62: =AN62*$AE62 -> #DIV/0! | BD62: =AO62*$AE62 -> #DIV/0! | ... BJ62: =AU62*$AE62 -> #DIV/0! | BL62: =AW62+AW63 -> #DIV/0! | BM62: =AX62+AX63 -> #DIV/0! | BN62: =AY62+AY63 -> #DIV/0! | BO62: =AZ62+AZ63 -> #DIV/0! | BP62: =BA62+BA63 -> #DIV/0! | BQ62: =BB62+BB63 -> #DIV/0! | BR62: =BC62+BC63 -> #DIV/0! | BS62: =BD62+BD63 -> #DIV/0! | ... BX62: =BI62+BI63 -> #DIV/0!
AA63: =Y63/Z63 -> #DIV/0! | AD63: =AA63*AC63 -> #DIV/0! | AE63: =AD63/AE$15 -> #DIV/0! | AH63: =AH62 -> #DIV/0! | AI63: =AI62 -> #DIV/0! | AJ63: =AJ62 -> #DIV/0! | AK63: =AK62 -> #DIV/0! | AL63: =AL62 -> #DIV/0! | AM63: =AM62 -> #DIV/0! | AN63: =AN62 -> #DIV/0! | AO63: =AO62 -> #DIV/0! | ... AU63: =AU62 -> #DIV/0! | AW63: =AH63*$AE63 -> #DIV/0! | AX63: =AI63*$AE63 -> #DIV/0! | AY63: =AJ63*$AE63 -> #DIV/0! | AZ63: =AK63*$AE63 -> #DIV/0! | BA63: =AL63*$AE63 -> #DIV/0! | BB63: =AM63*$AE63 -> #DIV/0! | BC63: =AN63*$AE63 -> #DIV/0! | BD63: =AO63*$AE63 -> #DIV/0! | ... BJ63: =AU63*$AE63 -> #DIV/0!
D64: End | AA64: =Y64/Z64 -> #DIV/0! | AD64: =AA64*AC64 -> #DIV/0! | AE64: =AD64/AE$15 -> #DIV/0! | AG64: =AE64+AE65 -> #DIV/0! | AH64: =H64/$G64 -> #DIV/0! | AI64: =I64/$G64 -> #DIV/0! | AJ64: =J64/$G64 -> #DIV/0! | AK64: =K64/$G64 -> #DIV/0! | AL64: =L64/$G64 -> #DIV/0! | AM64: =M64/$G64 -> #DIV/0! | AN64: =N64/$G64 -> #DIV/0! | AO64: =O64/$G64 -> #DIV/0! | ... AU64: =U64/$G64 -> #DIV/0! | AW64: =AH64*$AE64 -> #DIV/0! | AX64: =AI64*$AE64 -> #DIV/0! | AY64: =AJ64*$AE64 -> #DIV/0! | AZ64: =AK64*$AE64 -> #DIV/0! | BA64: =AL64*$AE64 -> #DIV/0! | BB64: =AM64*$AE64 -> #DIV/0! | BC64: =AN64*$AE64 -> #DIV/0! | BD64: =AO64*$AE64 -> #DIV/0! | ... BJ64: =AU64*$AE64 -> #DIV/0! | BL64: =AW64+AW65 -> #DIV/0! | BM64: =AX64+AX65 -> #DIV/0! | BN64: =AY64+AY65 -> #DIV/0! | BO64: =AZ64+AZ65 -> #DIV/0! | BP64: =BA64+BA65 -> #DIV/0! | BQ64: =BB64+BB65 -> #DIV/0! | BR64: =BC64+BC65 -> #DIV/0! | BS64: =BD64+BD65 -> #DIV/0! | ... BX64: =BI64+BI65 -> #DIV/0!
AA65: =Y65/Z65 -> #DIV/0! | AD65: =AA65*AC65 -> #DIV/0! | AE65: =AD65/AE$15 -> #DIV/0! | AH65: =AH64 -> #DIV/0! | AI65: =AI64 -> #DIV/0! | AJ65: =AJ64 -> #DIV/0! | AK65: =AK64 -> #DIV/0! | AL65: =AL64 -> #DIV/0! | AM65: =AM64 -> #DIV/0! | AN65: =AN64 -> #DIV/0! | AO65: =AO64 -> #DIV/0! | ... AU65: =AU64 -> #DIV/0! | AW65: =AH65*$AE65 -> #DIV/0! | AX65: =AI65*$AE65 -> #DIV/0! | AY65: =AJ65*$AE65 -> #DIV/0! | AZ65: =AK65*$AE65 -> #DIV/0! | BA65: =AL65*$AE65 -> #DIV/0! | BB65: =AM65*$AE65 -> #DIV/0! | BC65: =AN65*$AE65 -> #DIV/0! | BD65: =AO65*$AE65 -> #DIV/0! | ... BJ65: =AU65*$AE65 -> #DIV/0!
D66: Day | AA66: =Y66/Z66 -> #DIV/0! | AD66: =AA66*AC66 -> #DIV/0! | AE66: =AD66/AE$15 -> #DIV/0! | AG66: =AE66+AE67 -> #DIV/0! | AH66: =H66/$G66 -> #DIV/0! | AI66: =I66/$G66 -> #DIV/0! | AJ66: =J66/$G66 -> #DIV/0! | AK66: =K66/$G66 -> #DIV/0! | AL66: =L66/$G66 -> #DIV/0! | AM66: =M66/$G66 -> #DIV/0! | AN66: =N66/$G66 -> #DIV/0! | AO66: =O66/$G66 -> #DIV/0! | ... AU66: =U66/$G66 -> #DIV/0! | AW66: =AH66*$AE66 -> #DIV/0! | AX66: =AI66*$AE66 -> #DIV/0! | AY66: =AJ66*$AE66 -> #DIV/0! | AZ66: =AK66*$AE66 -> #DIV/0! | BA66: =AL66*$AE66 -> #DIV/0! | BB66: =AM66*$AE66 -> #DIV/0! | BC66: =AN66*$AE66 -> #DIV/0! | BD66: =AO66*$AE66 -> #DIV/0! | ... BJ66: =AU66*$AE66 -> #DIV/0! | BL66: =AW66+AW67 -> #DIV/0! | BM66: =AX66+AX67 -> #DIV/0! | BN66: =AY66+AY67 -> #DIV/0! | BO66: =AZ66+AZ67 -> #DIV/0! | BP66: =BA66+BA67 -> #DIV/0! | BQ66: =BB66+BB67 -> #DIV/0! | BR66: =BC66+BC67 -> #DIV/0! | BS66: =BD66+BD67 -> #DIV/0! | ... BX66: =BI66+BI67 -> #DIV/0! | CA66: 7 | CC66: =AVERAGE(AW66:AW74)*$CA66 -> #DIV/0! | CD66: =AVERAGE(AX66:AX74)*$CA66 -> #DIV/0! | CE66: =AVERAGE(AY66:AY74)*$CA66 -> #DIV/0! | CF66: =AVERAGE(AZ66:AZ74)*$CA66 -> #DIV/0! | CG66: =AVERAGE(BA66:BA74)*$CA66 -> #DIV/0! | CH66: =AVERAGE(BB66:BB74)*$CA66 -> #DIV/0! | CI66: =AVERAGE(BC66:BC74)*$CA66 -> #DIV/0! | CJ66: =AVERAGE(BD66:BD74)*$CA66 -> #DIV/0! | ... CP66: =AVERAGE(BJ66:BJ74)*$CA66 -> #DIV/0!
AA67: =Y67/Z67 -> #DIV/0! | AD67: =AA67*AC67 -> #DIV/0! | AE67: =AD67/AE$15 -> #DIV/0! | AH67: =AH66 -> #DIV/0! | AI67: =AI66 -> #DIV/0! | AJ67: =AJ66 -> #DIV/0! | AK67: =AK66 -> #DIV/0! | AL67: =AL66 -> #DIV/0! | AM67: =AM66 -> #DIV/0! | AN67: =AN66 -> #DIV/0! | AO67: =AO66 -> #DIV/0! | ... AU67: =AU66 -> #DIV/0! | AW67: =AH67*$AE67 -> #DIV/0! | AX67: =AI67*$AE67 -> #DIV/0! | AY67: =AJ67*$AE67 -> #DIV/0! | AZ67: =AK67*$AE67 -> #DIV/0! | BA67: =AL67*$AE67 -> #DIV/0! | BB67: =AM67*$AE67 -> #DIV/0! | BC67: =AN67*$AE67 -> #DIV/0! | BD67: =AO67*$AE67 -> #DIV/0! | ... BJ67: =AU67*$AE67 -> #DIV/0!
D68: Day | AA68: =Y68/Z68 -> #DIV/0! | AD68: =AA68*AC68 -> #DIV/0! | AE68: =AD68/AE$15 -> #DIV/0! | AG68: =AE68+AE69 -> #DIV/0! | AH68: =H68/$G68 -> #DIV/0! | AI68: =I68/$G68 -> #DIV/0! | AJ68: =J68/$G68 -> #DIV/0! | AK68: =K68/$G68 -> #DIV/0! | AL68: =L68/$G68 -> #DIV/0! | AM68: =M68/$G68 -> #DIV/0! | AN68: =N68/$G68 -> #DIV/0! | AO68: =O68/$G68 -> #DIV/0! | ... AU68: =U68/$G68 -> #DIV/0! | AW68: =AH68*$AE68 -> #DIV/0! | AX68: =AI68*$AE68 -> #DIV/0! | AY68: =AJ68*$AE68 -> #DIV/0! | AZ68: =AK68*$AE68 -> #DIV/0! | BA68: =AL68*$AE68 -> #DIV/0! | BB68: =AM68*$AE68 -> #DIV/0! | BC68: =AN68*$AE68 -> #DIV/0! | BD68: =AO68*$AE68 -> #DIV/0! | ... BJ68: =AU68*$AE68 -> #DIV/0! | BL68: =AW68+AW69 -> #DIV/0! | BM68: =AX68+AX69 -> #DIV/0! | BN68: =AY68+AY69 -> #DIV/0! | BO68: =AZ68+AZ69 -> #DIV/0! | BP68: =BA68+BA69 -> #DIV/0! | BQ68: =BB68+BB69 -> #DIV/0! | BR68: =BC68+BC69 -> #DIV/0! | BS68: =BD68+BD69 -> #DIV/0! | ... BX68: =BI68+BI69 -> #DIV/0!
AA69: =Y69/Z69 -> #DIV/0! | AD69: =AA69*AC69 -> #DIV/0! | AE69: =AD69/AE$15 -> #DIV/0! | AH69: =AH68 -> #DIV/0! | AI69: =AI68 -> #DIV/0! | AJ69: =AJ68 -> #DIV/0! | AK69: =AK68 -> #DIV/0! | AL69: =AL68 -> #DIV/0! | AM69: =AM68 -> #DIV/0! | AN69: =AN68 -> #DIV/0! | AO69: =AO68 -> #DIV/0! | ... AU69: =AU68 -> #DIV/0! | AW69: =AH69*$AE69 -> #DIV/0! | AX69: =AI69*$AE69 -> #DIV/0! | AY69: =AJ69*$AE69 -> #DIV/0! | AZ69: =AK69*$AE69 -> #DIV/0! | BA69: =AL69*$AE69 -> #DIV/0! | BB69: =AM69*$AE69 -> #DIV/0! | BC69: =AN69*$AE69 -> #DIV/0! | BD69: =AO69*$AE69 -> #DIV/0! | ... BJ69: =AU69*$AE69 -> #DIV/0!
D70: Day | AA70: =Y70/Z70 -> #DIV/0! | AD70: =AA70*AC70 -> #DIV/0! | AE70: =AD70/AE$15 -> #DIV/0! | AG70: =AE70+AE71 -> #DIV/0! | AH70: =H70/$G70 -> #DIV/0! | AI70: =I70/$G70 -> #DIV/0! | AJ70: =J70/$G70 -> #DIV/0! | AK70: =K70/$G70 -> #DIV/0! | AL70: =L70/$G70 -> #DIV/0! | AM70: =M70/$G70 -> #DIV/0! | AN70: =N70/$G70 -> #DIV/0! | AO70: =O70/$G70 -> #DIV/0! | ... AU70: =U70/$G70 -> #DIV/0! | AW70: =AH70*$AE70 -> #DIV/0! | AX70: =AI70*$AE70 -> #DIV/0! | AY70: =AJ70*$AE70 -> #DIV/0! | AZ70: =AK70*$AE70 -> #DIV/0! | BA70: =AL70*$AE70 -> #DIV/0! | BB70: =AM70*$AE70 -> #DIV/0! | BC70: =AN70*$AE70 -> #DIV/0! | BD70: =AO70*$AE70 -> #DIV/0! | ... BJ70: =AU70*$AE70 -> #DIV/0! | BL70: =AW70+AW71 -> #DIV/0! | BM70: =AX70+AX71 -> #DIV/0! | BN70: =AY70+AY71 -> #DIV/0! | BO70: =AZ70+AZ71 -> #DIV/0! | BP70: =BA70+BA71 -> #DIV/0! | BQ70: =BB70+BB71 -> #DIV/0! | BR70: =BC70+BC71 -> #DIV/0! | BS70: =BD70+BD71 -> #DIV/0! | ... BX70: =BI70+BI71 -> #DIV/0!
AA71: =Y71/Z71 -> #DIV/0! | AD71: =AA71*AC71 -> #DIV/0! | AE71: =AD71/AE$15 -> #DIV/0! | AH71: =AH70 -> #DIV/0! | AI71: =AI70 -> #DIV/0! | AJ71: =AJ70 -> #DIV/0! | AK71: =AK70 -> #DIV/0! | AL71: =AL70 -> #DIV/0! | AM71: =AM70 -> #DIV/0! | AN71: =AN70 -> #DIV/0! | AO71: =AO70 -> #DIV/0! | ... AU71: =AU70 -> #DIV/0! | AW71: =AH71*$AE71 -> #DIV/0! | AX71: =AI71*$AE71 -> #DIV/0! | AY71: =AJ71*$AE71 -> #DIV/0! | AZ71: =AK71*$AE71 -> #DIV/0! | BA71: =AL71*$AE71 -> #DIV/0! | BB71: =AM71*$AE71 -> #DIV/0! | BC71: =AN71*$AE71 -> #DIV/0! | BD71: =AO71*$AE71 -> #DIV/0! | ... BJ71: =AU71*$AE71 -> #DIV/0!
D72: End | AA72: =Y72/Z72 -> #DIV/0! | AD72: =AA72*AC72 -> #DIV/0! | AE72: =AD72/AE$15 -> #DIV/0! | AG72: =AE72+AE73 -> #DIV/0! | AH72: =H72/$G72 -> #DIV/0! | AI72: =I72/$G72 -> #DIV/0! | AJ72: =J72/$G72 -> #DIV/0! | AK72: =K72/$G72 -> #DIV/0! | AL72: =L72/$G72 -> #DIV/0! | AM72: =M72/$G72 -> #DIV/0! | AN72: =N72/$G72 -> #DIV/0! | AO72: =O72/$G72 -> #DIV/0! | ... AU72: =U72/$G72 -> #DIV/0! | AW72: =AH72*$AE72 -> #DIV/0! | AX72: =AI72*$AE72 -> #DIV/0! | AY72: =AJ72*$AE72 -> #DIV/0! | AZ72: =AK72*$AE72 -> #DIV/0! | BA72: =AL72*$AE72 -> #DIV/0! | BB72: =AM72*$AE72 -> #DIV/0! | BC72: =AN72*$AE72 -> #DIV/0! | BD72: =AO72*$AE72 -> #DIV/0! | ... BJ72: =AU72*$AE72 -> #DIV/0! | BL72: =AW72+AW73 -> #DIV/0! | BM72: =AX72+AX73 -> #DIV/0! | BN72: =AY72+AY73 -> #DIV/0! | BO72: =AZ72+AZ73 -> #DIV/0! | BP72: =BA72+BA73 -> #DIV/0! | BQ72: =BB72+BB73 -> #DIV/0! | BR72: =BC72+BC73 -> #DIV/0! | BS72: =BD72+BD73 -> #DIV/0! | ... BX72: =BI72+BI73 -> #DIV/0!
AA73: =Y73/Z73 -> #DIV/0! | AD73: =AA73*AC73 -> #DIV/0! | AE73: =AD73/AE$15 -> #DIV/0! | AH73: =AH72 -> #DIV/0! | AI73: =AI72 -> #DIV/0! | AJ73: =AJ72 -> #DIV/0! | AK73: =AK72 -> #DIV/0! | AL73: =AL72 -> #DIV/0! | AM73: =AM72 -> #DIV/0! | AN73: =AN72 -> #DIV/0! | AO73: =AO72 -> #DIV/0! | ... AU73: =AU72 -> #DIV/0! | AW73: =AH73*$AE73 -> #DIV/0! | AX73: =AI73*$AE73 -> #DIV/0! | AY73: =AJ73*$AE73 -> #DIV/0! | AZ73: =AK73*$AE73 -> #DIV/0! | BA73: =AL73*$AE73 -> #DIV/0! | BB73: =AM73*$AE73 -> #DIV/0! | BC73: =AN73*$AE73 -> #DIV/0! | BD73: =AO73*$AE73 -> #DIV/0! | ... BJ73: =AU73*$AE73 -> #DIV/0!
D74: End | AA74: =Y74/Z74 -> #DIV/0! | AD74: =AA74*AC74 -> #DIV/0! | AE74: =AD74/AE$15 -> #DIV/0! | AG74: =AE74+AE75 -> #DIV/0! | AH74: =H74/$G74 -> #DIV/0! | AI74: =I74/$G74 -> #DIV/0! | AJ74: =J74/$G74 -> #DIV/0! | AK74: =K74/$G74 -> #DIV/0! | AL74: =L74/$G74 -> #DIV/0! | AM74: =M74/$G74 -> #DIV/0! | AN74: =N74/$G74 -> #DIV/0! | AO74: =O74/$G74 -> #DIV/0! | ... AU74: =U74/$G74 -> #DIV/0! | AW74: =AH74*$AE74 -> #DIV/0! | AX74: =AI74*$AE74 -> #DIV/0! | AY74: =AJ74*$AE74 -> #DIV/0! | AZ74: =AK74*$AE74 -> #DIV/0! | BA74: =AL74*$AE74 -> #DIV/0! | BB74: =AM74*$AE74 -> #DIV/0! | BC74: =AN74*$AE74 -> #DIV/0! | BD74: =AO74*$AE74 -> #DIV/0! | ... BJ74: =AU74*$AE74 -> #DIV/0! | BL74: =AW74+AW75 -> #DIV/0! | BM74: =AX74+AX75 -> #DIV/0! | BN74: =AY74+AY75 -> #DIV/0! | BO74: =AZ74+AZ75 -> #DIV/0! | BP74: =BA74+BA75 -> #DIV/0! | BQ74: =BB74+BB75 -> #DIV/0! | BR74: =BC74+BC75 -> #DIV/0! | BS74: =BD74+BD75 -> #DIV/0! | ... BX74: =BI74+BI75 -> #DIV/0!
AA75: =Y75/Z75 -> #DIV/0! | AD75: =AA75*AC75 -> #DIV/0! | AE75: =AD75/AE$15 -> #DIV/0! | AH75: =AH74 -> #DIV/0! | AI75: =AI74 -> #DIV/0! | AJ75: =AJ74 -> #DIV/0! | AK75: =AK74 -> #DIV/0! | AL75: =AL74 -> #DIV/0! | AM75: =AM74 -> #DIV/0! | AN75: =AN74 -> #DIV/0! | AO75: =AO74 -> #DIV/0! | ... AU75: =AU74 -> #DIV/0! | AW75: =AH75*$AE75 -> #DIV/0! | AX75: =AI75*$AE75 -> #DIV/0! | AY75: =AJ75*$AE75 -> #DIV/0! | AZ75: =AK75*$AE75 -> #DIV/0! | BA75: =AL75*$AE75 -> #DIV/0! | BB75: =AM75*$AE75 -> #DIV/0! | BC75: =AN75*$AE75 -> #DIV/0! | BD75: =AO75*$AE75 -> #DIV/0! | ... BJ75: =AU75*$AE75 -> #DIV/0!
D76: Day | AA76: =Y76/Z76 -> #DIV/0! | AD76: =AA76*AC76 -> #DIV/0! | AE76: =AD76/AE$15 -> #DIV/0! | AG76: =AE76+AE77 -> #DIV/0! | AH76: =H76/$G76 -> #DIV/0! | AI76: =I76/$G76 -> #DIV/0! | AJ76: =J76/$G76 -> #DIV/0! | AK76: =K76/$G76 -> #DIV/0! | AL76: =L76/$G76 -> #DIV/0! | AM76: =M76/$G76 -> #DIV/0! | AN76: =N76/$G76 -> #DIV/0! | AO76: =O76/$G76 -> #DIV/0! | ... AU76: =U76/$G76 -> #DIV/0! | AW76: =AH76*$AE76 -> #DIV/0! | AX76: =AI76*$AE76 -> #DIV/0! | AY76: =AJ76*$AE76 -> #DIV/0! | AZ76: =AK76*$AE76 -> #DIV/0! | BA76: =AL76*$AE76 -> #DIV/0! | BB76: =AM76*$AE76 -> #DIV/0! | BC76: =AN76*$AE76 -> #DIV/0! | BD76: =AO76*$AE76 -> #DIV/0! | ... BJ76: =AU76*$AE76 -> #DIV/0! | BL76: =AW76+AW77 -> #DIV/0! | BM76: =AX76+AX77 -> #DIV/0! | BN76: =AY76+AY77 -> #DIV/0! | BO76: =AZ76+AZ77 -> #DIV/0! | BP76: =BA76+BA77 -> #DIV/0! | BQ76: =BB76+BB77 -> #DIV/0! | BR76: =BC76+BC77 -> #DIV/0! | BS76: =BD76+BD77 -> #DIV/0! | ... BX76: =BI76+BI77 -> #DIV/0! | CA76: 7 | CC76: =AVERAGE(AW76:AW84)*$CA76 -> #DIV/0! | CD76: =AVERAGE(AX76:AX84)*$CA76 -> #DIV/0! | CE76: =AVERAGE(AY76:AY84)*$CA76 -> #DIV/0! | CF76: =AVERAGE(AZ76:AZ84)*$CA76 -> #DIV/0! | CG76: =AVERAGE(BA76:BA84)*$CA76 -> #DIV/0! | CH76: =AVERAGE(BB76:BB84)*$CA76 -> #DIV/0! | CI76: =AVERAGE(BC76:BC84)*$CA76 -> #DIV/0! | CJ76: =AVERAGE(BD76:BD84)*$CA76 -> #DIV/0! | ... CP76: =AVERAGE(BJ76:BJ84)*$CA76 -> #DIV/0!
AA77: =Y77/Z77 -> #DIV/0! | AD77: =AA77*AC77 -> #DIV/0! | AE77: =AD77/AE$15 -> #DIV/0! | AH77: =AH76 -> #DIV/0! | AI77: =AI76 -> #DIV/0! | AJ77: =AJ76 -> #DIV/0! | AK77: =AK76 -> #DIV/0! | AL77: =AL76 -> #DIV/0! | AM77: =AM76 -> #DIV/0! | AN77: =AN76 -> #DIV/0! | AO77: =AO76 -> #DIV/0! | ... AU77: =AU76 -> #DIV/0! | AW77: =AH77*$AE77 -> #DIV/0! | AX77: =AI77*$AE77 -> #DIV/0! | AY77: =AJ77*$AE77 -> #DIV/0! | AZ77: =AK77*$AE77 -> #DIV/0! | BA77: =AL77*$AE77 -> #DIV/0! | BB77: =AM77*$AE77 -> #DIV/0! | BC77: =AN77*$AE77 -> #DIV/0! | BD77: =AO77*$AE77 -> #DIV/0! | ... BJ77: =AU77*$AE77 -> #DIV/0!
D78: Day | AA78: =Y78/Z78 -> #DIV/0! | AD78: =AA78*AC78 -> #DIV/0! | AE78: =AD78/AE$15 -> #DIV/0! | AG78: =AE78+AE79 -> #DIV/0! | AH78: =H78/$G78 -> #DIV/0! | AI78: =I78/$G78 -> #DIV/0! | AJ78: =J78/$G78 -> #DIV/0! | AK78: =K78/$G78 -> #DIV/0! | AL78: =L78/$G78 -> #DIV/0! | AM78: =M78/$G78 -> #DIV/0! | AN78: =N78/$G78 -> #DIV/0! | AO78: =O78/$G78 -> #DIV/0! | ... AU78: =U78/$G78 -> #DIV/0! | AW78: =AH78*$AE78 -> #DIV/0! | AX78: =AI78*$AE78 -> #DIV/0! | AY78: =AJ78*$AE78 -> #DIV/0! | AZ78: =AK78*$AE78 -> #DIV/0! | BA78: =AL78*$AE78 -> #DIV/0! | BB78: =AM78*$AE78 -> #DIV/0! | BC78: =AN78*$AE78 -> #DIV/0! | BD78: =AO78*$AE78 -> #DIV/0! | ... BJ78: =AU78*$AE78 -> #DIV/0! | BL78: =AW78+AW79 -> #DIV/0! | BM78: =AX78+AX79 -> #DIV/0! | BN78: =AY78+AY79 -> #DIV/0! | BO78: =AZ78+AZ79 -> #DIV/0! | BP78: =BA78+BA79 -> #DIV/0! | BQ78: =BB78+BB79 -> #DIV/0! | BR78: =BC78+BC79 -> #DIV/0! | BS78: =BD78+BD79 -> #DIV/0! | ... BX78: =BI78+BI79 -> #DIV/0!
AA79: =Y79/Z79 -> #DIV/0! | AD79: =AA79*AC79 -> #DIV/0! | AE79: =AD79/AE$15 -> #DIV/0! | AH79: =AH78 -> #DIV/0! | AI79: =AI78 -> #DIV/0! | AJ79: =AJ78 -> #DIV/0! | AK79: =AK78 -> #DIV/0! | AL79: =AL78 -> #DIV/0! | AM79: =AM78 -> #DIV/0! | AN79: =AN78 -> #DIV/0! | AO79: =AO78 -> #DIV/0! | ... AU79: =AU78 -> #DIV/0! | AW79: =AH79*$AE79 -> #DIV/0! | AX79: =AI79*$AE79 -> #DIV/0! | AY79: =AJ79*$AE79 -> #DIV/0! | AZ79: =AK79*$AE79 -> #DIV/0! | BA79: =AL79*$AE79 -> #DIV/0! | BB79: =AM79*$AE79 -> #DIV/0! | BC79: =AN79*$AE79 -> #DIV/0! | BD79: =AO79*$AE79 -> #DIV/0! | ... BJ79: =AU79*$AE79 -> #DIV/0!
D80: Day | AA80: =Y80/Z80 -> #DIV/0! | AD80: =AA80*AC80 -> #DIV/0! | AE80: =AD80/AE$15 -> #DIV/0! | AG80: =AE80+AE81 -> #DIV/0! | AH80: =H80/$G80 -> #DIV/0! | AI80: =I80/$G80 -> #DIV/0! | AJ80: =J80/$G80 -> #DIV/0! | AK80: =K80/$G80 -> #DIV/0! | AL80: =L80/$G80 -> #DIV/0! | AM80: =M80/$G80 -> #DIV/0! | AN80: =N80/$G80 -> #DIV/0! | AO80: =O80/$G80 -> #DIV/0! | ... AU80: =U80/$G80 -> #DIV/0! | AW80: =AH80*$AE80 -> #DIV/0! | AX80: =AI80*$AE80 -> #DIV/0! | AY80: =AJ80*$AE80 -> #DIV/0! | AZ80: =AK80*$AE80 -> #DIV/0! | BA80: =AL80*$AE80 -> #DIV/0! | BB80: =AM80*$AE80 -> #DIV/0! | BC80: =AN80*$AE80 -> #DIV/0! | BD80: =AO80*$AE80 -> #DIV/0! | ... BJ80: =AU80*$AE80 -> #DIV/0! | BL80: =AW80+AW81 -> #DIV/0! | BM80: =AX80+AX81 -> #DIV/0! | BN80: =AY80+AY81 -> #DIV/0! | BO80: =AZ80+AZ81 -> #DIV/0! | BP80: =BA80+BA81 -> #DIV/0! | BQ80: =BB80+BB81 -> #DIV/0! | BR80: =BC80+BC81 -> #DIV/0! | BS80: =BD80+BD81 -> #DIV/0! | ... BX80: =BI80+BI81 -> #DIV/0!
AA81: =Y81/Z81 -> #DIV/0! | AD81: =AA81*AC81 -> #DIV/0! | AE81: =AD81/AE$15 -> #DIV/0! | AH81: =AH80 -> #DIV/0! | AI81: =AI80 -> #DIV/0! | AJ81: =AJ80 -> #DIV/0! | AK81: =AK80 -> #DIV/0! | AL81: =AL80 -> #DIV/0! | AM81: =AM80 -> #DIV/0! | AN81: =AN80 -> #DIV/0! | AO81: =AO80 -> #DIV/0! | ... AU81: =AU80 -> #DIV/0! | AW81: =AH81*$AE81 -> #DIV/0! | AX81: =AI81*$AE81 -> #DIV/0! | AY81: =AJ81*$AE81 -> #DIV/0! | AZ81: =AK81*$AE81 -> #DIV/0! | BA81: =AL81*$AE81 -> #DIV/0! | BB81: =AM81*$AE81 -> #DIV/0! | BC81: =AN81*$AE81 -> #DIV/0! | BD81: =AO81*$AE81 -> #DIV/0! | ... BJ81: =AU81*$AE81 -> #DIV/0!
D82: End | AA82: =Y82/Z82 -> #DIV/0! | AD82: =AA82*AC82 -> #DIV/0! | AE82: =AD82/AE$15 -> #DIV/0! | AG82: =AE82+AE83 -> #DIV/0! | AH82: =H82/$G82 -> #DIV/0! | AI82: =I82/$G82 -> #DIV/0! | AJ82: =J82/$G82 -> #DIV/0! | AK82: =K82/$G82 -> #DIV/0! | AL82: =L82/$G82 -> #DIV/0! | AM82: =M82/$G82 -> #DIV/0! | AN82: =N82/$G82 -> #DIV/0! | AO82: =O82/$G82 -> #DIV/0! | ... AU82: =U82/$G82 -> #DIV/0! | AW82: =AH82*$AE82 -> #DIV/0! | AX82: =AI82*$AE82 -> #DIV/0! | AY82: =AJ82*$AE82 -> #DIV/0! | AZ82: =AK82*$AE82 -> #DIV/0! | BA82: =AL82*$AE82 -> #DIV/0! | BB82: =AM82*$AE82 -> #DIV/0! | BC82: =AN82*$AE82 -> #DIV/0! | BD82: =AO82*$AE82 -> #DIV/0! | ... BJ82: =AU82*$AE82 -> #DIV/0! | BL82: =AW82+AW83 -> #DIV/0! | BM82: =AX82+AX83 -> #DIV/0! | BN82: =AY82+AY83 -> #DIV/0! | BO82: =AZ82+AZ83 -> #DIV/0! | BP82: =BA82+BA83 -> #DIV/0! | BQ82: =BB82+BB83 -> #DIV/0! | BR82: =BC82+BC83 -> #DIV/0! | BS82: =BD82+BD83 -> #DIV/0! | ... BX82: =BI82+BI83 -> #DIV/0!
AA83: =Y83/Z83 -> #DIV/0! | AD83: =AA83*AC83 -> #DIV/0! | AE83: =AD83/AE$15 -> #DIV/0! | AH83: =AH82 -> #DIV/0! | AI83: =AI82 -> #DIV/0! | AJ83: =AJ82 -> #DIV/0! | AK83: =AK82 -> #DIV/0! | AL83: =AL82 -> #DIV/0! | AM83: =AM82 -> #DIV/0! | AN83: =AN82 -> #DIV/0! | AO83: =AO82 -> #DIV/0! | ... AU83: =AU82 -> #DIV/0! | AW83: =AH83*$AE83 -> #DIV/0! | AX83: =AI83*$AE83 -> #DIV/0! | AY83: =AJ83*$AE83 -> #DIV/0! | AZ83: =AK83*$AE83 -> #DIV/0! | BA83: =AL83*$AE83 -> #DIV/0! | BB83: =AM83*$AE83 -> #DIV/0! | BC83: =AN83*$AE83 -> #DIV/0! | BD83: =AO83*$AE83 -> #DIV/0! | ... BJ83: =AU83*$AE83 -> #DIV/0!
D84: End | AA84: =Y84/Z84 -> #DIV/0! | AD84: =AA84*AC84 -> #DIV/0! | AE84: =AD84/AE$15 -> #DIV/0! | AG84: =AE84+AE85 -> #DIV/0! | AH84: =H84/$G84 -> #DIV/0! | AI84: =I84/$G84 -> #DIV/0! | AJ84: =J84/$G84 -> #DIV/0! | AK84: =K84/$G84 -> #DIV/0! | AL84: =L84/$G84 -> #DIV/0! | AM84: =M84/$G84 -> #DIV/0! | AN84: =N84/$G84 -> #DIV/0! | AO84: =O84/$G84 -> #DIV/0! | ... AU84: =U84/$G84 -> #DIV/0! | AW84: =AH84*$AE84 -> #DIV/0! | AX84: =AI84*$AE84 -> #DIV/0! | AY84: =AJ84*$AE84 -> #DIV/0! | AZ84: =AK84*$AE84 -> #DIV/0! | BA84: =AL84*$AE84 -> #DIV/0! | BB84: =AM84*$AE84 -> #DIV/0! | BC84: =AN84*$AE84 -> #DIV/0! | BD84: =AO84*$AE84 -> #DIV/0! | ... BJ84: =AU84*$AE84 -> #DIV/0! | BL84: =AW84+AW85 -> #DIV/0! | BM84: =AX84+AX85 -> #DIV/0! | BN84: =AY84+AY85 -> #DIV/0! | BO84: =AZ84+AZ85 -> #DIV/0! | BP84: =BA84+BA85 -> #DIV/0! | BQ84: =BB84+BB85 -> #DIV/0! | BR84: =BC84+BC85 -> #DIV/0! | BS84: =BD84+BD85 -> #DIV/0! | ... BX84: =BI84+BI85 -> #DIV/0!
AA85: =Y85/Z85 -> #DIV/0! | AD85: =AA85*AC85 -> #DIV/0! | AE85: =AD85/AE$15 -> #DIV/0! | AH85: =AH84 -> #DIV/0! | AI85: =AI84 -> #DIV/0! | AJ85: =AJ84 -> #DIV/0! | AK85: =AK84 -> #DIV/0! | AL85: =AL84 -> #DIV/0! | AM85: =AM84 -> #DIV/0! | AN85: =AN84 -> #DIV/0! | AO85: =AO84 -> #DIV/0! | ... AU85: =AU84 -> #DIV/0! | AW85: =AH85*$AE85 -> #DIV/0! | AX85: =AI85*$AE85 -> #DIV/0! | AY85: =AJ85*$AE85 -> #DIV/0! | AZ85: =AK85*$AE85 -> #DIV/0! | BA85: =AL85*$AE85 -> #DIV/0! | BB85: =AM85*$AE85 -> #DIV/0! | BC85: =AN85*$AE85 -> #DIV/0! | BD85: =AO85*$AE85 -> #DIV/0! | ... BJ85: =AU85*$AE85 -> #DIV/0!

Sheet Schedule
C4: September | M4: October | U4: Random
C5: Mon | D5: Tue | E5: Wed | F5: Thu | G5: Fri | H5: Sat | I5: Sun | M5: Mon | N5: Tue | O5: Wed | P5: Thu | Q5: Fri | R5: Sat | S5: Sun | U5: Generator | W5: Values
I6: 15 | M6: 2 | N6: =M6+1 -> 3 | O6: =N6+1 -> 4 | P6: =O6+1 -> 5 | Q6: =P6+1 -> 6 | R6: =Q6+1 -> 7 | S6: =R6+1 -> 8 | U6: =RANDBETWEEN(0,30) -> 25 | W6: 2
L7: =B7 -> 0 | U7: =RANDBETWEEN(0,30) -> 13 | W7: 6
U8: =RANDBETWEEN(0,30) -> 5 | W8: 8
B9: Deron | L9: =B9 -> Deron | U9: =RANDBETWEEN(0,30) -> 21 | W9: 26
I10: x | U10: =RANDBETWEEN(0,30) -> 13 | W10: 25
C11: =I6+1 -> 16 | D11: =C11+1 -> 17 | E11: =D11+1 -> 18 | F11: =E11+1 -> 19 | G11: =F11+1 -> 20 | H11: =G11+1 -> 21 | I11: =H11+1 -> 22 | M11: =S6+1 -> 9 | N11: =M11+1 -> 10 | O11: =N11+1 -> 11 | P11: =O11+1 -> 12 | Q11: =P11+1 -> 13 | R11: =Q11+1 -> 14 | S11: =R11+1 -> 15 | U11: =RANDBETWEEN(0,30) -> 21 | W11: 18
B12: =B7 -> 0 | L12: =L7 -> 0 | U12: =RANDBETWEEN(0,30) -> 21 | W12: 25
H13: x | U13: =RANDBETWEEN(0,30) -> 29 | W13: 27
B14: =B9 -> Deron | L14: =L9 -> Deron | U14: =RANDBETWEEN(0,30) -> 5 | W14: 22
C15: x | I15: x | U15: =RANDBETWEEN(0,30) -> 6 | W15: 23
C16: =I11+1 -> 23 | D16: =C16+1 -> 24 | E16: =D16+1 -> 25 | F16: =E16+1 -> 26 | G16: =F16+1 -> 27 | H16: =G16+1 -> 28 | I16: =H16+1 -> 29 | M16: =S11+1 -> 16 | N16: =M16+1 -> 17 | O16: =N16+1 -> 18 | P16: =O16+1 -> 19 | Q16: =P16+1 -> 20 | R16: =Q16+1 -> 21 | S16: =R16+1 -> 22 | U16: =RANDBETWEEN(0,30) -> 13 | W16: 19
B17: =B12 -> 0 | L17: =L12 -> 0 | U17: =RANDBETWEEN(0,30) -> 12 | W17: 3
U18: =RANDBETWEEN(0,30) -> 14 | W18: 24
B19: =B14 -> Deron | L19: =L14 -> Deron | U19: =RANDBETWEEN(0,30) -> 29 | W19: 16
U20: =RANDBETWEEN(0,30) -> 15 | W20: 17
C21: =I16+1 -> 30 | D21: =C21+1 -> 31 | E21: =D21+1 -> 32 | F21: =E21+1 -> 33 | G21: =F21+1 -> 34 | H21: =G21+1 -> 35 | I21: =H21+1 -> 36 | M21: =S16+1 -> 23 | N21: =M21+1 -> 24 | O21: =N21+1 -> 25 | P21: =O21+1 -> 26 | Q21: =P21+1 -> 27 | R21: =Q21+1 -> 28 | S21: =R21+1 -> 29 | U21: =RANDBETWEEN(0,30) -> 7 | W21: 6
B22: =B17 -> 0 | L22: =L17 -> 0 | U22: =RANDBETWEEN(0,30) -> 15 | W22: 24
U23: =RANDBETWEEN(0,30) -> 28 | W23: 22
B24: =B19 -> Deron | L24: =L19 -> Deron | U24: =RANDBETWEEN(0,30) -> 9 | W24: 20
U25: =RANDBETWEEN(0,30) -> 26 | W25: 22
C26: =I21+1 -> 37 | D26: =C26+1 -> 38 | E26: =D26+1 -> 39 | F26: =E26+1 -> 40 | G26: =F26+1 -> 41 | H26: =G26+1 -> 42 | I26: 1 | M26: =S21+1 -> 30 | N26: =M26+1 -> 31 | U26: =RANDBETWEEN(0,30) -> 8 | W26: 10
B27: =B22 -> 0 | L27: =L22 -> 0 | U27: =RANDBETWEEN(0,30) -> 26 | W27: 2
B29: =B24 -> Deron | L29: =L24 -> Deron

Sheet Flow
C4: 41409 | D4: 10700 | E4: 9.16P
C5: 41409.01 | D5: 10700 | E5: 9.14P
C6: 41409.021 | D6: 10700 | E6: 9.13P
C7: 41409.031 | D7: 10700 | E7: 9.13P | H7: 41409 | I7: 10300 | J7: 10,300P
C8: 41409.042 | D8: 10700 | E8: 9.13P | H8: 41410 | I8: 8990 | J8: 8,990P
C9: 41409.052 | D9: 10700 | E9: 9.12P | H9: 41411 | I9: 7400 | J9: 7,400P
C10: 41409.062 | D10: 10700 | E10: 9.12P | H10: 41412 | I10: 5780 | J10: 5,780P
C11: 41409.073 | D11: 10600 | E11: 9.11P | H11: 41413 | I11: 4920 | J11: 4,920P
C12: 41409.083 | D12: 10600 | E12: 9.11P | H12: 41414 | I12: 4420 | J12: 4,420P
C13: 41409.094 | D13: 10600 | E13: 9.11P | H13: 41415 | I13: 3950 | J13: 3,950P
C14: 41409.104 | D14: 10600 | E14: 9.10P | H14: 41416 | I14: 4330 | J14: 4,330P
C15: 41409.115 | D15: 10600 | E15: 9.10P | H15: 41417 | I15: 6100 | J15: 6,100P
C16: 41409.125 | D16: 10600 | E16: 9.10P | H16: 41418 | I16: 6870 | J16: 6,870P
C17: 41409.135 | D17: 10600 | E17: 9.09P | H17: 41419 | I17: 6710 | J17: 6,710P
C18: 41409.146 | D18: 10600 | E18: 9.09P | H18: 41420 | I18: 6240 | J18: 6,240P
... C53: 41409.51 | D53: 10300 | E53: 8.94P | H53: 41455 | I53: 2160 | J53: 2,160P
C54: 41409.521 | D54: 10300 | E54: 8.94P
C55: 41409.531 | D55: 10300 | E55: 8.93P
C56: 41409.542 | D56: 10300 | E56: 8.93P
C57: 41409.552 | D57: 10300 | E57: 8.92P
C58: 41409.562 | D58: 10300 | E58: 8.91P
C59: 41409.573 | D59: 10200 | E59: 8.87P
C60: 41409.583 | D60: 10300 | E60: 8.91P
C61: 41409.594 | D61: 10300 | E61: 8.91P
C62: 41409.604 | D62: 10200 | E62: 8.90P
C63: 41409.615 | D63: 10200 | E63: 8.90P
C64: 41409.625 | D64: 10200 | E64: 8.89P
C65: 41409.635 | D65: 10200 | E65: 8.89P
... C4515: 41455.99 | D4515: 2510 | E4515: 4.04P

Sheet Flow2
G1: =AVERAGE(G4:G47) -> 5436.1364
G2: =MIN(G4:G47) -> 3310
B3: </body> | G3: =MAX(G4:G47) -> 7750
B4: 05/03/2014 00:00 PDT | C4: 4500 | D4: 5.46P | F4: 41762 | G4: 4950 | H4: 5.78
B5: 05/03/2014 00:15 PDT | C5: 4500 | D5: 5.46P | F5: 41763 | G5: 6050 | H5: 6.59
B6: 05/03/2014 00:30 PDT | C6: 4510 | D6: 5.47P | F6: 41764 | G6: 6620 | H6: 7.02
B7: 05/03/2014 00:45 PDT | C7: 4510 | D7: 5.47P | F7: 41765 | G7: 6380 | H7: 6.85
B8: 05/03/2014 01:00 PDT | C8: 4510 | D8: 5.47P | F8: 41766 | G8: 5870 | H8: 6.45
B9: 05/03/2014 01:15 PDT | C9: 4530 | D9: 5.48P | F9: 41767 | G9: 5540 | H9: 6.19
B10: 05/03/2014 01:30 PDT | C10: 4530 | D10: 5.48P | F10: 41768 | G10: 5330 | H10: 6.05
B11: 05/03/2014 01:45 PDT | C11: 4530 | D11: 5.48P | F11: 41769 | G11: 5480 | H11: 6.16
B12: 05/03/2014 02:00 PDT | C12: 4530 | D12: 5.48P | F12: 41770 | G12: 5550 | H12: 6.2
B13: 05/03/2014 02:15 PDT | C13: 4530 | D13: 5.48P | F13: 41771 | G13: 5250 | H13: 6
B14: 05/03/2014 02:30 PDT | C14: 4530 | D14: 5.48P | F14: 41772 | G14: 4800 | H14: 5.68
B15: 05/03/2014 02:45 PDT | C15: 4540 | D15: 5.49P | F15: 41773 | G15: 4370 | H15: 5.36
... B47: 05/03/2014 10:45 PDT | C47: 4820 | D47: 5.69P | F47: 41805 | G47: 3310 | H47: 4.55
B48: 05/03/2014 11:00 PDT | C48: 4830 | D48: 5.70P
B49: 05/03/2014 11:15 PDT | C49: 4850 | D49: 5.71P
B50: 05/03/2014 11:30 PDT | C50: 4860 | D50: 5.72P
B51: 05/03/2014 11:45 PDT | C51: 4870 | D51: 5.73P
B52: 05/03/2014 12:00 PDT | C52: 4890 | D52: 5.74P
B53: 05/03/2014 12:15 PDT | C53: 4900 | D53: 5.75P
B54: 05/03/2014 12:30 PDT | C54: 4920 | D54: 5.76P
B55: 05/03/2014 12:45 PDT | C55: 4930 | D55: 5.77P
B56: 05/03/2014 13:00 PDT | C56: 4950 | D56: 5.78P
B57: 05/03/2014 13:15 PDT | C57: 4960 | D57: 5.79P
B58: 05/03/2014 13:30 PDT | C58: 4970 | D58: 5.80P
B59: 05/03/2014 13:45 PDT | C59: 4990 | D59: 5.81P
... B4227: 06/15/2014 23:45 PDT | C4227: 3190 | D4227: 4.45P

Sheet Check
A3: #Anglers | B3: =SUM(B5:B40) -> 0 | D3: Hours | E3: =SUM(E5:E40) -> 0
B4: Anglers | C4: Start | D4: Stop | E4: Hours
A5: 1 | E5: =(D5-C5)*B5 -> 0
A6: 2 | E6: =(D6-C6)*B6 -> 0
A7: 3 | E7: =(D7-C7)*B7 -> 0
A8: 4 | E8: =(D8-C8)*B8 -> 0
A9: 5 | E9: =(D9-C9)*B9 -> 0
A10: 6 | E10: =(D10-C10)*B10 -> 0
A11: 7 | E11: =(D11-C11)*B11 -> 0
A12: 8 | E12: =(D12-C12)*B12 -> 0
A13: 9 | E13: =(D13-C13)*B13 -> 0
A14: 10 | E14: =(D14-C14)*B14 -> 0
A15: 11 | E15: =(D15-C15)*B15 -> 0
A16: 12 | E16: =(D16-C16)*B16 -> 0
... A33: 29 | E33: =(D33-C33)*B33 -> 0
A34: 30

Sheet Sheet2
A3: Row Labels | B3: Count of Scale_Age_Code
A4: 21 | B4: 2 | E4: 2 | F4: =2/93 -> 0.021505376
A5: 31 | B5: 15 | E5: 3 | F5: =15/93 -> 0.16129032
A6: 41 | B6: 38 | E6: 4 | F6: =64/93 -> 0.68817204
A7: 42 | B7: 28 | E7: 5 | F7: =10/93 -> 0.10752688
A8: 51 | B8: 7
A9: 52 | B9: 3
A10: 88 | B10: 17
A11: (blank)
A12: Grand Total | B12: 110
D15: =110-17 -> 93

Sheet Sheet1
A1: Survey_Date | B1: Return_Yr | C1: GEAR_TYPE_LUT_Id | D1: STREAM_LUT_Id | E1: POINT_LOCATIONS_LUT_Id | F1: POINT_LOCATIONS_Description | G1: STREAM_REACH_Id | H1: Samplers_Txt | I1: HeaderComments | J1: Disposition | K1: Scale_Card_Num_Txt | L1: Position_Pos | M1: Scale_Card_Front_Autonumber_Serial | N1: SPECIES_Id | O1: RUN_LUT_Id | P1: TAG_TYPE_SAMPLE_LUT_Id | Q1: FISH_STATUS_LUT_Id | R1: Sample_Rate_Num | S1: CWT_Sample_Size_Qty | T1: Plus_Count_Qty | U1: Number_CWT_Qty | V1: ScaleCardComments | W1: Scale_Age_Code | X1: Fork_Length_Meas | Y1: POHP | Z1: CWT_Tag_Code | AA1: CWT_Age_Code | AB1: CWT_Status_Code | AC1: SEX_TYPE_LUT_Id | AD1: MARK_TYPE_LUT_Id | AE1: SAMPLE_TYPE_CATEGORY_LUT_Id | AF1: Snout_Collection_Identification_Code | AG1: FISH_REPRODUCTIVE_CONDITION_TYPE_LUT_Id | AH1: DNA_Sample_Code | AI1: Carcass_Condition | AJ1: Otolith_Sample_Code | AK1: Otolith_Age_Code | AL1: OTOLITH_ORIGIN_TYPE_LUT_Id | AM1: Total_Fecundity | AN1: Fecundity_EggsSampled | AO1: Fecundity_SampleEggWeight | AP1: Fecundity_TotalEggWeight | AQ1: Scales_Taken_Ind | AR1: CWT_ORIGIN_TYPE_LUT_Id
A2: 45928 | B2: 2025 | C2: Freshwater Sport | D2: Yakima River | E2: Yakima River Sport Fishery | F2: Yakima River Sport Fishery | H2: Schumacher,E;Clark,D | J2: Harvested | K2: 27494 | L2: 1 | M2: 9365 | N2: Chinook salmon | O2: Fall | P2: CWT and PIT Sample | Q2: LIVE | R2: 1 | S2: 8 | T2: 0 | U2: 2 | W2: 41 | X2: 75 | AC2: Female | AD2: UM | AE2: blank | AQ2: Yes
A3: 45928 | B3: 2025 | C3: Freshwater Sport | D3: Yakima River | E3: Yakima River Sport Fishery | F3: Yakima River Sport Fishery | H3: Schumacher,E;Clark,D | J3: Harvested | K3: 27494 | L3: 2 | M3: 9366 | N3: Chinook salmon | O3: Fall | P3: CWT and PIT Sample | Q3: LIVE | R3: 1 | S3: 8 | T3: 0 | U3: 2 | W3: 88 | X3: 81 | Z3: 91670 | AA3: 52 | AB3: Decoded | AC3: Female | AD3: AD | AE3: 0 | AF3: 128923 | AQ3: Yes | AR3: Hatchery unknown
A4: 45928 | B4: 2025 | C4: Freshwater Sport | D4: Yakima River | E4: Yakima River Sport Fishery | F4: Yakima River Sport Fishery | H4: Schumacher,E;Clark,D | J4: Harvested | K4: 27494 | L4: 3 | M4: 9367 | N4: Chinook salmon | O4: Fall | P4: CWT and PIT Sample | Q4: LIVE | R4: 1 | S4: 8 | T4: 0 | U4: 2 | W4: 41 | X4: 66 | AC4: Female | AD4: UM | AE4: blank | AQ4: Yes
A5: 45928 | B5: 2025 | C5: Freshwater Sport | D5: Yakima River | E5: Yakima River Sport Fishery | F5: Yakima River Sport Fishery | H5: Schumacher,E;Clark,D | J5: Harvested | K5: 27494 | L5: 4 | M5: 9368 | N5: Chinook salmon | O5: Fall | P5: CWT and PIT Sample | Q5: LIVE | R5: 1 | S5: 8 | T5: 0 | U5: 2 | W5: 88 | X5: 51 | AC5: Female | AD5: UM | AE5: blank | AQ5: Yes
A6: 45928 | B6: 2025 | C6: Freshwater Sport | D6: Yakima River | E6: Yakima River Sport Fishery | F6: Yakima River Sport Fishery | H6: Schumacher,E;Clark,D | J6: Harvested | K6: 27494 | L6: 5 | M6: 9369 | N6: Chinook salmon | O6: Fall | P6: CWT and PIT Sample | Q6: LIVE | R6: 1 | S6: 8 | T6: 0 | U6: 2 | W6: 31 | X6: 62 | AC6: Female | AD6: UM | AE6: blank | AQ6: Yes
A7: 45928 | B7: 2025 | C7: Freshwater Sport | D7: Yakima River | E7: Yakima River Sport Fishery | F7: Yakima River Sport Fishery | H7: Schumacher,E;Clark,D | J7: Harvested | K7: 27494 | L7: 6 | M7: 9370 | N7: Chinook salmon | O7: Fall | P7: CWT and PIT Sample | Q7: LIVE | R7: 1 | S7: 8 | T7: 0 | U7: 2 | W7: 41 | X7: 69 | AC7: Female | AD7: UM | AE7: blank | AQ7: Yes
A8: 45928 | B8: 2025 | C8: Freshwater Sport | D8: Yakima River | E8: Yakima River Sport Fishery | F8: Yakima River Sport Fishery | H8: Schumacher,E;Clark,D | J8: Harvested | K8: 27494 | L8: 7 | M8: 9371 | N8: Chinook salmon | O8: Fall | P8: CWT and PIT Sample | Q8: LIVE | R8: 1 | S8: 8 | T8: 0 | U8: 2 | W8: 31 | X8: 67 | AC8: Female | AD8: AD | AE8: blank | AQ8: Yes
A9: 45928 | B9: 2025 | C9: Freshwater Sport | D9: Yakima River | E9: Yakima River Sport Fishery | F9: Yakima River Sport Fishery | H9: Schumacher,E;Clark,D | J9: Harvested | K9: 27494 | L9: 8 | M9: 9372 | N9: Chinook salmon | O9: Fall | P9: CWT and PIT Sample | Q9: LIVE | R9: 1 | S9: 8 | T9: 0 | U9: 2 | W9: 42 | X9: 66 | Z9: 92075 | AA9: 42 | AB9: Decoded | AC9: Female | AD9: AD | AE9: 0 | AF9: 128924 | AQ9: Yes | AR9: Hatchery unknown
A10: 45935 | B10: 2025 | C10: Freshwater Sport | D10: Yakima River | E10: Yakima River Sport Fishery | F10: Yakima River Sport Fishery | H10: Clark,D | J10: Harvested | K10: 27446 | L10: 1 | M10: 9355 | N10: Chinook salmon | O10: Fall | P10: CWT and PIT Sample | Q10: LIVE | R10: 1 | S10: 10 | T10: 0 | U10: 4 | W10: 88 | X10: 49 | AC10: Female | AD10: UM | AE10: blank | AQ10: Yes
A11: 45935 | B11: 2025 | C11: Freshwater Sport | D11: Yakima River | E11: Yakima River Sport Fishery | F11: Yakima River Sport Fishery | H11: Clark,D | J11: Harvested | K11: 27446 | L11: 2 | M11: 9356 | N11: Chinook salmon | O11: Fall | P11: CWT and PIT Sample | Q11: LIVE | R11: 1 | S11: 10 | T11: 0 | U11: 4 | W11: 41 | X11: 77 | AC11: Female | AD11: AD | AE11: blank | AQ11: Yes
A12: 45935 | B12: 2025 | C12: Freshwater Sport | D12: Yakima River | E12: Yakima River Sport Fishery | F12: Yakima River Sport Fishery | H12: Clark,D | J12: Harvested | K12: 27446 | L12: 3 | M12: 9357 | N12: Chinook salmon | O12: Fall | P12: CWT and PIT Sample | Q12: LIVE | R12: 1 | S12: 10 | T12: 0 | U12: 4 | W12: 31 | X12: 67 | Z12: 92075 | AA12: 42 | AB12: Decoded | AC12: Female | AD12: AD | AE12: 0 | AF12: 128941 | AQ12: Yes | AR12: Hatchery unknown
A13: 45935 | B13: 2025 | C13: Freshwater Sport | D13: Yakima River | E13: Yakima River Sport Fishery | F13: Yakima River Sport Fishery | H13: Clark,D | J13: Harvested | K13: 27446 | L13: 4 | M13: 9358 | N13: Chinook salmon | O13: Fall | P13: CWT and PIT Sample | Q13: LIVE | R13: 1 | S13: 10 | T13: 0 | U13: 4 | W13: 31 | X13: 70 | AC13: Female | AD13: UM | AE13: blank | AQ13: Yes
A14: 45935 | B14: 2025 | C14: Freshwater Sport | D14: Yakima River | E14: Yakima River Sport Fishery | F14: Yakima River Sport Fishery | H14: Clark,D | J14: Harvested | K14: 27446 | L14: 5 | M14: 9359 | N14: Chinook salmon | O14: Fall | P14: CWT and PIT Sample | Q14: LIVE | R14: 1 | S14: 10 | T14: 0 | U14: 4 | W14: 88 | X14: 72 | AC14: Female | AD14: AD | AE14: blank | AQ14: Yes
A15: 45935 | B15: 2025 | C15: Freshwater Sport | D15: Yakima River | E15: Yakima River Sport Fishery | F15: Yakima River Sport Fishery | H15: Clark,D | J15: Harvested | K15: 27446 | L15: 6 | M15: 9360 | N15: Chinook salmon | O15: Fall | P15: CWT and PIT Sample | Q15: LIVE | R15: 1 | S15: 10 | T15: 0 | U15: 4 | W15: 42 | X15: 74 | Z15: 92075 | AA15: 42 | AB15: Decoded | AC15: Female | AD15: AD | AE15: 0 | AF15: 128940 | AQ15: Yes | AR15: Hatchery unknown
A16: 45935 | B16: 2025 | C16: Freshwater Sport | D16: Yakima River | E16: Yakima River Sport Fishery | F16: Yakima River Sport Fishery | H16: Clark,D | J16: Harvested | K16: 27446 | L16: 7 | M16: 9361 | N16: Chinook salmon | O16: Fall | P16: CWT and PIT Sample | Q16: LIVE | R16: 1 | S16: 10 | T16: 0 | U16: 4 | W16: 42 | X16: 71 | Z16: 92075 | AA16: 42 | AB16: Decoded | AC16: Female | AD16: AD | AE16: 0 | AF16: 128925 | AQ16: Yes | AR16: Hatchery unknown
A17: 45935 | B17: 2025 | C17: Freshwater Sport | D17: Yakima River | E17: Yakima River Sport Fishery | F17: Yakima River Sport Fishery | H17: Clark,D | J17: Harvested | K17: 27446 | L17: 8 | M17: 9362 | N17: Chinook salmon | O17: Fall | P17: CWT and PIT Sample | Q17: LIVE | R17: 1 | S17: 10 | T17: 0 | U17: 4 | W17: 42 | X17: 72 | Z17: 92075 | AA17: 42 | AB17: Decoded | AC17: Female | AD17: UM | AE17: 0 | AF17: 128926 | AQ17: Yes | AR17: Hatchery unknown
A18: 45935 | B18: 2025 | C18: Freshwater Sport | D18: Yakima River | E18: Yakima River Sport Fishery | F18: Yakima River Sport Fishery | H18: Clark,D | J18: Harvested | K18: 27446 | L18: 9 | M18: 9363 | N18: Chinook salmon | O18: Fall | P18: CWT and PIT Sample | Q18: LIVE | R18: 1 | S18: 10 | T18: 0 | U18: 4 | W18: 41 | X18: 75 | AC18: Female | AD18: AD | AE18: blank | AQ18: Yes
A19: 45935 | B19: 2025 | C19: Freshwater Sport | D19: Yakima River | E19: Yakima River Sport Fishery | F19: Yakima River Sport Fishery | H19: Clark,D | J19: Harvested | K19: 27446 | L19: 10 | M19: 9364 | N19: Chinook salmon | O19: Fall | P19: CWT and PIT Sample | Q19: LIVE | R19: 1 | S19: 10 | T19: 0 | U19: 4 | W19: 88 | X19: 73 | AC19: Female | AD19: AD | AE19: blank | AQ19: Yes
A20: 45942 | B20: 2025 | C20: Freshwater Sport | D20: Yakima River | E20: Yakima River Sport Fishery | F20: Yakima River Sport Fishery | H20: Clark,D | J20: Harvested | K20: 27447 | L20: 1 | M20: 9335 | N20: Chinook salmon | O20: Fall | P20: CWT and PIT Sample | Q20: LIVE | R20: 1 | S20: 20 | T20: 0 | U20: 6 | W20: 88 | X20: 52 | AC20: Unknown | AD20: UNK | AE20: blank | AQ20: Yes
A21: 45942 | B21: 2025 | C21: Freshwater Sport | D21: Yakima River | E21: Yakima River Sport Fishery | F21: Yakima River Sport Fishery | H21: Clark,D | J21: Harvested | K21: 27447 | L21: 2 | M21: 9336 | N21: Chinook salmon | O21: Fall | P21: CWT and PIT Sample | Q21: LIVE | R21: 1 | S21: 20 | T21: 0 | U21: 6 | W21: 31 | X21: 67 | AC21: Unknown | AD21: UNK | AE21: blank | AQ21: Yes
A22: 45942 | B22: 2025 | C22: Freshwater Sport | D22: Yakima River | E22: Yakima River Sport Fishery | F22: Yakima River Sport Fishery | H22: Clark,D | J22: Harvested | K22: 27447 | L22: 3 | M22: 9337 | N22: Chinook salmon | O22: Fall | P22: CWT and PIT Sample | Q22: LIVE | R22: 1 | S22: 20 | T22: 0 | U22: 6 | W22: 42 | X22: 77 | AC22: Unknown | AD22: UNK | AE22: blank | AQ22: Yes
A23: 45942 | B23: 2025 | C23: Freshwater Sport | D23: Yakima River | E23: Yakima River Sport Fishery | F23: Yakima River Sport Fishery | H23: Clark,D | J23: Harvested | K23: 27447 | L23: 4 | M23: 9338 | N23: Chinook salmon | O23: Fall | P23: CWT and PIT Sample | Q23: LIVE | R23: 1 | S23: 20 | T23: 0 | U23: 6 | W23: 42 | X23: 72 | Z23: 92075 | AA23: 42 | AB23: Decoded | AC23: Female | AD23: AD | AE23: 0 | AF23: 128939 | AQ23: Yes | AR23: Hatchery unknown
A24: 45942 | B24: 2025 | C24: Freshwater Sport | D24: Yakima River | E24: Yakima River Sport Fishery | F24: Yakima River Sport Fishery | H24: Clark,D | J24: Harvested | K24: 27447 | L24: 5 | M24: 9339 | N24: Chinook salmon | O24: Fall | P24: CWT and PIT Sample | Q24: LIVE | R24: 1 | S24: 20 | T24: 0 | U24: 6 | W24: 88 | X24: 65 | Z24: 92075 | AA24: 42 | AB24: Decoded | AC24: Female | AD24: AD | AE24: 0 | AF24: 128938 | AQ24: Yes | AR24: Hatchery unknown
A25: 45942 | B25: 2025 | C25: Freshwater Sport | D25: Yakima River | E25: Yakima River Sport Fishery | F25: Yakima River Sport Fishery | H25: Clark,D | J25: Harvested | K25: 27447 | L25: 6 | M25: 9340 | N25: Chinook salmon | O25: Fall | P25: CWT and PIT Sample | Q25: LIVE | R25: 1 | S25: 20 | T25: 0 | U25: 6 | W25: 42 | X25: 70 | Z25: 92075 | AA25: 42 | AB25: Decoded | AC25: Female | AD25: AD | AE25: 0 | AF25: 128937 | AQ25: Yes | AR25: Hatchery unknown
A26: 45942 | B26: 2025 | C26: Freshwater Sport | D26: Yakima River | E26: Yakima River Sport Fishery | F26: Yakima River Sport Fishery | H26: Clark,D | J26: Harvested | K26: 27447 | L26: 7 | M26: 9341 | N26: Chinook salmon | O26: Fall | P26: CWT and PIT Sample | Q26: LIVE | R26: 1 | S26: 20 | T26: 0 | U26: 6 | W26: 52 | X26: 73 | Z26: 92075 | AA26: 42 | AB26: Decoded | AC26: Female | AD26: AD | AE26: 0 | AF26: 128936 | AQ26: Yes | AR26: Hatchery unknown
A27: 45942 | B27: 2025 | C27: Freshwater Sport | D27: Yakima River | E27: Yakima River Sport Fishery | F27: Yakima River Sport Fishery | H27: Clark,D | J27: Harvested | K27: 27447 | L27: 8 | M27: 9342 | N27: Chinook salmon | O27: Fall | P27: CWT and PIT Sample | Q27: LIVE | R27: 1 | S27: 20 | T27: 0 | U27: 6 | W27: 42 | X27: 82 | Z27: 92075 | AA27: 42 | AB27: Decoded | AC27: Female | AD27: AD | AE27: 0 | AF27: 128935 | AQ27: Yes | AR27: Hatchery unknown
A28: 45942 | B28: 2025 | C28: Freshwater Sport | D28: Yakima River | E28: Yakima River Sport Fishery | F28: Yakima River Sport Fishery | H28: Clark,D | J28: Harvested | K28: 27447 | L28: 9 | M28: 9343 | N28: Chinook salmon | O28: Fall | P28: CWT and PIT Sample | Q28: LIVE | R28: 1 | S28: 20 | T28: 0 | U28: 6 | W28: 31 | X28: 65 | AC28: Female | AD28: AD | AE28: blank | AQ28: Yes
A29: 45942 | B29: 2025 | C29: Freshwater Sport | D29: Yakima River | E29: Yakima River Sport Fishery | F29: Yakima River Sport Fishery | H29: Clark,D | J29: Harvested | K29: 27447 | L29: 10 | M29: 9344 | N29: Chinook salmon | O29: Fall | P29: CWT and PIT Sample | Q29: LIVE | R29: 1 | S29: 20 | T29: 0 | U29: 6 | W29: 41 | X29: 73 | AC29: Female | AD29: UM | AE29: blank | AQ29: Yes
A30: 45942 | B30: 2025 | C30: Freshwater Sport | D30: Yakima River | E30: Yakima River Sport Fishery | F30: Yakima River Sport Fishery | H30: Clark,D | J30: Harvested | K30: 27447 | L30: 11 | M30: 9345 | N30: Chinook salmon | O30: Fall | P30: CWT and PIT Sample | Q30: LIVE | R30: 1 | S30: 20 | T30: 0 | U30: 6 | W30: 88 | X30: 74 | AC30: Female | AD30: AD | AE30: blank | AQ30: Yes
A31: 45942 | B31: 2025 | C31: Freshwater Sport | D31: Yakima River | E31: Yakima River Sport Fishery | F31: Yakima River Sport Fishery | H31: Clark,D | J31: Harvested | K31: 27447 | L31: 12 | M31: 9346 | N31: Chinook salmon | O31: Fall | P31: CWT and PIT Sample | Q31: LIVE | R31: 1 | S31: 20 | T31: 0 | U31: 6 | W31: 31 | X31: 68 | AC31: Female | AD31: AD | AE31: blank | AQ31: Yes
A32: 45942 | B32: 2025 | C32: Freshwater Sport | D32: Yakima River | E32: Yakima River Sport Fishery | F32: Yakima River Sport Fishery | H32: Clark,D | J32: Harvested | K32: 27447 | L32: 13 | M32: 9347 | N32: Chinook salmon | O32: Fall | P32: CWT and PIT Sample | Q32: LIVE | R32: 1 | S32: 20 | T32: 0 | U32: 6 | W32: 41 | X32: 83 | AC32: Female | AD32: UM | AE32: blank | AQ32: Yes
A33: 45942 | B33: 2025 | C33: Freshwater Sport | D33: Yakima River | E33: Yakima River Sport Fishery | F33: Yakima River Sport Fishery | H33: Clark,D | J33: Harvested | K33: 27447 | L33: 14 | M33: 9348 | N33: Chinook salmon | O33: Fall | P33: CWT and PIT Sample | Q33: LIVE | R33: 1 | S33: 20 | T33: 0 | U33: 6 | W33: 51 | X33: 80 | AC33: Female | AD33: AD | AE33: blank | AQ33: Yes
A34: 45942 | B34: 2025 | C34: Freshwater Sport | D34: Yakima River | E34: Yakima River Sport Fishery | F34: Yakima River Sport Fishery | H34: Clark,D | J34: Harvested | K34: 27447 | L34: 15 | M34: 9349 | N34: Chinook salmon | O34: Fall | P34: CWT and PIT Sample | Q34: LIVE | R34: 1 | S34: 20 | T34: 0 | U34: 6 | W34: 41 | X34: 89 | AC34: Male | AD34: UM | AE34: blank | AQ34: Yes
A35: 45942 | B35: 2025 | C35: Freshwater Sport | D35: Yakima River | E35: Yakima River Sport Fishery | F35: Yakima River Sport Fishery | H35: Clark,D | J35: Harvested | K35: 27447 | L35: 16 | M35: 9350 | N35: Chinook salmon | O35: Fall | P35: CWT and PIT Sample | Q35: LIVE | R35: 1 | S35: 20 | T35: 0 | U35: 6 | W35: 21 | X35: 40 | AC35: Jack | AD35: AD | AE35: blank | AQ35: Yes
A36: 45942 | B36: 2025 | C36: Freshwater Sport | D36: Yakima River | E36: Yakima River Sport Fishery | F36: Yakima River Sport Fishery | H36: Clark,D | J36: Harvested | K36: 27447 | L36: 17 | M36: 9351 | N36: Chinook salmon | O36: Fall | P36: CWT and PIT Sample | Q36: LIVE | R36: 1 | S36: 20 | T36: 0 | U36: 6 | W36: 42 | X36: 71 | Z36: 92075 | AA36: 42 | AB36: Decoded | AC36: Female | AD36: AD | AE36: 0 | AF36: 128959 | AQ36: Yes | AR36: Hatchery unknown
A37: 45942 | B37: 2025 | C37: Freshwater Sport | D37: Yakima River | E37: Yakima River Sport Fishery | F37: Yakima River Sport Fishery | H37: Clark,D | J37: Harvested | K37: 27447 | L37: 18 | M37: 9352 | N37: Chinook salmon | O37: Fall | P37: CWT and PIT Sample | Q37: LIVE | R37: 1 | S37: 20 | T37: 0 | U37: 6 | W37: 51 | X37: 95 | AC37: Male | AD37: UM | AE37: blank | AQ37: Yes
A38: 45942 | B38: 2025 | C38: Freshwater Sport | D38: Yakima River | E38: Yakima River Sport Fishery | F38: Yakima River Sport Fishery | H38: Clark,D | J38: Harvested | K38: 27447 | L38: 19 | M38: 9353 | N38: Chinook salmon | O38: Fall | P38: CWT and PIT Sample | Q38: LIVE | R38: 1 | S38: 20 | T38: 0 | U38: 6 | W38: 51 | X38: 80 | AC38: Male | AD38: UM | AE38: blank | AQ38: Yes
A39: 45942 | B39: 2025 | C39: Freshwater Sport | D39: Yakima River | E39: Yakima River Sport Fishery | F39: Yakima River Sport Fishery | H39: Clark,D | J39: Harvested | K39: 27447 | L39: 20 | M39: 9354 | N39: Chinook salmon | O39: Fall | P39: CWT and PIT Sample | Q39: LIVE | R39: 1 | S39: 20 | T39: 0 | U39: 6 | W39: 51 | X39: 77 | AC39: Female | AD39: AD | AE39: blank | AQ39: Yes
A40: 45942 | B40: 2025 | C40: Freshwater Sport | D40: Yakima River | E40: Yakima River Sport Fishery | F40: Yakima River Sport Fishery | H40: Clark,D | J40: Harvested | K40: 27452 | L40: 1 | M40: 9319 | N40: Chinook salmon | O40: Fall | P40: CWT and PIT Sample | Q40: LIVE | R40: 1 | S40: 16 | T40: 0 | U40: 8 | W40: 42 | X40: 72 | Z40: 92075 | AA40: 42 | AB40: Decoded | AC40: Female | AD40: AD | AE40: 0 | AF40: 128934 | AQ40: Yes | AR40: Hatchery unknown
A41: 45942 | B41: 2025 | C41: Freshwater Sport | D41: Yakima River | E41: Yakima River Sport Fishery | F41: Yakima River Sport Fishery | H41: Clark,D | J41: Harvested | K41: 27452 | L41: 2 | M41: 9320 | N41: Chinook salmon | O41: Fall | P41: CWT and PIT Sample | Q41: LIVE | R41: 1 | S41: 16 | T41: 0 | U41: 8 | W41: 42 | X41: 75 | Z41: 92075 | AA41: 42 | AB41: Decoded | AC41: Female | AD41: AD | AE41: 0 | AF41: 128933 | AQ41: Yes | AR41: Hatchery unknown
A42: 45942 | B42: 2025 | C42: Freshwater Sport | D42: Yakima River | E42: Yakima River Sport Fishery | F42: Yakima River Sport Fishery | H42: Clark,D | J42: Harvested | K42: 27452 | L42: 3 | M42: 9321 | N42: Chinook salmon | O42: Fall | P42: CWT and PIT Sample | Q42: LIVE | R42: 1 | S42: 16 | T42: 0 | U42: 8 | W42: 51 | X42: 86 | AC42: Female | AD42: AD | AE42: blank | AQ42: Yes
A43: 45942 | B43: 2025 | C43: Freshwater Sport | D43: Yakima River | E43: Yakima River Sport Fishery | F43: Yakima River Sport Fishery | H43: Clark,D | J43: Harvested | K43: 27452 | L43: 4 | M43: 9322 | N43: Chinook salmon | O43: Fall | P43: CWT and PIT Sample | Q43: LIVE | R43: 1 | S43: 16 | T43: 0 | U43: 8 | W43: 88 | X43: 67 | AC43: Female | AD43: UM | AE43: blank | AQ43: Yes
A44: 45942 | B44: 2025 | C44: Freshwater Sport | D44: Yakima River | E44: Yakima River Sport Fishery | F44: Yakima River Sport Fishery | H44: Clark,D | J44: Harvested | K44: 27452 | L44: 5 | M44: 9323 | N44: Chinook salmon | O44: Fall | P44: CWT and PIT Sample | Q44: LIVE | R44: 1 | S44: 16 | T44: 0 | U44: 8 | W44: 41 | X44: 82 | Z44: 92064 | AA44: 41 | AB44: Decoded | AC44: Female | AD44: AD | AE44: 0 | AF44: 128932 | AQ44: Yes | AR44: Hatchery unknown
A45: 45942 | B45: 2025 | C45: Freshwater Sport | D45: Yakima River | E45: Yakima River Sport Fishery | F45: Yakima River Sport Fishery | H45: Clark,D | J45: Harvested | K45: 27452 | L45: 6 | M45: 9324 | N45: Chinook salmon | O45: Fall | P45: CWT and PIT Sample | Q45: LIVE | R45: 1 | S45: 16 | T45: 0 | U45: 8 | W45: 42 | X45: 60 | Z45: 92075 | AA45: 42 | AB45: Decoded | AC45: Female | AD45: AD | AE45: 0 | AF45: 128931 | AQ45: Yes | AR45: Hatchery unknown
A46: 45942 | B46: 2025 | C46: Freshwater Sport | D46: Yakima River | E46: Yakima River Sport Fishery | F46: Yakima River Sport Fishery | H46: Clark,D | J46: Harvested | K46: 27452 | L46: 7 | M46: 9325 | N46: Chinook salmon | O46: Fall | P46: CWT and PIT Sample | Q46: LIVE | R46: 1 | S46: 16 | T46: 0 | U46: 8 | W46: 88 | X46: 61 | Z46: 92075 | AA46: 42 | AB46: Decoded | AC46: Male | AD46: AD | AE46: 0 | AF46: 128927 | AQ46: Yes | AR46: Hatchery unknown
A47: 45942 | B47: 2025 | C47: Freshwater Sport | D47: Yakima River | E47: Yakima River Sport Fishery | F47: Yakima River Sport Fishery | H47: Clark,D | J47: Harvested | K47: 27452 | L47: 8 | M47: 9326 | N47: Chinook salmon | O47: Fall | P47: CWT and PIT Sample | Q47: LIVE | R47: 1 | S47: 16 | T47: 0 | U47: 8 | W47: 41 | X47: 80 | AC47: Male | AD47: UM | AE47: blank | AQ47: Yes
A48: 45942 | B48: 2025 | C48: Freshwater Sport | D48: Yakima River | E48: Yakima River Sport Fishery | F48: Yakima River Sport Fishery | H48: Clark,D | J48: Harvested | K48: 27452 | L48: 9 | M48: 9327 | N48: Chinook salmon | O48: Fall | P48: CWT and PIT Sample | Q48: LIVE | R48: 1 | S48: 16 | T48: 0 | U48: 8 | W48: 41 | X48: 87 | AC48: Female | AD48: UM | AE48: blank | AQ48: Yes
A49: 45942 | B49: 2025 | C49: Freshwater Sport | D49: Yakima River | E49: Yakima River Sport Fishery | F49: Yakima River Sport Fishery | H49: Clark,D | J49: Harvested | K49: 27452 | L49: 10 | M49: 9328 | N49: Chinook salmon | O49: Fall | P49: CWT and PIT Sample | Q49: LIVE | R49: 1 | S49: 16 | T49: 0 | U49: 8 | W49: 42 | X49: 72 | Z49: 92075 | AA49: 42 | AB49: Decoded | AC49: Female | AD49: AD | AE49: 0 | AF49: 128928 | AQ49: Yes | AR49: Hatchery unknown
A50: 45942 | B50: 2025 | C50: Freshwater Sport | D50: Yakima River | E50: Yakima River Sport Fishery | F50: Yakima River Sport Fishery | H50: Clark,D | J50: Harvested | K50: 27452 | L50: 11 | M50: 9329 | N50: Chinook salmon | O50: Fall | P50: CWT and PIT Sample | Q50: LIVE | R50: 1 | S50: 16 | T50: 0 | U50: 8 | W50: 41 | X50: 68 | AC50: Female | AD50: UM | AE50: blank | AQ50: Yes
A51: 45942 | B51: 2025 | C51: Freshwater Sport | D51: Yakima River | E51: Yakima River Sport Fishery | F51: Yakima River Sport Fishery | H51: Clark,D | J51: Harvested | K51: 27452 | L51: 12 | M51: 9330 | N51: Chinook salmon | O51: Fall | P51: CWT and PIT Sample | Q51: LIVE | R51: 1 | S51: 16 | T51: 0 | U51: 8 | W51: 42 | X51: 70 | Z51: 92075 | AA51: 42 | AB51: Decoded | AC51: Female | AD51: AD | AE51: 0 | AF51: 128930 | AQ51: Yes | AR51: Hatchery unknown
A52: 45942 | B52: 2025 | C52: Freshwater Sport | D52: Yakima River | E52: Yakima River Sport Fishery | F52: Yakima River Sport Fishery | H52: Clark,D | J52: Harvested | K52: 27452 | L52: 13 | M52: 9331 | N52: Chinook salmon | O52: Fall | P52: CWT and PIT Sample | Q52: LIVE | R52: 1 | S52: 16 | T52: 0 | U52: 8 | W52: 88 | X52: 88 | Z52: 91670 | AA52: 52 | AB52: Decoded | AC52: Female | AD52: AD | AE52: 0 | AF52: 128929 | AQ52: Yes | AR52: Hatchery unknown
A53: 45942 | B53: 2025 | C53: Freshwater Sport | D53: Yakima River | E53: Yakima River Sport Fishery | F53: Yakima River Sport Fishery | H53: Clark,D | J53: Harvested | K53: 27452 | L53: 14 | M53: 9332 | N53: Chinook salmon | O53: Fall | P53: CWT and PIT Sample | Q53: LIVE | R53: 1 | S53: 16 | T53: 0 | U53: 8 | W53: 88 | X53: 73 | AC53: Female | AD53: AD | AE53: blank | AQ53: Yes
A54: 45942 | B54: 2025 | C54: Freshwater Sport | D54: Yakima River | E54: Yakima River Sport Fishery | F54: Yakima River Sport Fishery | H54: Clark,D | J54: Harvested | K54: 27452 | L54: 15 | M54: 9333 | N54: Chinook salmon | O54: Fall | P54: CWT and PIT Sample | Q54: LIVE | R54: 1 | S54: 16 | T54: 0 | U54: 8 | W54: 41 | X54: 81 | AC54: Female | AD54: UM | AE54: blank | AQ54: Yes
A55: 45942 | B55: 2025 | C55: Freshwater Sport | D55: Yakima River | E55: Yakima River Sport Fishery | F55: Yakima River Sport Fishery | H55: Clark,D | J55: Harvested | K55: 27452 | L55: 16 | M55: 9334 | N55: Chinook salmon | O55: Fall | P55: CWT and PIT Sample | Q55: LIVE | R55: 1 | S55: 16 | T55: 0 | U55: 8 | W55: 42 | X55: 82 | AC55: Female | AD55: AD | AE55: blank | AQ55: Yes
