Workbook

Sheet Readme
A2: From: Jonathan Carey - NOAA Federal <jonathan.carey@noaa.gov>
A3: Date: Fri, Aug 18, 2023 at 5:17 PM
A4: Subject: Rec data for EIS
A5: To: James Dixon <james.dixon@noaa.gov>
A8: Here you go, I've gone through the rec data that Eric sent and 4 files are attached here:
A10: 1. "Recreational Effort for RMP EIS.xlsx" - this is the file from 2018 which you probably already have.
A11: 2. "Rec_raw_catch_effort__raw_2010-2021.csv" - this is the raw data in the same format as what was in the 'Data' tab of the 2018 file, updated with what Eric sent through 2021.
A12: 3. "Rec_pivot_trips_by_subregion_year.csv" - this is an updated version of the pivot table in cells A3:I9 of the 'Pivot' tab of the 2018 file, updated with what Eric sent through 2021.
A13: 4. "Rec_pivot_trips_proportion_subregion_year.csv" - this is an updated version of the pivot table in cells K3:O32 of the 'Pivot' tab of the 2018 file, updated with what Eric sent through 2021.
A15: Hope that's what you were looking for? Note that I used the same values as we did in 2018 to convert steelhead and freshwater salmon catches into trips, let me know if you know of better numbers to use for that and I can easily update.
A17: --
A18: Jon Carey
... A34: Angler Trips/Fish Caught
A35: Species | B35: Even Year | C35: Odd Year
A36: Salmon | B36: 8.65 | C36: 3.44
A37: Steelhead | B37: 8.54 | C37: 18.55
A39: Lookups: | B39: Salmon | C39: Steelhead
A40: 2010 | B40: =B36 -> 8.65 | C40: =B37 -> 8.54
A41: 2011 | B41: =C36 -> 3.44 | C41: =C37 -> 18.55
A42: 2012 | B42: =B$40 -> 8.65 | C42: =C$40 -> 8.54
A43: 2013 | B43: =B$41 -> 3.44 | C43: =C$41 -> 18.55
A44: 2014 | B44: =B$40 -> 8.65 | C44: =C$40 -> 8.54
A45: 2015 | B45: =B$41 -> 3.44 | C45: =C$41 -> 18.55
A46: 2016 | B46: =B$40 -> 8.65 | C46: =C$40 -> 8.54
A47: 2017 | B47: =B$41 -> 3.44 | C47: =C$41 -> 18.55
A48: 2018 | B48: =B$40 -> 8.65 | C48: =C$40 -> 8.54
A49: 2019 | B49: =B$41 -> 3.44 | C49: =C$41 -> 18.55
A50: 2020 | B50: =B$40 -> 8.65 | C50: =C$40 -> 8.54
A51: 2021 | B51: =B$41 -> 3.44 | C51: =C$41 -> 18.55
A52: 2022 | B52: =B$40 -> 8.65 | C52: =C$40 -> 8.54
A54: Updated May 10, 2024 from: <Updated FW trips-per-fish estimates including steelhead for PS RMP EIS_05-10-2024_ecw.xlsx>
A55: (Based on re-examination of 2006 and 2011 FW angler data plus incorporation of 2022 FW angler data)
A56: Use the following angler success rate estimates to calculate est. number of angler trips associated with FW Salmon and FW Steelhead recreational catch during each odd and even year in the 2010-2019 Existing Conditions baseline period
B57: Odd Years | C57: Even Years
A58: PS Salmon FW angler success rates (for 2011 and 2022, respectively) | B58: ='[1]Updated Puget Sound effort'!$B$30 -> 3.5390404 | C58: ='[1]Updated Puget Sound effort'!$C$30 -> 4.8195549
A59: PS Steelhead FW angler success rates (straight avg of 2011 and 2022 FW steelhead angler success rates - assumes no difference between odd- vs even-years) | B59: ='[1]Updated Puget Sound effort'!$B$31:$C$31 -> 20.927237
A61: Updated FW Angler Success Rate Lookups: | B61: Salmon | C61: Steelhead
A62: 2010 | B62: =C$58 -> 4.8195549 | C62: =B$59 -> 20.927237
A63: 2011 | B63: =B$58 -> 3.5390404 | C63: =B$59 -> 20.927237
A64: 2012 | B64: =C$58 -> 4.8195549 | C64: =B$59 -> 20.927237
A65: 2013 | B65: =B$58 -> 3.5390404 | C65: =B$59 -> 20.927237
A66: 2014 | B66: =C$58 -> 4.8195549 | C66: =B$59 -> 20.927237
A67: 2015 | B67: =B$58 -> 3.5390404 | C67: =B$59 -> 20.927237
A68: 2016 | B68: =C$58 -> 4.8195549 | C68: =B$59 -> 20.927237
A69: 2017 | B69: =B$58 -> 3.5390404 | C69: =B$59 -> 20.927237
A70: 2018 | B70: =C$58 -> 4.8195549 | C70: =B$59 -> 20.927237
A71: 2019 | B71: =B$58 -> 3.5390404 | C71: =B$59 -> 20.927237
A72: 2020 | B72: =C$58 -> 4.8195549 | C72: =B$59 -> 20.927237
A73: 2021 | B73: =B$58 -> 3.5390404 | C73: =B$59 -> 20.927237
A74: 2022 | B74: =C$58 -> 4.8195549 | C74: =B$59 -> 20.927237

Sheet LUTs
A1: Catch Area | B1: County_CatchArea | C1: Subregion_CatchArea | E1: County of Res | F1: Subregion of Res | G1: County_N-S_Order | H1: Subregion_N-S_Order
A2: Area 5: W Juan de Fuca | B2: NA | C2: 0Strait of Juan de Fuca | E2: Island | F2: North Puget Sound | G2: 04Island | H2: =CONCATENATE("01",F2) -> 01North Puget Sound
A3: Area 6: E Juan de Fuca | B3: NA | C3: 0Strait of Juan de Fuca | E3: San Juan | F3: North Puget Sound | G3: 05San Juan | H3: =CONCATENATE("01",F3) -> 01North Puget Sound
A4: Clallam River | B4: Clallam | C4: 0Strait of Juan de Fuca | E4: Skagit | F4: North Puget Sound | G4: 02Skagit | H4: =CONCATENATE("01",F4) -> 01North Puget Sound
A5: Deep Creek (Clallam Co.) | B5: Clallam | C5: 0Strait of Juan de Fuca | E5: Snohomish | F5: North Puget Sound | G5: 03Snohomish | H5: =CONCATENATE("01",F5) -> 01North Puget Sound
A6: Dungeness River | B6: Clallam | C6: 0Strait of Juan de Fuca | E6: Whatcom | F6: North Puget Sound | G6: 01Whatcom | H6: =CONCATENATE("01",F6) -> 01North Puget Sound
A7: Elwha River | B7: Clallam | C7: 0Strait of Juan de Fuca | E7: King | F7: South Puget Sound | G7: 06King | H7: =CONCATENATE("02",F7) -> 02South Puget Sound
A8: Hoko River | B8: Clallam | C8: 0Strait of Juan de Fuca | E8: Kitsap | F8: South Puget Sound | G8: 10Kitsap | H8: =CONCATENATE("02",F8) -> 02South Puget Sound
A9: Lyre River | B9: Clallam | C9: 0Strait of Juan de Fuca | E9: Mason | F9: South Puget Sound | G9: 09Mason | H9: =CONCATENATE("02",F9) -> 02South Puget Sound
A10: Morse Creek (Clallam Co.) | B10: Clallam | C10: 0Strait of Juan de Fuca | E10: Pierce | F10: South Puget Sound | G10: 07Pierce | H10: =CONCATENATE("02",F10) -> 02South Puget Sound
A11: Pysht River | B11: Clallam | C11: 0Strait of Juan de Fuca | E11: Thurston | F11: South Puget Sound | G11: 08Thurston | H11: =CONCATENATE("02",F11) -> 02South Puget Sound
A12: Salt Creek (Clallam Co.) | B12: Clallam | C12: 0Strait of Juan de Fuca | E12: Clallam | F12: Strait of Juan de Fuca | G12: 11Clallam | H12: =CONCATENATE("03",F12) -> 03Strait of Juan de Fuca
A13: Sekiu River | B13: Clallam | C13: 0Strait of Juan de Fuca | E13: Jefferson | F13: Strait of Juan de Fuca | G13: 12Jefferson | H13: =CONCATENATE("03",F13) -> 03Strait of Juan de Fuca
A14: Area 7: San Juan Islands | B14: NA | C14: 1North Puget Sound | E14: Other | F14: Non Puget Sound | G14: 20Other | H14: =CONCATENATE("07",F14) -> 07Non Puget Sound
A15: Baker Lake | B15: Whatcom | C15: 1North Puget Sound
A16: Baker River | B16: Skagit/Whatcom | C16: 1North Puget Sound
A17: California Creek | B17: Whatcom | C17: 1North Puget Sound
A18: Cascade River | B18: Skagit | C18: 1North Puget Sound
A19: Dakota Creek (Whatcom Co) | B19: Whatcom | C19: 1North Puget Sound
A20: Nooksack River | B20: Whatcom | C20: 1North Puget Sound
A21: Nooksack River, below North Fork | B21: Whatcom | C21: 1North Puget Sound
A22: Nooksack River, No. Fork | B22: Whatcom | C22: 1North Puget Sound
A23: Nooksack River, So. Fork | B23: Whatcom | C23: 1North Puget Sound
A24: Samish River | B24: Skagit | C24: 1North Puget Sound
A25: Whatcom Creek | B25: Whatcom | C25: 1North Puget Sound
A26: Area 8-1: Skagit Bay-Saratoga Psg. | B26: NA | C26: 2Central Puget Sound | D26: Skagit Bay in Central but the rest of Skagit River in North Puget Sound?
A27: Area 8-2: Port Susan-Port Gardner | B27: NA | C27: 2Central Puget Sound
A28: Area 9: Admiralty Inlet | B28: NA | C28: 2Central Puget Sound
A29: Canyon Creek | B29: Snohomish | C29: 2Central Puget Sound
A30: Lake Sammamish | B30: King | C30: 2Central Puget Sound
A31: Lake Washington | B31: King | C31: 2Central Puget Sound
A32: Pilchuck Creek (Stillaguamish System) | B32: Skagit/Snohomish | C32: 2Central Puget Sound
A33: Pilchuck River (Snohomish System) | B33: Snohomish | C33: 2Central Puget Sound
A34: Raging River | B34: King | C34: 2Central Puget Sound
A35: Sauk River | B35: Skagit/Snohomish | C35: 2Central Puget Sound
A36: Skagit River | B36: Skagit/Whatcom | C36: 2Central Puget Sound | D36: Skagit Bay in Central but the rest of Skagit River in North Puget Sound?
A37: Skykomish River | B37: Snohomish | C37: 2Central Puget Sound
A38: Skykomish River, No. Fork | B38: Snohomish | C38: 2Central Puget Sound
A39: Skykomish River, So. Fork | B39: Snohomish/King | C39: 2Central Puget Sound
A40: Snohomish River | B40: Snohomish | C40: 2Central Puget Sound
A41: Snoqualmie River | B41: Snohomish/King | C41: 2Central Puget Sound
A42: Stillaguamish R, No. Fork | B42: Snohomish | C42: 2Central Puget Sound
A43: Stillaguamish R, So. Fork | B43: Snohomish | C43: 2Central Puget Sound
A44: Stillaguamish River | B44: Snohomish | C44: 2Central Puget Sound
A45: Sultan River | B45: Snohomish | C45: 2Central Puget Sound
A46: Tokul Creek | B46: King | C46: 2Central Puget Sound | D46: the Tokul Cr assignment to the North Puget Sound (King County), when the rest of the Snohomish basin is in Central Sound?
A47: Tolt River | B47: King | C47: 2Central Puget Sound
A48: Wallace River | B48: Snohomish | C48: 2Central Puget Sound
A49: Woods Creek | B49: Snohomish | C49: 2Central Puget Sound | D49: New
A50: Area 10: N Puget Sound | B50: NA | C50: 3South Puget Sound
A51: Area 11: Mid-Puget Sound | B51: NA | C51: 3South Puget Sound
A52: Area 13: S Puget Sound | B52: NA | C52: 3South Puget Sound
A53: Black River (Thurston Co) | B53: Thurston | C53: 3South Puget Sound
A54: Burley Creek (Kitsap Co.) | B54: Kitsap | C54: 3South Puget Sound
A55: Carbon River | B55: Pierce | C55: 3South Puget Sound
A56: Chambers Creek | B56: Pierce | C56: 3South Puget Sound
A57: Deschutes River | B57: Thurston | C57: 3South Puget Sound
A58: Green - Duwamish River | B58: King | C58: 3South Puget Sound
A59: Kennedy Creek | B59: Mason/Thurston | C59: 3South Puget Sound
A60: McAllister Creek | B60: Thurston | C60: 3South Puget Sound
A61: McLane Creek | B61: Thurston | C61: 3South Puget Sound
... A73: Tahuya River | B73: Mason | C73: 4 Hood Canal

Sheet Rec_raw_catch_effort_2010-2021
A1: Row | B1: Year | C1: Water_Type | D1: Water_Type2 | E1: Species | F1: CatchAreaCode | G1: CatchArea | H1: CatchArea2 | I1: County_CatchArea | J1: Subregion_CatchArea | K1: County_of_Residence | L1: County_of_Res_N-S_Order | M1: Subregion_County_of_Residence | N1: Subregion_Co_of_Res_N-S_Order | O1: Catch | P1: Trips | Q1: Catch2 | R1: Trips2 | S1: 2010-2019? | T1: Trips/Catch | U1: Trips2/Catch2
A2: 3120 | B2: 2010 | C2: Marine | D2: 1Marine | E2: Salmon | F2: 5 | G2: Area 5: W Juan de Fuca | H2: =G2 -> Area 5: W Juan de Fuca | I2: =IFERROR(VLOOKUP(H2,LUTs!$A$1:$C$73,2,FALSE),"NA") -> NA | J2: =IFERROR(VLOOKUP(H2,LUTs!$A$1:$C$73,3,FALSE),"NA") -> 0Strait of Juan de Fuca | K2: Clallam | L2: =VLOOKUP(K2,LUTs!E$2:G$14,3,) -> 11Clallam | M2: =VLOOKUP($K2,LUTs!$E$2:$H$14,2,) -> Strait of Juan de Fuca | N2: =VLOOKUP($K2,LUTs!$E$2:$H$14,4,) -> 03Strait of Juan de Fuca | O2: 2398.9335 | P2: 4507.4475 | Q2: =O2 -> 2398.9335 | R2: =P2 -> 4507.4475 | S2: =IF(B2<=2019,"Y","N") -> Y | T2: =IFERROR(P2/O2,"NA") -> 1.878938 | U2: =IFERROR(R2/Q2,"NA") -> 1.878938
A3: 3004 | B3: 2010 | C3: Marine | D3: 1Marine | E3: Salmon | F3: 5 | G3: Area 5: W Juan de Fuca | H3: =G3 -> Area 5: W Juan de Fuca | I3: =IFERROR(VLOOKUP(H3,LUTs!$A$1:$C$73,2,FALSE),"NA") -> NA | J3: =IFERROR(VLOOKUP(H3,LUTs!$A$1:$C$73,3,FALSE),"NA") -> 0Strait of Juan de Fuca | K3: Island | L3: =VLOOKUP(K3,LUTs!E$2:G$14,3,) -> 04Island | M3: =VLOOKUP($K3,LUTs!$E$2:$H$14,2,) -> North Puget Sound | N3: =VLOOKUP($K3,LUTs!$E$2:$H$14,4,) -> 01North Puget Sound | O3: 164.11215 | P3: 308.35657 | Q3: =O3 -> 164.11215 | R3: =P3 -> 308.35657 | S3: =IF(B3<=2019,"Y","N") -> Y | T3: =IFERROR(P3/O3,"NA") -> 1.878938 | U3: =IFERROR(R3/Q3,"NA") -> 1.878938
A4: 3121 | B4: 2010 | C4: Marine | D4: 1Marine | E4: Salmon | F4: 5 | G4: Area 5: W Juan de Fuca | H4: =G4 -> Area 5: W Juan de Fuca | I4: =IFERROR(VLOOKUP(H4,LUTs!$A$1:$C$73,2,FALSE),"NA") -> NA | J4: =IFERROR(VLOOKUP(H4,LUTs!$A$1:$C$73,3,FALSE),"NA") -> 0Strait of Juan de Fuca | K4: Jefferson | L4: =VLOOKUP(K4,LUTs!E$2:G$14,3,) -> 12Jefferson | M4: =VLOOKUP($K4,LUTs!$E$2:$H$14,2,) -> Strait of Juan de Fuca | N4: =VLOOKUP($K4,LUTs!$E$2:$H$14,4,) -> 03Strait of Juan de Fuca | O4: 651.62179 | P4: 1224.357 | Q4: =O4 -> 651.62179 | R4: =P4 -> 1224.357 | S4: =IF(B4<=2019,"Y","N") -> Y | T4: =IFERROR(P4/O4,"NA") -> 1.878938 | U4: =IFERROR(R4/Q4,"NA") -> 1.878938
A5: 3005 | B5: 2010 | C5: Marine | D5: 1Marine | E5: Salmon | F5: 5 | G5: Area 5: W Juan de Fuca | H5: =G5 -> Area 5: W Juan de Fuca | I5: =IFERROR(VLOOKUP(H5,LUTs!$A$1:$C$73,2,FALSE),"NA") -> NA | J5: =IFERROR(VLOOKUP(H5,LUTs!$A$1:$C$73,3,FALSE),"NA") -> 0Strait of Juan de Fuca | K5: King | L5: =VLOOKUP(K5,LUTs!E$2:G$14,3,) -> 06King | M5: =VLOOKUP($K5,LUTs!$E$2:$H$14,2,) -> South Puget Sound | N5: =VLOOKUP($K5,LUTs!$E$2:$H$14,4,) -> 02South Puget Sound | O5: 3610.4674 | P5: 6783.8445 | Q5: =O5 -> 3610.4674 | R5: =P5 -> 6783.8445 | S5: =IF(B5<=2019,"Y","N") -> Y | T5: =IFERROR(P5/O5,"NA") -> 1.878938 | U5: =IFERROR(R5/Q5,"NA") -> 1.878938
A6: 3119 | B6: 2010 | C6: Marine | D6: 1Marine | E6: Salmon | F6: 5 | G6: Area 5: W Juan de Fuca | H6: =G6 -> Area 5: W Juan de Fuca | I6: =IFERROR(VLOOKUP(H6,LUTs!$A$1:$C$73,2,FALSE),"NA") -> NA | J6: =IFERROR(VLOOKUP(H6,LUTs!$A$1:$C$73,3,FALSE),"NA") -> 0Strait of Juan de Fuca | K6: Kitsap | L6: =VLOOKUP(K6,LUTs!E$2:G$14,3,) -> 10Kitsap | M6: =VLOOKUP($K6,LUTs!$E$2:$H$14,2,) -> South Puget Sound | N6: =VLOOKUP($K6,LUTs!$E$2:$H$14,4,) -> 02South Puget Sound | O6: 1559.0655 | P6: 2929.3874 | Q6: =O6 -> 1559.0655 | R6: =P6 -> 2929.3874 | S6: =IF(B6<=2019,"Y","N") -> Y | T6: =IFERROR(P6/O6,"NA") -> 1.878938 | U6: =IFERROR(R6/Q6,"NA") -> 1.878938
A7: 3118 | B7: 2010 | C7: Marine | D7: 1Marine | E7: Salmon | F7: 5 | G7: Area 5: W Juan de Fuca | H7: =G7 -> Area 5: W Juan de Fuca | I7: =IFERROR(VLOOKUP(H7,LUTs!$A$1:$C$73,2,FALSE),"NA") -> NA | J7: =IFERROR(VLOOKUP(H7,LUTs!$A$1:$C$73,3,FALSE),"NA") -> 0Strait of Juan de Fuca | K7: Mason | L7: =VLOOKUP(K7,LUTs!E$2:G$14,3,) -> 09Mason | M7: =VLOOKUP($K7,LUTs!$E$2:$H$14,2,) -> South Puget Sound | N7: =VLOOKUP($K7,LUTs!$E$2:$H$14,4,) -> 02South Puget Sound | O7: 516.4706 | P7: 970.41625 | Q7: =O7 -> 516.4706 | R7: =P7 -> 970.41625 | S7: =IF(B7<=2019,"Y","N") -> Y | T7: =IFERROR(P7/O7,"NA") -> 1.878938 | U7: =IFERROR(R7/Q7,"NA") -> 1.878938
A8: 3122 | B8: 2010 | C8: Marine | D8: 1Marine | E8: Salmon | F8: 5 | G8: Area 5: W Juan de Fuca | H8: =G8 -> Area 5: W Juan de Fuca | I8: =IFERROR(VLOOKUP(H8,LUTs!$A$1:$C$73,2,FALSE),"NA") -> NA | J8: =IFERROR(VLOOKUP(H8,LUTs!$A$1:$C$73,3,FALSE),"NA") -> 0Strait of Juan de Fuca | K8: Other | L8: =VLOOKUP(K8,LUTs!E$2:G$14,3,) -> 20Other | M8: =VLOOKUP($K8,LUTs!$E$2:$H$14,2,) -> Non Puget Sound | N8: =VLOOKUP($K8,LUTs!$E$2:$H$14,4,) -> 07Non Puget Sound | O8: 4682.0232 | P8: 8797.2314 | Q8: =O8 -> 4682.0232 | R8: =P8 -> 8797.2314 | S8: =IF(B8<=2019,"Y","N") -> Y | T8: =IFERROR(P8/O8,"NA") -> 1.878938 | U8: =IFERROR(R8/Q8,"NA") -> 1.878938
A9: 3006 | B9: 2010 | C9: Marine | D9: 1Marine | E9: Salmon | F9: 5 | G9: Area 5: W Juan de Fuca | H9: =G9 -> Area 5: W Juan de Fuca | I9: =IFERROR(VLOOKUP(H9,LUTs!$A$1:$C$73,2,FALSE),"NA") -> NA | J9: =IFERROR(VLOOKUP(H9,LUTs!$A$1:$C$73,3,FALSE),"NA") -> 0Strait of Juan de Fuca | K9: Pierce | L9: =VLOOKUP(K9,LUTs!E$2:G$14,3,) -> 07Pierce | M9: =VLOOKUP($K9,LUTs!$E$2:$H$14,2,) -> South Puget Sound | N9: =VLOOKUP($K9,LUTs!$E$2:$H$14,4,) -> 02South Puget Sound | O9: 3393.2601 | P9: 6375.7255 | Q9: =O9 -> 3393.2601 | R9: =P9 -> 6375.7255 | S9: =IF(B9<=2019,"Y","N") -> Y | T9: =IFERROR(P9/O9,"NA") -> 1.878938 | U9: =IFERROR(R9/Q9,"NA") -> 1.878938
A10: 3002 | B10: 2010 | C10: Marine | D10: 1Marine | E10: Salmon | F10: 5 | G10: Area 5: W Juan de Fuca | H10: =G10 -> Area 5: W Juan de Fuca | I10: =IFERROR(VLOOKUP(H10,LUTs!$A$1:$C$73,2,FALSE),"NA") -> NA | J10: =IFERROR(VLOOKUP(H10,LUTs!$A$1:$C$73,3,FALSE),"NA") -> 0Strait of Juan de Fuca | K10: Skagit | L10: =VLOOKUP(K10,LUTs!E$2:G$14,3,) -> 02Skagit | M10: =VLOOKUP($K10,LUTs!$E$2:$H$14,2,) -> North Puget Sound | N10: =VLOOKUP($K10,LUTs!$E$2:$H$14,4,) -> 01North Puget Sound | O10: 77.229249 | P10: 145.10897 | Q10: =O10 -> 77.229249 | R10: =P10 -> 145.10897 | S10: =IF(B10<=2019,"Y","N") -> Y | T10: =IFERROR(P10/O10,"NA") -> 1.878938 | U10: =IFERROR(R10/Q10,"NA") -> 1.878938
A11: 3003 | B11: 2010 | C11: Marine | D11: 1Marine | E11: Salmon | F11: 5 | G11: Area 5: W Juan de Fuca | H11: =G11 -> Area 5: W Juan de Fuca | I11: =IFERROR(VLOOKUP(H11,LUTs!$A$1:$C$73,2,FALSE),"NA") -> NA | J11: =IFERROR(VLOOKUP(H11,LUTs!$A$1:$C$73,3,FALSE),"NA") -> 0Strait of Juan de Fuca | K11: Snohomish | L11: =VLOOKUP(K11,LUTs!E$2:G$14,3,) -> 03Snohomish | M11: =VLOOKUP($K11,LUTs!$E$2:$H$14,2,) -> North Puget Sound | N11: =VLOOKUP($K11,LUTs!$E$2:$H$14,4,) -> 01North Puget Sound | O11: 1423.9143 | P11: 2675.4467 | Q11: =O11 -> 1423.9143 | R11: =P11 -> 2675.4467 | S11: =IF(B11<=2019,"Y","N") -> Y | T11: =IFERROR(P11/O11,"NA") -> 1.878938 | U11: =IFERROR(R11/Q11,"NA") -> 1.878938
A12: 3007 | B12: 2010 | C12: Marine | D12: 1Marine | E12: Salmon | F12: 5 | G12: Area 5: W Juan de Fuca | H12: =G12 -> Area 5: W Juan de Fuca | I12: =IFERROR(VLOOKUP(H12,LUTs!$A$1:$C$73,2,FALSE),"NA") -> NA | J12: =IFERROR(VLOOKUP(H12,LUTs!$A$1:$C$73,3,FALSE),"NA") -> 0Strait of Juan de Fuca | K12: Thurston | L12: =VLOOKUP(K12,LUTs!E$2:G$14,3,) -> 08Thurston | M12: =VLOOKUP($K12,LUTs!$E$2:$H$14,2,) -> South Puget Sound | N12: =VLOOKUP($K12,LUTs!$E$2:$H$14,4,) -> 02South Puget Sound | O12: 675.75593 | P12: 1269.7035 | Q12: =O12 -> 675.75593 | R12: =P12 -> 1269.7035 | S12: =IF(B12<=2019,"Y","N") -> Y | T12: =IFERROR(P12/O12,"NA") -> 1.878938 | U12: =IFERROR(R12/Q12,"NA") -> 1.878938
A13: 1556 | B13: 2010 | C13: Marine | D13: 1Marine | E13: Salmon | F13: 5 | G13: Area 5: W Juan de Fuca | H13: =G13 -> Area 5: W Juan de Fuca | I13: =IFERROR(VLOOKUP(H13,LUTs!$A$1:$C$73,2,FALSE),"NA") -> NA | J13: =IFERROR(VLOOKUP(H13,LUTs!$A$1:$C$73,3,FALSE),"NA") -> 0Strait of Juan de Fuca | K13: Whatcom | L13: =VLOOKUP(K13,LUTs!E$2:G$14,3,) -> 01Whatcom | M13: =VLOOKUP($K13,LUTs!$E$2:$H$14,2,) -> North Puget Sound | N13: =VLOOKUP($K13,LUTs!$E$2:$H$14,4,) -> 01North Puget Sound | O13: 386.14625 | P13: 725.54486 | Q13: =O13 -> 386.14625 | R13: =P13 -> 725.54486 | S13: =IF(B13<=2019,"Y","N") -> Y | T13: =IFERROR(P13/O13,"NA") -> 1.878938 | U13: =IFERROR(R13/Q13,"NA") -> 1.878938
... A1051: 626 | B1051: 2021 | C1051: Marine | D1051: 1Marine | E1051: Salmon | F1051: 13 | G1051: Area 13: S Puget Sound | H1051: =G1051 -> Area 13: S Puget Sound | I1051: =IFERROR(VLOOKUP(H1051,LUTs!$A$1:$C$73,2,FALSE),"NA") -> NA | J1051: =IFERROR(VLOOKUP(H1051,LUTs!$A$1:$C$73,3,FALSE),"NA") -> 3South Puget Sound | K1051: Thurston | L1051: =VLOOKUP(K1051,LUTs!E$2:G$14,3,) -> 08Thurston | M1051: =VLOOKUP($K1051,LUTs!$E$2:$H$14,2,) -> South Puget Sound | N1051: =VLOOKUP($K1051,LUTs!$E$2:$H$14,4,) -> 02South Puget Sound | O1051: 1320.4153 | P1051: 1622.6559 | Q1051: =O1051 -> 1320.4153 | R1051: =P1051 -> 1622.6559 | S1051: =IF(B1051<=2019,"Y","N") -> N | T1051: =IFERROR(P1051/O1051,"NA") -> 1.2288981 | U1051: =IFERROR(R1051/Q1051,"NA") -> 1.2288981
A1052: 2591 | B1052: 2010 | C1052: Marine | D1052: 1Marine | E1052: Salmon | F1052: 8-1 | G1052: Area 8-1: Skagit Bay-Saratoga Psg. | H1052: =G1052 -> Area 8-1: Skagit Bay-Saratoga Psg. | I1052: =IFERROR(VLOOKUP(H1052,LUTs!$A$1:$C$73,2,FALSE),"NA") -> NA | J1052: =IFERROR(VLOOKUP(H1052,LUTs!$A$1:$C$73,3,FALSE),"NA") -> 2Central Puget Sound | K1052: Island | L1052: =VLOOKUP(K1052,LUTs!E$2:G$14,3,) -> 04Island | M1052: =VLOOKUP($K1052,LUTs!$E$2:$H$14,2,) -> North Puget Sound | N1052: =VLOOKUP($K1052,LUTs!$E$2:$H$14,4,) -> 01North Puget Sound | O1052: 128.93878 | P1052: 1744.5361 | Q1052: =O1052 -> 128.93878 | R1052: =P1052 -> 1744.5361 | S1052: =IF(B1052<=2019,"Y","N") -> Y | T1052: =IFERROR(P1052/O1052,"NA") -> 13.529957 | U1052: =IFERROR(R1052/Q1052,"NA") -> 13.529957
A1053: 2592 | B1053: 2010 | C1053: Marine | D1053: 1Marine | E1053: Salmon | F1053: 8-1 | G1053: Area 8-1: Skagit Bay-Saratoga Psg. | H1053: =G1053 -> Area 8-1: Skagit Bay-Saratoga Psg. | I1053: =IFERROR(VLOOKUP(H1053,LUTs!$A$1:$C$73,2,FALSE),"NA") -> NA | J1053: =IFERROR(VLOOKUP(H1053,LUTs!$A$1:$C$73,3,FALSE),"NA") -> 2Central Puget Sound | K1053: King | L1053: =VLOOKUP(K1053,LUTs!E$2:G$14,3,) -> 06King | M1053: =VLOOKUP($K1053,LUTs!$E$2:$H$14,2,) -> South Puget Sound | N1053: =VLOOKUP($K1053,LUTs!$E$2:$H$14,4,) -> 02South Puget Sound | O1053: 9.5510204 | P1053: 129.2249 | Q1053: =O1053 -> 9.5510204 | R1053: =P1053 -> 129.2249 | S1053: =IF(B1053<=2019,"Y","N") -> Y | T1053: =IFERROR(P1053/O1053,"NA") -> 13.529957 | U1053: =IFERROR(R1053/Q1053,"NA") -> 13.529957
A1054: 2595 | B1054: 2010 | C1054: Marine | D1054: 1Marine | E1054: Salmon | F1054: 8-1 | G1054: Area 8-1: Skagit Bay-Saratoga Psg. | H1054: =G1054 -> Area 8-1: Skagit Bay-Saratoga Psg. | I1054: =IFERROR(VLOOKUP(H1054,LUTs!$A$1:$C$73,2,FALSE),"NA") -> NA | J1054: =IFERROR(VLOOKUP(H1054,LUTs!$A$1:$C$73,3,FALSE),"NA") -> 2Central Puget Sound | K1054: Other | L1054: =VLOOKUP(K1054,LUTs!E$2:G$14,3,) -> 20Other | M1054: =VLOOKUP($K1054,LUTs!$E$2:$H$14,2,) -> Non Puget Sound | N1054: =VLOOKUP($K1054,LUTs!$E$2:$H$14,4,) -> 07Non Puget Sound | O1054: 9.5510204 | P1054: 129.2249 | Q1054: =O1054 -> 9.5510204 | R1054: =P1054 -> 129.2249 | S1054: =IF(B1054<=2019,"Y","N") -> Y | T1054: =IFERROR(P1054/O1054,"NA") -> 13.529957 | U1054: =IFERROR(R1054/Q1054,"NA") -> 13.529957
A1055: 2593 | B1055: 2010 | C1055: Marine | D1055: 1Marine | E1055: Salmon | F1055: 8-1 | G1055: Area 8-1: Skagit Bay-Saratoga Psg. | H1055: =G1055 -> Area 8-1: Skagit Bay-Saratoga Psg. | I1055: =IFERROR(VLOOKUP(H1055,LUTs!$A$1:$C$73,2,FALSE),"NA") -> NA | J1055: =IFERROR(VLOOKUP(H1055,LUTs!$A$1:$C$73,3,FALSE),"NA") -> 2Central Puget Sound | K1055: Pierce | L1055: =VLOOKUP(K1055,LUTs!E$2:G$14,3,) -> 07Pierce | M1055: =VLOOKUP($K1055,LUTs!$E$2:$H$14,2,) -> South Puget Sound | N1055: =VLOOKUP($K1055,LUTs!$E$2:$H$14,4,) -> 02South Puget Sound | O1055: 4.7755102 | P1055: 64.612449 | Q1055: =O1055 -> 4.7755102 | R1055: =P1055 -> 64.612449 | S1055: =IF(B1055<=2019,"Y","N") -> Y | T1055: =IFERROR(P1055/O1055,"NA") -> 13.529957 | U1055: =IFERROR(R1055/Q1055,"NA") -> 13.529957
A1056: 2589 | B1056: 2010 | C1056: Marine | D1056: 1Marine | E1056: Salmon | F1056: 8-1 | G1056: Area 8-1: Skagit Bay-Saratoga Psg. | H1056: =G1056 -> Area 8-1: Skagit Bay-Saratoga Psg. | I1056: =IFERROR(VLOOKUP(H1056,LUTs!$A$1:$C$73,2,FALSE),"NA") -> NA | J1056: =IFERROR(VLOOKUP(H1056,LUTs!$A$1:$C$73,3,FALSE),"NA") -> 2Central Puget Sound | K1056: Skagit | L1056: =VLOOKUP(K1056,LUTs!E$2:G$14,3,) -> 02Skagit | M1056: =VLOOKUP($K1056,LUTs!$E$2:$H$14,2,) -> North Puget Sound | N1056: =VLOOKUP($K1056,LUTs!$E$2:$H$14,4,) -> 01North Puget Sound | O1056: 33.428571 | P1056: 452.28714 | Q1056: =O1056 -> 33.428571 | R1056: =P1056 -> 452.28714 | S1056: =IF(B1056<=2019,"Y","N") -> Y | T1056: =IFERROR(P1056/O1056,"NA") -> 13.529957 | U1056: =IFERROR(R1056/Q1056,"NA") -> 13.529957
A1057: 2590 | B1057: 2010 | C1057: Marine | D1057: 1Marine | E1057: Salmon | F1057: 8-1 | G1057: Area 8-1: Skagit Bay-Saratoga Psg. | H1057: =G1057 -> Area 8-1: Skagit Bay-Saratoga Psg. | I1057: =IFERROR(VLOOKUP(H1057,LUTs!$A$1:$C$73,2,FALSE),"NA") -> NA | J1057: =IFERROR(VLOOKUP(H1057,LUTs!$A$1:$C$73,3,FALSE),"NA") -> 2Central Puget Sound | K1057: Snohomish | L1057: =VLOOKUP(K1057,LUTs!E$2:G$14,3,) -> 03Snohomish | M1057: =VLOOKUP($K1057,LUTs!$E$2:$H$14,2,) -> North Puget Sound | N1057: =VLOOKUP($K1057,LUTs!$E$2:$H$14,4,) -> 01North Puget Sound | O1057: 42.979592 | P1057: 581.51204 | Q1057: =O1057 -> 42.979592 | R1057: =P1057 -> 581.51204 | S1057: =IF(B1057<=2019,"Y","N") -> Y | T1057: =IFERROR(P1057/O1057,"NA") -> 13.529957 | U1057: =IFERROR(R1057/Q1057,"NA") -> 13.529957
A1058: 2594 | B1058: 2010 | C1058: Marine | D1058: 1Marine | E1058: Salmon | F1058: 8-1 | G1058: Area 8-1: Skagit Bay-Saratoga Psg. | H1058: =G1058 -> Area 8-1: Skagit Bay-Saratoga Psg. | I1058: =IFERROR(VLOOKUP(H1058,LUTs!$A$1:$C$73,2,FALSE),"NA") -> NA | J1058: =IFERROR(VLOOKUP(H1058,LUTs!$A$1:$C$73,3,FALSE),"NA") -> 2Central Puget Sound | K1058: Thurston | L1058: =VLOOKUP(K1058,LUTs!E$2:G$14,3,) -> 08Thurston | M1058: =VLOOKUP($K1058,LUTs!$E$2:$H$14,2,) -> South Puget Sound | N1058: =VLOOKUP($K1058,LUTs!$E$2:$H$14,4,) -> 02South Puget Sound | O1058: 4.7755102 | P1058: 64.612449 | Q1058: =O1058 -> 4.7755102 | R1058: =P1058 -> 64.612449 | S1058: =IF(B1058<=2019,"Y","N") -> Y | T1058: =IFERROR(P1058/O1058,"NA") -> 13.529957 | U1058: =IFERROR(R1058/Q1058,"NA") -> 13.529957
A1059: 2831 | B1059: 2011 | C1059: Marine | D1059: 1Marine | E1059: Salmon | F1059: 8-1 | G1059: Area 8-1: Skagit Bay-Saratoga Psg. | H1059: =G1059 -> Area 8-1: Skagit Bay-Saratoga Psg. | I1059: =IFERROR(VLOOKUP(H1059,LUTs!$A$1:$C$73,2,FALSE),"NA") -> NA | J1059: =IFERROR(VLOOKUP(H1059,LUTs!$A$1:$C$73,3,FALSE),"NA") -> 2Central Puget Sound | K1059: Island | L1059: =VLOOKUP(K1059,LUTs!E$2:G$14,3,) -> 04Island | M1059: =VLOOKUP($K1059,LUTs!$E$2:$H$14,2,) -> North Puget Sound | N1059: =VLOOKUP($K1059,LUTs!$E$2:$H$14,4,) -> 01North Puget Sound | O1059: 6674.7644 | P1059: 8632.1395 | Q1059: =O1059 -> 6674.7644 | R1059: =P1059 -> 8632.1395 | S1059: =IF(B1059<=2019,"Y","N") -> Y | T1059: =IFERROR(P1059/O1059,"NA") -> 1.2932501 | U1059: =IFERROR(R1059/Q1059,"NA") -> 1.2932501
A1060: 2832 | B1060: 2011 | C1060: Marine | D1060: 1Marine | E1060: Salmon | F1060: 8-1 | G1060: Area 8-1: Skagit Bay-Saratoga Psg. | H1060: =G1060 -> Area 8-1: Skagit Bay-Saratoga Psg. | I1060: =IFERROR(VLOOKUP(H1060,LUTs!$A$1:$C$73,2,FALSE),"NA") -> NA | J1060: =IFERROR(VLOOKUP(H1060,LUTs!$A$1:$C$73,3,FALSE),"NA") -> 2Central Puget Sound | K1060: King | L1060: =VLOOKUP(K1060,LUTs!E$2:G$14,3,) -> 06King | M1060: =VLOOKUP($K1060,LUTs!$E$2:$H$14,2,) -> South Puget Sound | N1060: =VLOOKUP($K1060,LUTs!$E$2:$H$14,4,) -> 02South Puget Sound | O1060: 611.26215 | P1060: 790.51482 | Q1060: =O1060 -> 611.26215 | R1060: =P1060 -> 790.51482 | S1060: =IF(B1060<=2019,"Y","N") -> Y | T1060: =IFERROR(P1060/O1060,"NA") -> 1.2932501 | U1060: =IFERROR(R1060/Q1060,"NA") -> 1.2932501
A1061: 2941 | B1061: 2011 | C1061: Marine | D1061: 1Marine | E1061: Salmon | F1061: 8-1 | G1061: Area 8-1: Skagit Bay-Saratoga Psg. | H1061: =G1061 -> Area 8-1: Skagit Bay-Saratoga Psg. | I1061: =IFERROR(VLOOKUP(H1061,LUTs!$A$1:$C$73,2,FALSE),"NA") -> NA | J1061: =IFERROR(VLOOKUP(H1061,LUTs!$A$1:$C$73,3,FALSE),"NA") -> 2Central Puget Sound | K1061: Kitsap | L1061: =VLOOKUP(K1061,LUTs!E$2:G$14,3,) -> 10Kitsap | M1061: =VLOOKUP($K1061,LUTs!$E$2:$H$14,2,) -> South Puget Sound | N1061: =VLOOKUP($K1061,LUTs!$E$2:$H$14,4,) -> 02South Puget Sound | O1061: 38.203885 | P1061: 49.407176 | Q1061: =O1061 -> 38.203885 | R1061: =P1061 -> 49.407176 | S1061: =IF(B1061<=2019,"Y","N") -> Y | T1061: =IFERROR(P1061/O1061,"NA") -> 1.2932501 | U1061: =IFERROR(R1061/Q1061,"NA") -> 1.2932501
A1062: 2942 | B1062: 2011 | C1062: Marine | D1062: 1Marine | E1062: Salmon | F1062: 8-1 | G1062: Area 8-1: Skagit Bay-Saratoga Psg. | H1062: =G1062 -> Area 8-1: Skagit Bay-Saratoga Psg. | I1062: =IFERROR(VLOOKUP(H1062,LUTs!$A$1:$C$73,2,FALSE),"NA") -> NA | J1062: =IFERROR(VLOOKUP(H1062,LUTs!$A$1:$C$73,3,FALSE),"NA") -> 2Central Puget Sound | K1062: Other | L1062: =VLOOKUP(K1062,LUTs!E$2:G$14,3,) -> 20Other | M1062: =VLOOKUP($K1062,LUTs!$E$2:$H$14,2,) -> Non Puget Sound | N1062: =VLOOKUP($K1062,LUTs!$E$2:$H$14,4,) -> 07Non Puget Sound | O1062: 1489.9515 | P1062: 1926.8799 | Q1062: =O1062 -> 1489.9515 | R1062: =P1062 -> 1926.8799 | S1062: =IF(B1062<=2019,"Y","N") -> Y | T1062: =IFERROR(P1062/O1062,"NA") -> 1.2932501 | U1062: =IFERROR(R1062/Q1062,"NA") -> 1.2932501
A1063: 2833 | B1063: 2011 | C1063: Marine | D1063: 1Marine | E1063: Salmon | F1063: 8-1 | G1063: Area 8-1: Skagit Bay-Saratoga Psg. | H1063: =G1063 -> Area 8-1: Skagit Bay-Saratoga Psg. | I1063: =IFERROR(VLOOKUP(H1063,LUTs!$A$1:$C$73,2,FALSE),"NA") -> NA | J1063: =IFERROR(VLOOKUP(H1063,LUTs!$A$1:$C$73,3,FALSE),"NA") -> 2Central Puget Sound | K1063: Pierce | L1063: =VLOOKUP(K1063,LUTs!E$2:G$14,3,) -> 07Pierce | M1063: =VLOOKUP($K1063,LUTs!$E$2:$H$14,2,) -> South Puget Sound | N1063: =VLOOKUP($K1063,LUTs!$E$2:$H$14,4,) -> 02South Puget Sound | O1063: 81.865467 | P1063: 105.87252 | Q1063: =O1063 -> 81.865467 | R1063: =P1063 -> 105.87252 | S1063: =IF(B1063<=2019,"Y","N") -> Y | T1063: =IFERROR(P1063/O1063,"NA") -> 1.2932501 | U1063: =IFERROR(R1063/Q1063,"NA") -> 1.2932501
... A1256: 2479 | B1256: 2021 | C1256: Marine | D1256: 1Marine | E1256: Salmon | F1256: 8-2 | G1256: Area 8-2: Port Susan-Port Gardner | H1256: =G1256 -> Area 8-2: Port Susan-Port Gardner | I1256: =IFERROR(VLOOKUP(H1256,LUTs!$A$1:$C$73,2,FALSE),"NA") -> NA | J1256: =IFERROR(VLOOKUP(H1256,LUTs!$A$1:$C$73,3,FALSE),"NA") -> 2Central Puget Sound | K1256: Whatcom | L1256: =VLOOKUP(K1256,LUTs!E$2:G$14,3,) -> 01Whatcom | M1256: =VLOOKUP($K1256,LUTs!$E$2:$H$14,2,) -> North Puget Sound | N1256: =VLOOKUP($K1256,LUTs!$E$2:$H$14,4,) -> 01North Puget Sound | O1256: 353.02107 | P1256: 367.9053 | Q1256: =O1256 -> 353.02107 | R1256: =P1256 -> 367.9053 | S1256: =IF(B1256<=2019,"Y","N") -> N | T1256: =IFERROR(P1256/O1256,"NA") -> 1.0421624 | U1256: =IFERROR(R1256/Q1256,"NA") -> 1.0421624
A1257: 1247 | B1257: 2012 | C1257: Freshwater | D1257: 2Freshwater | E1257: Salmon | F1257: 8 | G1257: Unknown | H1257: =G1257 -> Unknown | I1257: =IFERROR(VLOOKUP(H1257,LUTs!$A$1:$C$73,2,FALSE),"NA") -> NA | J1257: =IFERROR(VLOOKUP(H1257,LUTs!$A$1:$C$73,3,FALSE),"NA") -> NA | K1257: Skagit | L1257: =VLOOKUP(K1257,LUTs!E$2:G$14,3,) -> 02Skagit | M1257: =VLOOKUP($K1257,LUTs!$E$2:$H$14,2,) -> North Puget Sound | N1257: =VLOOKUP($K1257,LUTs!$E$2:$H$14,4,) -> 01North Puget Sound | O1257: 1 | P1257: 8.65 | Q1257: =SUMIFS('FW_Salmon_by_Month_2010-2021'!P$2:P$3810,'FW_Salmon_by_Month_2010-2021'!$B$2:$B$3810,'Rec_raw_catch_effort_2010-2021'!$B1257,'FW_Salmon_by_Month_2010-2021'!$H$2:$H$3810,'Rec_raw_catch_effort_2010-2021'!$F1257,'FW_Salmon_by_Month_2010-2021'!$M$2:$M$3810,'Rec_raw_catch_effort_2010-2021'!$K1257) -> 0 | R1257: =VLOOKUP(B1257,Readme!$A$62:$C$74,2,)*Q1257 -> 0 | S1257: =IF(B1257<=2019,"Y","N") -> Y | T1257: =IFERROR(P1257/O1257,"NA") -> 8.65 | U1257: =IFERROR(R1257/Q1257,"NA") -> NA
A1258: 1248 | B1258: 2013 | C1258: Freshwater | D1258: 2Freshwater | E1258: Salmon | F1258: 8 | G1258: Unknown | H1258: =G1258 -> Unknown | I1258: =IFERROR(VLOOKUP(H1258,LUTs!$A$1:$C$73,2,FALSE),"NA") -> NA | J1258: =IFERROR(VLOOKUP(H1258,LUTs!$A$1:$C$73,3,FALSE),"NA") -> NA | K1258: Other | L1258: =VLOOKUP(K1258,LUTs!E$2:G$14,3,) -> 20Other | M1258: =VLOOKUP($K1258,LUTs!$E$2:$H$14,2,) -> Non Puget Sound | N1258: =VLOOKUP($K1258,LUTs!$E$2:$H$14,4,) -> 07Non Puget Sound | O1258: 0 | P1258: 0 | Q1258: =SUMIFS('FW_Salmon_by_Month_2010-2021'!P$2:P$3810,'FW_Salmon_by_Month_2010-2021'!$B$2:$B$3810,'Rec_raw_catch_effort_2010-2021'!$B1258,'FW_Salmon_by_Month_2010-2021'!$H$2:$H$3810,'Rec_raw_catch_effort_2010-2021'!$F1258,'FW_Salmon_by_Month_2010-2021'!$M$2:$M$3810,'Rec_raw_catch_effort_2010-2021'!$K1258) -> 0 | R1258: =VLOOKUP(B1258,Readme!$A$62:$C$74,2,)*Q1258 -> 0 | S1258: =IF(B1258<=2019,"Y","N") -> Y | T1258: =IFERROR(P1258/O1258,"NA") -> NA | U1258: =IFERROR(R1258/Q1258,"NA") -> NA
A1259: 271 | B1259: 2013 | C1259: Freshwater | D1259: 2Freshwater | E1259: Salmon | F1259: 706 | G1259: Black River (Thurston Co) | H1259: =G1259 -> Black River (Thurston Co) | I1259: =IFERROR(VLOOKUP(H1259,LUTs!$A$1:$C$73,2,FALSE),"NA") -> Thurston | J1259: =IFERROR(VLOOKUP(H1259,LUTs!$A$1:$C$73,3,FALSE),"NA") -> 3South Puget Sound | K1259: Other | L1259: =VLOOKUP(K1259,LUTs!E$2:G$14,3,) -> 20Other | M1259: =VLOOKUP($K1259,LUTs!$E$2:$H$14,2,) -> Non Puget Sound | N1259: =VLOOKUP($K1259,LUTs!$E$2:$H$14,4,) -> 07Non Puget Sound | O1259: 15 | P1259: 51.6 | Q1259: =SUMIFS('FW_Salmon_by_Month_2010-2021'!P$2:P$3810,'FW_Salmon_by_Month_2010-2021'!$B$2:$B$3810,'Rec_raw_catch_effort_2010-2021'!$B1259,'FW_Salmon_by_Month_2010-2021'!$H$2:$H$3810,'Rec_raw_catch_effort_2010-2021'!$F1259,'FW_Salmon_by_Month_2010-2021'!$M$2:$M$3810,'Rec_raw_catch_effort_2010-2021'!$K1259) -> 15 | R1259: =VLOOKUP(B1259,Readme!$A$62:$C$74,2,)*Q1259 -> 53.085607 | S1259: =IF(B1259<=2019,"Y","N") -> Y | T1259: =IFERROR(P1259/O1259,"NA") -> 3.44 | U1259: =IFERROR(R1259/Q1259,"NA") -> 3.5390404
A1260: 272 | B1260: 2015 | C1260: Freshwater | D1260: 2Freshwater | E1260: Salmon | F1260: 706 | G1260: Black River (Thurston Co) | H1260: =G1260 -> Black River (Thurston Co) | I1260: =IFERROR(VLOOKUP(H1260,LUTs!$A$1:$C$73,2,FALSE),"NA") -> Thurston | J1260: =IFERROR(VLOOKUP(H1260,LUTs!$A$1:$C$73,3,FALSE),"NA") -> 3South Puget Sound | K1260: Other | L1260: =VLOOKUP(K1260,LUTs!E$2:G$14,3,) -> 20Other | M1260: =VLOOKUP($K1260,LUTs!$E$2:$H$14,2,) -> Non Puget Sound | N1260: =VLOOKUP($K1260,LUTs!$E$2:$H$14,4,) -> 07Non Puget Sound | O1260: 9 | P1260: 30.96 | Q1260: =SUMIFS('FW_Salmon_by_Month_2010-2021'!P$2:P$3810,'FW_Salmon_by_Month_2010-2021'!$B$2:$B$3810,'Rec_raw_catch_effort_2010-2021'!$B1260,'FW_Salmon_by_Month_2010-2021'!$H$2:$H$3810,'Rec_raw_catch_effort_2010-2021'!$F1260,'FW_Salmon_by_Month_2010-2021'!$M$2:$M$3810,'Rec_raw_catch_effort_2010-2021'!$K1260) -> 9 | R1260: =VLOOKUP(B1260,Readme!$A$62:$C$74,2,)*Q1260 -> 31.851364 | S1260: =IF(B1260<=2019,"Y","N") -> Y | T1260: =IFERROR(P1260/O1260,"NA") -> 3.44 | U1260: =IFERROR(R1260/Q1260,"NA") -> 3.5390404
A1261: 276 | B1261: 2019 | C1261: Freshwater | D1261: 2Freshwater | E1261: Salmon | F1261: 706 | G1261: Black River (Thurston Co) | H1261: =G1261 -> Black River (Thurston Co) | I1261: =IFERROR(VLOOKUP(H1261,LUTs!$A$1:$C$73,2,FALSE),"NA") -> Thurston | J1261: =IFERROR(VLOOKUP(H1261,LUTs!$A$1:$C$73,3,FALSE),"NA") -> 3South Puget Sound | K1261: King | L1261: =VLOOKUP(K1261,LUTs!E$2:G$14,3,) -> 06King | M1261: =VLOOKUP($K1261,LUTs!$E$2:$H$14,2,) -> South Puget Sound | N1261: =VLOOKUP($K1261,LUTs!$E$2:$H$14,4,) -> 02South Puget Sound | O1261: 22 | P1261: 75.68 | Q1261: =SUMIFS('FW_Salmon_by_Month_2010-2021'!P$2:P$3810,'FW_Salmon_by_Month_2010-2021'!$B$2:$B$3810,'Rec_raw_catch_effort_2010-2021'!$B1261,'FW_Salmon_by_Month_2010-2021'!$H$2:$H$3810,'Rec_raw_catch_effort_2010-2021'!$F1261,'FW_Salmon_by_Month_2010-2021'!$M$2:$M$3810,'Rec_raw_catch_effort_2010-2021'!$K1261) -> 22 | R1261: =VLOOKUP(B1261,Readme!$A$62:$C$74,2,)*Q1261 -> 77.85889 | S1261: =IF(B1261<=2019,"Y","N") -> Y | T1261: =IFERROR(P1261/O1261,"NA") -> 3.44 | U1261: =IFERROR(R1261/Q1261,"NA") -> 3.5390404
A1262: 3104 | B1262: 2019 | C1262: Freshwater | D1262: 2Freshwater | E1262: Salmon | F1262: 710 | G1262: California Creek | H1262: =G1262 -> California Creek | I1262: =IFERROR(VLOOKUP(H1262,LUTs!$A$1:$C$73,2,FALSE),"NA") -> Whatcom | J1262: =IFERROR(VLOOKUP(H1262,LUTs!$A$1:$C$73,3,FALSE),"NA") -> 1North Puget Sound | K1262: Whatcom | L1262: =VLOOKUP(K1262,LUTs!E$2:G$14,3,) -> 01Whatcom | M1262: =VLOOKUP($K1262,LUTs!$E$2:$H$14,2,) -> North Puget Sound | N1262: =VLOOKUP($K1262,LUTs!$E$2:$H$14,4,) -> 01North Puget Sound | O1262: 11 | P1262: 37.84 | Q1262: =SUMIFS('FW_Salmon_by_Month_2010-2021'!P$2:P$3810,'FW_Salmon_by_Month_2010-2021'!$B$2:$B$3810,'Rec_raw_catch_effort_2010-2021'!$B1262,'FW_Salmon_by_Month_2010-2021'!$H$2:$H$3810,'Rec_raw_catch_effort_2010-2021'!$F1262,'FW_Salmon_by_Month_2010-2021'!$M$2:$M$3810,'Rec_raw_catch_effort_2010-2021'!$K1262) -> 11 | R1262: =VLOOKUP(B1262,Readme!$A$62:$C$74,2,)*Q1262 -> 38.929445 | S1262: =IF(B1262<=2019,"Y","N") -> Y | T1262: =IFERROR(P1262/O1262,"NA") -> 3.44 | U1262: =IFERROR(R1262/Q1262,"NA") -> 3.5390404
A1263: 969 | B1263: 2010 | C1263: Freshwater | D1263: 2Freshwater | E1263: Salmon | F1263: 714 | G1263: Chambers Creek | H1263: =G1263 -> Chambers Creek | I1263: =IFERROR(VLOOKUP(H1263,LUTs!$A$1:$C$73,2,FALSE),"NA") -> Pierce | J1263: =IFERROR(VLOOKUP(H1263,LUTs!$A$1:$C$73,3,FALSE),"NA") -> 3South Puget Sound | K1263: Kitsap | L1263: =VLOOKUP(K1263,LUTs!E$2:G$14,3,) -> 10Kitsap | M1263: =VLOOKUP($K1263,LUTs!$E$2:$H$14,2,) -> South Puget Sound | N1263: =VLOOKUP($K1263,LUTs!$E$2:$H$14,4,) -> 02South Puget Sound | O1263: 13.727273 | P1263: 118.74091 | Q1263: =SUMIFS('FW_Salmon_by_Month_2010-2021'!P$2:P$3810,'FW_Salmon_by_Month_2010-2021'!$B$2:$B$3810,'Rec_raw_catch_effort_2010-2021'!$B1263,'FW_Salmon_by_Month_2010-2021'!$H$2:$H$3810,'Rec_raw_catch_effort_2010-2021'!$F1263,'FW_Salmon_by_Month_2010-2021'!$M$2:$M$3810,'Rec_raw_catch_effort_2010-2021'!$K1263) -> 13.681319 | R1263: =VLOOKUP(B1263,Readme!$A$62:$C$74,2,)*Q1263 -> 65.937867 | S1263: =IF(B1263<=2019,"Y","N") -> Y | T1263: =IFERROR(P1263/O1263,"NA") -> 8.65 | U1263: =IFERROR(R1263/Q1263,"NA") -> 4.8195549
A1264: 967 | B1264: 2010 | C1264: Freshwater | D1264: 2Freshwater | E1264: Salmon | F1264: 714 | G1264: Chambers Creek | H1264: =G1264 -> Chambers Creek | I1264: =IFERROR(VLOOKUP(H1264,LUTs!$A$1:$C$73,2,FALSE),"NA") -> Pierce | J1264: =IFERROR(VLOOKUP(H1264,LUTs!$A$1:$C$73,3,FALSE),"NA") -> 3South Puget Sound | K1264: Pierce | L1264: =VLOOKUP(K1264,LUTs!E$2:G$14,3,) -> 07Pierce | M1264: =VLOOKUP($K1264,LUTs!$E$2:$H$14,2,) -> South Puget Sound | N1264: =VLOOKUP($K1264,LUTs!$E$2:$H$14,4,) -> 02South Puget Sound | O1264: 132.69697 | P1264: 1147.8288 | Q1264: =SUMIFS('FW_Salmon_by_Month_2010-2021'!P$2:P$3810,'FW_Salmon_by_Month_2010-2021'!$B$2:$B$3810,'Rec_raw_catch_effort_2010-2021'!$B1264,'FW_Salmon_by_Month_2010-2021'!$H$2:$H$3810,'Rec_raw_catch_effort_2010-2021'!$F1264,'FW_Salmon_by_Month_2010-2021'!$M$2:$M$3810,'Rec_raw_catch_effort_2010-2021'!$K1264) -> 132.74725 | R1264: =VLOOKUP(B1264,Readme!$A$62:$C$74,2,)*Q1264 -> 639.78267 | S1264: =IF(B1264<=2019,"Y","N") -> Y | T1264: =IFERROR(P1264/O1264,"NA") -> 8.65 | U1264: =IFERROR(R1264/Q1264,"NA") -> 4.8195549
A1265: 968 | B1265: 2010 | C1265: Freshwater | D1265: 2Freshwater | E1265: Salmon | F1265: 714 | G1265: Chambers Creek | H1265: =G1265 -> Chambers Creek | I1265: =IFERROR(VLOOKUP(H1265,LUTs!$A$1:$C$73,2,FALSE),"NA") -> Pierce | J1265: =IFERROR(VLOOKUP(H1265,LUTs!$A$1:$C$73,3,FALSE),"NA") -> 3South Puget Sound | K1265: Thurston | L1265: =VLOOKUP(K1265,LUTs!E$2:G$14,3,) -> 08Thurston | M1265: =VLOOKUP($K1265,LUTs!$E$2:$H$14,2,) -> South Puget Sound | N1265: =VLOOKUP($K1265,LUTs!$E$2:$H$14,4,) -> 02South Puget Sound | O1265: 4.5757576 | P1265: 39.580303 | Q1265: =SUMIFS('FW_Salmon_by_Month_2010-2021'!P$2:P$3810,'FW_Salmon_by_Month_2010-2021'!$B$2:$B$3810,'Rec_raw_catch_effort_2010-2021'!$B1265,'FW_Salmon_by_Month_2010-2021'!$H$2:$H$3810,'Rec_raw_catch_effort_2010-2021'!$F1265,'FW_Salmon_by_Month_2010-2021'!$M$2:$M$3810,'Rec_raw_catch_effort_2010-2021'!$K1265) -> 4.5714286 | R1265: =VLOOKUP(B1265,Readme!$A$62:$C$74,2,)*Q1265 -> 22.032251 | S1265: =IF(B1265<=2019,"Y","N") -> Y | T1265: =IFERROR(P1265/O1265,"NA") -> 8.65 | U1265: =IFERROR(R1265/Q1265,"NA") -> 4.8195549
A1266: 978 | B1266: 2011 | C1266: Freshwater | D1266: 2Freshwater | E1266: Salmon | F1266: 714 | G1266: Chambers Creek | H1266: =G1266 -> Chambers Creek | I1266: =IFERROR(VLOOKUP(H1266,LUTs!$A$1:$C$73,2,FALSE),"NA") -> Pierce | J1266: =IFERROR(VLOOKUP(H1266,LUTs!$A$1:$C$73,3,FALSE),"NA") -> 3South Puget Sound | K1266: Pierce | L1266: =VLOOKUP(K1266,LUTs!E$2:G$14,3,) -> 07Pierce | M1266: =VLOOKUP($K1266,LUTs!$E$2:$H$14,2,) -> South Puget Sound | N1266: =VLOOKUP($K1266,LUTs!$E$2:$H$14,4,) -> 02South Puget Sound | O1266: 8.8571429 | P1266: 30.468571 | Q1266: =SUMIFS('FW_Salmon_by_Month_2010-2021'!P$2:P$3810,'FW_Salmon_by_Month_2010-2021'!$B$2:$B$3810,'Rec_raw_catch_effort_2010-2021'!$B1266,'FW_Salmon_by_Month_2010-2021'!$H$2:$H$3810,'Rec_raw_catch_effort_2010-2021'!$F1266,'FW_Salmon_by_Month_2010-2021'!$M$2:$M$3810,'Rec_raw_catch_effort_2010-2021'!$K1266) -> 8.8333333 | R1266: =VLOOKUP(B1266,Readme!$A$62:$C$74,2,)*Q1266 -> 31.261524 | S1266: =IF(B1266<=2019,"Y","N") -> Y | T1266: =IFERROR(P1266/O1266,"NA") -> 3.44 | U1266: =IFERROR(R1266/Q1266,"NA") -> 3.5390404
A1267: 979 | B1267: 2011 | C1267: Freshwater | D1267: 2Freshwater | E1267: Salmon | F1267: 714 | G1267: Chambers Creek | H1267: =G1267 -> Chambers Creek | I1267: =IFERROR(VLOOKUP(H1267,LUTs!$A$1:$C$73,2,FALSE),"NA") -> Pierce | J1267: =IFERROR(VLOOKUP(H1267,LUTs!$A$1:$C$73,3,FALSE),"NA") -> 3South Puget Sound | K1267: Thurston | L1267: =VLOOKUP(K1267,LUTs!E$2:G$14,3,) -> 08Thurston | M1267: =VLOOKUP($K1267,LUTs!$E$2:$H$14,2,) -> South Puget Sound | N1267: =VLOOKUP($K1267,LUTs!$E$2:$H$14,4,) -> 02South Puget Sound | O1267: 53.142857 | P1267: 182.81143 | Q1267: =SUMIFS('FW_Salmon_by_Month_2010-2021'!P$2:P$3810,'FW_Salmon_by_Month_2010-2021'!$B$2:$B$3810,'Rec_raw_catch_effort_2010-2021'!$B1267,'FW_Salmon_by_Month_2010-2021'!$H$2:$H$3810,'Rec_raw_catch_effort_2010-2021'!$F1267,'FW_Salmon_by_Month_2010-2021'!$M$2:$M$3810,'Rec_raw_catch_effort_2010-2021'!$K1267) -> 53.166667 | R1267: =VLOOKUP(B1267,Readme!$A$62:$C$74,2,)*Q1267 -> 188.15898 | S1267: =IF(B1267<=2019,"Y","N") -> Y | T1267: =IFERROR(P1267/O1267,"NA") -> 3.44 | U1267: =IFERROR(R1267/Q1267,"NA") -> 3.5390404
A1268: 1086 | B1268: 2012 | C1268: Freshwater | D1268: 2Freshwater | E1268: Salmon | F1268: 714 | G1268: Chambers Creek | H1268: =G1268 -> Chambers Creek | I1268: =IFERROR(VLOOKUP(H1268,LUTs!$A$1:$C$73,2,FALSE),"NA") -> Pierce | J1268: =IFERROR(VLOOKUP(H1268,LUTs!$A$1:$C$73,3,FALSE),"NA") -> 3South Puget Sound | K1268: King | L1268: =VLOOKUP(K1268,LUTs!E$2:G$14,3,) -> 06King | M1268: =VLOOKUP($K1268,LUTs!$E$2:$H$14,2,) -> South Puget Sound | N1268: =VLOOKUP($K1268,LUTs!$E$2:$H$14,4,) -> 02South Puget Sound | O1268: 22.846154 | P1268: 197.61923 | Q1268: =SUMIFS('FW_Salmon_by_Month_2010-2021'!P$2:P$3810,'FW_Salmon_by_Month_2010-2021'!$B$2:$B$3810,'Rec_raw_catch_effort_2010-2021'!$B1268,'FW_Salmon_by_Month_2010-2021'!$H$2:$H$3810,'Rec_raw_catch_effort_2010-2021'!$F1268,'FW_Salmon_by_Month_2010-2021'!$M$2:$M$3810,'Rec_raw_catch_effort_2010-2021'!$K1268) -> 22.933333 | R1268: =VLOOKUP(B1268,Readme!$A$62:$C$74,2,)*Q1268 -> 110.52846 | S1268: =IF(B1268<=2019,"Y","N") -> Y | T1268: =IFERROR(P1268/O1268,"NA") -> 8.65 | U1268: =IFERROR(R1268/Q1268,"NA") -> 4.8195549
... A1816: 2876 | B1816: 2019 | C1816: Freshwater | D1816: 2Freshwater | E1816: Salmon | F1816: 788 | G1816: Nooksack River | H1816: =G1816 -> Nooksack River | I1816: =IFERROR(VLOOKUP(H1816,LUTs!$A$1:$C$73,2,FALSE),"NA") -> Whatcom | J1816: =IFERROR(VLOOKUP(H1816,LUTs!$A$1:$C$73,3,FALSE),"NA") -> 1North Puget Sound | K1816: Whatcom | L1816: =VLOOKUP(K1816,LUTs!E$2:G$14,3,) -> 01Whatcom | M1816: =VLOOKUP($K1816,LUTs!$E$2:$H$14,2,) -> North Puget Sound | N1816: =VLOOKUP($K1816,LUTs!$E$2:$H$14,4,) -> 01North Puget Sound | O1816: 1499.1423 | P1816: 5157.0494 | Q1816: =SUMIFS('FW_Salmon_by_Month_2010-2021'!P$2:P$3810,'FW_Salmon_by_Month_2010-2021'!$B$2:$B$3810,'Rec_raw_catch_effort_2010-2021'!$B1816,'FW_Salmon_by_Month_2010-2021'!$H$2:$H$3810,'Rec_raw_catch_effort_2010-2021'!$F1816,'FW_Salmon_by_Month_2010-2021'!$M$2:$M$3810,'Rec_raw_catch_effort_2010-2021'!$K1816) -> 1536.7929 | R1816: =VLOOKUP(B1816,Readme!$A$62:$C$74,2,)*Q1816 -> 5438.7721 | S1816: =IF(B1816<=2019,"Y","N") -> Y | T1816: =IFERROR(P1816/O1816,"NA") -> 3.44 | U1816: =IFERROR(R1816/Q1816,"NA") -> 3.5390404
A1817: 3105 | B1817: 2020 | C1817: Freshwater | D1817: 2Freshwater | E1817: Salmon | F1817: 788 | G1817: Nooksack River, Middle Fork | H1817: Nooksack River | I1817: =IFERROR(VLOOKUP(H1817,LUTs!$A$1:$C$73,2,FALSE),"NA") -> Whatcom | J1817: =IFERROR(VLOOKUP(H1817,LUTs!$A$1:$C$73,3,FALSE),"NA") -> 1North Puget Sound | K1817: Whatcom | L1817: =VLOOKUP(K1817,LUTs!E$2:G$14,3,) -> 01Whatcom | M1817: =VLOOKUP($K1817,LUTs!$E$2:$H$14,2,) -> North Puget Sound | N1817: =VLOOKUP($K1817,LUTs!$E$2:$H$14,4,) -> 01North Puget Sound | O1817: 0 | P1817: 0 | Q1817: =SUMIFS('FW_Salmon_by_Month_2010-2021'!P$2:P$3810,'FW_Salmon_by_Month_2010-2021'!$B$2:$B$3810,'Rec_raw_catch_effort_2010-2021'!$B1817,'FW_Salmon_by_Month_2010-2021'!$H$2:$H$3810,'Rec_raw_catch_effort_2010-2021'!$F1817,'FW_Salmon_by_Month_2010-2021'!$M$2:$M$3810,'Rec_raw_catch_effort_2010-2021'!$K1817) -> 0 | R1817: =VLOOKUP(B1817,Readme!$A$62:$C$74,2,)*Q1817 -> 0 | S1817: =IF(B1817<=2019,"Y","N") -> N | T1817: =IFERROR(P1817/O1817,"NA") -> NA | U1817: =IFERROR(R1817/Q1817,"NA") -> NA
A1818: 3127 | B1818: 2021 | C1818: Freshwater | D1818: 2Freshwater | E1818: Salmon | F1818: 788 | G1818: Nooksack River, Middle Fork | H1818: Nooksack River | I1818: =IFERROR(VLOOKUP(H1818,LUTs!$A$1:$C$73,2,FALSE),"NA") -> Whatcom | J1818: =IFERROR(VLOOKUP(H1818,LUTs!$A$1:$C$73,3,FALSE),"NA") -> 1North Puget Sound | K1818: Whatcom | L1818: =VLOOKUP(K1818,LUTs!E$2:G$14,3,) -> 01Whatcom | M1818: =VLOOKUP($K1818,LUTs!$E$2:$H$14,2,) -> North Puget Sound | N1818: =VLOOKUP($K1818,LUTs!$E$2:$H$14,4,) -> 01North Puget Sound | O1818: 14 | P1818: 48.16 | Q1818: =SUMIFS('FW_Salmon_by_Month_2010-2021'!P$2:P$3810,'FW_Salmon_by_Month_2010-2021'!$B$2:$B$3810,'Rec_raw_catch_effort_2010-2021'!$B1818,'FW_Salmon_by_Month_2010-2021'!$H$2:$H$3810,'Rec_raw_catch_effort_2010-2021'!$F1818,'FW_Salmon_by_Month_2010-2021'!$M$2:$M$3810,'Rec_raw_catch_effort_2010-2021'!$K1818) -> 14 | R1818: =VLOOKUP(B1818,Readme!$A$62:$C$74,2,)*Q1818 -> 49.546566 | S1818: =IF(B1818<=2019,"Y","N") -> N | T1818: =IFERROR(P1818/O1818,"NA") -> 3.44 | U1818: =IFERROR(R1818/Q1818,"NA") -> 3.5390404
A1819: 3107 | B1819: 2020 | C1819: Freshwater | D1819: 2Freshwater | E1819: Salmon | F1819: 790 | G1819: Nooksack River, North Fork | H1819: Nooksack River, No. Fork | I1819: =IFERROR(VLOOKUP(H1819,LUTs!$A$1:$C$73,2,FALSE),"NA") -> Whatcom | J1819: =IFERROR(VLOOKUP(H1819,LUTs!$A$1:$C$73,3,FALSE),"NA") -> 1North Puget Sound | K1819: Skagit | L1819: =VLOOKUP(K1819,LUTs!E$2:G$14,3,) -> 02Skagit | M1819: =VLOOKUP($K1819,LUTs!$E$2:$H$14,2,) -> North Puget Sound | N1819: =VLOOKUP($K1819,LUTs!$E$2:$H$14,4,) -> 01North Puget Sound | O1819: 47.382353 | P1819: 409.85735 | Q1819: =SUMIFS('FW_Salmon_by_Month_2010-2021'!P$2:P$3810,'FW_Salmon_by_Month_2010-2021'!$B$2:$B$3810,'Rec_raw_catch_effort_2010-2021'!$B1819,'FW_Salmon_by_Month_2010-2021'!$H$2:$H$3810,'Rec_raw_catch_effort_2010-2021'!$F1819,'FW_Salmon_by_Month_2010-2021'!$M$2:$M$3810,'Rec_raw_catch_effort_2010-2021'!$K1819) -> 36.809524 | R1819: =VLOOKUP(B1819,Readme!$A$62:$C$74,2,)*Q1819 -> 177.40552 | S1819: =IF(B1819<=2019,"Y","N") -> N | T1819: =IFERROR(P1819/O1819,"NA") -> 8.65 | U1819: =IFERROR(R1819/Q1819,"NA") -> 4.8195549
A1820: 3115 | B1820: 2020 | C1820: Freshwater | D1820: 2Freshwater | E1820: Salmon | F1820: 790 | G1820: Nooksack River, North Fork | H1820: Nooksack River, No. Fork | I1820: =IFERROR(VLOOKUP(H1820,LUTs!$A$1:$C$73,2,FALSE),"NA") -> Whatcom | J1820: =IFERROR(VLOOKUP(H1820,LUTs!$A$1:$C$73,3,FALSE),"NA") -> 1North Puget Sound | K1820: Snohomish | L1820: =VLOOKUP(K1820,LUTs!E$2:G$14,3,) -> 03Snohomish | M1820: =VLOOKUP($K1820,LUTs!$E$2:$H$14,2,) -> North Puget Sound | N1820: =VLOOKUP($K1820,LUTs!$E$2:$H$14,4,) -> 01North Puget Sound | O1820: 78.970588 | P1820: 683.09559 | Q1820: =SUMIFS('FW_Salmon_by_Month_2010-2021'!P$2:P$3810,'FW_Salmon_by_Month_2010-2021'!$B$2:$B$3810,'Rec_raw_catch_effort_2010-2021'!$B1820,'FW_Salmon_by_Month_2010-2021'!$H$2:$H$3810,'Rec_raw_catch_effort_2010-2021'!$F1820,'FW_Salmon_by_Month_2010-2021'!$M$2:$M$3810,'Rec_raw_catch_effort_2010-2021'!$K1820) -> 131.19048 | R1820: =VLOOKUP(B1820,Readme!$A$62:$C$74,2,)*Q1820 -> 632.2797 | S1820: =IF(B1820<=2019,"Y","N") -> N | T1820: =IFERROR(P1820/O1820,"NA") -> 8.65 | U1820: =IFERROR(R1820/Q1820,"NA") -> 4.8195549
A1821: 3106 | B1821: 2020 | C1821: Freshwater | D1821: 2Freshwater | E1821: Salmon | F1821: 790 | G1821: Nooksack River, North Fork | H1821: Nooksack River, No. Fork | I1821: =IFERROR(VLOOKUP(H1821,LUTs!$A$1:$C$73,2,FALSE),"NA") -> Whatcom | J1821: =IFERROR(VLOOKUP(H1821,LUTs!$A$1:$C$73,3,FALSE),"NA") -> 1North Puget Sound | K1821: Whatcom | L1821: =VLOOKUP(K1821,LUTs!E$2:G$14,3,) -> 01Whatcom | M1821: =VLOOKUP($K1821,LUTs!$E$2:$H$14,2,) -> North Puget Sound | N1821: =VLOOKUP($K1821,LUTs!$E$2:$H$14,4,) -> 01North Puget Sound | O1821: 410.64706 | P1821: 3552.0971 | Q1821: =SUMIFS('FW_Salmon_by_Month_2010-2021'!P$2:P$3810,'FW_Salmon_by_Month_2010-2021'!$B$2:$B$3810,'Rec_raw_catch_effort_2010-2021'!$B1821,'FW_Salmon_by_Month_2010-2021'!$H$2:$H$3810,'Rec_raw_catch_effort_2010-2021'!$F1821,'FW_Salmon_by_Month_2010-2021'!$M$2:$M$3810,'Rec_raw_catch_effort_2010-2021'!$K1821) -> 369 | R1821: =VLOOKUP(B1821,Readme!$A$62:$C$74,2,)*Q1821 -> 1778.4158 | S1821: =IF(B1821<=2019,"Y","N") -> N | T1821: =IFERROR(P1821/O1821,"NA") -> 8.65 | U1821: =IFERROR(R1821/Q1821,"NA") -> 4.8195549
A1822: 3129 | B1822: 2021 | C1822: Freshwater | D1822: 2Freshwater | E1822: Salmon | F1822: 790 | G1822: Nooksack River, North Fork | H1822: Nooksack River, No. Fork | I1822: =IFERROR(VLOOKUP(H1822,LUTs!$A$1:$C$73,2,FALSE),"NA") -> Whatcom | J1822: =IFERROR(VLOOKUP(H1822,LUTs!$A$1:$C$73,3,FALSE),"NA") -> 1North Puget Sound | K1822: Island | L1822: =VLOOKUP(K1822,LUTs!E$2:G$14,3,) -> 04Island | M1822: =VLOOKUP($K1822,LUTs!$E$2:$H$14,2,) -> North Puget Sound | N1822: =VLOOKUP($K1822,LUTs!$E$2:$H$14,4,) -> 01North Puget Sound | O1822: 14.85 | P1822: 51.084 | Q1822: =SUMIFS('FW_Salmon_by_Month_2010-2021'!P$2:P$3810,'FW_Salmon_by_Month_2010-2021'!$B$2:$B$3810,'Rec_raw_catch_effort_2010-2021'!$B1822,'FW_Salmon_by_Month_2010-2021'!$H$2:$H$3810,'Rec_raw_catch_effort_2010-2021'!$F1822,'FW_Salmon_by_Month_2010-2021'!$M$2:$M$3810,'Rec_raw_catch_effort_2010-2021'!$K1822) -> 17.222222 | R1822: =VLOOKUP(B1822,Readme!$A$62:$C$74,2,)*Q1822 -> 60.950141 | S1822: =IF(B1822<=2019,"Y","N") -> N | T1822: =IFERROR(P1822/O1822,"NA") -> 3.44 | U1822: =IFERROR(R1822/Q1822,"NA") -> 3.5390404
A1823: 3130 | B1823: 2021 | C1823: Freshwater | D1823: 2Freshwater | E1823: Salmon | F1823: 790 | G1823: Nooksack River, North Fork | H1823: Nooksack River, No. Fork | I1823: =IFERROR(VLOOKUP(H1823,LUTs!$A$1:$C$73,2,FALSE),"NA") -> Whatcom | J1823: =IFERROR(VLOOKUP(H1823,LUTs!$A$1:$C$73,3,FALSE),"NA") -> 1North Puget Sound | K1823: King | L1823: =VLOOKUP(K1823,LUTs!E$2:G$14,3,) -> 06King | M1823: =VLOOKUP($K1823,LUTs!$E$2:$H$14,2,) -> South Puget Sound | N1823: =VLOOKUP($K1823,LUTs!$E$2:$H$14,4,) -> 02South Puget Sound | O1823: 14.85 | P1823: 51.084 | Q1823: =SUMIFS('FW_Salmon_by_Month_2010-2021'!P$2:P$3810,'FW_Salmon_by_Month_2010-2021'!$B$2:$B$3810,'Rec_raw_catch_effort_2010-2021'!$B1823,'FW_Salmon_by_Month_2010-2021'!$H$2:$H$3810,'Rec_raw_catch_effort_2010-2021'!$F1823,'FW_Salmon_by_Month_2010-2021'!$M$2:$M$3810,'Rec_raw_catch_effort_2010-2021'!$K1823) -> 27 | R1823: =VLOOKUP(B1823,Readme!$A$62:$C$74,2,)*Q1823 -> 95.554092 | S1823: =IF(B1823<=2019,"Y","N") -> N | T1823: =IFERROR(P1823/O1823,"NA") -> 3.44 | U1823: =IFERROR(R1823/Q1823,"NA") -> 3.5390404
A1824: 3128 | B1824: 2021 | C1824: Freshwater | D1824: 2Freshwater | E1824: Salmon | F1824: 790 | G1824: Nooksack River, North Fork | H1824: Nooksack River, No. Fork | I1824: =IFERROR(VLOOKUP(H1824,LUTs!$A$1:$C$73,2,FALSE),"NA") -> Whatcom | J1824: =IFERROR(VLOOKUP(H1824,LUTs!$A$1:$C$73,3,FALSE),"NA") -> 1North Puget Sound | K1824: Whatcom | L1824: =VLOOKUP(K1824,LUTs!E$2:G$14,3,) -> 01Whatcom | M1824: =VLOOKUP($K1824,LUTs!$E$2:$H$14,2,) -> North Puget Sound | N1824: =VLOOKUP($K1824,LUTs!$E$2:$H$14,4,) -> 01North Puget Sound | O1824: 267.3 | P1824: 919.512 | Q1824: =SUMIFS('FW_Salmon_by_Month_2010-2021'!P$2:P$3810,'FW_Salmon_by_Month_2010-2021'!$B$2:$B$3810,'Rec_raw_catch_effort_2010-2021'!$B1824,'FW_Salmon_by_Month_2010-2021'!$H$2:$H$3810,'Rec_raw_catch_effort_2010-2021'!$F1824,'FW_Salmon_by_Month_2010-2021'!$M$2:$M$3810,'Rec_raw_catch_effort_2010-2021'!$K1824) -> 236.77778 | R1824: =VLOOKUP(B1824,Readme!$A$62:$C$74,2,)*Q1824 -> 837.96613 | S1824: =IF(B1824<=2019,"Y","N") -> N | T1824: =IFERROR(P1824/O1824,"NA") -> 3.44 | U1824: =IFERROR(R1824/Q1824,"NA") -> 3.5390404
A1825: 3125 | B1825: 2020 | C1825: Freshwater | D1825: 2Freshwater | E1825: Salmon | F1825: 792 | G1825: Nooksack River, South Fork | H1825: Nooksack River, So. Fork | I1825: =IFERROR(VLOOKUP(H1825,LUTs!$A$1:$C$73,2,FALSE),"NA") -> Whatcom | J1825: =IFERROR(VLOOKUP(H1825,LUTs!$A$1:$C$73,3,FALSE),"NA") -> 1North Puget Sound | K1825: Island | L1825: =VLOOKUP(K1825,LUTs!E$2:G$14,3,) -> 04Island | M1825: =VLOOKUP($K1825,LUTs!$E$2:$H$14,2,) -> North Puget Sound | N1825: =VLOOKUP($K1825,LUTs!$E$2:$H$14,4,) -> 01North Puget Sound | O1825: 36.538462 | P1825: 316.05769 | Q1825: =SUMIFS('FW_Salmon_by_Month_2010-2021'!P$2:P$3810,'FW_Salmon_by_Month_2010-2021'!$B$2:$B$3810,'Rec_raw_catch_effort_2010-2021'!$B1825,'FW_Salmon_by_Month_2010-2021'!$H$2:$H$3810,'Rec_raw_catch_effort_2010-2021'!$F1825,'FW_Salmon_by_Month_2010-2021'!$M$2:$M$3810,'Rec_raw_catch_effort_2010-2021'!$K1825) -> 36.567568 | R1825: =VLOOKUP(B1825,Readme!$A$62:$C$74,2,)*Q1825 -> 176.2394 | S1825: =IF(B1825<=2019,"Y","N") -> N | T1825: =IFERROR(P1825/O1825,"NA") -> 8.65 | U1825: =IFERROR(R1825/Q1825,"NA") -> 4.8195549
A1826: 3126 | B1826: 2020 | C1826: Freshwater | D1826: 2Freshwater | E1826: Salmon | F1826: 792 | G1826: Nooksack River, South Fork | H1826: Nooksack River, So. Fork | I1826: =IFERROR(VLOOKUP(H1826,LUTs!$A$1:$C$73,2,FALSE),"NA") -> Whatcom | J1826: =IFERROR(VLOOKUP(H1826,LUTs!$A$1:$C$73,3,FALSE),"NA") -> 1North Puget Sound | K1826: King | L1826: =VLOOKUP(K1826,LUTs!E$2:G$14,3,) -> 06King | M1826: =VLOOKUP($K1826,LUTs!$E$2:$H$14,2,) -> South Puget Sound | N1826: =VLOOKUP($K1826,LUTs!$E$2:$H$14,4,) -> 02South Puget Sound | O1826: 36.538462 | P1826: 316.05769 | Q1826: =SUMIFS('FW_Salmon_by_Month_2010-2021'!P$2:P$3810,'FW_Salmon_by_Month_2010-2021'!$B$2:$B$3810,'Rec_raw_catch_effort_2010-2021'!$B1826,'FW_Salmon_by_Month_2010-2021'!$H$2:$H$3810,'Rec_raw_catch_effort_2010-2021'!$F1826,'FW_Salmon_by_Month_2010-2021'!$M$2:$M$3810,'Rec_raw_catch_effort_2010-2021'!$K1826) -> 36.567568 | R1826: =VLOOKUP(B1826,Readme!$A$62:$C$74,2,)*Q1826 -> 176.2394 | S1826: =IF(B1826<=2019,"Y","N") -> N | T1826: =IFERROR(P1826/O1826,"NA") -> 8.65 | U1826: =IFERROR(R1826/Q1826,"NA") -> 4.8195549
A1827: 3117 | B1827: 2020 | C1827: Freshwater | D1827: 2Freshwater | E1827: Salmon | F1827: 792 | G1827: Nooksack River, South Fork | H1827: Nooksack River, So. Fork | I1827: =IFERROR(VLOOKUP(H1827,LUTs!$A$1:$C$73,2,FALSE),"NA") -> Whatcom | J1827: =IFERROR(VLOOKUP(H1827,LUTs!$A$1:$C$73,3,FALSE),"NA") -> 1North Puget Sound | K1827: Skagit | L1827: =VLOOKUP(K1827,LUTs!E$2:G$14,3,) -> 02Skagit | M1827: =VLOOKUP($K1827,LUTs!$E$2:$H$14,2,) -> North Puget Sound | N1827: =VLOOKUP($K1827,LUTs!$E$2:$H$14,4,) -> 01North Puget Sound | O1827: 36.538462 | P1827: 316.05769 | Q1827: =SUMIFS('FW_Salmon_by_Month_2010-2021'!P$2:P$3810,'FW_Salmon_by_Month_2010-2021'!$B$2:$B$3810,'Rec_raw_catch_effort_2010-2021'!$B1827,'FW_Salmon_by_Month_2010-2021'!$H$2:$H$3810,'Rec_raw_catch_effort_2010-2021'!$F1827,'FW_Salmon_by_Month_2010-2021'!$M$2:$M$3810,'Rec_raw_catch_effort_2010-2021'!$K1827) -> 36.567568 | R1827: =VLOOKUP(B1827,Readme!$A$62:$C$74,2,)*Q1827 -> 176.2394 | S1827: =IF(B1827<=2019,"Y","N") -> N | T1827: =IFERROR(P1827/O1827,"NA") -> 8.65 | U1827: =IFERROR(R1827/Q1827,"NA") -> 4.8195549
A1828: 3124 | B1828: 2020 | C1828: Freshwater | D1828: 2Freshwater | E1828: Salmon | F1828: 792 | G1828: Nooksack River, South Fork | H1828: Nooksack River, So. Fork | I1828: =IFERROR(VLOOKUP(H1828,LUTs!$A$1:$C$73,2,FALSE),"NA") -> Whatcom | J1828: =IFERROR(VLOOKUP(H1828,LUTs!$A$1:$C$73,3,FALSE),"NA") -> 1North Puget Sound | K1828: Snohomish | L1828: =VLOOKUP(K1828,LUTs!E$2:G$14,3,) -> 03Snohomish | M1828: =VLOOKUP($K1828,LUTs!$E$2:$H$14,2,) -> North Puget Sound | N1828: =VLOOKUP($K1828,LUTs!$E$2:$H$14,4,) -> 01North Puget Sound | O1828: 73.076923 | P1828: 632.11538 | Q1828: =SUMIFS('FW_Salmon_by_Month_2010-2021'!P$2:P$3810,'FW_Salmon_by_Month_2010-2021'!$B$2:$B$3810,'Rec_raw_catch_effort_2010-2021'!$B1828,'FW_Salmon_by_Month_2010-2021'!$H$2:$H$3810,'Rec_raw_catch_effort_2010-2021'!$F1828,'FW_Salmon_by_Month_2010-2021'!$M$2:$M$3810,'Rec_raw_catch_effort_2010-2021'!$K1828) -> 72.756757 | R1828: =VLOOKUP(B1828,Readme!$A$62:$C$74,2,)*Q1828 -> 350.65518 | S1828: =IF(B1828<=2019,"Y","N") -> N | T1828: =IFERROR(P1828/O1828,"NA") -> 8.65 | U1828: =IFERROR(R1828/Q1828,"NA") -> 4.8195549
... A1833: 3131 | B1833: 2021 | C1833: Freshwater | D1833: 2Freshwater | E1833: Salmon | F1833: 792 | G1833: Nooksack River, South Fork | H1833: Nooksack River, So. Fork | I1833: =IFERROR(VLOOKUP(H1833,LUTs!$A$1:$C$73,2,FALSE),"NA") -> Whatcom | J1833: =IFERROR(VLOOKUP(H1833,LUTs!$A$1:$C$73,3,FALSE),"NA") -> 1North Puget Sound | K1833: Whatcom | L1833: =VLOOKUP(K1833,LUTs!E$2:G$14,3,) -> 01Whatcom | M1833: =VLOOKUP($K1833,LUTs!$E$2:$H$14,2,) -> North Puget Sound | N1833: =VLOOKUP($K1833,LUTs!$E$2:$H$14,4,) -> 01North Puget Sound | O1833: 422.375 | P1833: 1452.97 | Q1833: =SUMIFS('FW_Salmon_by_Month_2010-2021'!P$2:P$3810,'FW_Salmon_by_Month_2010-2021'!$B$2:$B$3810,'Rec_raw_catch_effort_2010-2021'!$B1833,'FW_Salmon_by_Month_2010-2021'!$H$2:$H$3810,'Rec_raw_catch_effort_2010-2021'!$F1833,'FW_Salmon_by_Month_2010-2021'!$M$2:$M$3810,'Rec_raw_catch_effort_2010-2021'!$K1833) -> 422.375 | R1833: =VLOOKUP(B1833,Readme!$A$62:$C$74,2,)*Q1833 -> 1494.8022 | S1833: =IF(B1833<=2019,"Y","N") -> N | T1833: =IFERROR(P1833/O1833,"NA") -> 3.44 | U1833: =IFERROR(R1833/Q1833,"NA") -> 3.5390404
A1834: 2894 | B1834: 2020 | C1834: Freshwater | D1834: 2Freshwater | E1834: Salmon | F1834: 794 | G1834: Nooksack River, below North Fork | H1834: =G1834 -> Nooksack River, below North Fork | I1834: =IFERROR(VLOOKUP(H1834,LUTs!$A$1:$C$73,2,FALSE),"NA") -> Whatcom | J1834: =IFERROR(VLOOKUP(H1834,LUTs!$A$1:$C$73,3,FALSE),"NA") -> 1North Puget Sound | K1834: Whatcom | L1834: =VLOOKUP(K1834,LUTs!E$2:G$14,3,) -> 01Whatcom | M1834: =VLOOKUP($K1834,LUTs!$E$2:$H$14,2,) -> North Puget Sound | N1834: =VLOOKUP($K1834,LUTs!$E$2:$H$14,4,) -> 01North Puget Sound | O1834: 670 | P1834: 5795.5 | Q1834: =SUMIFS('FW_Salmon_by_Month_2010-2021'!P$2:P$3810,'FW_Salmon_by_Month_2010-2021'!$B$2:$B$3810,'Rec_raw_catch_effort_2010-2021'!$B1834,'FW_Salmon_by_Month_2010-2021'!$H$2:$H$3810,'Rec_raw_catch_effort_2010-2021'!$F1834,'FW_Salmon_by_Month_2010-2021'!$M$2:$M$3810,'Rec_raw_catch_effort_2010-2021'!$K1834) -> 670 | R1834: =VLOOKUP(B1834,Readme!$A$62:$C$74,2,)*Q1834 -> 3229.1018 | S1834: =IF(B1834<=2019,"Y","N") -> N | T1834: =IFERROR(P1834/O1834,"NA") -> 8.65 | U1834: =IFERROR(R1834/Q1834,"NA") -> 4.8195549
A1835: 2975 | B1835: 2021 | C1835: Freshwater | D1835: 2Freshwater | E1835: Salmon | F1835: 794 | G1835: Nooksack River, below North Fork | H1835: =G1835 -> Nooksack River, below North Fork | I1835: =IFERROR(VLOOKUP(H1835,LUTs!$A$1:$C$73,2,FALSE),"NA") -> Whatcom | J1835: =IFERROR(VLOOKUP(H1835,LUTs!$A$1:$C$73,3,FALSE),"NA") -> 1North Puget Sound | K1835: Other | L1835: =VLOOKUP(K1835,LUTs!E$2:G$14,3,) -> 20Other | M1835: =VLOOKUP($K1835,LUTs!$E$2:$H$14,2,) -> Non Puget Sound | N1835: =VLOOKUP($K1835,LUTs!$E$2:$H$14,4,) -> 07Non Puget Sound | O1835: 13.627273 | P1835: 46.877818 | Q1835: =SUMIFS('FW_Salmon_by_Month_2010-2021'!P$2:P$3810,'FW_Salmon_by_Month_2010-2021'!$B$2:$B$3810,'Rec_raw_catch_effort_2010-2021'!$B1835,'FW_Salmon_by_Month_2010-2021'!$H$2:$H$3810,'Rec_raw_catch_effort_2010-2021'!$F1835,'FW_Salmon_by_Month_2010-2021'!$M$2:$M$3810,'Rec_raw_catch_effort_2010-2021'!$K1835) -> 13.838983 | R1835: =VLOOKUP(B1835,Readme!$A$62:$C$74,2,)*Q1835 -> 48.976721 | S1835: =IF(B1835<=2019,"Y","N") -> N | T1835: =IFERROR(P1835/O1835,"NA") -> 3.44 | U1835: =IFERROR(R1835/Q1835,"NA") -> 3.5390404
A1836: 2974 | B1836: 2021 | C1836: Freshwater | D1836: 2Freshwater | E1836: Salmon | F1836: 794 | G1836: Nooksack River, below North Fork | H1836: =G1836 -> Nooksack River, below North Fork | I1836: =IFERROR(VLOOKUP(H1836,LUTs!$A$1:$C$73,2,FALSE),"NA") -> Whatcom | J1836: =IFERROR(VLOOKUP(H1836,LUTs!$A$1:$C$73,3,FALSE),"NA") -> 1North Puget Sound | K1836: Pierce | L1836: =VLOOKUP(K1836,LUTs!E$2:G$14,3,) -> 07Pierce | M1836: =VLOOKUP($K1836,LUTs!$E$2:$H$14,2,) -> South Puget Sound | N1836: =VLOOKUP($K1836,LUTs!$E$2:$H$14,4,) -> 02South Puget Sound | O1836: 13.627273 | P1836: 46.877818 | Q1836: =SUMIFS('FW_Salmon_by_Month_2010-2021'!P$2:P$3810,'FW_Salmon_by_Month_2010-2021'!$B$2:$B$3810,'Rec_raw_catch_effort_2010-2021'!$B1836,'FW_Salmon_by_Month_2010-2021'!$H$2:$H$3810,'Rec_raw_catch_effort_2010-2021'!$F1836,'FW_Salmon_by_Month_2010-2021'!$M$2:$M$3810,'Rec_raw_catch_effort_2010-2021'!$K1836) -> 13.838983 | R1836: =VLOOKUP(B1836,Readme!$A$62:$C$74,2,)*Q1836 -> 48.976721 | S1836: =IF(B1836<=2019,"Y","N") -> N | T1836: =IFERROR(P1836/O1836,"NA") -> 3.44 | U1836: =IFERROR(R1836/Q1836,"NA") -> 3.5390404
A1837: 2973 | B1837: 2021 | C1837: Freshwater | D1837: 2Freshwater | E1837: Salmon | F1837: 794 | G1837: Nooksack River, below North Fork | H1837: =G1837 -> Nooksack River, below North Fork | I1837: =IFERROR(VLOOKUP(H1837,LUTs!$A$1:$C$73,2,FALSE),"NA") -> Whatcom | J1837: =IFERROR(VLOOKUP(H1837,LUTs!$A$1:$C$73,3,FALSE),"NA") -> 1North Puget Sound | K1837: Skagit | L1837: =VLOOKUP(K1837,LUTs!E$2:G$14,3,) -> 02Skagit | M1837: =VLOOKUP($K1837,LUTs!$E$2:$H$14,2,) -> North Puget Sound | N1837: =VLOOKUP($K1837,LUTs!$E$2:$H$14,4,) -> 01North Puget Sound | O1837: 68.136364 | P1837: 234.38909 | Q1837: =SUMIFS('FW_Salmon_by_Month_2010-2021'!P$2:P$3810,'FW_Salmon_by_Month_2010-2021'!$B$2:$B$3810,'Rec_raw_catch_effort_2010-2021'!$B1837,'FW_Salmon_by_Month_2010-2021'!$H$2:$H$3810,'Rec_raw_catch_effort_2010-2021'!$F1837,'FW_Salmon_by_Month_2010-2021'!$M$2:$M$3810,'Rec_raw_catch_effort_2010-2021'!$K1837) -> 69.194915 | R1837: =VLOOKUP(B1837,Readme!$A$62:$C$74,2,)*Q1837 -> 244.8836 | S1837: =IF(B1837<=2019,"Y","N") -> N | T1837: =IFERROR(P1837/O1837,"NA") -> 3.44 | U1837: =IFERROR(R1837/Q1837,"NA") -> 3.5390404
A1838: 2972 | B1838: 2021 | C1838: Freshwater | D1838: 2Freshwater | E1838: Salmon | F1838: 794 | G1838: Nooksack River, below North Fork | H1838: =G1838 -> Nooksack River, below North Fork | I1838: =IFERROR(VLOOKUP(H1838,LUTs!$A$1:$C$73,2,FALSE),"NA") -> Whatcom | J1838: =IFERROR(VLOOKUP(H1838,LUTs!$A$1:$C$73,3,FALSE),"NA") -> 1North Puget Sound | K1838: Whatcom | L1838: =VLOOKUP(K1838,LUTs!E$2:G$14,3,) -> 01Whatcom | M1838: =VLOOKUP($K1838,LUTs!$E$2:$H$14,2,) -> North Puget Sound | N1838: =VLOOKUP($K1838,LUTs!$E$2:$H$14,4,) -> 01North Puget Sound | O1838: 2902.6091 | P1838: 9984.9753 | Q1838: =SUMIFS('FW_Salmon_by_Month_2010-2021'!P$2:P$3810,'FW_Salmon_by_Month_2010-2021'!$B$2:$B$3810,'Rec_raw_catch_effort_2010-2021'!$B1838,'FW_Salmon_by_Month_2010-2021'!$H$2:$H$3810,'Rec_raw_catch_effort_2010-2021'!$F1838,'FW_Salmon_by_Month_2010-2021'!$M$2:$M$3810,'Rec_raw_catch_effort_2010-2021'!$K1838) -> 2901.1271 | R1838: =VLOOKUP(B1838,Readme!$A$62:$C$74,2,)*Q1838 -> 10267.206 | S1838: =IF(B1838<=2019,"Y","N") -> N | T1838: =IFERROR(P1838/O1838,"NA") -> 3.44 | U1838: =IFERROR(R1838/Q1838,"NA") -> 3.5390404
A1839: 971 | B1839: 2010 | C1839: Freshwater | D1839: 2Freshwater | E1839: Salmon | F1839: 802 | G1839: Carbon River | H1839: =G1839 -> Carbon River | I1839: =IFERROR(VLOOKUP(H1839,LUTs!$A$1:$C$73,2,FALSE),"NA") -> Pierce | J1839: =IFERROR(VLOOKUP(H1839,LUTs!$A$1:$C$73,3,FALSE),"NA") -> 3South Puget Sound | K1839: King | L1839: =VLOOKUP(K1839,LUTs!E$2:G$14,3,) -> 06King | M1839: =VLOOKUP($K1839,LUTs!$E$2:$H$14,2,) -> South Puget Sound | N1839: =VLOOKUP($K1839,LUTs!$E$2:$H$14,4,) -> 02South Puget Sound | O1839: 27.521739 | P1839: 238.06304 | Q1839: =SUMIFS('FW_Salmon_by_Month_2010-2021'!P$2:P$3810,'FW_Salmon_by_Month_2010-2021'!$B$2:$B$3810,'Rec_raw_catch_effort_2010-2021'!$B1839,'FW_Salmon_by_Month_2010-2021'!$H$2:$H$3810,'Rec_raw_catch_effort_2010-2021'!$F1839,'FW_Salmon_by_Month_2010-2021'!$M$2:$M$3810,'Rec_raw_catch_effort_2010-2021'!$K1839) -> 36.206897 | R1839: =VLOOKUP(B1839,Readme!$A$62:$C$74,2,)*Q1839 -> 174.50113 | S1839: =IF(B1839<=2019,"Y","N") -> Y | T1839: =IFERROR(P1839/O1839,"NA") -> 8.65 | U1839: =IFERROR(R1839/Q1839,"NA") -> 4.8195549
A1840: 973 | B1840: 2010 | C1840: Freshwater | D1840: 2Freshwater | E1840: Salmon | F1840: 802 | G1840: Carbon River | H1840: =G1840 -> Carbon River | I1840: =IFERROR(VLOOKUP(H1840,LUTs!$A$1:$C$73,2,FALSE),"NA") -> Pierce | J1840: =IFERROR(VLOOKUP(H1840,LUTs!$A$1:$C$73,3,FALSE),"NA") -> 3South Puget Sound | K1840: Other | L1840: =VLOOKUP(K1840,LUTs!E$2:G$14,3,) -> 20Other | M1840: =VLOOKUP($K1840,LUTs!$E$2:$H$14,2,) -> Non Puget Sound | N1840: =VLOOKUP($K1840,LUTs!$E$2:$H$14,4,) -> 07Non Puget Sound | O1840: 4.5869565 | P1840: 39.677174 | Q1840: =SUMIFS('FW_Salmon_by_Month_2010-2021'!P$2:P$3810,'FW_Salmon_by_Month_2010-2021'!$B$2:$B$3810,'Rec_raw_catch_effort_2010-2021'!$B1840,'FW_Salmon_by_Month_2010-2021'!$H$2:$H$3810,'Rec_raw_catch_effort_2010-2021'!$F1840,'FW_Salmon_by_Month_2010-2021'!$M$2:$M$3810,'Rec_raw_catch_effort_2010-2021'!$K1840) -> 6.0344828 | R1840: =VLOOKUP(B1840,Readme!$A$62:$C$74,2,)*Q1840 -> 29.083521 | S1840: =IF(B1840<=2019,"Y","N") -> Y | T1840: =IFERROR(P1840/O1840,"NA") -> 8.65 | U1840: =IFERROR(R1840/Q1840,"NA") -> 4.8195549
A1841: 972 | B1841: 2010 | C1841: Freshwater | D1841: 2Freshwater | E1841: Salmon | F1841: 802 | G1841: Carbon River | H1841: =G1841 -> Carbon River | I1841: =IFERROR(VLOOKUP(H1841,LUTs!$A$1:$C$73,2,FALSE),"NA") -> Pierce | J1841: =IFERROR(VLOOKUP(H1841,LUTs!$A$1:$C$73,3,FALSE),"NA") -> 3South Puget Sound | K1841: Pierce | L1841: =VLOOKUP(K1841,LUTs!E$2:G$14,3,) -> 07Pierce | M1841: =VLOOKUP($K1841,LUTs!$E$2:$H$14,2,) -> South Puget Sound | N1841: =VLOOKUP($K1841,LUTs!$E$2:$H$14,4,) -> 02South Puget Sound | O1841: 174.30435 | P1841: 1507.7326 | Q1841: =SUMIFS('FW_Salmon_by_Month_2010-2021'!P$2:P$3810,'FW_Salmon_by_Month_2010-2021'!$B$2:$B$3810,'Rec_raw_catch_effort_2010-2021'!$B1841,'FW_Salmon_by_Month_2010-2021'!$H$2:$H$3810,'Rec_raw_catch_effort_2010-2021'!$F1841,'FW_Salmon_by_Month_2010-2021'!$M$2:$M$3810,'Rec_raw_catch_effort_2010-2021'!$K1841) -> 162.75862 | R1841: =VLOOKUP(B1841,Readme!$A$62:$C$74,2,)*Q1841 -> 784.42411 | S1841: =IF(B1841<=2019,"Y","N") -> Y | T1841: =IFERROR(P1841/O1841,"NA") -> 8.65 | U1841: =IFERROR(R1841/Q1841,"NA") -> 4.8195549
A1842: 970 | B1842: 2010 | C1842: Freshwater | D1842: 2Freshwater | E1842: Salmon | F1842: 802 | G1842: Carbon River | H1842: =G1842 -> Carbon River | I1842: =IFERROR(VLOOKUP(H1842,LUTs!$A$1:$C$73,2,FALSE),"NA") -> Pierce | J1842: =IFERROR(VLOOKUP(H1842,LUTs!$A$1:$C$73,3,FALSE),"NA") -> 3South Puget Sound | K1842: Skagit | L1842: =VLOOKUP(K1842,LUTs!E$2:G$14,3,) -> 02Skagit | M1842: =VLOOKUP($K1842,LUTs!$E$2:$H$14,2,) -> North Puget Sound | N1842: =VLOOKUP($K1842,LUTs!$E$2:$H$14,4,) -> 01North Puget Sound | O1842: 4.5869565 | P1842: 39.677174 | Q1842: =SUMIFS('FW_Salmon_by_Month_2010-2021'!P$2:P$3810,'FW_Salmon_by_Month_2010-2021'!$B$2:$B$3810,'Rec_raw_catch_effort_2010-2021'!$B1842,'FW_Salmon_by_Month_2010-2021'!$H$2:$H$3810,'Rec_raw_catch_effort_2010-2021'!$F1842,'FW_Salmon_by_Month_2010-2021'!$M$2:$M$3810,'Rec_raw_catch_effort_2010-2021'!$K1842) -> 6 | R1842: =VLOOKUP(B1842,Readme!$A$62:$C$74,2,)*Q1842 -> 28.917329 | S1842: =IF(B1842<=2019,"Y","N") -> Y | T1842: =IFERROR(P1842/O1842,"NA") -> 8.65 | U1842: =IFERROR(R1842/Q1842,"NA") -> 4.8195549
A1843: 1067 | B1843: 2011 | C1843: Freshwater | D1843: 2Freshwater | E1843: Salmon | F1843: 802 | G1843: Carbon River | H1843: =G1843 -> Carbon River | I1843: =IFERROR(VLOOKUP(H1843,LUTs!$A$1:$C$73,2,FALSE),"NA") -> Pierce | J1843: =IFERROR(VLOOKUP(H1843,LUTs!$A$1:$C$73,3,FALSE),"NA") -> 3South Puget Sound | K1843: King | L1843: =VLOOKUP(K1843,LUTs!E$2:G$14,3,) -> 06King | M1843: =VLOOKUP($K1843,LUTs!$E$2:$H$14,2,) -> South Puget Sound | N1843: =VLOOKUP($K1843,LUTs!$E$2:$H$14,4,) -> 02South Puget Sound | O1843: 612.33211 | P1843: 2106.4225 | Q1843: =SUMIFS('FW_Salmon_by_Month_2010-2021'!P$2:P$3810,'FW_Salmon_by_Month_2010-2021'!$B$2:$B$3810,'Rec_raw_catch_effort_2010-2021'!$B1843,'FW_Salmon_by_Month_2010-2021'!$H$2:$H$3810,'Rec_raw_catch_effort_2010-2021'!$F1843,'FW_Salmon_by_Month_2010-2021'!$M$2:$M$3810,'Rec_raw_catch_effort_2010-2021'!$K1843) -> 616.44068 | R1843: =VLOOKUP(B1843,Readme!$A$62:$C$74,2,)*Q1843 -> 2181.6085 | S1843: =IF(B1843<=2019,"Y","N") -> Y | T1843: =IFERROR(P1843/O1843,"NA") -> 3.44 | U1843: =IFERROR(R1843/Q1843,"NA") -> 3.5390404
A1844: 1071 | B1844: 2011 | C1844: Freshwater | D1844: 2Freshwater | E1844: Salmon | F1844: 802 | G1844: Carbon River | H1844: =G1844 -> Carbon River | I1844: =IFERROR(VLOOKUP(H1844,LUTs!$A$1:$C$73,2,FALSE),"NA") -> Pierce | J1844: =IFERROR(VLOOKUP(H1844,LUTs!$A$1:$C$73,3,FALSE),"NA") -> 3South Puget Sound | K1844: Kitsap | L1844: =VLOOKUP(K1844,LUTs!E$2:G$14,3,) -> 10Kitsap | M1844: =VLOOKUP($K1844,LUTs!$E$2:$H$14,2,) -> South Puget Sound | N1844: =VLOOKUP($K1844,LUTs!$E$2:$H$14,4,) -> 02South Puget Sound | O1844: 93.650794 | P1844: 322.15873 | Q1844: =SUMIFS('FW_Salmon_by_Month_2010-2021'!P$2:P$3810,'FW_Salmon_by_Month_2010-2021'!$B$2:$B$3810,'Rec_raw_catch_effort_2010-2021'!$B1844,'FW_Salmon_by_Month_2010-2021'!$H$2:$H$3810,'Rec_raw_catch_effort_2010-2021'!$F1844,'FW_Salmon_by_Month_2010-2021'!$M$2:$M$3810,'Rec_raw_catch_effort_2010-2021'!$K1844) -> 97.746274 | R1844: =VLOOKUP(B1844,Readme!$A$62:$C$74,2,)*Q1844 -> 345.92802 | S1844: =IF(B1844<=2019,"Y","N") -> Y | T1844: =IFERROR(P1844/O1844,"NA") -> 3.44 | U1844: =IFERROR(R1844/Q1844,"NA") -> 3.5390404
A1845: 1070 | B1845: 2011 | C1845: Freshwater | D1845: 2Freshwater | E1845: Salmon | F1845: 802 | G1845: Carbon River | H1845: =G1845 -> Carbon River | I1845: =IFERROR(VLOOKUP(H1845,LUTs!$A$1:$C$73,2,FALSE),"NA") -> Pierce | J1845: =IFERROR(VLOOKUP(H1845,LUTs!$A$1:$C$73,3,FALSE),"NA") -> 3South Puget Sound | K1845: Mason | L1845: =VLOOKUP(K1845,LUTs!E$2:G$14,3,) -> 09Mason | M1845: =VLOOKUP($K1845,LUTs!$E$2:$H$14,2,) -> South Puget Sound | N1845: =VLOOKUP($K1845,LUTs!$E$2:$H$14,4,) -> 02South Puget Sound | O1845: 7.2039072 | P1845: 24.781441 | Q1845: =SUMIFS('FW_Salmon_by_Month_2010-2021'!P$2:P$3810,'FW_Salmon_by_Month_2010-2021'!$B$2:$B$3810,'Rec_raw_catch_effort_2010-2021'!$B1845,'FW_Salmon_by_Month_2010-2021'!$H$2:$H$3810,'Rec_raw_catch_effort_2010-2021'!$F1845,'FW_Salmon_by_Month_2010-2021'!$M$2:$M$3810,'Rec_raw_catch_effort_2010-2021'!$K1845) -> 7.535497 | R1845: =VLOOKUP(B1845,Readme!$A$62:$C$74,2,)*Q1845 -> 26.668428 | S1845: =IF(B1845<=2019,"Y","N") -> Y | T1845: =IFERROR(P1845/O1845,"NA") -> 3.44 | U1845: =IFERROR(R1845/Q1845,"NA") -> 3.5390404
... A2903: 2989 | B2903: 2021 | C2903: Freshwater | D2903: 2Freshwater | E2903: Salmon | F2903: 884 | G2903: Whatcom Creek | H2903: =G2903 -> Whatcom Creek | I2903: =IFERROR(VLOOKUP(H2903,LUTs!$A$1:$C$73,2,FALSE),"NA") -> Whatcom | J2903: =IFERROR(VLOOKUP(H2903,LUTs!$A$1:$C$73,3,FALSE),"NA") -> 1North Puget Sound | K2903: Whatcom | L2903: =VLOOKUP(K2903,LUTs!E$2:G$14,3,) -> 01Whatcom | M2903: =VLOOKUP($K2903,LUTs!$E$2:$H$14,2,) -> North Puget Sound | N2903: =VLOOKUP($K2903,LUTs!$E$2:$H$14,4,) -> 01North Puget Sound | O2903: 28 | P2903: 96.32 | Q2903: =SUMIFS('FW_Salmon_by_Month_2010-2021'!P$2:P$3810,'FW_Salmon_by_Month_2010-2021'!$B$2:$B$3810,'Rec_raw_catch_effort_2010-2021'!$B2903,'FW_Salmon_by_Month_2010-2021'!$H$2:$H$3810,'Rec_raw_catch_effort_2010-2021'!$F2903,'FW_Salmon_by_Month_2010-2021'!$M$2:$M$3810,'Rec_raw_catch_effort_2010-2021'!$K2903) -> 28 | R2903: =VLOOKUP(B2903,Readme!$A$62:$C$74,2,)*Q2903 -> 99.093132 | S2903: =IF(B2903<=2019,"Y","N") -> N | T2903: =IFERROR(P2903/O2903,"NA") -> 3.44 | U2903: =IFERROR(R2903/Q2903,"NA") -> 3.5390404
A2904: 2728 | B2904: 2010 | C2904: Marine | D2904: 1Marine | E2904: Steelhead | F2904: 9 | G2904: Area 9: Admiralty Inlet | H2904: =G2904 -> Area 9: Admiralty Inlet | I2904: =IFERROR(VLOOKUP(H2904,LUTs!$A$1:$C$73,2,FALSE),"NA") -> NA | J2904: =IFERROR(VLOOKUP(H2904,LUTs!$A$1:$C$73,3,FALSE),"NA") -> 2Central Puget Sound | K2904: Island | L2904: =VLOOKUP(K2904,LUTs!E$2:G$14,3,) -> 04Island | M2904: =VLOOKUP($K2904,LUTs!$E$2:$H$14,2,) -> North Puget Sound | N2904: =VLOOKUP($K2904,LUTs!$E$2:$H$14,4,) -> 01North Puget Sound | O2904: 49.25641 | P2904: 420.64974 | Q2904: =O2904 -> 49.25641 | R2904: =VLOOKUP(B2904,Existing_Conditions!$C$145:$D$156,2,)*'Rec_raw_catch_effort_2010-2021'!Q2904 -> 508.9898 | S2904: =IF(B2904<=2019,"Y","N") -> Y | T2904: =IFERROR(P2904/O2904,"NA") -> 8.54 | U2904: =IFERROR(R2904/Q2904,"NA") -> 10.333473
A2905: 2730 | B2905: 2010 | C2905: Marine | D2905: 1Marine | E2905: Steelhead | F2905: 9 | G2905: Area 9: Admiralty Inlet | H2905: =G2905 -> Area 9: Admiralty Inlet | I2905: =IFERROR(VLOOKUP(H2905,LUTs!$A$1:$C$73,2,FALSE),"NA") -> NA | J2905: =IFERROR(VLOOKUP(H2905,LUTs!$A$1:$C$73,3,FALSE),"NA") -> 2Central Puget Sound | K2905: Jefferson | L2905: =VLOOKUP(K2905,LUTs!E$2:G$14,3,) -> 12Jefferson | M2905: =VLOOKUP($K2905,LUTs!$E$2:$H$14,2,) -> Strait of Juan de Fuca | N2905: =VLOOKUP($K2905,LUTs!$E$2:$H$14,4,) -> 03Strait of Juan de Fuca | O2905: 5.7948718 | P2905: 49.488205 | Q2905: =O2905 -> 5.7948718 | R2905: =VLOOKUP(B2905,Existing_Conditions!$C$145:$D$156,2,)*'Rec_raw_catch_effort_2010-2021'!Q2905 -> 59.881153 | S2905: =IF(B2905<=2019,"Y","N") -> Y | T2905: =IFERROR(P2905/O2905,"NA") -> 8.54 | U2905: =IFERROR(R2905/Q2905,"NA") -> 10.333473
A2906: 2729 | B2906: 2010 | C2906: Marine | D2906: 1Marine | E2906: Steelhead | F2906: 9 | G2906: Area 9: Admiralty Inlet | H2906: =G2906 -> Area 9: Admiralty Inlet | I2906: =IFERROR(VLOOKUP(H2906,LUTs!$A$1:$C$73,2,FALSE),"NA") -> NA | J2906: =IFERROR(VLOOKUP(H2906,LUTs!$A$1:$C$73,3,FALSE),"NA") -> 2Central Puget Sound | K2906: King | L2906: =VLOOKUP(K2906,LUTs!E$2:G$14,3,) -> 06King | M2906: =VLOOKUP($K2906,LUTs!$E$2:$H$14,2,) -> South Puget Sound | N2906: =VLOOKUP($K2906,LUTs!$E$2:$H$14,4,) -> 02South Puget Sound | O2906: 11.589744 | P2906: 98.97641 | Q2906: =O2906 -> 11.589744 | R2906: =VLOOKUP(B2906,Existing_Conditions!$C$145:$D$156,2,)*'Rec_raw_catch_effort_2010-2021'!Q2906 -> 119.76231 | S2906: =IF(B2906<=2019,"Y","N") -> Y | T2906: =IFERROR(P2906/O2906,"NA") -> 8.54 | U2906: =IFERROR(R2906/Q2906,"NA") -> 10.333473
A2907: 2731 | B2907: 2010 | C2907: Marine | D2907: 1Marine | E2907: Steelhead | F2907: 9 | G2907: Area 9: Admiralty Inlet | H2907: =G2907 -> Area 9: Admiralty Inlet | I2907: =IFERROR(VLOOKUP(H2907,LUTs!$A$1:$C$73,2,FALSE),"NA") -> NA | J2907: =IFERROR(VLOOKUP(H2907,LUTs!$A$1:$C$73,3,FALSE),"NA") -> 2Central Puget Sound | K2907: Other | L2907: =VLOOKUP(K2907,LUTs!E$2:G$14,3,) -> 20Other | M2907: =VLOOKUP($K2907,LUTs!$E$2:$H$14,2,) -> Non Puget Sound | N2907: =VLOOKUP($K2907,LUTs!$E$2:$H$14,4,) -> 07Non Puget Sound | O2907: 2.8974359 | P2907: 24.744103 | Q2907: =O2907 -> 2.8974359 | R2907: =VLOOKUP(B2907,Existing_Conditions!$C$145:$D$156,2,)*'Rec_raw_catch_effort_2010-2021'!Q2907 -> 29.940576 | S2907: =IF(B2907<=2019,"Y","N") -> Y | T2907: =IFERROR(P2907/O2907,"NA") -> 8.54 | U2907: =IFERROR(R2907/Q2907,"NA") -> 10.333473
A2908: 2727 | B2908: 2010 | C2908: Marine | D2908: 1Marine | E2908: Steelhead | F2908: 9 | G2908: Area 9: Admiralty Inlet | H2908: =G2908 -> Area 9: Admiralty Inlet | I2908: =IFERROR(VLOOKUP(H2908,LUTs!$A$1:$C$73,2,FALSE),"NA") -> NA | J2908: =IFERROR(VLOOKUP(H2908,LUTs!$A$1:$C$73,3,FALSE),"NA") -> 2Central Puget Sound | K2908: Snohomish | L2908: =VLOOKUP(K2908,LUTs!E$2:G$14,3,) -> 03Snohomish | M2908: =VLOOKUP($K2908,LUTs!$E$2:$H$14,2,) -> North Puget Sound | N2908: =VLOOKUP($K2908,LUTs!$E$2:$H$14,4,) -> 01North Puget Sound | O2908: 43.461538 | P2908: 371.16154 | Q2908: =O2908 -> 43.461538 | R2908: =VLOOKUP(B2908,Existing_Conditions!$C$145:$D$156,2,)*'Rec_raw_catch_effort_2010-2021'!Q2908 -> 449.10865 | S2908: =IF(B2908<=2019,"Y","N") -> Y | T2908: =IFERROR(P2908/O2908,"NA") -> 8.54 | U2908: =IFERROR(R2908/Q2908,"NA") -> 10.333473
A2909: 2841 | B2909: 2011 | C2909: Marine | D2909: 1Marine | E2909: Steelhead | F2909: 9 | G2909: Area 9: Admiralty Inlet | H2909: =G2909 -> Area 9: Admiralty Inlet | I2909: =IFERROR(VLOOKUP(H2909,LUTs!$A$1:$C$73,2,FALSE),"NA") -> NA | J2909: =IFERROR(VLOOKUP(H2909,LUTs!$A$1:$C$73,3,FALSE),"NA") -> 2Central Puget Sound | K2909: Island | L2909: =VLOOKUP(K2909,LUTs!E$2:G$14,3,) -> 04Island | M2909: =VLOOKUP($K2909,LUTs!$E$2:$H$14,2,) -> North Puget Sound | N2909: =VLOOKUP($K2909,LUTs!$E$2:$H$14,4,) -> 01North Puget Sound | O2909: 127.05 | P2909: 2356.7775 | Q2909: =O2909 -> 127.05 | R2909: =VLOOKUP(B2909,Existing_Conditions!$C$145:$D$156,2,)*'Rec_raw_catch_effort_2010-2021'!Q2909 -> 233.21435 | S2909: =IF(B2909<=2019,"Y","N") -> Y | T2909: =IFERROR(P2909/O2909,"NA") -> 18.55 | U2909: =IFERROR(R2909/Q2909,"NA") -> 1.8356108
A2910: 2842 | B2910: 2011 | C2910: Marine | D2910: 1Marine | E2910: Steelhead | F2910: 9 | G2910: Area 9: Admiralty Inlet | H2910: =G2910 -> Area 9: Admiralty Inlet | I2910: =IFERROR(VLOOKUP(H2910,LUTs!$A$1:$C$73,2,FALSE),"NA") -> NA | J2910: =IFERROR(VLOOKUP(H2910,LUTs!$A$1:$C$73,3,FALSE),"NA") -> 2Central Puget Sound | K2910: King | L2910: =VLOOKUP(K2910,LUTs!E$2:G$14,3,) -> 06King | M2910: =VLOOKUP($K2910,LUTs!$E$2:$H$14,2,) -> South Puget Sound | N2910: =VLOOKUP($K2910,LUTs!$E$2:$H$14,4,) -> 02South Puget Sound | O2910: 3.85 | P2910: 71.4175 | Q2910: =O2910 -> 3.85 | R2910: =VLOOKUP(B2910,Existing_Conditions!$C$145:$D$156,2,)*'Rec_raw_catch_effort_2010-2021'!Q2910 -> 7.0671016 | S2910: =IF(B2910<=2019,"Y","N") -> Y | T2910: =IFERROR(P2910/O2910,"NA") -> 18.55 | U2910: =IFERROR(R2910/Q2910,"NA") -> 1.8356108
A2911: 1354 | B2911: 2011 | C2911: Marine | D2911: 1Marine | E2911: Steelhead | F2911: 9 | G2911: Area 9: Admiralty Inlet | H2911: =G2911 -> Area 9: Admiralty Inlet | I2911: =IFERROR(VLOOKUP(H2911,LUTs!$A$1:$C$73,2,FALSE),"NA") -> NA | J2911: =IFERROR(VLOOKUP(H2911,LUTs!$A$1:$C$73,3,FALSE),"NA") -> 2Central Puget Sound | K2911: Other | L2911: =VLOOKUP(K2911,LUTs!E$2:G$14,3,) -> 20Other | M2911: =VLOOKUP($K2911,LUTs!$E$2:$H$14,2,) -> Non Puget Sound | N2911: =VLOOKUP($K2911,LUTs!$E$2:$H$14,4,) -> 07Non Puget Sound | O2911: 3.85 | P2911: 71.4175 | Q2911: =O2911 -> 3.85 | R2911: =VLOOKUP(B2911,Existing_Conditions!$C$145:$D$156,2,)*'Rec_raw_catch_effort_2010-2021'!Q2911 -> 7.0671016 | S2911: =IF(B2911<=2019,"Y","N") -> Y | T2911: =IFERROR(P2911/O2911,"NA") -> 18.55 | U2911: =IFERROR(R2911/Q2911,"NA") -> 1.8356108
A2912: 2839 | B2912: 2011 | C2912: Marine | D2912: 1Marine | E2912: Steelhead | F2912: 9 | G2912: Area 9: Admiralty Inlet | H2912: =G2912 -> Area 9: Admiralty Inlet | I2912: =IFERROR(VLOOKUP(H2912,LUTs!$A$1:$C$73,2,FALSE),"NA") -> NA | J2912: =IFERROR(VLOOKUP(H2912,LUTs!$A$1:$C$73,3,FALSE),"NA") -> 2Central Puget Sound | K2912: Skagit | L2912: =VLOOKUP(K2912,LUTs!E$2:G$14,3,) -> 02Skagit | M2912: =VLOOKUP($K2912,LUTs!$E$2:$H$14,2,) -> North Puget Sound | N2912: =VLOOKUP($K2912,LUTs!$E$2:$H$14,4,) -> 01North Puget Sound | O2912: 3.85 | P2912: 71.4175 | Q2912: =O2912 -> 3.85 | R2912: =VLOOKUP(B2912,Existing_Conditions!$C$145:$D$156,2,)*'Rec_raw_catch_effort_2010-2021'!Q2912 -> 7.0671016 | S2912: =IF(B2912<=2019,"Y","N") -> Y | T2912: =IFERROR(P2912/O2912,"NA") -> 18.55 | U2912: =IFERROR(R2912/Q2912,"NA") -> 1.8356108
A2913: 2840 | B2913: 2011 | C2913: Marine | D2913: 1Marine | E2913: Steelhead | F2913: 9 | G2913: Area 9: Admiralty Inlet | H2913: =G2913 -> Area 9: Admiralty Inlet | I2913: =IFERROR(VLOOKUP(H2913,LUTs!$A$1:$C$73,2,FALSE),"NA") -> NA | J2913: =IFERROR(VLOOKUP(H2913,LUTs!$A$1:$C$73,3,FALSE),"NA") -> 2Central Puget Sound | K2913: Snohomish | L2913: =VLOOKUP(K2913,LUTs!E$2:G$14,3,) -> 03Snohomish | M2913: =VLOOKUP($K2913,LUTs!$E$2:$H$14,2,) -> North Puget Sound | N2913: =VLOOKUP($K2913,LUTs!$E$2:$H$14,4,) -> 01North Puget Sound | O2913: 15.4 | P2913: 285.67 | Q2913: =O2913 -> 15.4 | R2913: =VLOOKUP(B2913,Existing_Conditions!$C$145:$D$156,2,)*'Rec_raw_catch_effort_2010-2021'!Q2913 -> 28.268406 | S2913: =IF(B2913<=2019,"Y","N") -> Y | T2913: =IFERROR(P2913/O2913,"NA") -> 18.55 | U2913: =IFERROR(R2913/Q2913,"NA") -> 1.8356108
A2914: 1359 | B2914: 2012 | C2914: Marine | D2914: 1Marine | E2914: Steelhead | F2914: 9 | G2914: Area 9: Admiralty Inlet | H2914: =G2914 -> Area 9: Admiralty Inlet | I2914: =IFERROR(VLOOKUP(H2914,LUTs!$A$1:$C$73,2,FALSE),"NA") -> NA | J2914: =IFERROR(VLOOKUP(H2914,LUTs!$A$1:$C$73,3,FALSE),"NA") -> 2Central Puget Sound | K2914: Island | L2914: =VLOOKUP(K2914,LUTs!E$2:G$14,3,) -> 04Island | M2914: =VLOOKUP($K2914,LUTs!$E$2:$H$14,2,) -> North Puget Sound | N2914: =VLOOKUP($K2914,LUTs!$E$2:$H$14,4,) -> 01North Puget Sound | O2914: 36.807692 | P2914: 314.33769 | Q2914: =O2914 -> 36.807692 | R2914: =VLOOKUP(B2914,Existing_Conditions!$C$145:$D$156,2,)*'Rec_raw_catch_effort_2010-2021'!Q2914 -> 79.166725 | S2914: =IF(B2914<=2019,"Y","N") -> Y | T2914: =IFERROR(P2914/O2914,"NA") -> 8.54 | U2914: =IFERROR(R2914/Q2914,"NA") -> 2.1508201
A2915: 1360 | B2915: 2012 | C2915: Marine | D2915: 1Marine | E2915: Steelhead | F2915: 9 | G2915: Area 9: Admiralty Inlet | H2915: =G2915 -> Area 9: Admiralty Inlet | I2915: =IFERROR(VLOOKUP(H2915,LUTs!$A$1:$C$73,2,FALSE),"NA") -> NA | J2915: =IFERROR(VLOOKUP(H2915,LUTs!$A$1:$C$73,3,FALSE),"NA") -> 2Central Puget Sound | K2915: King | L2915: =VLOOKUP(K2915,LUTs!E$2:G$14,3,) -> 06King | M2915: =VLOOKUP($K2915,LUTs!$E$2:$H$14,2,) -> South Puget Sound | N2915: =VLOOKUP($K2915,LUTs!$E$2:$H$14,4,) -> 02South Puget Sound | O2915: 6.6923077 | P2915: 57.152308 | Q2915: =O2915 -> 6.6923077 | R2915: =VLOOKUP(B2915,Existing_Conditions!$C$145:$D$156,2,)*'Rec_raw_catch_effort_2010-2021'!Q2915 -> 14.39395 | S2915: =IF(B2915<=2019,"Y","N") -> Y | T2915: =IFERROR(P2915/O2915,"NA") -> 8.54 | U2915: =IFERROR(R2915/Q2915,"NA") -> 2.1508201
... A2944: 1861 | B2944: 2021 | C2944: Marine | D2944: 1Marine | E2944: Steelhead | F2944: 9 | G2944: Area 9: Admiralty Inlet | H2944: =G2944 -> Area 9: Admiralty Inlet | I2944: =IFERROR(VLOOKUP(H2944,LUTs!$A$1:$C$73,2,FALSE),"NA") -> NA | J2944: =IFERROR(VLOOKUP(H2944,LUTs!$A$1:$C$73,3,FALSE),"NA") -> 2Central Puget Sound | K2944: Snohomish | L2944: =VLOOKUP(K2944,LUTs!E$2:G$14,3,) -> 03Snohomish | M2944: =VLOOKUP($K2944,LUTs!$E$2:$H$14,2,) -> North Puget Sound | N2944: =VLOOKUP($K2944,LUTs!$E$2:$H$14,4,) -> 01North Puget Sound | O2944: 12 | P2944: 222.6 | Q2944: =O2944 -> 12 | R2944: =VLOOKUP(B2944,Existing_Conditions!$C$145:$D$156,2,)*'Rec_raw_catch_effort_2010-2021'!Q2944 -> 13.130918 | S2944: =IF(B2944<=2019,"Y","N") -> N | T2944: =IFERROR(P2944/O2944,"NA") -> 18.55 | U2944: =IFERROR(R2944/Q2944,"NA") -> 1.0942432
A2945: 2836 | B2945: 2011 | C2945: Marine | D2945: 1Marine | E2945: Steelhead | F2945: 8-1 | G2945: Area 8-1: Skagit Bay-Saratoga Psg. | H2945: =G2945 -> Area 8-1: Skagit Bay-Saratoga Psg. | I2945: =IFERROR(VLOOKUP(H2945,LUTs!$A$1:$C$73,2,FALSE),"NA") -> NA | J2945: =IFERROR(VLOOKUP(H2945,LUTs!$A$1:$C$73,3,FALSE),"NA") -> 2Central Puget Sound | K2945: Island | L2945: =VLOOKUP(K2945,LUTs!E$2:G$14,3,) -> 04Island | M2945: =VLOOKUP($K2945,LUTs!$E$2:$H$14,2,) -> North Puget Sound | N2945: =VLOOKUP($K2945,LUTs!$E$2:$H$14,4,) -> 01North Puget Sound | O2945: 4.5 | P2945: 83.475 | Q2945: =O2945 -> 4.5 | R2945: =VLOOKUP(B2945,Existing_Conditions!$C$145:$D$156,2,)*'Rec_raw_catch_effort_2010-2021'!Q2945 -> 8.2602486 | S2945: =IF(B2945<=2019,"Y","N") -> Y | T2945: =IFERROR(P2945/O2945,"NA") -> 18.55 | U2945: =IFERROR(R2945/Q2945,"NA") -> 1.8356108
A2946: 2837 | B2946: 2011 | C2946: Marine | D2946: 1Marine | E2946: Steelhead | F2946: 8-1 | G2946: Area 8-1: Skagit Bay-Saratoga Psg. | H2946: =G2946 -> Area 8-1: Skagit Bay-Saratoga Psg. | I2946: =IFERROR(VLOOKUP(H2946,LUTs!$A$1:$C$73,2,FALSE),"NA") -> NA | J2946: =IFERROR(VLOOKUP(H2946,LUTs!$A$1:$C$73,3,FALSE),"NA") -> 2Central Puget Sound | K2946: Pierce | L2946: =VLOOKUP(K2946,LUTs!E$2:G$14,3,) -> 07Pierce | M2946: =VLOOKUP($K2946,LUTs!$E$2:$H$14,2,) -> South Puget Sound | N2946: =VLOOKUP($K2946,LUTs!$E$2:$H$14,4,) -> 02South Puget Sound | O2946: 9 | P2946: 166.95 | Q2946: =O2946 -> 9 | R2946: =VLOOKUP(B2946,Existing_Conditions!$C$145:$D$156,2,)*'Rec_raw_catch_effort_2010-2021'!Q2946 -> 16.520497 | S2946: =IF(B2946<=2019,"Y","N") -> Y | T2946: =IFERROR(P2946/O2946,"NA") -> 18.55 | U2946: =IFERROR(R2946/Q2946,"NA") -> 1.8356108
A2947: 2835 | B2947: 2011 | C2947: Marine | D2947: 1Marine | E2947: Steelhead | F2947: 8-1 | G2947: Area 8-1: Skagit Bay-Saratoga Psg. | H2947: =G2947 -> Area 8-1: Skagit Bay-Saratoga Psg. | I2947: =IFERROR(VLOOKUP(H2947,LUTs!$A$1:$C$73,2,FALSE),"NA") -> NA | J2947: =IFERROR(VLOOKUP(H2947,LUTs!$A$1:$C$73,3,FALSE),"NA") -> 2Central Puget Sound | K2947: Snohomish | L2947: =VLOOKUP(K2947,LUTs!E$2:G$14,3,) -> 03Snohomish | M2947: =VLOOKUP($K2947,LUTs!$E$2:$H$14,2,) -> North Puget Sound | N2947: =VLOOKUP($K2947,LUTs!$E$2:$H$14,4,) -> 01North Puget Sound | O2947: 4.5 | P2947: 83.475 | Q2947: =O2947 -> 4.5 | R2947: =VLOOKUP(B2947,Existing_Conditions!$C$145:$D$156,2,)*'Rec_raw_catch_effort_2010-2021'!Q2947 -> 8.2602486 | S2947: =IF(B2947<=2019,"Y","N") -> Y | T2947: =IFERROR(P2947/O2947,"NA") -> 18.55 | U2947: =IFERROR(R2947/Q2947,"NA") -> 1.8356108
A2948: 1355 | B2948: 2012 | C2948: Marine | D2948: 1Marine | E2948: Steelhead | F2948: 8-1 | G2948: Area 8-1: Skagit Bay-Saratoga Psg. | H2948: =G2948 -> Area 8-1: Skagit Bay-Saratoga Psg. | I2948: =IFERROR(VLOOKUP(H2948,LUTs!$A$1:$C$73,2,FALSE),"NA") -> NA | J2948: =IFERROR(VLOOKUP(H2948,LUTs!$A$1:$C$73,3,FALSE),"NA") -> 2Central Puget Sound | K2948: King | L2948: =VLOOKUP(K2948,LUTs!E$2:G$14,3,) -> 06King | M2948: =VLOOKUP($K2948,LUTs!$E$2:$H$14,2,) -> South Puget Sound | N2948: =VLOOKUP($K2948,LUTs!$E$2:$H$14,4,) -> 02South Puget Sound | O2948: 3.5 | P2948: 29.89 | Q2948: =O2948 -> 3.5 | R2948: =VLOOKUP(B2948,Existing_Conditions!$C$145:$D$156,2,)*'Rec_raw_catch_effort_2010-2021'!Q2948 -> 7.5278704 | S2948: =IF(B2948<=2019,"Y","N") -> Y | T2948: =IFERROR(P2948/O2948,"NA") -> 8.54 | U2948: =IFERROR(R2948/Q2948,"NA") -> 2.1508201
A2949: 1356 | B2949: 2012 | C2949: Marine | D2949: 1Marine | E2949: Steelhead | F2949: 8-1 | G2949: Area 8-1: Skagit Bay-Saratoga Psg. | H2949: =G2949 -> Area 8-1: Skagit Bay-Saratoga Psg. | I2949: =IFERROR(VLOOKUP(H2949,LUTs!$A$1:$C$73,2,FALSE),"NA") -> NA | J2949: =IFERROR(VLOOKUP(H2949,LUTs!$A$1:$C$73,3,FALSE),"NA") -> 2Central Puget Sound | K2949: Thurston | L2949: =VLOOKUP(K2949,LUTs!E$2:G$14,3,) -> 08Thurston | M2949: =VLOOKUP($K2949,LUTs!$E$2:$H$14,2,) -> South Puget Sound | N2949: =VLOOKUP($K2949,LUTs!$E$2:$H$14,4,) -> 02South Puget Sound | O2949: 3.5 | P2949: 29.89 | Q2949: =O2949 -> 3.5 | R2949: =VLOOKUP(B2949,Existing_Conditions!$C$145:$D$156,2,)*'Rec_raw_catch_effort_2010-2021'!Q2949 -> 7.5278704 | S2949: =IF(B2949<=2019,"Y","N") -> Y | T2949: =IFERROR(P2949/O2949,"NA") -> 8.54 | U2949: =IFERROR(R2949/Q2949,"NA") -> 2.1508201
A2950: 1525 | B2950: 2014 | C2950: Marine | D2950: 1Marine | E2950: Steelhead | F2950: 8-1 | G2950: Area 8-1: Skagit Bay-Saratoga Psg. | H2950: =G2950 -> Area 8-1: Skagit Bay-Saratoga Psg. | I2950: =IFERROR(VLOOKUP(H2950,LUTs!$A$1:$C$73,2,FALSE),"NA") -> NA | J2950: =IFERROR(VLOOKUP(H2950,LUTs!$A$1:$C$73,3,FALSE),"NA") -> 2Central Puget Sound | K2950: Snohomish | L2950: =VLOOKUP(K2950,LUTs!E$2:G$14,3,) -> 03Snohomish | M2950: =VLOOKUP($K2950,LUTs!$E$2:$H$14,2,) -> North Puget Sound | N2950: =VLOOKUP($K2950,LUTs!$E$2:$H$14,4,) -> 01North Puget Sound | O2950: 1 | P2950: 8.54 | Q2950: =O2950 -> 1 | R2950: =VLOOKUP(B2950,Existing_Conditions!$C$145:$D$156,2,)*'Rec_raw_catch_effort_2010-2021'!Q2950 -> 3.3497526 | S2950: =IF(B2950<=2019,"Y","N") -> Y | T2950: =IFERROR(P2950/O2950,"NA") -> 8.54 | U2950: =IFERROR(R2950/Q2950,"NA") -> 3.3497526
A2951: 2838 | B2951: 2011 | C2951: Marine | D2951: 1Marine | E2951: Steelhead | F2951: 8-2 | G2951: Area 8-2: Port Susan-Port Gardner | H2951: =G2951 -> Area 8-2: Port Susan-Port Gardner | I2951: =IFERROR(VLOOKUP(H2951,LUTs!$A$1:$C$73,2,FALSE),"NA") -> NA | J2951: =IFERROR(VLOOKUP(H2951,LUTs!$A$1:$C$73,3,FALSE),"NA") -> 2Central Puget Sound | K2951: Snohomish | L2951: =VLOOKUP(K2951,LUTs!E$2:G$14,3,) -> 03Snohomish | M2951: =VLOOKUP($K2951,LUTs!$E$2:$H$14,2,) -> North Puget Sound | N2951: =VLOOKUP($K2951,LUTs!$E$2:$H$14,4,) -> 01North Puget Sound | O2951: 4 | P2951: 74.2 | Q2951: =O2951 -> 4 | R2951: =VLOOKUP(B2951,Existing_Conditions!$C$145:$D$156,2,)*'Rec_raw_catch_effort_2010-2021'!Q2951 -> 7.3424432 | S2951: =IF(B2951<=2019,"Y","N") -> Y | T2951: =IFERROR(P2951/O2951,"NA") -> 18.55 | U2951: =IFERROR(R2951/Q2951,"NA") -> 1.8356108
A2952: 1357 | B2952: 2012 | C2952: Marine | D2952: 1Marine | E2952: Steelhead | F2952: 8-2 | G2952: Area 8-2: Port Susan-Port Gardner | H2952: =G2952 -> Area 8-2: Port Susan-Port Gardner | I2952: =IFERROR(VLOOKUP(H2952,LUTs!$A$1:$C$73,2,FALSE),"NA") -> NA | J2952: =IFERROR(VLOOKUP(H2952,LUTs!$A$1:$C$73,3,FALSE),"NA") -> 2Central Puget Sound | K2952: Snohomish | L2952: =VLOOKUP(K2952,LUTs!E$2:G$14,3,) -> 03Snohomish | M2952: =VLOOKUP($K2952,LUTs!$E$2:$H$14,2,) -> North Puget Sound | N2952: =VLOOKUP($K2952,LUTs!$E$2:$H$14,4,) -> 01North Puget Sound | O2952: 8 | P2952: 68.32 | Q2952: =O2952 -> 8 | R2952: =VLOOKUP(B2952,Existing_Conditions!$C$145:$D$156,2,)*'Rec_raw_catch_effort_2010-2021'!Q2952 -> 17.206561 | S2952: =IF(B2952<=2019,"Y","N") -> Y | T2952: =IFERROR(P2952/O2952,"NA") -> 8.54 | U2952: =IFERROR(R2952/Q2952,"NA") -> 2.1508201
A2953: 1364 | B2953: 2013 | C2953: Marine | D2953: 1Marine | E2953: Steelhead | F2953: 8-2 | G2953: Area 8-2: Port Susan-Port Gardner | H2953: =G2953 -> Area 8-2: Port Susan-Port Gardner | I2953: =IFERROR(VLOOKUP(H2953,LUTs!$A$1:$C$73,2,FALSE),"NA") -> NA | J2953: =IFERROR(VLOOKUP(H2953,LUTs!$A$1:$C$73,3,FALSE),"NA") -> 2Central Puget Sound | K2953: Other | L2953: =VLOOKUP(K2953,LUTs!E$2:G$14,3,) -> 20Other | M2953: =VLOOKUP($K2953,LUTs!$E$2:$H$14,2,) -> Non Puget Sound | N2953: =VLOOKUP($K2953,LUTs!$E$2:$H$14,4,) -> 07Non Puget Sound | O2953: 4 | P2953: 74.2 | Q2953: =O2953 -> 4 | R2953: =VLOOKUP(B2953,Existing_Conditions!$C$145:$D$156,2,)*'Rec_raw_catch_effort_2010-2021'!Q2953 -> 5.8341229 | S2953: =IF(B2953<=2019,"Y","N") -> Y | T2953: =IFERROR(P2953/O2953,"NA") -> 18.55 | U2953: =IFERROR(R2953/Q2953,"NA") -> 1.4585307
A2954: 688 | B2954: 2014 | C2954: Freshwater | D2954: 2Freshwater | E2954: Steelhead | F2954: 706 | G2954: Black River (Thurston Co.) | H2954: Black River (Thurston Co) | I2954: =IFERROR(VLOOKUP(H2954,LUTs!$A$1:$C$73,2,FALSE),"NA") -> Thurston | J2954: =IFERROR(VLOOKUP(H2954,LUTs!$A$1:$C$73,3,FALSE),"NA") -> 3South Puget Sound | K2954: Other | L2954: =VLOOKUP(K2954,LUTs!E$2:G$14,3,) -> 20Other | M2954: =VLOOKUP($K2954,LUTs!$E$2:$H$14,2,) -> Non Puget Sound | N2954: =VLOOKUP($K2954,LUTs!$E$2:$H$14,4,) -> 07Non Puget Sound | O2954: 4 | P2954: 34.16 | Q2954: =SUMIFS('FW_Steelhead_by_Month_2010-2021'!Q$2:Q$3810,'FW_Steelhead_by_Month_2010-2021'!$B$2:$B$3810,'Rec_raw_catch_effort_2010-2021'!$B2954,'FW_Steelhead_by_Month_2010-2021'!$H$2:$H$3810,'Rec_raw_catch_effort_2010-2021'!$F2954,'FW_Steelhead_by_Month_2010-2021'!$M$2:$M$3810,'Rec_raw_catch_effort_2010-2021'!$K2954) -> 4 | R2954: =VLOOKUP(B2954,Readme!$A$62:$C$74,3,)*Q2954 -> 83.708949 | S2954: =IF(B2954<=2019,"Y","N") -> Y | T2954: =IFERROR(P2954/O2954,"NA") -> 8.54 | U2954: =IFERROR(R2954/Q2954,"NA") -> 20.927237
A2955: 234 | B2955: 2014 | C2955: Freshwater | D2955: 2Freshwater | E2955: Steelhead | F2955: 708 | G2955: Burley Creek (Kitsap Co.) | H2955: =G2955 -> Burley Creek (Kitsap Co.) | I2955: =IFERROR(VLOOKUP(H2955,LUTs!$A$1:$C$73,2,FALSE),"NA") -> Kitsap | J2955: =IFERROR(VLOOKUP(H2955,LUTs!$A$1:$C$73,3,FALSE),"NA") -> 3South Puget Sound | K2955: Other | L2955: =VLOOKUP(K2955,LUTs!E$2:G$14,3,) -> 20Other | M2955: =VLOOKUP($K2955,LUTs!$E$2:$H$14,2,) -> Non Puget Sound | N2955: =VLOOKUP($K2955,LUTs!$E$2:$H$14,4,) -> 07Non Puget Sound | O2955: 12 | P2955: 102.48 | Q2955: =SUMIFS('FW_Steelhead_by_Month_2010-2021'!Q$2:Q$3810,'FW_Steelhead_by_Month_2010-2021'!$B$2:$B$3810,'Rec_raw_catch_effort_2010-2021'!$B2955,'FW_Steelhead_by_Month_2010-2021'!$H$2:$H$3810,'Rec_raw_catch_effort_2010-2021'!$F2955,'FW_Steelhead_by_Month_2010-2021'!$M$2:$M$3810,'Rec_raw_catch_effort_2010-2021'!$K2955) -> 12 | R2955: =VLOOKUP(B2955,Readme!$A$62:$C$74,3,)*Q2955 -> 251.12685 | S2955: =IF(B2955<=2019,"Y","N") -> Y | T2955: =IFERROR(P2955/O2955,"NA") -> 8.54 | U2955: =IFERROR(R2955/Q2955,"NA") -> 20.927237
A2956: 2905 | B2956: 2010 | C2956: Freshwater | D2956: 2Freshwater | E2956: Steelhead | F2956: 718 | G2956: Clallam River | H2956: =G2956 -> Clallam River | I2956: =IFERROR(VLOOKUP(H2956,LUTs!$A$1:$C$73,2,FALSE),"NA") -> Clallam | J2956: =IFERROR(VLOOKUP(H2956,LUTs!$A$1:$C$73,3,FALSE),"NA") -> 0Strait of Juan de Fuca | K2956: Clallam | L2956: =VLOOKUP(K2956,LUTs!E$2:G$14,3,) -> 11Clallam | M2956: =VLOOKUP($K2956,LUTs!$E$2:$H$14,2,) -> Strait of Juan de Fuca | N2956: =VLOOKUP($K2956,LUTs!$E$2:$H$14,4,) -> 03Strait of Juan de Fuca | O2956: 16.210526 | P2956: 138.43789 | Q2956: =SUMIFS('FW_Steelhead_by_Month_2010-2021'!Q$2:Q$3810,'FW_Steelhead_by_Month_2010-2021'!$B$2:$B$3810,'Rec_raw_catch_effort_2010-2021'!$B2956,'FW_Steelhead_by_Month_2010-2021'!$H$2:$H$3810,'Rec_raw_catch_effort_2010-2021'!$F2956,'FW_Steelhead_by_Month_2010-2021'!$M$2:$M$3810,'Rec_raw_catch_effort_2010-2021'!$K2956) -> 4.6666667 | R2956: =VLOOKUP(B2956,Readme!$A$62:$C$74,3,)*Q2956 -> 97.660441 | S2956: =IF(B2956<=2019,"Y","N") -> Y | T2956: =IFERROR(P2956/O2956,"NA") -> 8.54 | U2956: =IFERROR(R2956/Q2956,"NA") -> 20.927237
A2957: 2906 | B2957: 2010 | C2957: Freshwater | D2957: 2Freshwater | E2957: Steelhead | F2957: 718 | G2957: Clallam River | H2957: =G2957 -> Clallam River | I2957: =IFERROR(VLOOKUP(H2957,LUTs!$A$1:$C$73,2,FALSE),"NA") -> Clallam | J2957: =IFERROR(VLOOKUP(H2957,LUTs!$A$1:$C$73,3,FALSE),"NA") -> 0Strait of Juan de Fuca | K2957: Other | L2957: =VLOOKUP(K2957,LUTs!E$2:G$14,3,) -> 20Other | M2957: =VLOOKUP($K2957,LUTs!$E$2:$H$14,2,) -> Non Puget Sound | N2957: =VLOOKUP($K2957,LUTs!$E$2:$H$14,4,) -> 07Non Puget Sound | O2957: 2.3157895 | P2957: 19.776842 | Q2957: =SUMIFS('FW_Steelhead_by_Month_2010-2021'!Q$2:Q$3810,'FW_Steelhead_by_Month_2010-2021'!$B$2:$B$3810,'Rec_raw_catch_effort_2010-2021'!$B2957,'FW_Steelhead_by_Month_2010-2021'!$H$2:$H$3810,'Rec_raw_catch_effort_2010-2021'!$F2957,'FW_Steelhead_by_Month_2010-2021'!$M$2:$M$3810,'Rec_raw_catch_effort_2010-2021'!$K2957) -> 2.3333333 | R2957: =VLOOKUP(B2957,Readme!$A$62:$C$74,3,)*Q2957 -> 48.83022 | S2957: =IF(B2957<=2019,"Y","N") -> Y | T2957: =IFERROR(P2957/O2957,"NA") -> 8.54 | U2957: =IFERROR(R2957/Q2957,"NA") -> 20.927237
A2958: 2904 | B2958: 2010 | C2958: Freshwater | D2958: 2Freshwater | E2958: Steelhead | F2958: 718 | G2958: Clallam River | H2958: =G2958 -> Clallam River | I2958: =IFERROR(VLOOKUP(H2958,LUTs!$A$1:$C$73,2,FALSE),"NA") -> Clallam | J2958: =IFERROR(VLOOKUP(H2958,LUTs!$A$1:$C$73,3,FALSE),"NA") -> 0Strait of Juan de Fuca | K2958: Pierce | L2958: =VLOOKUP(K2958,LUTs!E$2:G$14,3,) -> 07Pierce | M2958: =VLOOKUP($K2958,LUTs!$E$2:$H$14,2,) -> South Puget Sound | N2958: =VLOOKUP($K2958,LUTs!$E$2:$H$14,4,) -> 02South Puget Sound | O2958: 18.526316 | P2958: 158.21474 | Q2958: =SUMIFS('FW_Steelhead_by_Month_2010-2021'!Q$2:Q$3810,'FW_Steelhead_by_Month_2010-2021'!$B$2:$B$3810,'Rec_raw_catch_effort_2010-2021'!$B2958,'FW_Steelhead_by_Month_2010-2021'!$H$2:$H$3810,'Rec_raw_catch_effort_2010-2021'!$F2958,'FW_Steelhead_by_Month_2010-2021'!$M$2:$M$3810,'Rec_raw_catch_effort_2010-2021'!$K2958) -> 14 | R2958: =VLOOKUP(B2958,Readme!$A$62:$C$74,3,)*Q2958 -> 292.98132 | S2958: =IF(B2958<=2019,"Y","N") -> Y | T2958: =IFERROR(P2958/O2958,"NA") -> 8.54 | U2958: =IFERROR(R2958/Q2958,"NA") -> 20.927237
A2959: 2903 | B2959: 2010 | C2959: Freshwater | D2959: 2Freshwater | E2959: Steelhead | F2959: 718 | G2959: Clallam River | H2959: =G2959 -> Clallam River | I2959: =IFERROR(VLOOKUP(H2959,LUTs!$A$1:$C$73,2,FALSE),"NA") -> Clallam | J2959: =IFERROR(VLOOKUP(H2959,LUTs!$A$1:$C$73,3,FALSE),"NA") -> 0Strait of Juan de Fuca | K2959: Whatcom | L2959: =VLOOKUP(K2959,LUTs!E$2:G$14,3,) -> 01Whatcom | M2959: =VLOOKUP($K2959,LUTs!$E$2:$H$14,2,) -> North Puget Sound | N2959: =VLOOKUP($K2959,LUTs!$E$2:$H$14,4,) -> 01North Puget Sound | O2959: 6.9473684 | P2959: 59.330526 | Q2959: =SUMIFS('FW_Steelhead_by_Month_2010-2021'!Q$2:Q$3810,'FW_Steelhead_by_Month_2010-2021'!$B$2:$B$3810,'Rec_raw_catch_effort_2010-2021'!$B2959,'FW_Steelhead_by_Month_2010-2021'!$H$2:$H$3810,'Rec_raw_catch_effort_2010-2021'!$F2959,'FW_Steelhead_by_Month_2010-2021'!$M$2:$M$3810,'Rec_raw_catch_effort_2010-2021'!$K2959) -> 7 | R2959: =VLOOKUP(B2959,Readme!$A$62:$C$74,3,)*Q2959 -> 146.49066 | S2959: =IF(B2959<=2019,"Y","N") -> Y | T2959: =IFERROR(P2959/O2959,"NA") -> 8.54 | U2959: =IFERROR(R2959/Q2959,"NA") -> 20.927237
A2960: 3027 | B2960: 2011 | C2960: Freshwater | D2960: 2Freshwater | E2960: Steelhead | F2960: 718 | G2960: Clallam River | H2960: =G2960 -> Clallam River | I2960: =IFERROR(VLOOKUP(H2960,LUTs!$A$1:$C$73,2,FALSE),"NA") -> Clallam | J2960: =IFERROR(VLOOKUP(H2960,LUTs!$A$1:$C$73,3,FALSE),"NA") -> 0Strait of Juan de Fuca | K2960: Clallam | L2960: =VLOOKUP(K2960,LUTs!E$2:G$14,3,) -> 11Clallam | M2960: =VLOOKUP($K2960,LUTs!$E$2:$H$14,2,) -> Strait of Juan de Fuca | N2960: =VLOOKUP($K2960,LUTs!$E$2:$H$14,4,) -> 03Strait of Juan de Fuca | O2960: 9 | P2960: 166.95 | Q2960: =SUMIFS('FW_Steelhead_by_Month_2010-2021'!Q$2:Q$3810,'FW_Steelhead_by_Month_2010-2021'!$B$2:$B$3810,'Rec_raw_catch_effort_2010-2021'!$B2960,'FW_Steelhead_by_Month_2010-2021'!$H$2:$H$3810,'Rec_raw_catch_effort_2010-2021'!$F2960,'FW_Steelhead_by_Month_2010-2021'!$M$2:$M$3810,'Rec_raw_catch_effort_2010-2021'!$K2960) -> 13.428571 | R2960: =VLOOKUP(B2960,Readme!$A$62:$C$74,3,)*Q2960 -> 281.0229 | S2960: =IF(B2960<=2019,"Y","N") -> Y | T2960: =IFERROR(P2960/O2960,"NA") -> 18.55 | U2960: =IFERROR(R2960/Q2960,"NA") -> 20.927237
A2961: 3148 | B2961: 2012 | C2961: Freshwater | D2961: 2Freshwater | E2961: Steelhead | F2961: 718 | G2961: Clallam River | H2961: =G2961 -> Clallam River | I2961: =IFERROR(VLOOKUP(H2961,LUTs!$A$1:$C$73,2,FALSE),"NA") -> Clallam | J2961: =IFERROR(VLOOKUP(H2961,LUTs!$A$1:$C$73,3,FALSE),"NA") -> 0Strait of Juan de Fuca | K2961: Clallam | L2961: =VLOOKUP(K2961,LUTs!E$2:G$14,3,) -> 11Clallam | M2961: =VLOOKUP($K2961,LUTs!$E$2:$H$14,2,) -> Strait of Juan de Fuca | N2961: =VLOOKUP($K2961,LUTs!$E$2:$H$14,4,) -> 03Strait of Juan de Fuca | O2961: 16 | P2961: 136.64 | Q2961: =SUMIFS('FW_Steelhead_by_Month_2010-2021'!Q$2:Q$3810,'FW_Steelhead_by_Month_2010-2021'!$B$2:$B$3810,'Rec_raw_catch_effort_2010-2021'!$B2961,'FW_Steelhead_by_Month_2010-2021'!$H$2:$H$3810,'Rec_raw_catch_effort_2010-2021'!$F2961,'FW_Steelhead_by_Month_2010-2021'!$M$2:$M$3810,'Rec_raw_catch_effort_2010-2021'!$K2961) -> 10 | R2961: =VLOOKUP(B2961,Readme!$A$62:$C$74,3,)*Q2961 -> 209.27237 | S2961: =IF(B2961<=2019,"Y","N") -> Y | T2961: =IFERROR(P2961/O2961,"NA") -> 8.54 | U2961: =IFERROR(R2961/Q2961,"NA") -> 20.927237
A2962: 3261 | B2962: 2013 | C2962: Freshwater | D2962: 2Freshwater | E2962: Steelhead | F2962: 718 | G2962: Clallam River | H2962: =G2962 -> Clallam River | I2962: =IFERROR(VLOOKUP(H2962,LUTs!$A$1:$C$73,2,FALSE),"NA") -> Clallam | J2962: =IFERROR(VLOOKUP(H2962,LUTs!$A$1:$C$73,3,FALSE),"NA") -> 0Strait of Juan de Fuca | K2962: Clallam | L2962: =VLOOKUP(K2962,LUTs!E$2:G$14,3,) -> 11Clallam | M2962: =VLOOKUP($K2962,LUTs!$E$2:$H$14,2,) -> Strait of Juan de Fuca | N2962: =VLOOKUP($K2962,LUTs!$E$2:$H$14,4,) -> 03Strait of Juan de Fuca | O2962: 6 | P2962: 111.3 | Q2962: =SUMIFS('FW_Steelhead_by_Month_2010-2021'!Q$2:Q$3810,'FW_Steelhead_by_Month_2010-2021'!$B$2:$B$3810,'Rec_raw_catch_effort_2010-2021'!$B2962,'FW_Steelhead_by_Month_2010-2021'!$H$2:$H$3810,'Rec_raw_catch_effort_2010-2021'!$F2962,'FW_Steelhead_by_Month_2010-2021'!$M$2:$M$3810,'Rec_raw_catch_effort_2010-2021'!$K2962) -> 16 | R2962: =VLOOKUP(B2962,Readme!$A$62:$C$74,3,)*Q2962 -> 334.8358 | S2962: =IF(B2962<=2019,"Y","N") -> Y | T2962: =IFERROR(P2962/O2962,"NA") -> 18.55 | U2962: =IFERROR(R2962/Q2962,"NA") -> 20.927237
A2963: 3354 | B2963: 2014 | C2963: Freshwater | D2963: 2Freshwater | E2963: Steelhead | F2963: 718 | G2963: Clallam River | H2963: =G2963 -> Clallam River | I2963: =IFERROR(VLOOKUP(H2963,LUTs!$A$1:$C$73,2,FALSE),"NA") -> Clallam | J2963: =IFERROR(VLOOKUP(H2963,LUTs!$A$1:$C$73,3,FALSE),"NA") -> 0Strait of Juan de Fuca | K2963: Clallam | L2963: =VLOOKUP(K2963,LUTs!E$2:G$14,3,) -> 11Clallam | M2963: =VLOOKUP($K2963,LUTs!$E$2:$H$14,2,) -> Strait of Juan de Fuca | N2963: =VLOOKUP($K2963,LUTs!$E$2:$H$14,4,) -> 03Strait of Juan de Fuca | O2963: 6 | P2963: 51.24 | Q2963: =SUMIFS('FW_Steelhead_by_Month_2010-2021'!Q$2:Q$3810,'FW_Steelhead_by_Month_2010-2021'!$B$2:$B$3810,'Rec_raw_catch_effort_2010-2021'!$B2963,'FW_Steelhead_by_Month_2010-2021'!$H$2:$H$3810,'Rec_raw_catch_effort_2010-2021'!$F2963,'FW_Steelhead_by_Month_2010-2021'!$M$2:$M$3810,'Rec_raw_catch_effort_2010-2021'!$K2963) -> 9 | R2963: =VLOOKUP(B2963,Readme!$A$62:$C$74,3,)*Q2963 -> 188.34514 | S2963: =IF(B2963<=2019,"Y","N") -> Y | T2963: =IFERROR(P2963/O2963,"NA") -> 8.54 | U2963: =IFERROR(R2963/Q2963,"NA") -> 20.927237
A2964: 3353 | B2964: 2014 | C2964: Freshwater | D2964: 2Freshwater | E2964: Steelhead | F2964: 718 | G2964: Clallam River | H2964: =G2964 -> Clallam River | I2964: =IFERROR(VLOOKUP(H2964,LUTs!$A$1:$C$73,2,FALSE),"NA") -> Clallam | J2964: =IFERROR(VLOOKUP(H2964,LUTs!$A$1:$C$73,3,FALSE),"NA") -> 0Strait of Juan de Fuca | K2964: Whatcom | L2964: =VLOOKUP(K2964,LUTs!E$2:G$14,3,) -> 01Whatcom | M2964: =VLOOKUP($K2964,LUTs!$E$2:$H$14,2,) -> North Puget Sound | N2964: =VLOOKUP($K2964,LUTs!$E$2:$H$14,4,) -> 01North Puget Sound | O2964: 12 | P2964: 102.48 | Q2964: =SUMIFS('FW_Steelhead_by_Month_2010-2021'!Q$2:Q$3810,'FW_Steelhead_by_Month_2010-2021'!$B$2:$B$3810,'Rec_raw_catch_effort_2010-2021'!$B2964,'FW_Steelhead_by_Month_2010-2021'!$H$2:$H$3810,'Rec_raw_catch_effort_2010-2021'!$F2964,'FW_Steelhead_by_Month_2010-2021'!$M$2:$M$3810,'Rec_raw_catch_effort_2010-2021'!$K2964) -> 6 | R2964: =VLOOKUP(B2964,Readme!$A$62:$C$74,3,)*Q2964 -> 125.56342 | S2964: =IF(B2964<=2019,"Y","N") -> Y | T2964: =IFERROR(P2964/O2964,"NA") -> 8.54 | U2964: =IFERROR(R2964/Q2964,"NA") -> 20.927237
A2965: 3449 | B2965: 2015 | C2965: Freshwater | D2965: 2Freshwater | E2965: Steelhead | F2965: 718 | G2965: Clallam River | H2965: =G2965 -> Clallam River | I2965: =IFERROR(VLOOKUP(H2965,LUTs!$A$1:$C$73,2,FALSE),"NA") -> Clallam | J2965: =IFERROR(VLOOKUP(H2965,LUTs!$A$1:$C$73,3,FALSE),"NA") -> 0Strait of Juan de Fuca | K2965: King | L2965: =VLOOKUP(K2965,LUTs!E$2:G$14,3,) -> 06King | M2965: =VLOOKUP($K2965,LUTs!$E$2:$H$14,2,) -> South Puget Sound | N2965: =VLOOKUP($K2965,LUTs!$E$2:$H$14,4,) -> 02South Puget Sound | O2965: 16 | P2965: 296.8 | Q2965: =SUMIFS('FW_Steelhead_by_Month_2010-2021'!Q$2:Q$3810,'FW_Steelhead_by_Month_2010-2021'!$B$2:$B$3810,'Rec_raw_catch_effort_2010-2021'!$B2965,'FW_Steelhead_by_Month_2010-2021'!$H$2:$H$3810,'Rec_raw_catch_effort_2010-2021'!$F2965,'FW_Steelhead_by_Month_2010-2021'!$M$2:$M$3810,'Rec_raw_catch_effort_2010-2021'!$K2965) -> 0 | R2965: =VLOOKUP(B2965,Readme!$A$62:$C$74,3,)*Q2965 -> 0 | S2965: =IF(B2965<=2019,"Y","N") -> Y | T2965: =IFERROR(P2965/O2965,"NA") -> 18.55 | U2965: =IFERROR(R2965/Q2965,"NA") -> NA
...

Sheet Pivot
A1: Species | B1: Salmon
A2: Year | B2: (Multiple Items) | C2: 2010-2019 | N2: Species | O2: Salmon
N3: Water_Type2 | O3: 1Marine
C4: Sum of Trips
A5: 0Strait of Juan de Fuca | B5: 01Whatcom | C5: 5453.5974 | O5: Year | P5: Values
B6: 02Skagit | C6: 9738.7007 | O6: 2010 | Q6: 2011 | S6: 2012 | U6: 2013 | W6: 2014 | Y6: 2015 | AA6: 2016 | AC6: 2017 | AE6: 2018 | AG6: 2019 | AI6: 2020 | AK6: 2021 | AM6: Total Sum of Catch | AN6: Total Sum of Trips
B7: 03Snohomish | C7: 30947.453 | N7: Subregion_CatchArea | O7: Sum of Catch | P7: Sum of Trips | Q7: Sum of Catch | R7: Sum of Trips | S7: Sum of Catch | T7: Sum of Trips | U7: Sum of Catch | V7: Sum of Trips | W7: Sum of Catch | X7: Sum of Trips | Y7: Sum of Catch | Z7: Sum of Trips | AA7: Sum of Catch | AB7: Sum of Trips | AC7: Sum of Catch | AD7: Sum of Trips | AE7: Sum of Catch | AF7: Sum of Trips | AG7: Sum of Catch | AH7: Sum of Trips | AI7: Sum of Catch | AJ7: Sum of Trips | AK7: Sum of Catch | AL7: Sum of Trips
B8: 04Island | C8: 16476.72 | N8: 0Strait of Juan de Fuca | O8: 22553 | P8: 50995.45 | Q8: 82260.468 | R8: 79163.167 | S8: 89890 | T8: 90080.17 | U8: 92379 | V8: 77823.97 | W8: 74613 | X8: 95012.42 | Y8: 116699 | Z8: 92065.73 | AA8: 11541 | AB8: 35457.68 | AC8: 19170 | AD8: 31715.603 | AE8: 43043 | AF8: 48517.802 | AG8: 36621 | AH8: 45396.21 | AI8: 49675 | AJ8: 54297.077 | AK8: 52650 | AL8: 60885.308 | AM8: 691094.47 | AN8: 761410.59
B9: 05San Juan | C9: 432.45754 | N9: 1North Puget Sound | O9: 4543 | P9: 33960.66 | Q9: 19304.927 | R9: 41446.764 | S9: 9228 | T9: 40414.85 | U9: 26506 | V9: 46149.72 | W9: 11221 | X9: 55828.4 | Y9: 40107 | Z9: 47238.63 | AA9: 6205 | AB9: 30663.02 | AC9: 13055 | AD9: 36195.094 | AE9: 13867 | AF9: 32271.992 | AG9: 11916 | AH9: 26541.473 | AI9: 12528 | AJ9: 25558.924 | AK9: 4614 | AL9: 9337.4702 | AM9: 173094.93 | AN9: 425607
B10: 06King | C10: 77403.288 | N10: 2Central Puget Sound | O10: 8980 | P10: 92794.59 | Q10: 72547.709 | R10: 133169.36 | S10: 70113 | T10: 150800.45 | U10: 122034 | V10: 177990.34 | W10: 49915 | X10: 167202.9 | Y10: 166130 | Z10: 254771.71 | AA10: 7413.8655 | AB10: 51830.79 | AC10: 16299 | AD10: 40854.333 | AE10: 29210 | AF10: 60118.257 | AG10: 46505 | AH10: 62858.103 | AI10: 11121 | AJ10: 52458.569 | AK10: 67743 | AL10: 74127.315 | AM10: 668011.57 | AN10: 1318976.7
B11: 07Pierce | C11: 80941.284 | N11: 3South Puget Sound | O11: 12195 | P11: 126383.1 | Q11: 49805.644 | R11: 137657.36 | S11: 40232 | T11: 138671.14 | U11: 49839 | V11: 156072.49 | W11: 20589 | X11: 117416.65 | Y11: 46437 | Z11: 113207.92 | AA11: 6498.9511 | AB11: 49480.46 | AC11: 40048 | AD11: 81182.608 | AE11: 49605 | AF11: 85568.76 | AG11: 51815 | AH11: 77819.636 | AI11: 41146 | AJ11: 93454.229 | AK11: 51680 | AL11: 104994.95 | AM11: 459890.6 | AN11: 1281909.3
B12: 08Thurston | C12: 23924.173 | N12: 4 Hood Canal | O12: 2415 | P12: 11298.4 | Q12: 5738 | R12: 32678.42 | S12: 6855 | T12: 27302.49 | U12: 5546 | V12: 23129.53 | W12: 3544 | X12: 16512.58 | Y12: 4331 | Z12: 28618.93 | AA12: 9675 | AB12: 26056.65 | AC12: 11397 | AD12: 6895.6172 | AE12: 8228 | AF12: 6959.2496 | AG12: 3626 | AH12: 3338.4856 | AI12: 4519 | AJ12: 4003.1902 | AK12: 8236 | AL12: 4022.7698 | AM12: 74110 | AN12: 190816.31
B13: 09Mason | C13: 15994.196 | N13: Grand Total | O13: 50686 | P13: 315432.2 | Q13: 229656.75 | R13: 424115.07 | S13: 216318 | T13: 447269.1 | U13: 296304 | V13: 481166.05 | W13: 159882 | X13: 451972.95 | Y13: 373704 | Z13: 535902.92 | AA13: 41333.817 | AB13: 193488.6 | AC13: 99969 | AD13: 196843.26 | AE13: 143953 | AF13: 233436.06 | AG13: 150483 | AH13: 215953.91 | AI13: 118989 | AJ13: 229771.99 | AK13: 184923 | AL13: 253367.81 | AM13: 2066201.6 | AN13: 3978719.9
B14: 10Kitsap | C14: 52205.264
B15: 11Clallam | C15: 232181.6
B16: 12Jefferson | C16: 18336.067
B17: 20Other | C17: 124916.68
A18: 0Strait of Juan de Fuca Total | C18: 688951.47
A19: 1North Puget Sound | B19: 01Whatcom | C19: 415694.79
B20: 02Skagit | C20: 345680.31
B21: 03Snohomish | C21: 393920.77
B22: 04Island | C22: 75332.675
B23: 05San Juan | C23: 49371.049
B24: 06King | C24: 144533.92
B25: 07Pierce | C25: 19890.083
B26: 08Thurston | C26: 6426.5206
B27: 09Mason | C27: 1267.0898
B28: 10Kitsap | C28: 2958.4388
B29: 11Clallam | C29: 5105.7361
B30: 12Jefferson | C30: 769.55694
B31: 20Other | C31: 105485.87
A32: 1North Puget Sound Total | C32: 1566436.8
A33: 2Central Puget Sound | B33: 01Whatcom | C33: 153635.66
B34: 02Skagit | C34: 529350.16
B35: 03Snohomish | C35: 1327669.8
B36: 04Island | C36: 264974.81
B37: 05San Juan | C37: 929.7414
B38: 06King | C38: 457217.87
B39: 07Pierce | C39: 36612.096
B40: 08Thurston | C40: 12024.317
B41: 09Mason | C41: 5440.4235
B42: 10Kitsap | C42: 83801.629
B43: 11Clallam | C43: 6820.0586
B44: 12Jefferson | C44: 46766.98
B45: 20Other | C45: 223307.3
A46: 2Central Puget Sound Total | C46: 3148550.9
A47: 3South Puget Sound | B47: 01Whatcom | C47: 4577.1857
B48: 02Skagit | C48: 4718.6098
B49: 03Snohomish | C49: 134651.7
B50: 04Island | C50: 5298.0916
B51: 05San Juan | C51: 539.49257
B52: 06King | C52: 1633966.2
B53: 07Pierce | C53: 1764477.8
B54: 08Thurston | C54: 369655.92
B55: 09Mason | C55: 45623.489
B56: 10Kitsap | C56: 149490.75
B57: 11Clallam | C57: 2735.3862
B58: 12Jefferson | C58: 2298.2892
B59: 20Other | C59: 231225.86
A60: 3South Puget Sound Total | C60: 4349258.7
A61: 4 Hood Canal | B61: 01Whatcom | C61: 733.31264
B62: 02Skagit | C62: 950.74337
B63: 03Snohomish | C63: 17896.879
B64: 04Island | C64: 2013.7355
B65: 05San Juan | C65: 65.010157
B66: 06King | C66: 115669.37
B67: 07Pierce | C67: 123935.83
B68: 08Thurston | C68: 81725.199
B69: 09Mason | C69: 74356.749
B70: 10Kitsap | C70: 89998.599
B71: 11Clallam | C71: 32484.9
B72: 12Jefferson | C72: 51887.084
B73: 20Other | C73: 55804.882
A74: 4 Hood Canal Total | C74: 647522.29
A75: Grand Total | C75: 10400720

Sheet Data_For_Appx_Table_C-4
A1: Data for Appx Table C-4 Corrected and Updated 05-15-2024
A3: Year: | B3: 2010-2019 | C3: Y | D3: Y | E3: Y | F3: Y
A4: Waters: | B4: Combined Marine and FW | C4: Salmon | D4: Salmon | E4: Steelhead | F4: Steelhead
A5: Subregion_CatchArea | B5: County_N-S_Order | C5: Total Trips2 | D5: Total Catch2 | E5: Total Trips2 | F5: Total Catch2
A6: 0Strait of Juan de Fuca | B6: 01Whatcom | C6: =SUMIFS('Rec_raw_catch_effort_2010-2021'!$R:$R,'Rec_raw_catch_effort_2010-2021'!$J:$J,'Data_For_Appx_Table_C-4'!$A6,'Rec_raw_catch_effort_2010-2021'!$L:$L,'Data_For_Appx_Table_C-4'!$B6,'Rec_raw_catch_effort_2010-2021'!$E:$E,'Data_For_Appx_Table_C-4'!$C$4,'Rec_raw_catch_effort_2010-2021'!$S:$S,'Data_For_Appx_Table_C-4'!C$3) -> 5453.5974 | D6: =SUMIFS('Rec_raw_catch_effort_2010-2021'!$Q:$Q,'Rec_raw_catch_effort_2010-2021'!$J:$J,'Data_For_Appx_Table_C-4'!$A6,'Rec_raw_catch_effort_2010-2021'!$L:$L,'Data_For_Appx_Table_C-4'!$B6,'Rec_raw_catch_effort_2010-2021'!$E:$E,'Data_For_Appx_Table_C-4'!$D$4,'Rec_raw_catch_effort_2010-2021'!$S:$S,'Data_For_Appx_Table_C-4'!D$3) -> 5028.4699 | E6: =SUMIFS('Rec_raw_catch_effort_2010-2021'!$R:$R,'Rec_raw_catch_effort_2010-2021'!$J:$J,'Data_For_Appx_Table_C-4'!$A6,'Rec_raw_catch_effort_2010-2021'!$L:$L,'Data_For_Appx_Table_C-4'!$B6,'Rec_raw_catch_effort_2010-2021'!$E:$E,'Data_For_Appx_Table_C-4'!$E$4,'Rec_raw_catch_effort_2010-2021'!$S:$S,'Data_For_Appx_Table_C-4'!E$3) -> 472.95556 | F6: =SUMIFS('Rec_raw_catch_effort_2010-2021'!$Q:$Q,'Rec_raw_catch_effort_2010-2021'!$J:$J,'Data_For_Appx_Table_C-4'!$A6,'Rec_raw_catch_effort_2010-2021'!$L:$L,'Data_For_Appx_Table_C-4'!$B6,'Rec_raw_catch_effort_2010-2021'!$E:$E,'Data_For_Appx_Table_C-4'!$F$4,'Rec_raw_catch_effort_2010-2021'!$S:$S,'Data_For_Appx_Table_C-4'!F$3) -> 22.6
A7: 0Strait of Juan de Fuca | B7: 02Skagit | C7: =SUMIFS('Rec_raw_catch_effort_2010-2021'!$R:$R,'Rec_raw_catch_effort_2010-2021'!$J:$J,'Data_For_Appx_Table_C-4'!$A7,'Rec_raw_catch_effort_2010-2021'!$L:$L,'Data_For_Appx_Table_C-4'!$B7,'Rec_raw_catch_effort_2010-2021'!$E:$E,'Data_For_Appx_Table_C-4'!$C$4,'Rec_raw_catch_effort_2010-2021'!$S:$S,'Data_For_Appx_Table_C-4'!C$3) -> 9743.7708 | D7: =SUMIFS('Rec_raw_catch_effort_2010-2021'!$Q:$Q,'Rec_raw_catch_effort_2010-2021'!$J:$J,'Data_For_Appx_Table_C-4'!$A7,'Rec_raw_catch_effort_2010-2021'!$L:$L,'Data_For_Appx_Table_C-4'!$B7,'Rec_raw_catch_effort_2010-2021'!$E:$E,'Data_For_Appx_Table_C-4'!$D$4,'Rec_raw_catch_effort_2010-2021'!$S:$S,'Data_For_Appx_Table_C-4'!D$3) -> 8667.2485 | E7: =SUMIFS('Rec_raw_catch_effort_2010-2021'!$R:$R,'Rec_raw_catch_effort_2010-2021'!$J:$J,'Data_For_Appx_Table_C-4'!$A7,'Rec_raw_catch_effort_2010-2021'!$L:$L,'Data_For_Appx_Table_C-4'!$B7,'Rec_raw_catch_effort_2010-2021'!$E:$E,'Data_For_Appx_Table_C-4'!$E$4,'Rec_raw_catch_effort_2010-2021'!$S:$S,'Data_For_Appx_Table_C-4'!E$3) -> 305.76376 | F7: =SUMIFS('Rec_raw_catch_effort_2010-2021'!$Q:$Q,'Rec_raw_catch_effort_2010-2021'!$J:$J,'Data_For_Appx_Table_C-4'!$A7,'Rec_raw_catch_effort_2010-2021'!$L:$L,'Data_For_Appx_Table_C-4'!$B7,'Rec_raw_catch_effort_2010-2021'!$E:$E,'Data_For_Appx_Table_C-4'!$F$4,'Rec_raw_catch_effort_2010-2021'!$S:$S,'Data_For_Appx_Table_C-4'!F$3) -> 14.610804
A8: 0Strait of Juan de Fuca | B8: 03Snohomish | C8: =SUMIFS('Rec_raw_catch_effort_2010-2021'!$R:$R,'Rec_raw_catch_effort_2010-2021'!$J:$J,'Data_For_Appx_Table_C-4'!$A8,'Rec_raw_catch_effort_2010-2021'!$L:$L,'Data_For_Appx_Table_C-4'!$B8,'Rec_raw_catch_effort_2010-2021'!$E:$E,'Data_For_Appx_Table_C-4'!$C$4,'Rec_raw_catch_effort_2010-2021'!$S:$S,'Data_For_Appx_Table_C-4'!C$3) -> 30804.992 | D8: =SUMIFS('Rec_raw_catch_effort_2010-2021'!$Q:$Q,'Rec_raw_catch_effort_2010-2021'!$J:$J,'Data_For_Appx_Table_C-4'!$A8,'Rec_raw_catch_effort_2010-2021'!$L:$L,'Data_For_Appx_Table_C-4'!$B8,'Rec_raw_catch_effort_2010-2021'!$E:$E,'Data_For_Appx_Table_C-4'!$D$4,'Rec_raw_catch_effort_2010-2021'!$S:$S,'Data_For_Appx_Table_C-4'!D$3) -> 28867.703 | E8: =SUMIFS('Rec_raw_catch_effort_2010-2021'!$R:$R,'Rec_raw_catch_effort_2010-2021'!$J:$J,'Data_For_Appx_Table_C-4'!$A8,'Rec_raw_catch_effort_2010-2021'!$L:$L,'Data_For_Appx_Table_C-4'!$B8,'Rec_raw_catch_effort_2010-2021'!$E:$E,'Data_For_Appx_Table_C-4'!$E$4,'Rec_raw_catch_effort_2010-2021'!$S:$S,'Data_For_Appx_Table_C-4'!E$3) -> 733.01471 | F8: =SUMIFS('Rec_raw_catch_effort_2010-2021'!$Q:$Q,'Rec_raw_catch_effort_2010-2021'!$J:$J,'Data_For_Appx_Table_C-4'!$A8,'Rec_raw_catch_effort_2010-2021'!$L:$L,'Data_For_Appx_Table_C-4'!$B8,'Rec_raw_catch_effort_2010-2021'!$E:$E,'Data_For_Appx_Table_C-4'!$F$4,'Rec_raw_catch_effort_2010-2021'!$S:$S,'Data_For_Appx_Table_C-4'!F$3) -> 35.026826
A9: 0Strait of Juan de Fuca | B9: 04Island | C9: =SUMIFS('Rec_raw_catch_effort_2010-2021'!$R:$R,'Rec_raw_catch_effort_2010-2021'!$J:$J,'Data_For_Appx_Table_C-4'!$A9,'Rec_raw_catch_effort_2010-2021'!$L:$L,'Data_For_Appx_Table_C-4'!$B9,'Rec_raw_catch_effort_2010-2021'!$E:$E,'Data_For_Appx_Table_C-4'!$C$4,'Rec_raw_catch_effort_2010-2021'!$S:$S,'Data_For_Appx_Table_C-4'!C$3) -> 16476.72 | D9: =SUMIFS('Rec_raw_catch_effort_2010-2021'!$Q:$Q,'Rec_raw_catch_effort_2010-2021'!$J:$J,'Data_For_Appx_Table_C-4'!$A9,'Rec_raw_catch_effort_2010-2021'!$L:$L,'Data_For_Appx_Table_C-4'!$B9,'Rec_raw_catch_effort_2010-2021'!$E:$E,'Data_For_Appx_Table_C-4'!$D$4,'Rec_raw_catch_effort_2010-2021'!$S:$S,'Data_For_Appx_Table_C-4'!D$3) -> 15469.594 | E9: =SUMIFS('Rec_raw_catch_effort_2010-2021'!$R:$R,'Rec_raw_catch_effort_2010-2021'!$J:$J,'Data_For_Appx_Table_C-4'!$A9,'Rec_raw_catch_effort_2010-2021'!$L:$L,'Data_For_Appx_Table_C-4'!$B9,'Rec_raw_catch_effort_2010-2021'!$E:$E,'Data_For_Appx_Table_C-4'!$E$4,'Rec_raw_catch_effort_2010-2021'!$S:$S,'Data_For_Appx_Table_C-4'!E$3) -> 1300.0457 | F9: =SUMIFS('Rec_raw_catch_effort_2010-2021'!$Q:$Q,'Rec_raw_catch_effort_2010-2021'!$J:$J,'Data_For_Appx_Table_C-4'!$A9,'Rec_raw_catch_effort_2010-2021'!$L:$L,'Data_For_Appx_Table_C-4'!$B9,'Rec_raw_catch_effort_2010-2021'!$E:$E,'Data_For_Appx_Table_C-4'!$F$4,'Rec_raw_catch_effort_2010-2021'!$S:$S,'Data_For_Appx_Table_C-4'!F$3) -> 62.122184
A10: 0Strait of Juan de Fuca | B10: 05San Juan | C10: =SUMIFS('Rec_raw_catch_effort_2010-2021'!$R:$R,'Rec_raw_catch_effort_2010-2021'!$J:$J,'Data_For_Appx_Table_C-4'!$A10,'Rec_raw_catch_effort_2010-2021'!$L:$L,'Data_For_Appx_Table_C-4'!$B10,'Rec_raw_catch_effort_2010-2021'!$E:$E,'Data_For_Appx_Table_C-4'!$C$4,'Rec_raw_catch_effort_2010-2021'!$S:$S,'Data_For_Appx_Table_C-4'!C$3) -> 432.45754 | D10: =SUMIFS('Rec_raw_catch_effort_2010-2021'!$Q:$Q,'Rec_raw_catch_effort_2010-2021'!$J:$J,'Data_For_Appx_Table_C-4'!$A10,'Rec_raw_catch_effort_2010-2021'!$L:$L,'Data_For_Appx_Table_C-4'!$B10,'Rec_raw_catch_effort_2010-2021'!$E:$E,'Data_For_Appx_Table_C-4'!$D$4,'Rec_raw_catch_effort_2010-2021'!$S:$S,'Data_For_Appx_Table_C-4'!D$3) -> 374.12183 | E10: =SUMIFS('Rec_raw_catch_effort_2010-2021'!$R:$R,'Rec_raw_catch_effort_2010-2021'!$J:$J,'Data_For_Appx_Table_C-4'!$A10,'Rec_raw_catch_effort_2010-2021'!$L:$L,'Data_For_Appx_Table_C-4'!$B10,'Rec_raw_catch_effort_2010-2021'!$E:$E,'Data_For_Appx_Table_C-4'!$E$4,'Rec_raw_catch_effort_2010-2021'!$S:$S,'Data_For_Appx_Table_C-4'!E$3) -> 0 | F10: =SUMIFS('Rec_raw_catch_effort_2010-2021'!$Q:$Q,'Rec_raw_catch_effort_2010-2021'!$J:$J,'Data_For_Appx_Table_C-4'!$A10,'Rec_raw_catch_effort_2010-2021'!$L:$L,'Data_For_Appx_Table_C-4'!$B10,'Rec_raw_catch_effort_2010-2021'!$E:$E,'Data_For_Appx_Table_C-4'!$F$4,'Rec_raw_catch_effort_2010-2021'!$S:$S,'Data_For_Appx_Table_C-4'!F$3) -> 0
A11: 0Strait of Juan de Fuca | B11: 06King | C11: =SUMIFS('Rec_raw_catch_effort_2010-2021'!$R:$R,'Rec_raw_catch_effort_2010-2021'!$J:$J,'Data_For_Appx_Table_C-4'!$A11,'Rec_raw_catch_effort_2010-2021'!$L:$L,'Data_For_Appx_Table_C-4'!$B11,'Rec_raw_catch_effort_2010-2021'!$E:$E,'Data_For_Appx_Table_C-4'!$C$4,'Rec_raw_catch_effort_2010-2021'!$S:$S,'Data_For_Appx_Table_C-4'!C$3) -> 77361.237 | D11: =SUMIFS('Rec_raw_catch_effort_2010-2021'!$Q:$Q,'Rec_raw_catch_effort_2010-2021'!$J:$J,'Data_For_Appx_Table_C-4'!$A11,'Rec_raw_catch_effort_2010-2021'!$L:$L,'Data_For_Appx_Table_C-4'!$B11,'Rec_raw_catch_effort_2010-2021'!$E:$E,'Data_For_Appx_Table_C-4'!$D$4,'Rec_raw_catch_effort_2010-2021'!$S:$S,'Data_For_Appx_Table_C-4'!D$3) -> 74833.851 | E11: =SUMIFS('Rec_raw_catch_effort_2010-2021'!$R:$R,'Rec_raw_catch_effort_2010-2021'!$J:$J,'Data_For_Appx_Table_C-4'!$A11,'Rec_raw_catch_effort_2010-2021'!$L:$L,'Data_For_Appx_Table_C-4'!$B11,'Rec_raw_catch_effort_2010-2021'!$E:$E,'Data_For_Appx_Table_C-4'!$E$4,'Rec_raw_catch_effort_2010-2021'!$S:$S,'Data_For_Appx_Table_C-4'!E$3) -> 2273.6447 | F11: =SUMIFS('Rec_raw_catch_effort_2010-2021'!$Q:$Q,'Rec_raw_catch_effort_2010-2021'!$J:$J,'Data_For_Appx_Table_C-4'!$A11,'Rec_raw_catch_effort_2010-2021'!$L:$L,'Data_For_Appx_Table_C-4'!$B11,'Rec_raw_catch_effort_2010-2021'!$E:$E,'Data_For_Appx_Table_C-4'!$F$4,'Rec_raw_catch_effort_2010-2021'!$S:$S,'Data_For_Appx_Table_C-4'!F$3) -> 108.64524
A12: 0Strait of Juan de Fuca | B12: 07Pierce | C12: =SUMIFS('Rec_raw_catch_effort_2010-2021'!$R:$R,'Rec_raw_catch_effort_2010-2021'!$J:$J,'Data_For_Appx_Table_C-4'!$A12,'Rec_raw_catch_effort_2010-2021'!$L:$L,'Data_For_Appx_Table_C-4'!$B12,'Rec_raw_catch_effort_2010-2021'!$E:$E,'Data_For_Appx_Table_C-4'!$C$4,'Rec_raw_catch_effort_2010-2021'!$S:$S,'Data_For_Appx_Table_C-4'!C$3) -> 80761.96 | D12: =SUMIFS('Rec_raw_catch_effort_2010-2021'!$Q:$Q,'Rec_raw_catch_effort_2010-2021'!$J:$J,'Data_For_Appx_Table_C-4'!$A12,'Rec_raw_catch_effort_2010-2021'!$L:$L,'Data_For_Appx_Table_C-4'!$B12,'Rec_raw_catch_effort_2010-2021'!$E:$E,'Data_For_Appx_Table_C-4'!$D$4,'Rec_raw_catch_effort_2010-2021'!$S:$S,'Data_For_Appx_Table_C-4'!D$3) -> 77043.788 | E12: =SUMIFS('Rec_raw_catch_effort_2010-2021'!$R:$R,'Rec_raw_catch_effort_2010-2021'!$J:$J,'Data_For_Appx_Table_C-4'!$A12,'Rec_raw_catch_effort_2010-2021'!$L:$L,'Data_For_Appx_Table_C-4'!$B12,'Rec_raw_catch_effort_2010-2021'!$E:$E,'Data_For_Appx_Table_C-4'!$E$4,'Rec_raw_catch_effort_2010-2021'!$S:$S,'Data_For_Appx_Table_C-4'!E$3) -> 4144.2759 | F12: =SUMIFS('Rec_raw_catch_effort_2010-2021'!$Q:$Q,'Rec_raw_catch_effort_2010-2021'!$J:$J,'Data_For_Appx_Table_C-4'!$A12,'Rec_raw_catch_effort_2010-2021'!$L:$L,'Data_For_Appx_Table_C-4'!$B12,'Rec_raw_catch_effort_2010-2021'!$E:$E,'Data_For_Appx_Table_C-4'!$F$4,'Rec_raw_catch_effort_2010-2021'!$S:$S,'Data_For_Appx_Table_C-4'!F$3) -> 198.03263
A13: 0Strait of Juan de Fuca | B13: 08Thurston | C13: =SUMIFS('Rec_raw_catch_effort_2010-2021'!$R:$R,'Rec_raw_catch_effort_2010-2021'!$J:$J,'Data_For_Appx_Table_C-4'!$A13,'Rec_raw_catch_effort_2010-2021'!$L:$L,'Data_For_Appx_Table_C-4'!$B13,'Rec_raw_catch_effort_2010-2021'!$E:$E,'Data_For_Appx_Table_C-4'!$C$4,'Rec_raw_catch_effort_2010-2021'!$S:$S,'Data_For_Appx_Table_C-4'!C$3) -> 23846.07 | D13: =SUMIFS('Rec_raw_catch_effort_2010-2021'!$Q:$Q,'Rec_raw_catch_effort_2010-2021'!$J:$J,'Data_For_Appx_Table_C-4'!$A13,'Rec_raw_catch_effort_2010-2021'!$L:$L,'Data_For_Appx_Table_C-4'!$B13,'Rec_raw_catch_effort_2010-2021'!$E:$E,'Data_For_Appx_Table_C-4'!$D$4,'Rec_raw_catch_effort_2010-2021'!$S:$S,'Data_For_Appx_Table_C-4'!D$3) -> 23277.759 | E13: =SUMIFS('Rec_raw_catch_effort_2010-2021'!$R:$R,'Rec_raw_catch_effort_2010-2021'!$J:$J,'Data_For_Appx_Table_C-4'!$A13,'Rec_raw_catch_effort_2010-2021'!$L:$L,'Data_For_Appx_Table_C-4'!$B13,'Rec_raw_catch_effort_2010-2021'!$E:$E,'Data_For_Appx_Table_C-4'!$E$4,'Rec_raw_catch_effort_2010-2021'!$S:$S,'Data_For_Appx_Table_C-4'!E$3) -> 256.31527 | F13: =SUMIFS('Rec_raw_catch_effort_2010-2021'!$Q:$Q,'Rec_raw_catch_effort_2010-2021'!$J:$J,'Data_For_Appx_Table_C-4'!$A13,'Rec_raw_catch_effort_2010-2021'!$L:$L,'Data_For_Appx_Table_C-4'!$B13,'Rec_raw_catch_effort_2010-2021'!$E:$E,'Data_For_Appx_Table_C-4'!$F$4,'Rec_raw_catch_effort_2010-2021'!$S:$S,'Data_For_Appx_Table_C-4'!F$3) -> 12.247927
A14: 0Strait of Juan de Fuca | B14: 09Mason | C14: =SUMIFS('Rec_raw_catch_effort_2010-2021'!$R:$R,'Rec_raw_catch_effort_2010-2021'!$J:$J,'Data_For_Appx_Table_C-4'!$A14,'Rec_raw_catch_effort_2010-2021'!$L:$L,'Data_For_Appx_Table_C-4'!$B14,'Rec_raw_catch_effort_2010-2021'!$E:$E,'Data_For_Appx_Table_C-4'!$C$4,'Rec_raw_catch_effort_2010-2021'!$S:$S,'Data_For_Appx_Table_C-4'!C$3) -> 15922.198 | D14: =SUMIFS('Rec_raw_catch_effort_2010-2021'!$Q:$Q,'Rec_raw_catch_effort_2010-2021'!$J:$J,'Data_For_Appx_Table_C-4'!$A14,'Rec_raw_catch_effort_2010-2021'!$L:$L,'Data_For_Appx_Table_C-4'!$B14,'Rec_raw_catch_effort_2010-2021'!$E:$E,'Data_For_Appx_Table_C-4'!$D$4,'Rec_raw_catch_effort_2010-2021'!$S:$S,'Data_For_Appx_Table_C-4'!D$3) -> 16352.972 | E14: =SUMIFS('Rec_raw_catch_effort_2010-2021'!$R:$R,'Rec_raw_catch_effort_2010-2021'!$J:$J,'Data_For_Appx_Table_C-4'!$A14,'Rec_raw_catch_effort_2010-2021'!$L:$L,'Data_For_Appx_Table_C-4'!$B14,'Rec_raw_catch_effort_2010-2021'!$E:$E,'Data_For_Appx_Table_C-4'!$E$4,'Rec_raw_catch_effort_2010-2021'!$S:$S,'Data_For_Appx_Table_C-4'!E$3) -> 564.19832 | F14: =SUMIFS('Rec_raw_catch_effort_2010-2021'!$Q:$Q,'Rec_raw_catch_effort_2010-2021'!$J:$J,'Data_For_Appx_Table_C-4'!$A14,'Rec_raw_catch_effort_2010-2021'!$L:$L,'Data_For_Appx_Table_C-4'!$B14,'Rec_raw_catch_effort_2010-2021'!$E:$E,'Data_For_Appx_Table_C-4'!$F$4,'Rec_raw_catch_effort_2010-2021'!$S:$S,'Data_For_Appx_Table_C-4'!F$3) -> 26.96
A15: 0Strait of Juan de Fuca | B15: 10Kitsap | C15: =SUMIFS('Rec_raw_catch_effort_2010-2021'!$R:$R,'Rec_raw_catch_effort_2010-2021'!$J:$J,'Data_For_Appx_Table_C-4'!$A15,'Rec_raw_catch_effort_2010-2021'!$L:$L,'Data_For_Appx_Table_C-4'!$B15,'Rec_raw_catch_effort_2010-2021'!$E:$E,'Data_For_Appx_Table_C-4'!$C$4,'Rec_raw_catch_effort_2010-2021'!$S:$S,'Data_For_Appx_Table_C-4'!C$3) -> 51420.962 | D15: =SUMIFS('Rec_raw_catch_effort_2010-2021'!$Q:$Q,'Rec_raw_catch_effort_2010-2021'!$J:$J,'Data_For_Appx_Table_C-4'!$A15,'Rec_raw_catch_effort_2010-2021'!$L:$L,'Data_For_Appx_Table_C-4'!$B15,'Rec_raw_catch_effort_2010-2021'!$E:$E,'Data_For_Appx_Table_C-4'!$D$4,'Rec_raw_catch_effort_2010-2021'!$S:$S,'Data_For_Appx_Table_C-4'!D$3) -> 47788.703 | E15: =SUMIFS('Rec_raw_catch_effort_2010-2021'!$R:$R,'Rec_raw_catch_effort_2010-2021'!$J:$J,'Data_For_Appx_Table_C-4'!$A15,'Rec_raw_catch_effort_2010-2021'!$L:$L,'Data_For_Appx_Table_C-4'!$B15,'Rec_raw_catch_effort_2010-2021'!$E:$E,'Data_For_Appx_Table_C-4'!$E$4,'Rec_raw_catch_effort_2010-2021'!$S:$S,'Data_For_Appx_Table_C-4'!E$3) -> 874.21776 | F15: =SUMIFS('Rec_raw_catch_effort_2010-2021'!$Q:$Q,'Rec_raw_catch_effort_2010-2021'!$J:$J,'Data_For_Appx_Table_C-4'!$A15,'Rec_raw_catch_effort_2010-2021'!$L:$L,'Data_For_Appx_Table_C-4'!$B15,'Rec_raw_catch_effort_2010-2021'!$E:$E,'Data_For_Appx_Table_C-4'!$F$4,'Rec_raw_catch_effort_2010-2021'!$S:$S,'Data_For_Appx_Table_C-4'!F$3) -> 41.77416
A16: 0Strait of Juan de Fuca | B16: 11Clallam | C16: =SUMIFS('Rec_raw_catch_effort_2010-2021'!$R:$R,'Rec_raw_catch_effort_2010-2021'!$J:$J,'Data_For_Appx_Table_C-4'!$A16,'Rec_raw_catch_effort_2010-2021'!$L:$L,'Data_For_Appx_Table_C-4'!$B16,'Rec_raw_catch_effort_2010-2021'!$E:$E,'Data_For_Appx_Table_C-4'!$C$4,'Rec_raw_catch_effort_2010-2021'!$S:$S,'Data_For_Appx_Table_C-4'!C$3) -> 224198.39 | D16: =SUMIFS('Rec_raw_catch_effort_2010-2021'!$Q:$Q,'Rec_raw_catch_effort_2010-2021'!$J:$J,'Data_For_Appx_Table_C-4'!$A16,'Rec_raw_catch_effort_2010-2021'!$L:$L,'Data_For_Appx_Table_C-4'!$B16,'Rec_raw_catch_effort_2010-2021'!$E:$E,'Data_For_Appx_Table_C-4'!$D$4,'Rec_raw_catch_effort_2010-2021'!$S:$S,'Data_For_Appx_Table_C-4'!D$3) -> 166712.91 | E16: =SUMIFS('Rec_raw_catch_effort_2010-2021'!$R:$R,'Rec_raw_catch_effort_2010-2021'!$J:$J,'Data_For_Appx_Table_C-4'!$A16,'Rec_raw_catch_effort_2010-2021'!$L:$L,'Data_For_Appx_Table_C-4'!$B16,'Rec_raw_catch_effort_2010-2021'!$E:$E,'Data_For_Appx_Table_C-4'!$E$4,'Rec_raw_catch_effort_2010-2021'!$S:$S,'Data_For_Appx_Table_C-4'!E$3) -> 40544.294 | F16: =SUMIFS('Rec_raw_catch_effort_2010-2021'!$Q:$Q,'Rec_raw_catch_effort_2010-2021'!$J:$J,'Data_For_Appx_Table_C-4'!$A16,'Rec_raw_catch_effort_2010-2021'!$L:$L,'Data_For_Appx_Table_C-4'!$B16,'Rec_raw_catch_effort_2010-2021'!$E:$E,'Data_For_Appx_Table_C-4'!$F$4,'Rec_raw_catch_effort_2010-2021'!$S:$S,'Data_For_Appx_Table_C-4'!F$3) -> 1937.3935
A17: 0Strait of Juan de Fuca | B17: 12Jefferson | C17: =SUMIFS('Rec_raw_catch_effort_2010-2021'!$R:$R,'Rec_raw_catch_effort_2010-2021'!$J:$J,'Data_For_Appx_Table_C-4'!$A17,'Rec_raw_catch_effort_2010-2021'!$L:$L,'Data_For_Appx_Table_C-4'!$B17,'Rec_raw_catch_effort_2010-2021'!$E:$E,'Data_For_Appx_Table_C-4'!$C$4,'Rec_raw_catch_effort_2010-2021'!$S:$S,'Data_For_Appx_Table_C-4'!C$3) -> 18093.62 | D17: =SUMIFS('Rec_raw_catch_effort_2010-2021'!$Q:$Q,'Rec_raw_catch_effort_2010-2021'!$J:$J,'Data_For_Appx_Table_C-4'!$A17,'Rec_raw_catch_effort_2010-2021'!$L:$L,'Data_For_Appx_Table_C-4'!$B17,'Rec_raw_catch_effort_2010-2021'!$E:$E,'Data_For_Appx_Table_C-4'!$D$4,'Rec_raw_catch_effort_2010-2021'!$S:$S,'Data_For_Appx_Table_C-4'!D$3) -> 14133.997 | E17: =SUMIFS('Rec_raw_catch_effort_2010-2021'!$R:$R,'Rec_raw_catch_effort_2010-2021'!$J:$J,'Data_For_Appx_Table_C-4'!$A17,'Rec_raw_catch_effort_2010-2021'!$L:$L,'Data_For_Appx_Table_C-4'!$B17,'Rec_raw_catch_effort_2010-2021'!$E:$E,'Data_For_Appx_Table_C-4'!$E$4,'Rec_raw_catch_effort_2010-2021'!$S:$S,'Data_For_Appx_Table_C-4'!E$3) -> 846.28818 | F17: =SUMIFS('Rec_raw_catch_effort_2010-2021'!$Q:$Q,'Rec_raw_catch_effort_2010-2021'!$J:$J,'Data_For_Appx_Table_C-4'!$A17,'Rec_raw_catch_effort_2010-2021'!$L:$L,'Data_For_Appx_Table_C-4'!$B17,'Rec_raw_catch_effort_2010-2021'!$E:$E,'Data_For_Appx_Table_C-4'!$F$4,'Rec_raw_catch_effort_2010-2021'!$S:$S,'Data_For_Appx_Table_C-4'!F$3) -> 40.439556
A18: 0Strait of Juan de Fuca | B18: 20Other | C18: =SUMIFS('Rec_raw_catch_effort_2010-2021'!$R:$R,'Rec_raw_catch_effort_2010-2021'!$J:$J,'Data_For_Appx_Table_C-4'!$A18,'Rec_raw_catch_effort_2010-2021'!$L:$L,'Data_For_Appx_Table_C-4'!$B18,'Rec_raw_catch_effort_2010-2021'!$E:$E,'Data_For_Appx_Table_C-4'!$C$4,'Rec_raw_catch_effort_2010-2021'!$S:$S,'Data_For_Appx_Table_C-4'!C$3) -> 124703.96 | D18: =SUMIFS('Rec_raw_catch_effort_2010-2021'!$Q:$Q,'Rec_raw_catch_effort_2010-2021'!$J:$J,'Data_For_Appx_Table_C-4'!$A18,'Rec_raw_catch_effort_2010-2021'!$L:$L,'Data_For_Appx_Table_C-4'!$B18,'Rec_raw_catch_effort_2010-2021'!$E:$E,'Data_For_Appx_Table_C-4'!$D$4,'Rec_raw_catch_effort_2010-2021'!$S:$S,'Data_For_Appx_Table_C-4'!D$3) -> 118568.35 | E18: =SUMIFS('Rec_raw_catch_effort_2010-2021'!$R:$R,'Rec_raw_catch_effort_2010-2021'!$J:$J,'Data_For_Appx_Table_C-4'!$A18,'Rec_raw_catch_effort_2010-2021'!$L:$L,'Data_For_Appx_Table_C-4'!$B18,'Rec_raw_catch_effort_2010-2021'!$E:$E,'Data_For_Appx_Table_C-4'!$E$4,'Rec_raw_catch_effort_2010-2021'!$S:$S,'Data_For_Appx_Table_C-4'!E$3) -> 1943.6407 | F18: =SUMIFS('Rec_raw_catch_effort_2010-2021'!$Q:$Q,'Rec_raw_catch_effort_2010-2021'!$J:$J,'Data_For_Appx_Table_C-4'!$A18,'Rec_raw_catch_effort_2010-2021'!$L:$L,'Data_For_Appx_Table_C-4'!$B18,'Rec_raw_catch_effort_2010-2021'!$E:$E,'Data_For_Appx_Table_C-4'!$F$4,'Rec_raw_catch_effort_2010-2021'!$S:$S,'Data_For_Appx_Table_C-4'!F$3) -> 92.876126
A19: 0Strait of Juan de Fuca Total | C19: =SUM(C6:C18) -> 679219.93 | D19: =SUM(D6:D18) -> 597119.47 | E19: =SUM(E6:E18) -> 54258.654 | F19: =SUM(F6:F18) -> 2592.729
A20: 1North Puget Sound | B20: 01Whatcom | C20: =SUMIFS('Rec_raw_catch_effort_2010-2021'!$R:$R,'Rec_raw_catch_effort_2010-2021'!$J:$J,'Data_For_Appx_Table_C-4'!$A20,'Rec_raw_catch_effort_2010-2021'!$L:$L,'Data_For_Appx_Table_C-4'!$B20,'Rec_raw_catch_effort_2010-2021'!$E:$E,'Data_For_Appx_Table_C-4'!$C$4,'Rec_raw_catch_effort_2010-2021'!$S:$S,'Data_For_Appx_Table_C-4'!C$3) -> 326657.48 | D20: =SUMIFS('Rec_raw_catch_effort_2010-2021'!$Q:$Q,'Rec_raw_catch_effort_2010-2021'!$J:$J,'Data_For_Appx_Table_C-4'!$A20,'Rec_raw_catch_effort_2010-2021'!$L:$L,'Data_For_Appx_Table_C-4'!$B20,'Rec_raw_catch_effort_2010-2021'!$E:$E,'Data_For_Appx_Table_C-4'!$D$4,'Rec_raw_catch_effort_2010-2021'!$S:$S,'Data_For_Appx_Table_C-4'!D$3) -> 88795.037 | E20: =SUMIFS('Rec_raw_catch_effort_2010-2021'!$R:$R,'Rec_raw_catch_effort_2010-2021'!$J:$J,'Data_For_Appx_Table_C-4'!$A20,'Rec_raw_catch_effort_2010-2021'!$L:$L,'Data_For_Appx_Table_C-4'!$B20,'Rec_raw_catch_effort_2010-2021'!$E:$E,'Data_For_Appx_Table_C-4'!$E$4,'Rec_raw_catch_effort_2010-2021'!$S:$S,'Data_For_Appx_Table_C-4'!E$3) -> 24877.661 | F20: =SUMIFS('Rec_raw_catch_effort_2010-2021'!$Q:$Q,'Rec_raw_catch_effort_2010-2021'!$J:$J,'Data_For_Appx_Table_C-4'!$A20,'Rec_raw_catch_effort_2010-2021'!$L:$L,'Data_For_Appx_Table_C-4'!$B20,'Rec_raw_catch_effort_2010-2021'!$E:$E,'Data_For_Appx_Table_C-4'!$F$4,'Rec_raw_catch_effort_2010-2021'!$S:$S,'Data_For_Appx_Table_C-4'!F$3) -> 1188.7695
A21: 1North Puget Sound | B21: 02Skagit | C21: =SUMIFS('Rec_raw_catch_effort_2010-2021'!$R:$R,'Rec_raw_catch_effort_2010-2021'!$J:$J,'Data_For_Appx_Table_C-4'!$A21,'Rec_raw_catch_effort_2010-2021'!$L:$L,'Data_For_Appx_Table_C-4'!$B21,'Rec_raw_catch_effort_2010-2021'!$E:$E,'Data_For_Appx_Table_C-4'!$C$4,'Rec_raw_catch_effort_2010-2021'!$S:$S,'Data_For_Appx_Table_C-4'!C$3) -> 264835.31 | D21: =SUMIFS('Rec_raw_catch_effort_2010-2021'!$Q:$Q,'Rec_raw_catch_effort_2010-2021'!$J:$J,'Data_For_Appx_Table_C-4'!$A21,'Rec_raw_catch_effort_2010-2021'!$L:$L,'Data_For_Appx_Table_C-4'!$B21,'Rec_raw_catch_effort_2010-2021'!$E:$E,'Data_For_Appx_Table_C-4'!$D$4,'Rec_raw_catch_effort_2010-2021'!$S:$S,'Data_For_Appx_Table_C-4'!D$3) -> 76213.973 | E21: =SUMIFS('Rec_raw_catch_effort_2010-2021'!$R:$R,'Rec_raw_catch_effort_2010-2021'!$J:$J,'Data_For_Appx_Table_C-4'!$A21,'Rec_raw_catch_effort_2010-2021'!$L:$L,'Data_For_Appx_Table_C-4'!$B21,'Rec_raw_catch_effort_2010-2021'!$E:$E,'Data_For_Appx_Table_C-4'!$E$4,'Rec_raw_catch_effort_2010-2021'!$S:$S,'Data_For_Appx_Table_C-4'!E$3) -> 26498.673 | F21: =SUMIFS('Rec_raw_catch_effort_2010-2021'!$Q:$Q,'Rec_raw_catch_effort_2010-2021'!$J:$J,'Data_For_Appx_Table_C-4'!$A21,'Rec_raw_catch_effort_2010-2021'!$L:$L,'Data_For_Appx_Table_C-4'!$B21,'Rec_raw_catch_effort_2010-2021'!$E:$E,'Data_For_Appx_Table_C-4'!$F$4,'Rec_raw_catch_effort_2010-2021'!$S:$S,'Data_For_Appx_Table_C-4'!F$3) -> 1266.2289
A22: 1North Puget Sound | B22: 03Snohomish | C22: =SUMIFS('Rec_raw_catch_effort_2010-2021'!$R:$R,'Rec_raw_catch_effort_2010-2021'!$J:$J,'Data_For_Appx_Table_C-4'!$A22,'Rec_raw_catch_effort_2010-2021'!$L:$L,'Data_For_Appx_Table_C-4'!$B22,'Rec_raw_catch_effort_2010-2021'!$E:$E,'Data_For_Appx_Table_C-4'!$C$4,'Rec_raw_catch_effort_2010-2021'!$S:$S,'Data_For_Appx_Table_C-4'!C$3) -> 284146.8 | D22: =SUMIFS('Rec_raw_catch_effort_2010-2021'!$Q:$Q,'Rec_raw_catch_effort_2010-2021'!$J:$J,'Data_For_Appx_Table_C-4'!$A22,'Rec_raw_catch_effort_2010-2021'!$L:$L,'Data_For_Appx_Table_C-4'!$B22,'Rec_raw_catch_effort_2010-2021'!$E:$E,'Data_For_Appx_Table_C-4'!$D$4,'Rec_raw_catch_effort_2010-2021'!$S:$S,'Data_For_Appx_Table_C-4'!D$3) -> 74085.065 | E22: =SUMIFS('Rec_raw_catch_effort_2010-2021'!$R:$R,'Rec_raw_catch_effort_2010-2021'!$J:$J,'Data_For_Appx_Table_C-4'!$A22,'Rec_raw_catch_effort_2010-2021'!$L:$L,'Data_For_Appx_Table_C-4'!$B22,'Rec_raw_catch_effort_2010-2021'!$E:$E,'Data_For_Appx_Table_C-4'!$E$4,'Rec_raw_catch_effort_2010-2021'!$S:$S,'Data_For_Appx_Table_C-4'!E$3) -> 9915.1175 | F22: =SUMIFS('Rec_raw_catch_effort_2010-2021'!$Q:$Q,'Rec_raw_catch_effort_2010-2021'!$J:$J,'Data_For_Appx_Table_C-4'!$A22,'Rec_raw_catch_effort_2010-2021'!$L:$L,'Data_For_Appx_Table_C-4'!$B22,'Rec_raw_catch_effort_2010-2021'!$E:$E,'Data_For_Appx_Table_C-4'!$F$4,'Rec_raw_catch_effort_2010-2021'!$S:$S,'Data_For_Appx_Table_C-4'!F$3) -> 473.79008
A23: 1North Puget Sound | B23: 04Island | C23: =SUMIFS('Rec_raw_catch_effort_2010-2021'!$R:$R,'Rec_raw_catch_effort_2010-2021'!$J:$J,'Data_For_Appx_Table_C-4'!$A23,'Rec_raw_catch_effort_2010-2021'!$L:$L,'Data_For_Appx_Table_C-4'!$B23,'Rec_raw_catch_effort_2010-2021'!$E:$E,'Data_For_Appx_Table_C-4'!$C$4,'Rec_raw_catch_effort_2010-2021'!$S:$S,'Data_For_Appx_Table_C-4'!C$3) -> 59578.765 | D23: =SUMIFS('Rec_raw_catch_effort_2010-2021'!$Q:$Q,'Rec_raw_catch_effort_2010-2021'!$J:$J,'Data_For_Appx_Table_C-4'!$A23,'Rec_raw_catch_effort_2010-2021'!$L:$L,'Data_For_Appx_Table_C-4'!$B23,'Rec_raw_catch_effort_2010-2021'!$E:$E,'Data_For_Appx_Table_C-4'!$D$4,'Rec_raw_catch_effort_2010-2021'!$S:$S,'Data_For_Appx_Table_C-4'!D$3) -> 18215.528 | E23: =SUMIFS('Rec_raw_catch_effort_2010-2021'!$R:$R,'Rec_raw_catch_effort_2010-2021'!$J:$J,'Data_For_Appx_Table_C-4'!$A23,'Rec_raw_catch_effort_2010-2021'!$L:$L,'Data_For_Appx_Table_C-4'!$B23,'Rec_raw_catch_effort_2010-2021'!$E:$E,'Data_For_Appx_Table_C-4'!$E$4,'Rec_raw_catch_effort_2010-2021'!$S:$S,'Data_For_Appx_Table_C-4'!E$3) -> 2069.65 | F23: =SUMIFS('Rec_raw_catch_effort_2010-2021'!$Q:$Q,'Rec_raw_catch_effort_2010-2021'!$J:$J,'Data_For_Appx_Table_C-4'!$A23,'Rec_raw_catch_effort_2010-2021'!$L:$L,'Data_For_Appx_Table_C-4'!$B23,'Rec_raw_catch_effort_2010-2021'!$E:$E,'Data_For_Appx_Table_C-4'!$F$4,'Rec_raw_catch_effort_2010-2021'!$S:$S,'Data_For_Appx_Table_C-4'!F$3) -> 98.897432
A24: 1North Puget Sound | B24: 05San Juan | C24: =SUMIFS('Rec_raw_catch_effort_2010-2021'!$R:$R,'Rec_raw_catch_effort_2010-2021'!$J:$J,'Data_For_Appx_Table_C-4'!$A24,'Rec_raw_catch_effort_2010-2021'!$L:$L,'Data_For_Appx_Table_C-4'!$B24,'Rec_raw_catch_effort_2010-2021'!$E:$E,'Data_For_Appx_Table_C-4'!$C$4,'Rec_raw_catch_effort_2010-2021'!$S:$S,'Data_For_Appx_Table_C-4'!C$3) -> 49028.86 | D24: =SUMIFS('Rec_raw_catch_effort_2010-2021'!$Q:$Q,'Rec_raw_catch_effort_2010-2021'!$J:$J,'Data_For_Appx_Table_C-4'!$A24,'Rec_raw_catch_effort_2010-2021'!$L:$L,'Data_For_Appx_Table_C-4'!$B24,'Rec_raw_catch_effort_2010-2021'!$E:$E,'Data_For_Appx_Table_C-4'!$D$4,'Rec_raw_catch_effort_2010-2021'!$S:$S,'Data_For_Appx_Table_C-4'!D$3) -> 19891.318 | E24: =SUMIFS('Rec_raw_catch_effort_2010-2021'!$R:$R,'Rec_raw_catch_effort_2010-2021'!$J:$J,'Data_For_Appx_Table_C-4'!$A24,'Rec_raw_catch_effort_2010-2021'!$L:$L,'Data_For_Appx_Table_C-4'!$B24,'Rec_raw_catch_effort_2010-2021'!$E:$E,'Data_For_Appx_Table_C-4'!$E$4,'Rec_raw_catch_effort_2010-2021'!$S:$S,'Data_For_Appx_Table_C-4'!E$3) -> 1285.0672 | F24: =SUMIFS('Rec_raw_catch_effort_2010-2021'!$Q:$Q,'Rec_raw_catch_effort_2010-2021'!$J:$J,'Data_For_Appx_Table_C-4'!$A24,'Rec_raw_catch_effort_2010-2021'!$L:$L,'Data_For_Appx_Table_C-4'!$B24,'Rec_raw_catch_effort_2010-2021'!$E:$E,'Data_For_Appx_Table_C-4'!$F$4,'Rec_raw_catch_effort_2010-2021'!$S:$S,'Data_For_Appx_Table_C-4'!F$3) -> 61.406442
A25: 1North Puget Sound | B25: 06King | C25: =SUMIFS('Rec_raw_catch_effort_2010-2021'!$R:$R,'Rec_raw_catch_effort_2010-2021'!$J:$J,'Data_For_Appx_Table_C-4'!$A25,'Rec_raw_catch_effort_2010-2021'!$L:$L,'Data_For_Appx_Table_C-4'!$B25,'Rec_raw_catch_effort_2010-2021'!$E:$E,'Data_For_Appx_Table_C-4'!$C$4,'Rec_raw_catch_effort_2010-2021'!$S:$S,'Data_For_Appx_Table_C-4'!C$3) -> 114863.83 | D25: =SUMIFS('Rec_raw_catch_effort_2010-2021'!$Q:$Q,'Rec_raw_catch_effort_2010-2021'!$J:$J,'Data_For_Appx_Table_C-4'!$A25,'Rec_raw_catch_effort_2010-2021'!$L:$L,'Data_For_Appx_Table_C-4'!$B25,'Rec_raw_catch_effort_2010-2021'!$E:$E,'Data_For_Appx_Table_C-4'!$D$4,'Rec_raw_catch_effort_2010-2021'!$S:$S,'Data_For_Appx_Table_C-4'!D$3) -> 36087.982 | E25: =SUMIFS('Rec_raw_catch_effort_2010-2021'!$R:$R,'Rec_raw_catch_effort_2010-2021'!$J:$J,'Data_For_Appx_Table_C-4'!$A25,'Rec_raw_catch_effort_2010-2021'!$L:$L,'Data_For_Appx_Table_C-4'!$B25,'Rec_raw_catch_effort_2010-2021'!$E:$E,'Data_For_Appx_Table_C-4'!$E$4,'Rec_raw_catch_effort_2010-2021'!$S:$S,'Data_For_Appx_Table_C-4'!E$3) -> 2479.2097 | F25: =SUMIFS('Rec_raw_catch_effort_2010-2021'!$Q:$Q,'Rec_raw_catch_effort_2010-2021'!$J:$J,'Data_For_Appx_Table_C-4'!$A25,'Rec_raw_catch_effort_2010-2021'!$L:$L,'Data_For_Appx_Table_C-4'!$B25,'Rec_raw_catch_effort_2010-2021'!$E:$E,'Data_For_Appx_Table_C-4'!$F$4,'Rec_raw_catch_effort_2010-2021'!$S:$S,'Data_For_Appx_Table_C-4'!F$3) -> 118.46808
A26: 1North Puget Sound | B26: 07Pierce | C26: =SUMIFS('Rec_raw_catch_effort_2010-2021'!$R:$R,'Rec_raw_catch_effort_2010-2021'!$J:$J,'Data_For_Appx_Table_C-4'!$A26,'Rec_raw_catch_effort_2010-2021'!$L:$L,'Data_For_Appx_Table_C-4'!$B26,'Rec_raw_catch_effort_2010-2021'!$E:$E,'Data_For_Appx_Table_C-4'!$C$4,'Rec_raw_catch_effort_2010-2021'!$S:$S,'Data_For_Appx_Table_C-4'!C$3) -> 15409.228 | D26: =SUMIFS('Rec_raw_catch_effort_2010-2021'!$Q:$Q,'Rec_raw_catch_effort_2010-2021'!$J:$J,'Data_For_Appx_Table_C-4'!$A26,'Rec_raw_catch_effort_2010-2021'!$L:$L,'Data_For_Appx_Table_C-4'!$B26,'Rec_raw_catch_effort_2010-2021'!$E:$E,'Data_For_Appx_Table_C-4'!$D$4,'Rec_raw_catch_effort_2010-2021'!$S:$S,'Data_For_Appx_Table_C-4'!D$3) -> 4487.7323 | E26: =SUMIFS('Rec_raw_catch_effort_2010-2021'!$R:$R,'Rec_raw_catch_effort_2010-2021'!$J:$J,'Data_For_Appx_Table_C-4'!$A26,'Rec_raw_catch_effort_2010-2021'!$L:$L,'Data_For_Appx_Table_C-4'!$B26,'Rec_raw_catch_effort_2010-2021'!$E:$E,'Data_For_Appx_Table_C-4'!$E$4,'Rec_raw_catch_effort_2010-2021'!$S:$S,'Data_For_Appx_Table_C-4'!E$3) -> 205.96148 | F26: =SUMIFS('Rec_raw_catch_effort_2010-2021'!$Q:$Q,'Rec_raw_catch_effort_2010-2021'!$J:$J,'Data_For_Appx_Table_C-4'!$A26,'Rec_raw_catch_effort_2010-2021'!$L:$L,'Data_For_Appx_Table_C-4'!$B26,'Rec_raw_catch_effort_2010-2021'!$E:$E,'Data_For_Appx_Table_C-4'!$F$4,'Rec_raw_catch_effort_2010-2021'!$S:$S,'Data_For_Appx_Table_C-4'!F$3) -> 9.8417903
A27: 1North Puget Sound | B27: 08Thurston | C27: =SUMIFS('Rec_raw_catch_effort_2010-2021'!$R:$R,'Rec_raw_catch_effort_2010-2021'!$J:$J,'Data_For_Appx_Table_C-4'!$A27,'Rec_raw_catch_effort_2010-2021'!$L:$L,'Data_For_Appx_Table_C-4'!$B27,'Rec_raw_catch_effort_2010-2021'!$E:$E,'Data_For_Appx_Table_C-4'!$C$4,'Rec_raw_catch_effort_2010-2021'!$S:$S,'Data_For_Appx_Table_C-4'!C$3) -> 5701.8135 | D27: =SUMIFS('Rec_raw_catch_effort_2010-2021'!$Q:$Q,'Rec_raw_catch_effort_2010-2021'!$J:$J,'Data_For_Appx_Table_C-4'!$A27,'Rec_raw_catch_effort_2010-2021'!$L:$L,'Data_For_Appx_Table_C-4'!$B27,'Rec_raw_catch_effort_2010-2021'!$E:$E,'Data_For_Appx_Table_C-4'!$D$4,'Rec_raw_catch_effort_2010-2021'!$S:$S,'Data_For_Appx_Table_C-4'!D$3) -> 1801.2662 | E27: =SUMIFS('Rec_raw_catch_effort_2010-2021'!$R:$R,'Rec_raw_catch_effort_2010-2021'!$J:$J,'Data_For_Appx_Table_C-4'!$A27,'Rec_raw_catch_effort_2010-2021'!$L:$L,'Data_For_Appx_Table_C-4'!$B27,'Rec_raw_catch_effort_2010-2021'!$E:$E,'Data_For_Appx_Table_C-4'!$E$4,'Rec_raw_catch_effort_2010-2021'!$S:$S,'Data_For_Appx_Table_C-4'!E$3) -> 0 | F27: =SUMIFS('Rec_raw_catch_effort_2010-2021'!$Q:$Q,'Rec_raw_catch_effort_2010-2021'!$J:$J,'Data_For_Appx_Table_C-4'!$A27,'Rec_raw_catch_effort_2010-2021'!$L:$L,'Data_For_Appx_Table_C-4'!$B27,'Rec_raw_catch_effort_2010-2021'!$E:$E,'Data_For_Appx_Table_C-4'!$F$4,'Rec_raw_catch_effort_2010-2021'!$S:$S,'Data_For_Appx_Table_C-4'!F$3) -> 0
A28: 1North Puget Sound | B28: 09Mason | C28: =SUMIFS('Rec_raw_catch_effort_2010-2021'!$R:$R,'Rec_raw_catch_effort_2010-2021'!$J:$J,'Data_For_Appx_Table_C-4'!$A28,'Rec_raw_catch_effort_2010-2021'!$L:$L,'Data_For_Appx_Table_C-4'!$B28,'Rec_raw_catch_effort_2010-2021'!$E:$E,'Data_For_Appx_Table_C-4'!$C$4,'Rec_raw_catch_effort_2010-2021'!$S:$S,'Data_For_Appx_Table_C-4'!C$3) -> 1205.003 | D28: =SUMIFS('Rec_raw_catch_effort_2010-2021'!$Q:$Q,'Rec_raw_catch_effort_2010-2021'!$J:$J,'Data_For_Appx_Table_C-4'!$A28,'Rec_raw_catch_effort_2010-2021'!$L:$L,'Data_For_Appx_Table_C-4'!$B28,'Rec_raw_catch_effort_2010-2021'!$E:$E,'Data_For_Appx_Table_C-4'!$D$4,'Rec_raw_catch_effort_2010-2021'!$S:$S,'Data_For_Appx_Table_C-4'!D$3) -> 569.69298 | E28: =SUMIFS('Rec_raw_catch_effort_2010-2021'!$R:$R,'Rec_raw_catch_effort_2010-2021'!$J:$J,'Data_For_Appx_Table_C-4'!$A28,'Rec_raw_catch_effort_2010-2021'!$L:$L,'Data_For_Appx_Table_C-4'!$B28,'Rec_raw_catch_effort_2010-2021'!$E:$E,'Data_For_Appx_Table_C-4'!$E$4,'Rec_raw_catch_effort_2010-2021'!$S:$S,'Data_For_Appx_Table_C-4'!E$3) -> 0 | F28: =SUMIFS('Rec_raw_catch_effort_2010-2021'!$Q:$Q,'Rec_raw_catch_effort_2010-2021'!$J:$J,'Data_For_Appx_Table_C-4'!$A28,'Rec_raw_catch_effort_2010-2021'!$L:$L,'Data_For_Appx_Table_C-4'!$B28,'Rec_raw_catch_effort_2010-2021'!$E:$E,'Data_For_Appx_Table_C-4'!$F$4,'Rec_raw_catch_effort_2010-2021'!$S:$S,'Data_For_Appx_Table_C-4'!F$3) -> 0
A29: 1North Puget Sound | B29: 10Kitsap | C29: =SUMIFS('Rec_raw_catch_effort_2010-2021'!$R:$R,'Rec_raw_catch_effort_2010-2021'!$J:$J,'Data_For_Appx_Table_C-4'!$A29,'Rec_raw_catch_effort_2010-2021'!$L:$L,'Data_For_Appx_Table_C-4'!$B29,'Rec_raw_catch_effort_2010-2021'!$E:$E,'Data_For_Appx_Table_C-4'!$C$4,'Rec_raw_catch_effort_2010-2021'!$S:$S,'Data_For_Appx_Table_C-4'!C$3) -> 2513.4593 | D29: =SUMIFS('Rec_raw_catch_effort_2010-2021'!$Q:$Q,'Rec_raw_catch_effort_2010-2021'!$J:$J,'Data_For_Appx_Table_C-4'!$A29,'Rec_raw_catch_effort_2010-2021'!$L:$L,'Data_For_Appx_Table_C-4'!$B29,'Rec_raw_catch_effort_2010-2021'!$E:$E,'Data_For_Appx_Table_C-4'!$D$4,'Rec_raw_catch_effort_2010-2021'!$S:$S,'Data_For_Appx_Table_C-4'!D$3) -> 1031.0364 | E29: =SUMIFS('Rec_raw_catch_effort_2010-2021'!$R:$R,'Rec_raw_catch_effort_2010-2021'!$J:$J,'Data_For_Appx_Table_C-4'!$A29,'Rec_raw_catch_effort_2010-2021'!$L:$L,'Data_For_Appx_Table_C-4'!$B29,'Rec_raw_catch_effort_2010-2021'!$E:$E,'Data_For_Appx_Table_C-4'!$E$4,'Rec_raw_catch_effort_2010-2021'!$S:$S,'Data_For_Appx_Table_C-4'!E$3) -> 305.2512 | F29: =SUMIFS('Rec_raw_catch_effort_2010-2021'!$Q:$Q,'Rec_raw_catch_effort_2010-2021'!$J:$J,'Data_For_Appx_Table_C-4'!$A29,'Rec_raw_catch_effort_2010-2021'!$L:$L,'Data_For_Appx_Table_C-4'!$B29,'Rec_raw_catch_effort_2010-2021'!$E:$E,'Data_For_Appx_Table_C-4'!$F$4,'Rec_raw_catch_effort_2010-2021'!$S:$S,'Data_For_Appx_Table_C-4'!F$3) -> 14.586311
A30: 1North Puget Sound | B30: 11Clallam | C30: =SUMIFS('Rec_raw_catch_effort_2010-2021'!$R:$R,'Rec_raw_catch_effort_2010-2021'!$J:$J,'Data_For_Appx_Table_C-4'!$A30,'Rec_raw_catch_effort_2010-2021'!$L:$L,'Data_For_Appx_Table_C-4'!$B30,'Rec_raw_catch_effort_2010-2021'!$E:$E,'Data_For_Appx_Table_C-4'!$C$4,'Rec_raw_catch_effort_2010-2021'!$S:$S,'Data_For_Appx_Table_C-4'!C$3) -> 4953.0207 | D30: =SUMIFS('Rec_raw_catch_effort_2010-2021'!$Q:$Q,'Rec_raw_catch_effort_2010-2021'!$J:$J,'Data_For_Appx_Table_C-4'!$A30,'Rec_raw_catch_effort_2010-2021'!$L:$L,'Data_For_Appx_Table_C-4'!$B30,'Rec_raw_catch_effort_2010-2021'!$E:$E,'Data_For_Appx_Table_C-4'!$D$4,'Rec_raw_catch_effort_2010-2021'!$S:$S,'Data_For_Appx_Table_C-4'!D$3) -> 1818.5077 | E30: =SUMIFS('Rec_raw_catch_effort_2010-2021'!$R:$R,'Rec_raw_catch_effort_2010-2021'!$J:$J,'Data_For_Appx_Table_C-4'!$A30,'Rec_raw_catch_effort_2010-2021'!$L:$L,'Data_For_Appx_Table_C-4'!$B30,'Rec_raw_catch_effort_2010-2021'!$E:$E,'Data_For_Appx_Table_C-4'!$E$4,'Rec_raw_catch_effort_2010-2021'!$S:$S,'Data_For_Appx_Table_C-4'!E$3) -> 50.22537 | F30: =SUMIFS('Rec_raw_catch_effort_2010-2021'!$Q:$Q,'Rec_raw_catch_effort_2010-2021'!$J:$J,'Data_For_Appx_Table_C-4'!$A30,'Rec_raw_catch_effort_2010-2021'!$L:$L,'Data_For_Appx_Table_C-4'!$B30,'Rec_raw_catch_effort_2010-2021'!$E:$E,'Data_For_Appx_Table_C-4'!$F$4,'Rec_raw_catch_effort_2010-2021'!$S:$S,'Data_For_Appx_Table_C-4'!F$3) -> 2.4
A31: 1North Puget Sound | B31: 12Jefferson | C31: =SUMIFS('Rec_raw_catch_effort_2010-2021'!$R:$R,'Rec_raw_catch_effort_2010-2021'!$J:$J,'Data_For_Appx_Table_C-4'!$A31,'Rec_raw_catch_effort_2010-2021'!$L:$L,'Data_For_Appx_Table_C-4'!$B31,'Rec_raw_catch_effort_2010-2021'!$E:$E,'Data_For_Appx_Table_C-4'!$C$4,'Rec_raw_catch_effort_2010-2021'!$S:$S,'Data_For_Appx_Table_C-4'!C$3) -> 774.73444 | D31: =SUMIFS('Rec_raw_catch_effort_2010-2021'!$Q:$Q,'Rec_raw_catch_effort_2010-2021'!$J:$J,'Data_For_Appx_Table_C-4'!$A31,'Rec_raw_catch_effort_2010-2021'!$L:$L,'Data_For_Appx_Table_C-4'!$B31,'Rec_raw_catch_effort_2010-2021'!$E:$E,'Data_For_Appx_Table_C-4'!$D$4,'Rec_raw_catch_effort_2010-2021'!$S:$S,'Data_For_Appx_Table_C-4'!D$3) -> 259.34762 | E31: =SUMIFS('Rec_raw_catch_effort_2010-2021'!$R:$R,'Rec_raw_catch_effort_2010-2021'!$J:$J,'Data_For_Appx_Table_C-4'!$A31,'Rec_raw_catch_effort_2010-2021'!$L:$L,'Data_For_Appx_Table_C-4'!$B31,'Rec_raw_catch_effort_2010-2021'!$E:$E,'Data_For_Appx_Table_C-4'!$E$4,'Rec_raw_catch_effort_2010-2021'!$S:$S,'Data_For_Appx_Table_C-4'!E$3) -> 0 | F31: =SUMIFS('Rec_raw_catch_effort_2010-2021'!$Q:$Q,'Rec_raw_catch_effort_2010-2021'!$J:$J,'Data_For_Appx_Table_C-4'!$A31,'Rec_raw_catch_effort_2010-2021'!$L:$L,'Data_For_Appx_Table_C-4'!$B31,'Rec_raw_catch_effort_2010-2021'!$E:$E,'Data_For_Appx_Table_C-4'!$F$4,'Rec_raw_catch_effort_2010-2021'!$S:$S,'Data_For_Appx_Table_C-4'!F$3) -> 0
A32: 1North Puget Sound | B32: 20Other | C32: =SUMIFS('Rec_raw_catch_effort_2010-2021'!$R:$R,'Rec_raw_catch_effort_2010-2021'!$J:$J,'Data_For_Appx_Table_C-4'!$A32,'Rec_raw_catch_effort_2010-2021'!$L:$L,'Data_For_Appx_Table_C-4'!$B32,'Rec_raw_catch_effort_2010-2021'!$E:$E,'Data_For_Appx_Table_C-4'!$C$4,'Rec_raw_catch_effort_2010-2021'!$S:$S,'Data_For_Appx_Table_C-4'!C$3) -> 87681.395 | D32: =SUMIFS('Rec_raw_catch_effort_2010-2021'!$Q:$Q,'Rec_raw_catch_effort_2010-2021'!$J:$J,'Data_For_Appx_Table_C-4'!$A32,'Rec_raw_catch_effort_2010-2021'!$L:$L,'Data_For_Appx_Table_C-4'!$B32,'Rec_raw_catch_effort_2010-2021'!$E:$E,'Data_For_Appx_Table_C-4'!$D$4,'Rec_raw_catch_effort_2010-2021'!$S:$S,'Data_For_Appx_Table_C-4'!D$3) -> 32309.441 | E32: =SUMIFS('Rec_raw_catch_effort_2010-2021'!$R:$R,'Rec_raw_catch_effort_2010-2021'!$J:$J,'Data_For_Appx_Table_C-4'!$A32,'Rec_raw_catch_effort_2010-2021'!$L:$L,'Data_For_Appx_Table_C-4'!$B32,'Rec_raw_catch_effort_2010-2021'!$E:$E,'Data_For_Appx_Table_C-4'!$E$4,'Rec_raw_catch_effort_2010-2021'!$S:$S,'Data_For_Appx_Table_C-4'!E$3) -> 759.55181 | F32: =SUMIFS('Rec_raw_catch_effort_2010-2021'!$Q:$Q,'Rec_raw_catch_effort_2010-2021'!$J:$J,'Data_For_Appx_Table_C-4'!$A32,'Rec_raw_catch_effort_2010-2021'!$L:$L,'Data_For_Appx_Table_C-4'!$B32,'Rec_raw_catch_effort_2010-2021'!$E:$E,'Data_For_Appx_Table_C-4'!$F$4,'Rec_raw_catch_effort_2010-2021'!$S:$S,'Data_For_Appx_Table_C-4'!F$3) -> 36.294892
A33: 1North Puget Sound Total | C33: =SUM(C20:C32) -> 1217349.7 | D33: =SUM(D20:D32) -> 355565.93 | E33: =SUM(E20:E32) -> 68446.368 | F33: =SUM(F20:F32) -> 3270.6834
A34: 2Central Puget Sound | B34: 01Whatcom | C34: =SUMIFS('Rec_raw_catch_effort_2010-2021'!$R:$R,'Rec_raw_catch_effort_2010-2021'!$J:$J,'Data_For_Appx_Table_C-4'!$A34,'Rec_raw_catch_effort_2010-2021'!$L:$L,'Data_For_Appx_Table_C-4'!$B34,'Rec_raw_catch_effort_2010-2021'!$E:$E,'Data_For_Appx_Table_C-4'!$C$4,'Rec_raw_catch_effort_2010-2021'!$S:$S,'Data_For_Appx_Table_C-4'!C$3) -> 148215.02 | D34: =SUMIFS('Rec_raw_catch_effort_2010-2021'!$Q:$Q,'Rec_raw_catch_effort_2010-2021'!$J:$J,'Data_For_Appx_Table_C-4'!$A34,'Rec_raw_catch_effort_2010-2021'!$L:$L,'Data_For_Appx_Table_C-4'!$B34,'Rec_raw_catch_effort_2010-2021'!$E:$E,'Data_For_Appx_Table_C-4'!$D$4,'Rec_raw_catch_effort_2010-2021'!$S:$S,'Data_For_Appx_Table_C-4'!D$3) -> 43440.634 | E34: =SUMIFS('Rec_raw_catch_effort_2010-2021'!$R:$R,'Rec_raw_catch_effort_2010-2021'!$J:$J,'Data_For_Appx_Table_C-4'!$A34,'Rec_raw_catch_effort_2010-2021'!$L:$L,'Data_For_Appx_Table_C-4'!$B34,'Rec_raw_catch_effort_2010-2021'!$E:$E,'Data_For_Appx_Table_C-4'!$E$4,'Rec_raw_catch_effort_2010-2021'!$S:$S,'Data_For_Appx_Table_C-4'!E$3) -> 7341.1194 | F34: =SUMIFS('Rec_raw_catch_effort_2010-2021'!$Q:$Q,'Rec_raw_catch_effort_2010-2021'!$J:$J,'Data_For_Appx_Table_C-4'!$A34,'Rec_raw_catch_effort_2010-2021'!$L:$L,'Data_For_Appx_Table_C-4'!$B34,'Rec_raw_catch_effort_2010-2021'!$E:$E,'Data_For_Appx_Table_C-4'!$F$4,'Rec_raw_catch_effort_2010-2021'!$S:$S,'Data_For_Appx_Table_C-4'!F$3) -> 350.79257
A35: 2Central Puget Sound | B35: 02Skagit | C35: =SUMIFS('Rec_raw_catch_effort_2010-2021'!$R:$R,'Rec_raw_catch_effort_2010-2021'!$J:$J,'Data_For_Appx_Table_C-4'!$A35,'Rec_raw_catch_effort_2010-2021'!$L:$L,'Data_For_Appx_Table_C-4'!$B35,'Rec_raw_catch_effort_2010-2021'!$E:$E,'Data_For_Appx_Table_C-4'!$C$4,'Rec_raw_catch_effort_2010-2021'!$S:$S,'Data_For_Appx_Table_C-4'!C$3) -> 489688.92 | D35: =SUMIFS('Rec_raw_catch_effort_2010-2021'!$Q:$Q,'Rec_raw_catch_effort_2010-2021'!$J:$J,'Data_For_Appx_Table_C-4'!$A35,'Rec_raw_catch_effort_2010-2021'!$L:$L,'Data_For_Appx_Table_C-4'!$B35,'Rec_raw_catch_effort_2010-2021'!$E:$E,'Data_For_Appx_Table_C-4'!$D$4,'Rec_raw_catch_effort_2010-2021'!$S:$S,'Data_For_Appx_Table_C-4'!D$3) -> 141330.62 | E35: =SUMIFS('Rec_raw_catch_effort_2010-2021'!$R:$R,'Rec_raw_catch_effort_2010-2021'!$J:$J,'Data_For_Appx_Table_C-4'!$A35,'Rec_raw_catch_effort_2010-2021'!$L:$L,'Data_For_Appx_Table_C-4'!$B35,'Rec_raw_catch_effort_2010-2021'!$E:$E,'Data_For_Appx_Table_C-4'!$E$4,'Rec_raw_catch_effort_2010-2021'!$S:$S,'Data_For_Appx_Table_C-4'!E$3) -> 14118.88 | F35: =SUMIFS('Rec_raw_catch_effort_2010-2021'!$Q:$Q,'Rec_raw_catch_effort_2010-2021'!$J:$J,'Data_For_Appx_Table_C-4'!$A35,'Rec_raw_catch_effort_2010-2021'!$L:$L,'Data_For_Appx_Table_C-4'!$B35,'Rec_raw_catch_effort_2010-2021'!$E:$E,'Data_For_Appx_Table_C-4'!$F$4,'Rec_raw_catch_effort_2010-2021'!$S:$S,'Data_For_Appx_Table_C-4'!F$3) -> 678.17754
A36: 2Central Puget Sound | B36: 03Snohomish | C36: =SUMIFS('Rec_raw_catch_effort_2010-2021'!$R:$R,'Rec_raw_catch_effort_2010-2021'!$J:$J,'Data_For_Appx_Table_C-4'!$A36,'Rec_raw_catch_effort_2010-2021'!$L:$L,'Data_For_Appx_Table_C-4'!$B36,'Rec_raw_catch_effort_2010-2021'!$E:$E,'Data_For_Appx_Table_C-4'!$C$4,'Rec_raw_catch_effort_2010-2021'!$S:$S,'Data_For_Appx_Table_C-4'!C$3) -> 1303590.4 | D36: =SUMIFS('Rec_raw_catch_effort_2010-2021'!$Q:$Q,'Rec_raw_catch_effort_2010-2021'!$J:$J,'Data_For_Appx_Table_C-4'!$A36,'Rec_raw_catch_effort_2010-2021'!$L:$L,'Data_For_Appx_Table_C-4'!$B36,'Rec_raw_catch_effort_2010-2021'!$E:$E,'Data_For_Appx_Table_C-4'!$D$4,'Rec_raw_catch_effort_2010-2021'!$S:$S,'Data_For_Appx_Table_C-4'!D$3) -> 457018.82 | E36: =SUMIFS('Rec_raw_catch_effort_2010-2021'!$R:$R,'Rec_raw_catch_effort_2010-2021'!$J:$J,'Data_For_Appx_Table_C-4'!$A36,'Rec_raw_catch_effort_2010-2021'!$L:$L,'Data_For_Appx_Table_C-4'!$B36,'Rec_raw_catch_effort_2010-2021'!$E:$E,'Data_For_Appx_Table_C-4'!$E$4,'Rec_raw_catch_effort_2010-2021'!$S:$S,'Data_For_Appx_Table_C-4'!E$3) -> 524062.13 | F36: =SUMIFS('Rec_raw_catch_effort_2010-2021'!$Q:$Q,'Rec_raw_catch_effort_2010-2021'!$J:$J,'Data_For_Appx_Table_C-4'!$A36,'Rec_raw_catch_effort_2010-2021'!$L:$L,'Data_For_Appx_Table_C-4'!$B36,'Rec_raw_catch_effort_2010-2021'!$E:$E,'Data_For_Appx_Table_C-4'!$F$4,'Rec_raw_catch_effort_2010-2021'!$S:$S,'Data_For_Appx_Table_C-4'!F$3) -> 25362.676
A37: 2Central Puget Sound | B37: 04Island | C37: =SUMIFS('Rec_raw_catch_effort_2010-2021'!$R:$R,'Rec_raw_catch_effort_2010-2021'!$J:$J,'Data_For_Appx_Table_C-4'!$A37,'Rec_raw_catch_effort_2010-2021'!$L:$L,'Data_For_Appx_Table_C-4'!$B37,'Rec_raw_catch_effort_2010-2021'!$E:$E,'Data_For_Appx_Table_C-4'!$C$4,'Rec_raw_catch_effort_2010-2021'!$S:$S,'Data_For_Appx_Table_C-4'!C$3) -> 263751.98 | D37: =SUMIFS('Rec_raw_catch_effort_2010-2021'!$Q:$Q,'Rec_raw_catch_effort_2010-2021'!$J:$J,'Data_For_Appx_Table_C-4'!$A37,'Rec_raw_catch_effort_2010-2021'!$L:$L,'Data_For_Appx_Table_C-4'!$B37,'Rec_raw_catch_effort_2010-2021'!$E:$E,'Data_For_Appx_Table_C-4'!$D$4,'Rec_raw_catch_effort_2010-2021'!$S:$S,'Data_For_Appx_Table_C-4'!D$3) -> 130275.02 | E37: =SUMIFS('Rec_raw_catch_effort_2010-2021'!$R:$R,'Rec_raw_catch_effort_2010-2021'!$J:$J,'Data_For_Appx_Table_C-4'!$A37,'Rec_raw_catch_effort_2010-2021'!$L:$L,'Data_For_Appx_Table_C-4'!$B37,'Rec_raw_catch_effort_2010-2021'!$E:$E,'Data_For_Appx_Table_C-4'!$E$4,'Rec_raw_catch_effort_2010-2021'!$S:$S,'Data_For_Appx_Table_C-4'!E$3) -> 5076.9394 | F37: =SUMIFS('Rec_raw_catch_effort_2010-2021'!$Q:$Q,'Rec_raw_catch_effort_2010-2021'!$J:$J,'Data_For_Appx_Table_C-4'!$A37,'Rec_raw_catch_effort_2010-2021'!$L:$L,'Data_For_Appx_Table_C-4'!$B37,'Rec_raw_catch_effort_2010-2021'!$E:$E,'Data_For_Appx_Table_C-4'!$F$4,'Rec_raw_catch_effort_2010-2021'!$S:$S,'Data_For_Appx_Table_C-4'!F$3) -> 595.89309
A38: 2Central Puget Sound | B38: 05San Juan | C38: =SUMIFS('Rec_raw_catch_effort_2010-2021'!$R:$R,'Rec_raw_catch_effort_2010-2021'!$J:$J,'Data_For_Appx_Table_C-4'!$A38,'Rec_raw_catch_effort_2010-2021'!$L:$L,'Data_For_Appx_Table_C-4'!$B38,'Rec_raw_catch_effort_2010-2021'!$E:$E,'Data_For_Appx_Table_C-4'!$C$4,'Rec_raw_catch_effort_2010-2021'!$S:$S,'Data_For_Appx_Table_C-4'!C$3) -> 813.65367 | D38: =SUMIFS('Rec_raw_catch_effort_2010-2021'!$Q:$Q,'Rec_raw_catch_effort_2010-2021'!$J:$J,'Data_For_Appx_Table_C-4'!$A38,'Rec_raw_catch_effort_2010-2021'!$L:$L,'Data_For_Appx_Table_C-4'!$B38,'Rec_raw_catch_effort_2010-2021'!$E:$E,'Data_For_Appx_Table_C-4'!$D$4,'Rec_raw_catch_effort_2010-2021'!$S:$S,'Data_For_Appx_Table_C-4'!D$3) -> 287.23898 | E38: =SUMIFS('Rec_raw_catch_effort_2010-2021'!$R:$R,'Rec_raw_catch_effort_2010-2021'!$J:$J,'Data_For_Appx_Table_C-4'!$A38,'Rec_raw_catch_effort_2010-2021'!$L:$L,'Data_For_Appx_Table_C-4'!$B38,'Rec_raw_catch_effort_2010-2021'!$E:$E,'Data_For_Appx_Table_C-4'!$E$4,'Rec_raw_catch_effort_2010-2021'!$S:$S,'Data_For_Appx_Table_C-4'!E$3) -> 730.32188 | F38: =SUMIFS('Rec_raw_catch_effort_2010-2021'!$Q:$Q,'Rec_raw_catch_effort_2010-2021'!$J:$J,'Data_For_Appx_Table_C-4'!$A38,'Rec_raw_catch_effort_2010-2021'!$L:$L,'Data_For_Appx_Table_C-4'!$B38,'Rec_raw_catch_effort_2010-2021'!$E:$E,'Data_For_Appx_Table_C-4'!$F$4,'Rec_raw_catch_effort_2010-2021'!$S:$S,'Data_For_Appx_Table_C-4'!F$3) -> 34.898151
A39: 2Central Puget Sound | B39: 06King | C39: =SUMIFS('Rec_raw_catch_effort_2010-2021'!$R:$R,'Rec_raw_catch_effort_2010-2021'!$J:$J,'Data_For_Appx_Table_C-4'!$A39,'Rec_raw_catch_effort_2010-2021'!$L:$L,'Data_For_Appx_Table_C-4'!$B39,'Rec_raw_catch_effort_2010-2021'!$E:$E,'Data_For_Appx_Table_C-4'!$C$4,'Rec_raw_catch_effort_2010-2021'!$S:$S,'Data_For_Appx_Table_C-4'!C$3) -> 456412.86 | D39: =SUMIFS('Rec_raw_catch_effort_2010-2021'!$Q:$Q,'Rec_raw_catch_effort_2010-2021'!$J:$J,'Data_For_Appx_Table_C-4'!$A39,'Rec_raw_catch_effort_2010-2021'!$L:$L,'Data_For_Appx_Table_C-4'!$B39,'Rec_raw_catch_effort_2010-2021'!$E:$E,'Data_For_Appx_Table_C-4'!$D$4,'Rec_raw_catch_effort_2010-2021'!$S:$S,'Data_For_Appx_Table_C-4'!D$3) -> 164686.26 | E39: =SUMIFS('Rec_raw_catch_effort_2010-2021'!$R:$R,'Rec_raw_catch_effort_2010-2021'!$J:$J,'Data_For_Appx_Table_C-4'!$A39,'Rec_raw_catch_effort_2010-2021'!$L:$L,'Data_For_Appx_Table_C-4'!$B39,'Rec_raw_catch_effort_2010-2021'!$E:$E,'Data_For_Appx_Table_C-4'!$E$4,'Rec_raw_catch_effort_2010-2021'!$S:$S,'Data_For_Appx_Table_C-4'!E$3) -> 482531.86 | F39: =SUMIFS('Rec_raw_catch_effort_2010-2021'!$Q:$Q,'Rec_raw_catch_effort_2010-2021'!$J:$J,'Data_For_Appx_Table_C-4'!$A39,'Rec_raw_catch_effort_2010-2021'!$L:$L,'Data_For_Appx_Table_C-4'!$B39,'Rec_raw_catch_effort_2010-2021'!$E:$E,'Data_For_Appx_Table_C-4'!$F$4,'Rec_raw_catch_effort_2010-2021'!$S:$S,'Data_For_Appx_Table_C-4'!F$3) -> 23106.095
A40: 2Central Puget Sound | B40: 07Pierce | C40: =SUMIFS('Rec_raw_catch_effort_2010-2021'!$R:$R,'Rec_raw_catch_effort_2010-2021'!$J:$J,'Data_For_Appx_Table_C-4'!$A40,'Rec_raw_catch_effort_2010-2021'!$L:$L,'Data_For_Appx_Table_C-4'!$B40,'Rec_raw_catch_effort_2010-2021'!$E:$E,'Data_For_Appx_Table_C-4'!$C$4,'Rec_raw_catch_effort_2010-2021'!$S:$S,'Data_For_Appx_Table_C-4'!C$3) -> 34538.109 | D40: =SUMIFS('Rec_raw_catch_effort_2010-2021'!$Q:$Q,'Rec_raw_catch_effort_2010-2021'!$J:$J,'Data_For_Appx_Table_C-4'!$A40,'Rec_raw_catch_effort_2010-2021'!$L:$L,'Data_For_Appx_Table_C-4'!$B40,'Rec_raw_catch_effort_2010-2021'!$E:$E,'Data_For_Appx_Table_C-4'!$D$4,'Rec_raw_catch_effort_2010-2021'!$S:$S,'Data_For_Appx_Table_C-4'!D$3) -> 12986.422 | E40: =SUMIFS('Rec_raw_catch_effort_2010-2021'!$R:$R,'Rec_raw_catch_effort_2010-2021'!$J:$J,'Data_For_Appx_Table_C-4'!$A40,'Rec_raw_catch_effort_2010-2021'!$L:$L,'Data_For_Appx_Table_C-4'!$B40,'Rec_raw_catch_effort_2010-2021'!$E:$E,'Data_For_Appx_Table_C-4'!$E$4,'Rec_raw_catch_effort_2010-2021'!$S:$S,'Data_For_Appx_Table_C-4'!E$3) -> 14686.775 | F40: =SUMIFS('Rec_raw_catch_effort_2010-2021'!$Q:$Q,'Rec_raw_catch_effort_2010-2021'!$J:$J,'Data_For_Appx_Table_C-4'!$A40,'Rec_raw_catch_effort_2010-2021'!$L:$L,'Data_For_Appx_Table_C-4'!$B40,'Rec_raw_catch_effort_2010-2021'!$E:$E,'Data_For_Appx_Table_C-4'!$F$4,'Rec_raw_catch_effort_2010-2021'!$S:$S,'Data_For_Appx_Table_C-4'!F$3) -> 719.44346
A41: 2Central Puget Sound | B41: 08Thurston | C41: =SUMIFS('Rec_raw_catch_effort_2010-2021'!$R:$R,'Rec_raw_catch_effort_2010-2021'!$J:$J,'Data_For_Appx_Table_C-4'!$A41,'Rec_raw_catch_effort_2010-2021'!$L:$L,'Data_For_Appx_Table_C-4'!$B41,'Rec_raw_catch_effort_2010-2021'!$E:$E,'Data_For_Appx_Table_C-4'!$C$4,'Rec_raw_catch_effort_2010-2021'!$S:$S,'Data_For_Appx_Table_C-4'!C$3) -> 11712.303 | D41: =SUMIFS('Rec_raw_catch_effort_2010-2021'!$Q:$Q,'Rec_raw_catch_effort_2010-2021'!$J:$J,'Data_For_Appx_Table_C-4'!$A41,'Rec_raw_catch_effort_2010-2021'!$L:$L,'Data_For_Appx_Table_C-4'!$B41,'Rec_raw_catch_effort_2010-2021'!$E:$E,'Data_For_Appx_Table_C-4'!$D$4,'Rec_raw_catch_effort_2010-2021'!$S:$S,'Data_For_Appx_Table_C-4'!D$3) -> 4336.4223 | E41: =SUMIFS('Rec_raw_catch_effort_2010-2021'!$R:$R,'Rec_raw_catch_effort_2010-2021'!$J:$J,'Data_For_Appx_Table_C-4'!$A41,'Rec_raw_catch_effort_2010-2021'!$L:$L,'Data_For_Appx_Table_C-4'!$B41,'Rec_raw_catch_effort_2010-2021'!$E:$E,'Data_For_Appx_Table_C-4'!$E$4,'Rec_raw_catch_effort_2010-2021'!$S:$S,'Data_For_Appx_Table_C-4'!E$3) -> 2031.5461 | F41: =SUMIFS('Rec_raw_catch_effort_2010-2021'!$Q:$Q,'Rec_raw_catch_effort_2010-2021'!$J:$J,'Data_For_Appx_Table_C-4'!$A41,'Rec_raw_catch_effort_2010-2021'!$L:$L,'Data_For_Appx_Table_C-4'!$B41,'Rec_raw_catch_effort_2010-2021'!$E:$E,'Data_For_Appx_Table_C-4'!$F$4,'Rec_raw_catch_effort_2010-2021'!$S:$S,'Data_For_Appx_Table_C-4'!F$3) -> 105.29869
A42: 2Central Puget Sound | B42: 09Mason | C42: =SUMIFS('Rec_raw_catch_effort_2010-2021'!$R:$R,'Rec_raw_catch_effort_2010-2021'!$J:$J,'Data_For_Appx_Table_C-4'!$A42,'Rec_raw_catch_effort_2010-2021'!$L:$L,'Data_For_Appx_Table_C-4'!$B42,'Rec_raw_catch_effort_2010-2021'!$E:$E,'Data_For_Appx_Table_C-4'!$C$4,'Rec_raw_catch_effort_2010-2021'!$S:$S,'Data_For_Appx_Table_C-4'!C$3) -> 5326.7061 | D42: =SUMIFS('Rec_raw_catch_effort_2010-2021'!$Q:$Q,'Rec_raw_catch_effort_2010-2021'!$J:$J,'Data_For_Appx_Table_C-4'!$A42,'Rec_raw_catch_effort_2010-2021'!$L:$L,'Data_For_Appx_Table_C-4'!$B42,'Rec_raw_catch_effort_2010-2021'!$E:$E,'Data_For_Appx_Table_C-4'!$D$4,'Rec_raw_catch_effort_2010-2021'!$S:$S,'Data_For_Appx_Table_C-4'!D$3) -> 2141.0822 | E42: =SUMIFS('Rec_raw_catch_effort_2010-2021'!$R:$R,'Rec_raw_catch_effort_2010-2021'!$J:$J,'Data_For_Appx_Table_C-4'!$A42,'Rec_raw_catch_effort_2010-2021'!$L:$L,'Data_For_Appx_Table_C-4'!$B42,'Rec_raw_catch_effort_2010-2021'!$E:$E,'Data_For_Appx_Table_C-4'!$E$4,'Rec_raw_catch_effort_2010-2021'!$S:$S,'Data_For_Appx_Table_C-4'!E$3) -> 189.21472 | F42: =SUMIFS('Rec_raw_catch_effort_2010-2021'!$Q:$Q,'Rec_raw_catch_effort_2010-2021'!$J:$J,'Data_For_Appx_Table_C-4'!$A42,'Rec_raw_catch_effort_2010-2021'!$L:$L,'Data_For_Appx_Table_C-4'!$B42,'Rec_raw_catch_effort_2010-2021'!$E:$E,'Data_For_Appx_Table_C-4'!$F$4,'Rec_raw_catch_effort_2010-2021'!$S:$S,'Data_For_Appx_Table_C-4'!F$3) -> 21.3785
A43: 2Central Puget Sound | B43: 10Kitsap | C43: =SUMIFS('Rec_raw_catch_effort_2010-2021'!$R:$R,'Rec_raw_catch_effort_2010-2021'!$J:$J,'Data_For_Appx_Table_C-4'!$A43,'Rec_raw_catch_effort_2010-2021'!$L:$L,'Data_For_Appx_Table_C-4'!$B43,'Rec_raw_catch_effort_2010-2021'!$E:$E,'Data_For_Appx_Table_C-4'!$C$4,'Rec_raw_catch_effort_2010-2021'!$S:$S,'Data_For_Appx_Table_C-4'!C$3) -> 83462.886 | D43: =SUMIFS('Rec_raw_catch_effort_2010-2021'!$Q:$Q,'Rec_raw_catch_effort_2010-2021'!$J:$J,'Data_For_Appx_Table_C-4'!$A43,'Rec_raw_catch_effort_2010-2021'!$L:$L,'Data_For_Appx_Table_C-4'!$B43,'Rec_raw_catch_effort_2010-2021'!$E:$E,'Data_For_Appx_Table_C-4'!$D$4,'Rec_raw_catch_effort_2010-2021'!$S:$S,'Data_For_Appx_Table_C-4'!D$3) -> 39553.061 | E43: =SUMIFS('Rec_raw_catch_effort_2010-2021'!$R:$R,'Rec_raw_catch_effort_2010-2021'!$J:$J,'Data_For_Appx_Table_C-4'!$A43,'Rec_raw_catch_effort_2010-2021'!$L:$L,'Data_For_Appx_Table_C-4'!$B43,'Rec_raw_catch_effort_2010-2021'!$E:$E,'Data_For_Appx_Table_C-4'!$E$4,'Rec_raw_catch_effort_2010-2021'!$S:$S,'Data_For_Appx_Table_C-4'!E$3) -> 2818.1705 | F43: =SUMIFS('Rec_raw_catch_effort_2010-2021'!$Q:$Q,'Rec_raw_catch_effort_2010-2021'!$J:$J,'Data_For_Appx_Table_C-4'!$A43,'Rec_raw_catch_effort_2010-2021'!$L:$L,'Data_For_Appx_Table_C-4'!$B43,'Rec_raw_catch_effort_2010-2021'!$E:$E,'Data_For_Appx_Table_C-4'!$F$4,'Rec_raw_catch_effort_2010-2021'!$S:$S,'Data_For_Appx_Table_C-4'!F$3) -> 146.67419
A44: 2Central Puget Sound | B44: 11Clallam | C44: =SUMIFS('Rec_raw_catch_effort_2010-2021'!$R:$R,'Rec_raw_catch_effort_2010-2021'!$J:$J,'Data_For_Appx_Table_C-4'!$A44,'Rec_raw_catch_effort_2010-2021'!$L:$L,'Data_For_Appx_Table_C-4'!$B44,'Rec_raw_catch_effort_2010-2021'!$E:$E,'Data_For_Appx_Table_C-4'!$C$4,'Rec_raw_catch_effort_2010-2021'!$S:$S,'Data_For_Appx_Table_C-4'!C$3) -> 6747.523 | D44: =SUMIFS('Rec_raw_catch_effort_2010-2021'!$Q:$Q,'Rec_raw_catch_effort_2010-2021'!$J:$J,'Data_For_Appx_Table_C-4'!$A44,'Rec_raw_catch_effort_2010-2021'!$L:$L,'Data_For_Appx_Table_C-4'!$B44,'Rec_raw_catch_effort_2010-2021'!$E:$E,'Data_For_Appx_Table_C-4'!$D$4,'Rec_raw_catch_effort_2010-2021'!$S:$S,'Data_For_Appx_Table_C-4'!D$3) -> 2952.9039 | E44: =SUMIFS('Rec_raw_catch_effort_2010-2021'!$R:$R,'Rec_raw_catch_effort_2010-2021'!$J:$J,'Data_For_Appx_Table_C-4'!$A44,'Rec_raw_catch_effort_2010-2021'!$L:$L,'Data_For_Appx_Table_C-4'!$B44,'Rec_raw_catch_effort_2010-2021'!$E:$E,'Data_For_Appx_Table_C-4'!$E$4,'Rec_raw_catch_effort_2010-2021'!$S:$S,'Data_For_Appx_Table_C-4'!E$3) -> 1514.2622 | F44: =SUMIFS('Rec_raw_catch_effort_2010-2021'!$Q:$Q,'Rec_raw_catch_effort_2010-2021'!$J:$J,'Data_For_Appx_Table_C-4'!$A44,'Rec_raw_catch_effort_2010-2021'!$L:$L,'Data_For_Appx_Table_C-4'!$B44,'Rec_raw_catch_effort_2010-2021'!$E:$E,'Data_For_Appx_Table_C-4'!$F$4,'Rec_raw_catch_effort_2010-2021'!$S:$S,'Data_For_Appx_Table_C-4'!F$3) -> 72.358439
A45: 2Central Puget Sound | B45: 12Jefferson | C45: =SUMIFS('Rec_raw_catch_effort_2010-2021'!$R:$R,'Rec_raw_catch_effort_2010-2021'!$J:$J,'Data_For_Appx_Table_C-4'!$A45,'Rec_raw_catch_effort_2010-2021'!$L:$L,'Data_For_Appx_Table_C-4'!$B45,'Rec_raw_catch_effort_2010-2021'!$E:$E,'Data_For_Appx_Table_C-4'!$C$4,'Rec_raw_catch_effort_2010-2021'!$S:$S,'Data_For_Appx_Table_C-4'!C$3) -> 46695.95 | D45: =SUMIFS('Rec_raw_catch_effort_2010-2021'!$Q:$Q,'Rec_raw_catch_effort_2010-2021'!$J:$J,'Data_For_Appx_Table_C-4'!$A45,'Rec_raw_catch_effort_2010-2021'!$L:$L,'Data_For_Appx_Table_C-4'!$B45,'Rec_raw_catch_effort_2010-2021'!$E:$E,'Data_For_Appx_Table_C-4'!$D$4,'Rec_raw_catch_effort_2010-2021'!$S:$S,'Data_For_Appx_Table_C-4'!D$3) -> 21743.742 | E45: =SUMIFS('Rec_raw_catch_effort_2010-2021'!$R:$R,'Rec_raw_catch_effort_2010-2021'!$J:$J,'Data_For_Appx_Table_C-4'!$A45,'Rec_raw_catch_effort_2010-2021'!$L:$L,'Data_For_Appx_Table_C-4'!$B45,'Rec_raw_catch_effort_2010-2021'!$E:$E,'Data_For_Appx_Table_C-4'!$E$4,'Rec_raw_catch_effort_2010-2021'!$S:$S,'Data_For_Appx_Table_C-4'!E$3) -> 89.99734 | F45: =SUMIFS('Rec_raw_catch_effort_2010-2021'!$Q:$Q,'Rec_raw_catch_effort_2010-2021'!$J:$J,'Data_For_Appx_Table_C-4'!$A45,'Rec_raw_catch_effort_2010-2021'!$L:$L,'Data_For_Appx_Table_C-4'!$B45,'Rec_raw_catch_effort_2010-2021'!$E:$E,'Data_For_Appx_Table_C-4'!$F$4,'Rec_raw_catch_effort_2010-2021'!$S:$S,'Data_For_Appx_Table_C-4'!F$3) -> 18.744452
A46: 2Central Puget Sound | B46: 20Other | C46: =SUMIFS('Rec_raw_catch_effort_2010-2021'!$R:$R,'Rec_raw_catch_effort_2010-2021'!$J:$J,'Data_For_Appx_Table_C-4'!$A46,'Rec_raw_catch_effort_2010-2021'!$L:$L,'Data_For_Appx_Table_C-4'!$B46,'Rec_raw_catch_effort_2010-2021'!$E:$E,'Data_For_Appx_Table_C-4'!$C$4,'Rec_raw_catch_effort_2010-2021'!$S:$S,'Data_For_Appx_Table_C-4'!C$3) -> 223010.2 | D46: =SUMIFS('Rec_raw_catch_effort_2010-2021'!$Q:$Q,'Rec_raw_catch_effort_2010-2021'!$J:$J,'Data_For_Appx_Table_C-4'!$A46,'Rec_raw_catch_effort_2010-2021'!$L:$L,'Data_For_Appx_Table_C-4'!$B46,'Rec_raw_catch_effort_2010-2021'!$E:$E,'Data_For_Appx_Table_C-4'!$D$4,'Rec_raw_catch_effort_2010-2021'!$S:$S,'Data_For_Appx_Table_C-4'!D$3) -> 85843.353 | E46: =SUMIFS('Rec_raw_catch_effort_2010-2021'!$R:$R,'Rec_raw_catch_effort_2010-2021'!$J:$J,'Data_For_Appx_Table_C-4'!$A46,'Rec_raw_catch_effort_2010-2021'!$L:$L,'Data_For_Appx_Table_C-4'!$B46,'Rec_raw_catch_effort_2010-2021'!$E:$E,'Data_For_Appx_Table_C-4'!$E$4,'Rec_raw_catch_effort_2010-2021'!$S:$S,'Data_For_Appx_Table_C-4'!E$3) -> 22307.496 | F46: =SUMIFS('Rec_raw_catch_effort_2010-2021'!$Q:$Q,'Rec_raw_catch_effort_2010-2021'!$J:$J,'Data_For_Appx_Table_C-4'!$A46,'Rec_raw_catch_effort_2010-2021'!$L:$L,'Data_For_Appx_Table_C-4'!$B46,'Rec_raw_catch_effort_2010-2021'!$E:$E,'Data_For_Appx_Table_C-4'!$F$4,'Rec_raw_catch_effort_2010-2021'!$S:$S,'Data_For_Appx_Table_C-4'!F$3) -> 1114.7648
A47: 2Central Puget Sound Total | C47: =SUM(C34:C46) -> 3073966.5 | D47: =SUM(D34:D46) -> 1106595.6 | E47: =SUM(E34:E46) -> 1077498.7 | F47: =SUM(F34:F46) -> 52327.195
A48: 3South Puget Sound | B48: 01Whatcom | C48: =SUMIFS('Rec_raw_catch_effort_2010-2021'!$R:$R,'Rec_raw_catch_effort_2010-2021'!$J:$J,'Data_For_Appx_Table_C-4'!$A48,'Rec_raw_catch_effort_2010-2021'!$L:$L,'Data_For_Appx_Table_C-4'!$B48,'Rec_raw_catch_effort_2010-2021'!$E:$E,'Data_For_Appx_Table_C-4'!$C$4,'Rec_raw_catch_effort_2010-2021'!$S:$S,'Data_For_Appx_Table_C-4'!C$3) -> 3881.3163 | D48: =SUMIFS('Rec_raw_catch_effort_2010-2021'!$Q:$Q,'Rec_raw_catch_effort_2010-2021'!$J:$J,'Data_For_Appx_Table_C-4'!$A48,'Rec_raw_catch_effort_2010-2021'!$L:$L,'Data_For_Appx_Table_C-4'!$B48,'Rec_raw_catch_effort_2010-2021'!$E:$E,'Data_For_Appx_Table_C-4'!$D$4,'Rec_raw_catch_effort_2010-2021'!$S:$S,'Data_For_Appx_Table_C-4'!D$3) -> 1210.5081 | E48: =SUMIFS('Rec_raw_catch_effort_2010-2021'!$R:$R,'Rec_raw_catch_effort_2010-2021'!$J:$J,'Data_For_Appx_Table_C-4'!$A48,'Rec_raw_catch_effort_2010-2021'!$L:$L,'Data_For_Appx_Table_C-4'!$B48,'Rec_raw_catch_effort_2010-2021'!$E:$E,'Data_For_Appx_Table_C-4'!$E$4,'Rec_raw_catch_effort_2010-2021'!$S:$S,'Data_For_Appx_Table_C-4'!E$3) -> 147.77192 | F48: =SUMIFS('Rec_raw_catch_effort_2010-2021'!$Q:$Q,'Rec_raw_catch_effort_2010-2021'!$J:$J,'Data_For_Appx_Table_C-4'!$A48,'Rec_raw_catch_effort_2010-2021'!$L:$L,'Data_For_Appx_Table_C-4'!$B48,'Rec_raw_catch_effort_2010-2021'!$E:$E,'Data_For_Appx_Table_C-4'!$F$4,'Rec_raw_catch_effort_2010-2021'!$S:$S,'Data_For_Appx_Table_C-4'!F$3) -> 7.0612245
A49: 3South Puget Sound | B49: 02Skagit | C49: =SUMIFS('Rec_raw_catch_effort_2010-2021'!$R:$R,'Rec_raw_catch_effort_2010-2021'!$J:$J,'Data_For_Appx_Table_C-4'!$A49,'Rec_raw_catch_effort_2010-2021'!$L:$L,'Data_For_Appx_Table_C-4'!$B49,'Rec_raw_catch_effort_2010-2021'!$E:$E,'Data_For_Appx_Table_C-4'!$C$4,'Rec_raw_catch_effort_2010-2021'!$S:$S,'Data_For_Appx_Table_C-4'!C$3) -> 4640.2372 | D49: =SUMIFS('Rec_raw_catch_effort_2010-2021'!$Q:$Q,'Rec_raw_catch_effort_2010-2021'!$J:$J,'Data_For_Appx_Table_C-4'!$A49,'Rec_raw_catch_effort_2010-2021'!$L:$L,'Data_For_Appx_Table_C-4'!$B49,'Rec_raw_catch_effort_2010-2021'!$E:$E,'Data_For_Appx_Table_C-4'!$D$4,'Rec_raw_catch_effort_2010-2021'!$S:$S,'Data_For_Appx_Table_C-4'!D$3) -> 1551.0541 | E49: =SUMIFS('Rec_raw_catch_effort_2010-2021'!$R:$R,'Rec_raw_catch_effort_2010-2021'!$J:$J,'Data_For_Appx_Table_C-4'!$A49,'Rec_raw_catch_effort_2010-2021'!$L:$L,'Data_For_Appx_Table_C-4'!$B49,'Rec_raw_catch_effort_2010-2021'!$E:$E,'Data_For_Appx_Table_C-4'!$E$4,'Rec_raw_catch_effort_2010-2021'!$S:$S,'Data_For_Appx_Table_C-4'!E$3) -> 0 | F49: =SUMIFS('Rec_raw_catch_effort_2010-2021'!$Q:$Q,'Rec_raw_catch_effort_2010-2021'!$J:$J,'Data_For_Appx_Table_C-4'!$A49,'Rec_raw_catch_effort_2010-2021'!$L:$L,'Data_For_Appx_Table_C-4'!$B49,'Rec_raw_catch_effort_2010-2021'!$E:$E,'Data_For_Appx_Table_C-4'!$F$4,'Rec_raw_catch_effort_2010-2021'!$S:$S,'Data_For_Appx_Table_C-4'!F$3) -> 0
A50: 3South Puget Sound | B50: 03Snohomish | C50: =SUMIFS('Rec_raw_catch_effort_2010-2021'!$R:$R,'Rec_raw_catch_effort_2010-2021'!$J:$J,'Data_For_Appx_Table_C-4'!$A50,'Rec_raw_catch_effort_2010-2021'!$L:$L,'Data_For_Appx_Table_C-4'!$B50,'Rec_raw_catch_effort_2010-2021'!$E:$E,'Data_For_Appx_Table_C-4'!$C$4,'Rec_raw_catch_effort_2010-2021'!$S:$S,'Data_For_Appx_Table_C-4'!C$3) -> 120089.96 | D50: =SUMIFS('Rec_raw_catch_effort_2010-2021'!$Q:$Q,'Rec_raw_catch_effort_2010-2021'!$J:$J,'Data_For_Appx_Table_C-4'!$A50,'Rec_raw_catch_effort_2010-2021'!$L:$L,'Data_For_Appx_Table_C-4'!$B50,'Rec_raw_catch_effort_2010-2021'!$E:$E,'Data_For_Appx_Table_C-4'!$D$4,'Rec_raw_catch_effort_2010-2021'!$S:$S,'Data_For_Appx_Table_C-4'!D$3) -> 53570.384 | E50: =SUMIFS('Rec_raw_catch_effort_2010-2021'!$R:$R,'Rec_raw_catch_effort_2010-2021'!$J:$J,'Data_For_Appx_Table_C-4'!$A50,'Rec_raw_catch_effort_2010-2021'!$L:$L,'Data_For_Appx_Table_C-4'!$B50,'Rec_raw_catch_effort_2010-2021'!$E:$E,'Data_For_Appx_Table_C-4'!$E$4,'Rec_raw_catch_effort_2010-2021'!$S:$S,'Data_For_Appx_Table_C-4'!E$3) -> 777.28973 | F50: =SUMIFS('Rec_raw_catch_effort_2010-2021'!$Q:$Q,'Rec_raw_catch_effort_2010-2021'!$J:$J,'Data_For_Appx_Table_C-4'!$A50,'Rec_raw_catch_effort_2010-2021'!$L:$L,'Data_For_Appx_Table_C-4'!$B50,'Rec_raw_catch_effort_2010-2021'!$E:$E,'Data_For_Appx_Table_C-4'!$F$4,'Rec_raw_catch_effort_2010-2021'!$S:$S,'Data_For_Appx_Table_C-4'!F$3) -> 37.142491
A51: 3South Puget Sound | B51: 04Island | C51: =SUMIFS('Rec_raw_catch_effort_2010-2021'!$R:$R,'Rec_raw_catch_effort_2010-2021'!$J:$J,'Data_For_Appx_Table_C-4'!$A51,'Rec_raw_catch_effort_2010-2021'!$L:$L,'Data_For_Appx_Table_C-4'!$B51,'Rec_raw_catch_effort_2010-2021'!$E:$E,'Data_For_Appx_Table_C-4'!$C$4,'Rec_raw_catch_effort_2010-2021'!$S:$S,'Data_For_Appx_Table_C-4'!C$3) -> 4789.5684 | D51: =SUMIFS('Rec_raw_catch_effort_2010-2021'!$Q:$Q,'Rec_raw_catch_effort_2010-2021'!$J:$J,'Data_For_Appx_Table_C-4'!$A51,'Rec_raw_catch_effort_2010-2021'!$L:$L,'Data_For_Appx_Table_C-4'!$B51,'Rec_raw_catch_effort_2010-2021'!$E:$E,'Data_For_Appx_Table_C-4'!$D$4,'Rec_raw_catch_effort_2010-2021'!$S:$S,'Data_For_Appx_Table_C-4'!D$3) -> 1958.3236 | E51: =SUMIFS('Rec_raw_catch_effort_2010-2021'!$R:$R,'Rec_raw_catch_effort_2010-2021'!$J:$J,'Data_For_Appx_Table_C-4'!$A51,'Rec_raw_catch_effort_2010-2021'!$L:$L,'Data_For_Appx_Table_C-4'!$B51,'Rec_raw_catch_effort_2010-2021'!$E:$E,'Data_For_Appx_Table_C-4'!$E$4,'Rec_raw_catch_effort_2010-2021'!$S:$S,'Data_For_Appx_Table_C-4'!E$3) -> 0 | F51: =SUMIFS('Rec_raw_catch_effort_2010-2021'!$Q:$Q,'Rec_raw_catch_effort_2010-2021'!$J:$J,'Data_For_Appx_Table_C-4'!$A51,'Rec_raw_catch_effort_2010-2021'!$L:$L,'Data_For_Appx_Table_C-4'!$B51,'Rec_raw_catch_effort_2010-2021'!$E:$E,'Data_For_Appx_Table_C-4'!$F$4,'Rec_raw_catch_effort_2010-2021'!$S:$S,'Data_For_Appx_Table_C-4'!F$3) -> 0
A52: 3South Puget Sound | B52: 05San Juan | C52: =SUMIFS('Rec_raw_catch_effort_2010-2021'!$R:$R,'Rec_raw_catch_effort_2010-2021'!$J:$J,'Data_For_Appx_Table_C-4'!$A52,'Rec_raw_catch_effort_2010-2021'!$L:$L,'Data_For_Appx_Table_C-4'!$B52,'Rec_raw_catch_effort_2010-2021'!$E:$E,'Data_For_Appx_Table_C-4'!$C$4,'Rec_raw_catch_effort_2010-2021'!$S:$S,'Data_For_Appx_Table_C-4'!C$3) -> 539.49257 | D52: =SUMIFS('Rec_raw_catch_effort_2010-2021'!$Q:$Q,'Rec_raw_catch_effort_2010-2021'!$J:$J,'Data_For_Appx_Table_C-4'!$A52,'Rec_raw_catch_effort_2010-2021'!$L:$L,'Data_For_Appx_Table_C-4'!$B52,'Rec_raw_catch_effort_2010-2021'!$E:$E,'Data_For_Appx_Table_C-4'!$D$4,'Rec_raw_catch_effort_2010-2021'!$S:$S,'Data_For_Appx_Table_C-4'!D$3) -> 253.56277 | E52: =SUMIFS('Rec_raw_catch_effort_2010-2021'!$R:$R,'Rec_raw_catch_effort_2010-2021'!$J:$J,'Data_For_Appx_Table_C-4'!$A52,'Rec_raw_catch_effort_2010-2021'!$L:$L,'Data_For_Appx_Table_C-4'!$B52,'Rec_raw_catch_effort_2010-2021'!$E:$E,'Data_For_Appx_Table_C-4'!$E$4,'Rec_raw_catch_effort_2010-2021'!$S:$S,'Data_For_Appx_Table_C-4'!E$3) -> 0 | F52: =SUMIFS('Rec_raw_catch_effort_2010-2021'!$Q:$Q,'Rec_raw_catch_effort_2010-2021'!$J:$J,'Data_For_Appx_Table_C-4'!$A52,'Rec_raw_catch_effort_2010-2021'!$L:$L,'Data_For_Appx_Table_C-4'!$B52,'Rec_raw_catch_effort_2010-2021'!$E:$E,'Data_For_Appx_Table_C-4'!$F$4,'Rec_raw_catch_effort_2010-2021'!$S:$S,'Data_For_Appx_Table_C-4'!F$3) -> 0
A53: 3South Puget Sound | B53: 06King | C53: =SUMIFS('Rec_raw_catch_effort_2010-2021'!$R:$R,'Rec_raw_catch_effort_2010-2021'!$J:$J,'Data_For_Appx_Table_C-4'!$A53,'Rec_raw_catch_effort_2010-2021'!$L:$L,'Data_For_Appx_Table_C-4'!$B53,'Rec_raw_catch_effort_2010-2021'!$E:$E,'Data_For_Appx_Table_C-4'!$C$4,'Rec_raw_catch_effort_2010-2021'!$S:$S,'Data_For_Appx_Table_C-4'!C$3) -> 1508814 | D53: =SUMIFS('Rec_raw_catch_effort_2010-2021'!$Q:$Q,'Rec_raw_catch_effort_2010-2021'!$J:$J,'Data_For_Appx_Table_C-4'!$A53,'Rec_raw_catch_effort_2010-2021'!$L:$L,'Data_For_Appx_Table_C-4'!$B53,'Rec_raw_catch_effort_2010-2021'!$E:$E,'Data_For_Appx_Table_C-4'!$D$4,'Rec_raw_catch_effort_2010-2021'!$S:$S,'Data_For_Appx_Table_C-4'!D$3) -> 459806.17 | E53: =SUMIFS('Rec_raw_catch_effort_2010-2021'!$R:$R,'Rec_raw_catch_effort_2010-2021'!$J:$J,'Data_For_Appx_Table_C-4'!$A53,'Rec_raw_catch_effort_2010-2021'!$L:$L,'Data_For_Appx_Table_C-4'!$B53,'Rec_raw_catch_effort_2010-2021'!$E:$E,'Data_For_Appx_Table_C-4'!$E$4,'Rec_raw_catch_effort_2010-2021'!$S:$S,'Data_For_Appx_Table_C-4'!E$3) -> 57733.525 | F53: =SUMIFS('Rec_raw_catch_effort_2010-2021'!$Q:$Q,'Rec_raw_catch_effort_2010-2021'!$J:$J,'Data_For_Appx_Table_C-4'!$A53,'Rec_raw_catch_effort_2010-2021'!$L:$L,'Data_For_Appx_Table_C-4'!$B53,'Rec_raw_catch_effort_2010-2021'!$E:$E,'Data_For_Appx_Table_C-4'!$F$4,'Rec_raw_catch_effort_2010-2021'!$S:$S,'Data_For_Appx_Table_C-4'!F$3) -> 2758.7743
A54: 3South Puget Sound | B54: 07Pierce | C54: =SUMIFS('Rec_raw_catch_effort_2010-2021'!$R:$R,'Rec_raw_catch_effort_2010-2021'!$J:$J,'Data_For_Appx_Table_C-4'!$A54,'Rec_raw_catch_effort_2010-2021'!$L:$L,'Data_For_Appx_Table_C-4'!$B54,'Rec_raw_catch_effort_2010-2021'!$E:$E,'Data_For_Appx_Table_C-4'!$C$4,'Rec_raw_catch_effort_2010-2021'!$S:$S,'Data_For_Appx_Table_C-4'!C$3) -> 1633358.6 | D54: =SUMIFS('Rec_raw_catch_effort_2010-2021'!$Q:$Q,'Rec_raw_catch_effort_2010-2021'!$J:$J,'Data_For_Appx_Table_C-4'!$A54,'Rec_raw_catch_effort_2010-2021'!$L:$L,'Data_For_Appx_Table_C-4'!$B54,'Rec_raw_catch_effort_2010-2021'!$E:$E,'Data_For_Appx_Table_C-4'!$D$4,'Rec_raw_catch_effort_2010-2021'!$S:$S,'Data_For_Appx_Table_C-4'!D$3) -> 426539.2 | E54: =SUMIFS('Rec_raw_catch_effort_2010-2021'!$R:$R,'Rec_raw_catch_effort_2010-2021'!$J:$J,'Data_For_Appx_Table_C-4'!$A54,'Rec_raw_catch_effort_2010-2021'!$L:$L,'Data_For_Appx_Table_C-4'!$B54,'Rec_raw_catch_effort_2010-2021'!$E:$E,'Data_For_Appx_Table_C-4'!$E$4,'Rec_raw_catch_effort_2010-2021'!$S:$S,'Data_For_Appx_Table_C-4'!E$3) -> 21660.548 | F54: =SUMIFS('Rec_raw_catch_effort_2010-2021'!$Q:$Q,'Rec_raw_catch_effort_2010-2021'!$J:$J,'Data_For_Appx_Table_C-4'!$A54,'Rec_raw_catch_effort_2010-2021'!$L:$L,'Data_For_Appx_Table_C-4'!$B54,'Rec_raw_catch_effort_2010-2021'!$E:$E,'Data_For_Appx_Table_C-4'!$F$4,'Rec_raw_catch_effort_2010-2021'!$S:$S,'Data_For_Appx_Table_C-4'!F$3) -> 1035.041
A55: 3South Puget Sound | B55: 08Thurston | C55: =SUMIFS('Rec_raw_catch_effort_2010-2021'!$R:$R,'Rec_raw_catch_effort_2010-2021'!$J:$J,'Data_For_Appx_Table_C-4'!$A55,'Rec_raw_catch_effort_2010-2021'!$L:$L,'Data_For_Appx_Table_C-4'!$B55,'Rec_raw_catch_effort_2010-2021'!$E:$E,'Data_For_Appx_Table_C-4'!$C$4,'Rec_raw_catch_effort_2010-2021'!$S:$S,'Data_For_Appx_Table_C-4'!C$3) -> 326086.57 | D55: =SUMIFS('Rec_raw_catch_effort_2010-2021'!$Q:$Q,'Rec_raw_catch_effort_2010-2021'!$J:$J,'Data_For_Appx_Table_C-4'!$A55,'Rec_raw_catch_effort_2010-2021'!$L:$L,'Data_For_Appx_Table_C-4'!$B55,'Rec_raw_catch_effort_2010-2021'!$E:$E,'Data_For_Appx_Table_C-4'!$D$4,'Rec_raw_catch_effort_2010-2021'!$S:$S,'Data_For_Appx_Table_C-4'!D$3) -> 80714.418 | E55: =SUMIFS('Rec_raw_catch_effort_2010-2021'!$R:$R,'Rec_raw_catch_effort_2010-2021'!$J:$J,'Data_For_Appx_Table_C-4'!$A55,'Rec_raw_catch_effort_2010-2021'!$L:$L,'Data_For_Appx_Table_C-4'!$B55,'Rec_raw_catch_effort_2010-2021'!$E:$E,'Data_For_Appx_Table_C-4'!$E$4,'Rec_raw_catch_effort_2010-2021'!$S:$S,'Data_For_Appx_Table_C-4'!E$3) -> 446.02704 | F55: =SUMIFS('Rec_raw_catch_effort_2010-2021'!$Q:$Q,'Rec_raw_catch_effort_2010-2021'!$J:$J,'Data_For_Appx_Table_C-4'!$A55,'Rec_raw_catch_effort_2010-2021'!$L:$L,'Data_For_Appx_Table_C-4'!$B55,'Rec_raw_catch_effort_2010-2021'!$E:$E,'Data_For_Appx_Table_C-4'!$F$4,'Rec_raw_catch_effort_2010-2021'!$S:$S,'Data_For_Appx_Table_C-4'!F$3) -> 21.313231
A56: 3South Puget Sound | B56: 09Mason | C56: =SUMIFS('Rec_raw_catch_effort_2010-2021'!$R:$R,'Rec_raw_catch_effort_2010-2021'!$J:$J,'Data_For_Appx_Table_C-4'!$A56,'Rec_raw_catch_effort_2010-2021'!$L:$L,'Data_For_Appx_Table_C-4'!$B56,'Rec_raw_catch_effort_2010-2021'!$E:$E,'Data_For_Appx_Table_C-4'!$C$4,'Rec_raw_catch_effort_2010-2021'!$S:$S,'Data_For_Appx_Table_C-4'!C$3) -> 38550.212 | D56: =SUMIFS('Rec_raw_catch_effort_2010-2021'!$Q:$Q,'Rec_raw_catch_effort_2010-2021'!$J:$J,'Data_For_Appx_Table_C-4'!$A56,'Rec_raw_catch_effort_2010-2021'!$L:$L,'Data_For_Appx_Table_C-4'!$B56,'Rec_raw_catch_effort_2010-2021'!$E:$E,'Data_For_Appx_Table_C-4'!$D$4,'Rec_raw_catch_effort_2010-2021'!$S:$S,'Data_For_Appx_Table_C-4'!D$3) -> 8804.8715 | E56: =SUMIFS('Rec_raw_catch_effort_2010-2021'!$R:$R,'Rec_raw_catch_effort_2010-2021'!$J:$J,'Data_For_Appx_Table_C-4'!$A56,'Rec_raw_catch_effort_2010-2021'!$L:$L,'Data_For_Appx_Table_C-4'!$B56,'Rec_raw_catch_effort_2010-2021'!$E:$E,'Data_For_Appx_Table_C-4'!$E$4,'Rec_raw_catch_effort_2010-2021'!$S:$S,'Data_For_Appx_Table_C-4'!E$3) -> 0 | F56: =SUMIFS('Rec_raw_catch_effort_2010-2021'!$Q:$Q,'Rec_raw_catch_effort_2010-2021'!$J:$J,'Data_For_Appx_Table_C-4'!$A56,'Rec_raw_catch_effort_2010-2021'!$L:$L,'Data_For_Appx_Table_C-4'!$B56,'Rec_raw_catch_effort_2010-2021'!$E:$E,'Data_For_Appx_Table_C-4'!$F$4,'Rec_raw_catch_effort_2010-2021'!$S:$S,'Data_For_Appx_Table_C-4'!F$3) -> 0
A57: 3South Puget Sound | B57: 10Kitsap | C57: =SUMIFS('Rec_raw_catch_effort_2010-2021'!$R:$R,'Rec_raw_catch_effort_2010-2021'!$J:$J,'Data_For_Appx_Table_C-4'!$A57,'Rec_raw_catch_effort_2010-2021'!$L:$L,'Data_For_Appx_Table_C-4'!$B57,'Rec_raw_catch_effort_2010-2021'!$E:$E,'Data_For_Appx_Table_C-4'!$C$4,'Rec_raw_catch_effort_2010-2021'!$S:$S,'Data_For_Appx_Table_C-4'!C$3) -> 131877.61 | D57: =SUMIFS('Rec_raw_catch_effort_2010-2021'!$Q:$Q,'Rec_raw_catch_effort_2010-2021'!$J:$J,'Data_For_Appx_Table_C-4'!$A57,'Rec_raw_catch_effort_2010-2021'!$L:$L,'Data_For_Appx_Table_C-4'!$B57,'Rec_raw_catch_effort_2010-2021'!$E:$E,'Data_For_Appx_Table_C-4'!$D$4,'Rec_raw_catch_effort_2010-2021'!$S:$S,'Data_For_Appx_Table_C-4'!D$3) -> 47021.264 | E57: =SUMIFS('Rec_raw_catch_effort_2010-2021'!$R:$R,'Rec_raw_catch_effort_2010-2021'!$J:$J,'Data_For_Appx_Table_C-4'!$A57,'Rec_raw_catch_effort_2010-2021'!$L:$L,'Data_For_Appx_Table_C-4'!$B57,'Rec_raw_catch_effort_2010-2021'!$E:$E,'Data_For_Appx_Table_C-4'!$E$4,'Rec_raw_catch_effort_2010-2021'!$S:$S,'Data_For_Appx_Table_C-4'!E$3) -> 77.840224 | F57: =SUMIFS('Rec_raw_catch_effort_2010-2021'!$Q:$Q,'Rec_raw_catch_effort_2010-2021'!$J:$J,'Data_For_Appx_Table_C-4'!$A57,'Rec_raw_catch_effort_2010-2021'!$L:$L,'Data_For_Appx_Table_C-4'!$B57,'Rec_raw_catch_effort_2010-2021'!$E:$E,'Data_For_Appx_Table_C-4'!$F$4,'Rec_raw_catch_effort_2010-2021'!$S:$S,'Data_For_Appx_Table_C-4'!F$3) -> 3.7195652
A58: 3South Puget Sound | B58: 11Clallam | C58: =SUMIFS('Rec_raw_catch_effort_2010-2021'!$R:$R,'Rec_raw_catch_effort_2010-2021'!$J:$J,'Data_For_Appx_Table_C-4'!$A58,'Rec_raw_catch_effort_2010-2021'!$L:$L,'Data_For_Appx_Table_C-4'!$B58,'Rec_raw_catch_effort_2010-2021'!$E:$E,'Data_For_Appx_Table_C-4'!$C$4,'Rec_raw_catch_effort_2010-2021'!$S:$S,'Data_For_Appx_Table_C-4'!C$3) -> 2641.592 | D58: =SUMIFS('Rec_raw_catch_effort_2010-2021'!$Q:$Q,'Rec_raw_catch_effort_2010-2021'!$J:$J,'Data_For_Appx_Table_C-4'!$A58,'Rec_raw_catch_effort_2010-2021'!$L:$L,'Data_For_Appx_Table_C-4'!$B58,'Rec_raw_catch_effort_2010-2021'!$E:$E,'Data_For_Appx_Table_C-4'!$D$4,'Rec_raw_catch_effort_2010-2021'!$S:$S,'Data_For_Appx_Table_C-4'!D$3) -> 756.53791 | E58: =SUMIFS('Rec_raw_catch_effort_2010-2021'!$R:$R,'Rec_raw_catch_effort_2010-2021'!$J:$J,'Data_For_Appx_Table_C-4'!$A58,'Rec_raw_catch_effort_2010-2021'!$L:$L,'Data_For_Appx_Table_C-4'!$B58,'Rec_raw_catch_effort_2010-2021'!$E:$E,'Data_For_Appx_Table_C-4'!$E$4,'Rec_raw_catch_effort_2010-2021'!$S:$S,'Data_For_Appx_Table_C-4'!E$3) -> 83.222269 | F58: =SUMIFS('Rec_raw_catch_effort_2010-2021'!$Q:$Q,'Rec_raw_catch_effort_2010-2021'!$J:$J,'Data_For_Appx_Table_C-4'!$A58,'Rec_raw_catch_effort_2010-2021'!$L:$L,'Data_For_Appx_Table_C-4'!$B58,'Rec_raw_catch_effort_2010-2021'!$E:$E,'Data_For_Appx_Table_C-4'!$F$4,'Rec_raw_catch_effort_2010-2021'!$S:$S,'Data_For_Appx_Table_C-4'!F$3) -> 3.9767442
A59: 3South Puget Sound | B59: 12Jefferson | C59: =SUMIFS('Rec_raw_catch_effort_2010-2021'!$R:$R,'Rec_raw_catch_effort_2010-2021'!$J:$J,'Data_For_Appx_Table_C-4'!$A59,'Rec_raw_catch_effort_2010-2021'!$L:$L,'Data_For_Appx_Table_C-4'!$B59,'Rec_raw_catch_effort_2010-2021'!$E:$E,'Data_For_Appx_Table_C-4'!$C$4,'Rec_raw_catch_effort_2010-2021'!$S:$S,'Data_For_Appx_Table_C-4'!C$3) -> 2250.928 | D59: =SUMIFS('Rec_raw_catch_effort_2010-2021'!$Q:$Q,'Rec_raw_catch_effort_2010-2021'!$J:$J,'Data_For_Appx_Table_C-4'!$A59,'Rec_raw_catch_effort_2010-2021'!$L:$L,'Data_For_Appx_Table_C-4'!$B59,'Rec_raw_catch_effort_2010-2021'!$E:$E,'Data_For_Appx_Table_C-4'!$D$4,'Rec_raw_catch_effort_2010-2021'!$S:$S,'Data_For_Appx_Table_C-4'!D$3) -> 984.0117 | E59: =SUMIFS('Rec_raw_catch_effort_2010-2021'!$R:$R,'Rec_raw_catch_effort_2010-2021'!$J:$J,'Data_For_Appx_Table_C-4'!$A59,'Rec_raw_catch_effort_2010-2021'!$L:$L,'Data_For_Appx_Table_C-4'!$B59,'Rec_raw_catch_effort_2010-2021'!$E:$E,'Data_For_Appx_Table_C-4'!$E$4,'Rec_raw_catch_effort_2010-2021'!$S:$S,'Data_For_Appx_Table_C-4'!E$3) -> 0 | F59: =SUMIFS('Rec_raw_catch_effort_2010-2021'!$Q:$Q,'Rec_raw_catch_effort_2010-2021'!$J:$J,'Data_For_Appx_Table_C-4'!$A59,'Rec_raw_catch_effort_2010-2021'!$L:$L,'Data_For_Appx_Table_C-4'!$B59,'Rec_raw_catch_effort_2010-2021'!$E:$E,'Data_For_Appx_Table_C-4'!$F$4,'Rec_raw_catch_effort_2010-2021'!$S:$S,'Data_For_Appx_Table_C-4'!F$3) -> 0
A60: 3South Puget Sound | B60: 20Other | C60: =SUMIFS('Rec_raw_catch_effort_2010-2021'!$R:$R,'Rec_raw_catch_effort_2010-2021'!$J:$J,'Data_For_Appx_Table_C-4'!$A60,'Rec_raw_catch_effort_2010-2021'!$L:$L,'Data_For_Appx_Table_C-4'!$B60,'Rec_raw_catch_effort_2010-2021'!$E:$E,'Data_For_Appx_Table_C-4'!$C$4,'Rec_raw_catch_effort_2010-2021'!$S:$S,'Data_For_Appx_Table_C-4'!C$3) -> 222135.92 | D60: =SUMIFS('Rec_raw_catch_effort_2010-2021'!$Q:$Q,'Rec_raw_catch_effort_2010-2021'!$J:$J,'Data_For_Appx_Table_C-4'!$A60,'Rec_raw_catch_effort_2010-2021'!$L:$L,'Data_For_Appx_Table_C-4'!$B60,'Rec_raw_catch_effort_2010-2021'!$E:$E,'Data_For_Appx_Table_C-4'!$D$4,'Rec_raw_catch_effort_2010-2021'!$S:$S,'Data_For_Appx_Table_C-4'!D$3) -> 72604.291 | E60: =SUMIFS('Rec_raw_catch_effort_2010-2021'!$R:$R,'Rec_raw_catch_effort_2010-2021'!$J:$J,'Data_For_Appx_Table_C-4'!$A60,'Rec_raw_catch_effort_2010-2021'!$L:$L,'Data_For_Appx_Table_C-4'!$B60,'Rec_raw_catch_effort_2010-2021'!$E:$E,'Data_For_Appx_Table_C-4'!$E$4,'Rec_raw_catch_effort_2010-2021'!$S:$S,'Data_For_Appx_Table_C-4'!E$3) -> 2187.9088 | F60: =SUMIFS('Rec_raw_catch_effort_2010-2021'!$Q:$Q,'Rec_raw_catch_effort_2010-2021'!$J:$J,'Data_For_Appx_Table_C-4'!$A60,'Rec_raw_catch_effort_2010-2021'!$L:$L,'Data_For_Appx_Table_C-4'!$B60,'Rec_raw_catch_effort_2010-2021'!$E:$E,'Data_For_Appx_Table_C-4'!$F$4,'Rec_raw_catch_effort_2010-2021'!$S:$S,'Data_For_Appx_Table_C-4'!F$3) -> 104.54838
A61: 3South Puget Sound Total | C61: =SUM(C48:C60) -> 3999656 | D61: =SUM(D48:D60) -> 1155774.6 | E61: =SUM(E48:E60) -> 83114.133 | F61: =SUM(F48:F60) -> 3971.5769
A62: 4 Hood Canal | B62: 01Whatcom | C62: =SUMIFS('Rec_raw_catch_effort_2010-2021'!$R:$R,'Rec_raw_catch_effort_2010-2021'!$J:$J,'Data_For_Appx_Table_C-4'!$A62,'Rec_raw_catch_effort_2010-2021'!$L:$L,'Data_For_Appx_Table_C-4'!$B62,'Rec_raw_catch_effort_2010-2021'!$E:$E,'Data_For_Appx_Table_C-4'!$C$4,'Rec_raw_catch_effort_2010-2021'!$S:$S,'Data_For_Appx_Table_C-4'!C$3) -> 525.89897 | D62: =SUMIFS('Rec_raw_catch_effort_2010-2021'!$Q:$Q,'Rec_raw_catch_effort_2010-2021'!$J:$J,'Data_For_Appx_Table_C-4'!$A62,'Rec_raw_catch_effort_2010-2021'!$L:$L,'Data_For_Appx_Table_C-4'!$B62,'Rec_raw_catch_effort_2010-2021'!$E:$E,'Data_For_Appx_Table_C-4'!$D$4,'Rec_raw_catch_effort_2010-2021'!$S:$S,'Data_For_Appx_Table_C-4'!D$3) -> 129.9902 | E62: =SUMIFS('Rec_raw_catch_effort_2010-2021'!$R:$R,'Rec_raw_catch_effort_2010-2021'!$J:$J,'Data_For_Appx_Table_C-4'!$A62,'Rec_raw_catch_effort_2010-2021'!$L:$L,'Data_For_Appx_Table_C-4'!$B62,'Rec_raw_catch_effort_2010-2021'!$E:$E,'Data_For_Appx_Table_C-4'!$E$4,'Rec_raw_catch_effort_2010-2021'!$S:$S,'Data_For_Appx_Table_C-4'!E$3) -> 0 | F62: =SUMIFS('Rec_raw_catch_effort_2010-2021'!$Q:$Q,'Rec_raw_catch_effort_2010-2021'!$J:$J,'Data_For_Appx_Table_C-4'!$A62,'Rec_raw_catch_effort_2010-2021'!$L:$L,'Data_For_Appx_Table_C-4'!$B62,'Rec_raw_catch_effort_2010-2021'!$E:$E,'Data_For_Appx_Table_C-4'!$F$4,'Rec_raw_catch_effort_2010-2021'!$S:$S,'Data_For_Appx_Table_C-4'!F$3) -> 0
A63: 4 Hood Canal | B63: 02Skagit | C63: =SUMIFS('Rec_raw_catch_effort_2010-2021'!$R:$R,'Rec_raw_catch_effort_2010-2021'!$J:$J,'Data_For_Appx_Table_C-4'!$A63,'Rec_raw_catch_effort_2010-2021'!$L:$L,'Data_For_Appx_Table_C-4'!$B63,'Rec_raw_catch_effort_2010-2021'!$E:$E,'Data_For_Appx_Table_C-4'!$C$4,'Rec_raw_catch_effort_2010-2021'!$S:$S,'Data_For_Appx_Table_C-4'!C$3) -> 610.86515 | D63: =SUMIFS('Rec_raw_catch_effort_2010-2021'!$Q:$Q,'Rec_raw_catch_effort_2010-2021'!$J:$J,'Data_For_Appx_Table_C-4'!$A63,'Rec_raw_catch_effort_2010-2021'!$L:$L,'Data_For_Appx_Table_C-4'!$B63,'Rec_raw_catch_effort_2010-2021'!$E:$E,'Data_For_Appx_Table_C-4'!$D$4,'Rec_raw_catch_effort_2010-2021'!$S:$S,'Data_For_Appx_Table_C-4'!D$3) -> 134.12209 | E63: =SUMIFS('Rec_raw_catch_effort_2010-2021'!$R:$R,'Rec_raw_catch_effort_2010-2021'!$J:$J,'Data_For_Appx_Table_C-4'!$A63,'Rec_raw_catch_effort_2010-2021'!$L:$L,'Data_For_Appx_Table_C-4'!$B63,'Rec_raw_catch_effort_2010-2021'!$E:$E,'Data_For_Appx_Table_C-4'!$E$4,'Rec_raw_catch_effort_2010-2021'!$S:$S,'Data_For_Appx_Table_C-4'!E$3) -> 0 | F63: =SUMIFS('Rec_raw_catch_effort_2010-2021'!$Q:$Q,'Rec_raw_catch_effort_2010-2021'!$J:$J,'Data_For_Appx_Table_C-4'!$A63,'Rec_raw_catch_effort_2010-2021'!$L:$L,'Data_For_Appx_Table_C-4'!$B63,'Rec_raw_catch_effort_2010-2021'!$E:$E,'Data_For_Appx_Table_C-4'!$F$4,'Rec_raw_catch_effort_2010-2021'!$S:$S,'Data_For_Appx_Table_C-4'!F$3) -> 0
A64: 4 Hood Canal | B64: 03Snohomish | C64: =SUMIFS('Rec_raw_catch_effort_2010-2021'!$R:$R,'Rec_raw_catch_effort_2010-2021'!$J:$J,'Data_For_Appx_Table_C-4'!$A64,'Rec_raw_catch_effort_2010-2021'!$L:$L,'Data_For_Appx_Table_C-4'!$B64,'Rec_raw_catch_effort_2010-2021'!$E:$E,'Data_For_Appx_Table_C-4'!$C$4,'Rec_raw_catch_effort_2010-2021'!$S:$S,'Data_For_Appx_Table_C-4'!C$3) -> 14015.593 | D64: =SUMIFS('Rec_raw_catch_effort_2010-2021'!$Q:$Q,'Rec_raw_catch_effort_2010-2021'!$J:$J,'Data_For_Appx_Table_C-4'!$A64,'Rec_raw_catch_effort_2010-2021'!$L:$L,'Data_For_Appx_Table_C-4'!$B64,'Rec_raw_catch_effort_2010-2021'!$E:$E,'Data_For_Appx_Table_C-4'!$D$4,'Rec_raw_catch_effort_2010-2021'!$S:$S,'Data_For_Appx_Table_C-4'!D$3) -> 3751.2345 | E64: =SUMIFS('Rec_raw_catch_effort_2010-2021'!$R:$R,'Rec_raw_catch_effort_2010-2021'!$J:$J,'Data_For_Appx_Table_C-4'!$A64,'Rec_raw_catch_effort_2010-2021'!$L:$L,'Data_For_Appx_Table_C-4'!$B64,'Rec_raw_catch_effort_2010-2021'!$E:$E,'Data_For_Appx_Table_C-4'!$E$4,'Rec_raw_catch_effort_2010-2021'!$S:$S,'Data_For_Appx_Table_C-4'!E$3) -> 0 | F64: =SUMIFS('Rec_raw_catch_effort_2010-2021'!$Q:$Q,'Rec_raw_catch_effort_2010-2021'!$J:$J,'Data_For_Appx_Table_C-4'!$A64,'Rec_raw_catch_effort_2010-2021'!$L:$L,'Data_For_Appx_Table_C-4'!$B64,'Rec_raw_catch_effort_2010-2021'!$E:$E,'Data_For_Appx_Table_C-4'!$F$4,'Rec_raw_catch_effort_2010-2021'!$S:$S,'Data_For_Appx_Table_C-4'!F$3) -> 0
A65: 4 Hood Canal | B65: 04Island | C65: =SUMIFS('Rec_raw_catch_effort_2010-2021'!$R:$R,'Rec_raw_catch_effort_2010-2021'!$J:$J,'Data_For_Appx_Table_C-4'!$A65,'Rec_raw_catch_effort_2010-2021'!$L:$L,'Data_For_Appx_Table_C-4'!$B65,'Rec_raw_catch_effort_2010-2021'!$E:$E,'Data_For_Appx_Table_C-4'!$C$4,'Rec_raw_catch_effort_2010-2021'!$S:$S,'Data_For_Appx_Table_C-4'!C$3) -> 1541.0348 | D65: =SUMIFS('Rec_raw_catch_effort_2010-2021'!$Q:$Q,'Rec_raw_catch_effort_2010-2021'!$J:$J,'Data_For_Appx_Table_C-4'!$A65,'Rec_raw_catch_effort_2010-2021'!$L:$L,'Data_For_Appx_Table_C-4'!$B65,'Rec_raw_catch_effort_2010-2021'!$E:$E,'Data_For_Appx_Table_C-4'!$D$4,'Rec_raw_catch_effort_2010-2021'!$S:$S,'Data_For_Appx_Table_C-4'!D$3) -> 377.96227 | E65: =SUMIFS('Rec_raw_catch_effort_2010-2021'!$R:$R,'Rec_raw_catch_effort_2010-2021'!$J:$J,'Data_For_Appx_Table_C-4'!$A65,'Rec_raw_catch_effort_2010-2021'!$L:$L,'Data_For_Appx_Table_C-4'!$B65,'Rec_raw_catch_effort_2010-2021'!$E:$E,'Data_For_Appx_Table_C-4'!$E$4,'Rec_raw_catch_effort_2010-2021'!$S:$S,'Data_For_Appx_Table_C-4'!E$3) -> 0 | F65: =SUMIFS('Rec_raw_catch_effort_2010-2021'!$Q:$Q,'Rec_raw_catch_effort_2010-2021'!$J:$J,'Data_For_Appx_Table_C-4'!$A65,'Rec_raw_catch_effort_2010-2021'!$L:$L,'Data_For_Appx_Table_C-4'!$B65,'Rec_raw_catch_effort_2010-2021'!$E:$E,'Data_For_Appx_Table_C-4'!$F$4,'Rec_raw_catch_effort_2010-2021'!$S:$S,'Data_For_Appx_Table_C-4'!F$3) -> 0
A66: 4 Hood Canal | B66: 05San Juan | C66: =SUMIFS('Rec_raw_catch_effort_2010-2021'!$R:$R,'Rec_raw_catch_effort_2010-2021'!$J:$J,'Data_For_Appx_Table_C-4'!$A66,'Rec_raw_catch_effort_2010-2021'!$L:$L,'Data_For_Appx_Table_C-4'!$B66,'Rec_raw_catch_effort_2010-2021'!$E:$E,'Data_For_Appx_Table_C-4'!$C$4,'Rec_raw_catch_effort_2010-2021'!$S:$S,'Data_For_Appx_Table_C-4'!C$3) -> 65.010157 | D66: =SUMIFS('Rec_raw_catch_effort_2010-2021'!$Q:$Q,'Rec_raw_catch_effort_2010-2021'!$J:$J,'Data_For_Appx_Table_C-4'!$A66,'Rec_raw_catch_effort_2010-2021'!$L:$L,'Data_For_Appx_Table_C-4'!$B66,'Rec_raw_catch_effort_2010-2021'!$E:$E,'Data_For_Appx_Table_C-4'!$D$4,'Rec_raw_catch_effort_2010-2021'!$S:$S,'Data_For_Appx_Table_C-4'!D$3) -> 13.952756 | E66: =SUMIFS('Rec_raw_catch_effort_2010-2021'!$R:$R,'Rec_raw_catch_effort_2010-2021'!$J:$J,'Data_For_Appx_Table_C-4'!$A66,'Rec_raw_catch_effort_2010-2021'!$L:$L,'Data_For_Appx_Table_C-4'!$B66,'Rec_raw_catch_effort_2010-2021'!$E:$E,'Data_For_Appx_Table_C-4'!$E$4,'Rec_raw_catch_effort_2010-2021'!$S:$S,'Data_For_Appx_Table_C-4'!E$3) -> 0 | F66: =SUMIFS('Rec_raw_catch_effort_2010-2021'!$Q:$Q,'Rec_raw_catch_effort_2010-2021'!$J:$J,'Data_For_Appx_Table_C-4'!$A66,'Rec_raw_catch_effort_2010-2021'!$L:$L,'Data_For_Appx_Table_C-4'!$B66,'Rec_raw_catch_effort_2010-2021'!$E:$E,'Data_For_Appx_Table_C-4'!$F$4,'Rec_raw_catch_effort_2010-2021'!$S:$S,'Data_For_Appx_Table_C-4'!F$3) -> 0
A67: 4 Hood Canal | B67: 06King | C67: =SUMIFS('Rec_raw_catch_effort_2010-2021'!$R:$R,'Rec_raw_catch_effort_2010-2021'!$J:$J,'Data_For_Appx_Table_C-4'!$A67,'Rec_raw_catch_effort_2010-2021'!$L:$L,'Data_For_Appx_Table_C-4'!$B67,'Rec_raw_catch_effort_2010-2021'!$E:$E,'Data_For_Appx_Table_C-4'!$C$4,'Rec_raw_catch_effort_2010-2021'!$S:$S,'Data_For_Appx_Table_C-4'!C$3) -> 93214.364 | D67: =SUMIFS('Rec_raw_catch_effort_2010-2021'!$Q:$Q,'Rec_raw_catch_effort_2010-2021'!$J:$J,'Data_For_Appx_Table_C-4'!$A67,'Rec_raw_catch_effort_2010-2021'!$L:$L,'Data_For_Appx_Table_C-4'!$B67,'Rec_raw_catch_effort_2010-2021'!$E:$E,'Data_For_Appx_Table_C-4'!$D$4,'Rec_raw_catch_effort_2010-2021'!$S:$S,'Data_For_Appx_Table_C-4'!D$3) -> 26881.285 | E67: =SUMIFS('Rec_raw_catch_effort_2010-2021'!$R:$R,'Rec_raw_catch_effort_2010-2021'!$J:$J,'Data_For_Appx_Table_C-4'!$A67,'Rec_raw_catch_effort_2010-2021'!$L:$L,'Data_For_Appx_Table_C-4'!$B67,'Rec_raw_catch_effort_2010-2021'!$E:$E,'Data_For_Appx_Table_C-4'!$E$4,'Rec_raw_catch_effort_2010-2021'!$S:$S,'Data_For_Appx_Table_C-4'!E$3) -> 0 | F67: =SUMIFS('Rec_raw_catch_effort_2010-2021'!$Q:$Q,'Rec_raw_catch_effort_2010-2021'!$J:$J,'Data_For_Appx_Table_C-4'!$A67,'Rec_raw_catch_effort_2010-2021'!$L:$L,'Data_For_Appx_Table_C-4'!$B67,'Rec_raw_catch_effort_2010-2021'!$E:$E,'Data_For_Appx_Table_C-4'!$F$4,'Rec_raw_catch_effort_2010-2021'!$S:$S,'Data_For_Appx_Table_C-4'!F$3) -> 0
A68: 4 Hood Canal | B68: 07Pierce | C68: =SUMIFS('Rec_raw_catch_effort_2010-2021'!$R:$R,'Rec_raw_catch_effort_2010-2021'!$J:$J,'Data_For_Appx_Table_C-4'!$A68,'Rec_raw_catch_effort_2010-2021'!$L:$L,'Data_For_Appx_Table_C-4'!$B68,'Rec_raw_catch_effort_2010-2021'!$E:$E,'Data_For_Appx_Table_C-4'!$C$4,'Rec_raw_catch_effort_2010-2021'!$S:$S,'Data_For_Appx_Table_C-4'!C$3) -> 94330.285 | D68: =SUMIFS('Rec_raw_catch_effort_2010-2021'!$Q:$Q,'Rec_raw_catch_effort_2010-2021'!$J:$J,'Data_For_Appx_Table_C-4'!$A68,'Rec_raw_catch_effort_2010-2021'!$L:$L,'Data_For_Appx_Table_C-4'!$B68,'Rec_raw_catch_effort_2010-2021'!$E:$E,'Data_For_Appx_Table_C-4'!$D$4,'Rec_raw_catch_effort_2010-2021'!$S:$S,'Data_For_Appx_Table_C-4'!D$3) -> 25036.293 | E68: =SUMIFS('Rec_raw_catch_effort_2010-2021'!$R:$R,'Rec_raw_catch_effort_2010-2021'!$J:$J,'Data_For_Appx_Table_C-4'!$A68,'Rec_raw_catch_effort_2010-2021'!$L:$L,'Data_For_Appx_Table_C-4'!$B68,'Rec_raw_catch_effort_2010-2021'!$E:$E,'Data_For_Appx_Table_C-4'!$E$4,'Rec_raw_catch_effort_2010-2021'!$S:$S,'Data_For_Appx_Table_C-4'!E$3) -> 0 | F68: =SUMIFS('Rec_raw_catch_effort_2010-2021'!$Q:$Q,'Rec_raw_catch_effort_2010-2021'!$J:$J,'Data_For_Appx_Table_C-4'!$A68,'Rec_raw_catch_effort_2010-2021'!$L:$L,'Data_For_Appx_Table_C-4'!$B68,'Rec_raw_catch_effort_2010-2021'!$E:$E,'Data_For_Appx_Table_C-4'!$F$4,'Rec_raw_catch_effort_2010-2021'!$S:$S,'Data_For_Appx_Table_C-4'!F$3) -> 0
A69: 4 Hood Canal | B69: 08Thurston | C69: =SUMIFS('Rec_raw_catch_effort_2010-2021'!$R:$R,'Rec_raw_catch_effort_2010-2021'!$J:$J,'Data_For_Appx_Table_C-4'!$A69,'Rec_raw_catch_effort_2010-2021'!$L:$L,'Data_For_Appx_Table_C-4'!$B69,'Rec_raw_catch_effort_2010-2021'!$E:$E,'Data_For_Appx_Table_C-4'!$C$4,'Rec_raw_catch_effort_2010-2021'!$S:$S,'Data_For_Appx_Table_C-4'!C$3) -> 65825.336 | D69: =SUMIFS('Rec_raw_catch_effort_2010-2021'!$Q:$Q,'Rec_raw_catch_effort_2010-2021'!$J:$J,'Data_For_Appx_Table_C-4'!$A69,'Rec_raw_catch_effort_2010-2021'!$L:$L,'Data_For_Appx_Table_C-4'!$B69,'Rec_raw_catch_effort_2010-2021'!$E:$E,'Data_For_Appx_Table_C-4'!$D$4,'Rec_raw_catch_effort_2010-2021'!$S:$S,'Data_For_Appx_Table_C-4'!D$3) -> 17400.22 | E69: =SUMIFS('Rec_raw_catch_effort_2010-2021'!$R:$R,'Rec_raw_catch_effort_2010-2021'!$J:$J,'Data_For_Appx_Table_C-4'!$A69,'Rec_raw_catch_effort_2010-2021'!$L:$L,'Data_For_Appx_Table_C-4'!$B69,'Rec_raw_catch_effort_2010-2021'!$E:$E,'Data_For_Appx_Table_C-4'!$E$4,'Rec_raw_catch_effort_2010-2021'!$S:$S,'Data_For_Appx_Table_C-4'!E$3) -> 0 | F69: =SUMIFS('Rec_raw_catch_effort_2010-2021'!$Q:$Q,'Rec_raw_catch_effort_2010-2021'!$J:$J,'Data_For_Appx_Table_C-4'!$A69,'Rec_raw_catch_effort_2010-2021'!$L:$L,'Data_For_Appx_Table_C-4'!$B69,'Rec_raw_catch_effort_2010-2021'!$E:$E,'Data_For_Appx_Table_C-4'!$F$4,'Rec_raw_catch_effort_2010-2021'!$S:$S,'Data_For_Appx_Table_C-4'!F$3) -> 0
A70: 4 Hood Canal | B70: 09Mason | C70: =SUMIFS('Rec_raw_catch_effort_2010-2021'!$R:$R,'Rec_raw_catch_effort_2010-2021'!$J:$J,'Data_For_Appx_Table_C-4'!$A70,'Rec_raw_catch_effort_2010-2021'!$L:$L,'Data_For_Appx_Table_C-4'!$B70,'Rec_raw_catch_effort_2010-2021'!$E:$E,'Data_For_Appx_Table_C-4'!$C$4,'Rec_raw_catch_effort_2010-2021'!$S:$S,'Data_For_Appx_Table_C-4'!C$3) -> 63903.044 | D70: =SUMIFS('Rec_raw_catch_effort_2010-2021'!$Q:$Q,'Rec_raw_catch_effort_2010-2021'!$J:$J,'Data_For_Appx_Table_C-4'!$A70,'Rec_raw_catch_effort_2010-2021'!$L:$L,'Data_For_Appx_Table_C-4'!$B70,'Rec_raw_catch_effort_2010-2021'!$E:$E,'Data_For_Appx_Table_C-4'!$D$4,'Rec_raw_catch_effort_2010-2021'!$S:$S,'Data_For_Appx_Table_C-4'!D$3) -> 17537.421 | E70: =SUMIFS('Rec_raw_catch_effort_2010-2021'!$R:$R,'Rec_raw_catch_effort_2010-2021'!$J:$J,'Data_For_Appx_Table_C-4'!$A70,'Rec_raw_catch_effort_2010-2021'!$L:$L,'Data_For_Appx_Table_C-4'!$B70,'Rec_raw_catch_effort_2010-2021'!$E:$E,'Data_For_Appx_Table_C-4'!$E$4,'Rec_raw_catch_effort_2010-2021'!$S:$S,'Data_For_Appx_Table_C-4'!E$3) -> 0 | F70: =SUMIFS('Rec_raw_catch_effort_2010-2021'!$Q:$Q,'Rec_raw_catch_effort_2010-2021'!$J:$J,'Data_For_Appx_Table_C-4'!$A70,'Rec_raw_catch_effort_2010-2021'!$L:$L,'Data_For_Appx_Table_C-4'!$B70,'Rec_raw_catch_effort_2010-2021'!$E:$E,'Data_For_Appx_Table_C-4'!$F$4,'Rec_raw_catch_effort_2010-2021'!$S:$S,'Data_For_Appx_Table_C-4'!F$3) -> 0
A71: 4 Hood Canal | B71: 10Kitsap | C71: =SUMIFS('Rec_raw_catch_effort_2010-2021'!$R:$R,'Rec_raw_catch_effort_2010-2021'!$J:$J,'Data_For_Appx_Table_C-4'!$A71,'Rec_raw_catch_effort_2010-2021'!$L:$L,'Data_For_Appx_Table_C-4'!$B71,'Rec_raw_catch_effort_2010-2021'!$E:$E,'Data_For_Appx_Table_C-4'!$C$4,'Rec_raw_catch_effort_2010-2021'!$S:$S,'Data_For_Appx_Table_C-4'!C$3) -> 78091.914 | D71: =SUMIFS('Rec_raw_catch_effort_2010-2021'!$Q:$Q,'Rec_raw_catch_effort_2010-2021'!$J:$J,'Data_For_Appx_Table_C-4'!$A71,'Rec_raw_catch_effort_2010-2021'!$L:$L,'Data_For_Appx_Table_C-4'!$B71,'Rec_raw_catch_effort_2010-2021'!$E:$E,'Data_For_Appx_Table_C-4'!$D$4,'Rec_raw_catch_effort_2010-2021'!$S:$S,'Data_For_Appx_Table_C-4'!D$3) -> 21282.556 | E71: =SUMIFS('Rec_raw_catch_effort_2010-2021'!$R:$R,'Rec_raw_catch_effort_2010-2021'!$J:$J,'Data_For_Appx_Table_C-4'!$A71,'Rec_raw_catch_effort_2010-2021'!$L:$L,'Data_For_Appx_Table_C-4'!$B71,'Rec_raw_catch_effort_2010-2021'!$E:$E,'Data_For_Appx_Table_C-4'!$E$4,'Rec_raw_catch_effort_2010-2021'!$S:$S,'Data_For_Appx_Table_C-4'!E$3) -> 0 | F71: =SUMIFS('Rec_raw_catch_effort_2010-2021'!$Q:$Q,'Rec_raw_catch_effort_2010-2021'!$J:$J,'Data_For_Appx_Table_C-4'!$A71,'Rec_raw_catch_effort_2010-2021'!$L:$L,'Data_For_Appx_Table_C-4'!$B71,'Rec_raw_catch_effort_2010-2021'!$E:$E,'Data_For_Appx_Table_C-4'!$F$4,'Rec_raw_catch_effort_2010-2021'!$S:$S,'Data_For_Appx_Table_C-4'!F$3) -> 0
A72: 4 Hood Canal | B72: 11Clallam | C72: =SUMIFS('Rec_raw_catch_effort_2010-2021'!$R:$R,'Rec_raw_catch_effort_2010-2021'!$J:$J,'Data_For_Appx_Table_C-4'!$A72,'Rec_raw_catch_effort_2010-2021'!$L:$L,'Data_For_Appx_Table_C-4'!$B72,'Rec_raw_catch_effort_2010-2021'!$E:$E,'Data_For_Appx_Table_C-4'!$C$4,'Rec_raw_catch_effort_2010-2021'!$S:$S,'Data_For_Appx_Table_C-4'!C$3) -> 23985.201 | D72: =SUMIFS('Rec_raw_catch_effort_2010-2021'!$Q:$Q,'Rec_raw_catch_effort_2010-2021'!$J:$J,'Data_For_Appx_Table_C-4'!$A72,'Rec_raw_catch_effort_2010-2021'!$L:$L,'Data_For_Appx_Table_C-4'!$B72,'Rec_raw_catch_effort_2010-2021'!$E:$E,'Data_For_Appx_Table_C-4'!$D$4,'Rec_raw_catch_effort_2010-2021'!$S:$S,'Data_For_Appx_Table_C-4'!D$3) -> 5901.248 | E72: =SUMIFS('Rec_raw_catch_effort_2010-2021'!$R:$R,'Rec_raw_catch_effort_2010-2021'!$J:$J,'Data_For_Appx_Table_C-4'!$A72,'Rec_raw_catch_effort_2010-2021'!$L:$L,'Data_For_Appx_Table_C-4'!$B72,'Rec_raw_catch_effort_2010-2021'!$E:$E,'Data_For_Appx_Table_C-4'!$E$4,'Rec_raw_catch_effort_2010-2021'!$S:$S,'Data_For_Appx_Table_C-4'!E$3) -> 0 | F72: =SUMIFS('Rec_raw_catch_effort_2010-2021'!$Q:$Q,'Rec_raw_catch_effort_2010-2021'!$J:$J,'Data_For_Appx_Table_C-4'!$A72,'Rec_raw_catch_effort_2010-2021'!$L:$L,'Data_For_Appx_Table_C-4'!$B72,'Rec_raw_catch_effort_2010-2021'!$E:$E,'Data_For_Appx_Table_C-4'!$F$4,'Rec_raw_catch_effort_2010-2021'!$S:$S,'Data_For_Appx_Table_C-4'!F$3) -> 0
