Workbook
Name _Toc485765816: 'T35'!#REF!
Name _Toc8058813: 'T35'!#REF!
Name _Toc8058814: 'T36'!$L$2
Name _Toc8058815: 'T35'!#REF!

Sheet Due Dates
A1: Group 1 due date: | C1: 45975
A2: Group 2 due date: | C2: 46003
A4: Table # | B4: Lead | C4: Group 1 | D4: Group 2
A5: 1 | B5: ODFW (Moore) | D5: X
A6: 2 | B6: ODFW (Moore) | D6: X
A7: 3 | B7: ODFW (Ollerenshaw) | D7: X
A8: 4 | B8: ODFW (Ollerenshaw) | C8: X
A9: 5 | B9: ODFW (Moore) | D9: X
A10: 5add | B10: ODFW (Moore) | D10: X
A11: 6 | B11: ODFW (Moore) | D11: X
A12: 7 | B12: ODFW (Moore) | D12: X
A13: 8 | B13: WDFW (Lothrop) | D13: X
A14: 9 | B14: ODFW (Moore) | D14: X
A15: 10 | B15: ODFW (Moore) | D15: X
A16: 11a&b | B16: ODFW (Moore) | D16: X
A17: 12 | B17: WDFW (Sorel) | D17: X
A18: 13 | B18: WDFW (Sorel) | D18: X | E18: JW: prior run year final reconstruction should be available from A. Byrne IDFG by mid-Dec, prelim estimate for current run year in January.
A19: 14 | B19: WDFW/ODFW (Daugherty/Moore) | C19: X
A20: 15 | B20: WDFW (Sorel) | D20: X
A21: 16 | B21: ODFW (Reagan) | C21: X
A22: 17 | B22: ODFW (Morgan) | C22: X | E22: JW: timeseries (start in '05) needs to be double checked for consistency with landings posted on web; web should represent final, most accurate estimates. If any of these these table numbers are the best estimate, they should be flagged to indicate they should stay in.
A23: 18 | B23: ODFW (Morgan) | C23: X
A24: 19 | B24: ODFW (Morgan) | D24: X
A25: 20 | B25: ODFW (Morgan) | D25: X
A26: 21 | B26: ODFW (Moore) | D26: X
A27: 22 | B27: ODFW (Watts) | C27: X
A28: 23 | B28: ODFW (Watts) | C28: X
A29: 24 | B29: ODFW (Watts) | C29: X
A30: 25 | B30: WDFW (Lothrop/Trump) | C30: X
A31: 26 | B31: ODFW (Watts) | C31: X
A32: 27 | B32: ODFW (Reagan) | D32: X
A33: 28 | B33: WDFW (Deacy) | C33: X
A34: 29 | B34: ODFW (Duff) | C34: X
A35: 30 | B35: ODFW (Duff) | D35: X
A36: 31 | B36: ODFW (Duff) | D36: X
A37: 32 | B37: CRITFC (Ellis) | C37: X | E37: links to T35
A38: 33 | B38: CRITFC (Ellis) | C38: X
A39: 34 | B39: CRITFC (Ellis) | C39: X
A40: 35 | B40: CRITFC (Ellis) | C40: X
A41: 36 | B41: CRITFC (Ellis) | C41: X | E41: JW: question for CRITFC has not been addressed

Sheet New Figures

Sheet T1Manip
A1: Table 1. Minimum Adult Spring Chinook Run Entering the Columbia River, 1980- | K1: CRC estimate status | AA1: RANK
A2: Year | B2: Select Areas2 | C2: Cowlitz River | D2: Kalama River | E2: Lewis River | F2: Sandy River | G2: Willamette River3 | H2: Upriver Run4 | I2: Total | K2: C | L2: K | M2: L | N2: S | P2: Prop Upriver | Q2: CKLS | R2: CKLS | S2: CKLS | T2: CKLS+Safe | U2: CKL Only | AA2: year | AB2: TTL | AC2: Rank
A4: 1980 | B4: -- | C4: 23749 | D4: 2477 | E4: 2265 | F4: 1822 | G4: 42378 | H4: 57691.638 | I4: =SUM(B4:H4) -> 130382.64 | K4: F | L4: F | M4: F | AA4: 1980 | AB4: =VLOOKUP(AA4,$A$4:$I$48,8,FALSE) -> 57691.638 | AC4: =RANK(AB4,$AB$4:$AB$48,0) -> 37
A5: 1981 | B5: -- | C5: 27921 | D5: 3265 | E5: 2964 | F5: 2841 | G5: 54338 | H5: 67400.662 | I5: =SUM(B5:H5) -> 158729.66 | K5: F | L5: F | M5: F | AA5: 1981 | AB5: =VLOOKUP(AA5,$A$4:$I$48,8,FALSE) -> 67400.662 | AC5: =RANK(AB5,$AB$4:$AB$48,0) -> 34
A6: 1982 | B6: -- | C6: 19337 | D6: 8420 | E6: 3889 | F6: 1382 | G6: 75941 | H6: 77246.321 | I6: =SUM(B6:H6) -> 186215.32 | K6: F | L6: F | M6: F | AA6: 1982 | AB6: =VLOOKUP(AA6,$A$4:$I$48,8,FALSE) -> 77246.321 | AC6: =RANK(AB6,$AB$4:$AB$48,0) -> 32
A7: 1983 | B7: -- | C7: 21350 | D7: 4857 | E7: 3669 | F7: 1864 | G7: 59395 | H7: 62911.566 | I7: =SUM(B7:H7) -> 154046.57 | K7: F | L7: F | M7: F | AA7: 1983 | AB7: =VLOOKUP(AA7,$A$4:$I$48,8,FALSE) -> 62911.566 | AC7: =RANK(AB7,$AB$4:$AB$48,0) -> 36
A8: 1984 | B8: -- | C8: 21327 | D8: 1807 | E8: 6381 | F8: 2374 | G8: 82621 | H8: 52357.285 | I8: =SUM(B8:H8) -> 166867.29 | K8: F | L8: F | M8: F | AA8: 1984 | AB8: =VLOOKUP(AA8,$A$4:$I$48,8,FALSE) -> 52357.285 | AC8: =RANK(AB8,$AB$4:$AB$48,0) -> 39
A9: 1980-84 Ave. | B9: -- | C9: =AVERAGE(C4:C8) -> 22736.8 | D9: =AVERAGE(D4:D8) -> 4165.2 | E9: =AVERAGE(E4:E8) -> 3833.6 | F9: =AVERAGE(F4:F8) -> 2056.6 | G9: =AVERAGE(G4:G8) -> 62934.6 | H9: =AVERAGE(H4:H8) -> 63521.494 | I9: =SUM(B9:H9) -> 159248.29 | P9: =H9/I9 -> 0.39888336 | Q9: =SUM(C9:F9) -> 32792.2 | R9: =(C9+D9+E9)/1000 -> 30.7356 | T9: =Q9 -> 32792.2 | U9: =Q9-F9 -> 30735.6 | W9: RANK | AD9: Year | AF9: Select Area Origin CHS in SAFE Commercial | AG9: SAFE Recreational Catch | AJ9: total lower river stocks (w/o Select Area fish)
A10: 1985 | B10: -- | C10: 9911 | D10: 338 | E10: 4116 | F10: 1449 | G10: 65994 | H10: 92284 | I10: =SUM(B10:H10) -> 174092 | K10: F | L10: F | M10: F | AA10: 1985 | AB10: =VLOOKUP(AA10,$A$4:$I$48,8,FALSE) -> 92284 | AC10: =RANK(AB10,$AB$4:$AB$48,0) -> 27
A11: 1986 | B11: -- | C11: 7325 | D11: 1077 | E11: 8259 | F11: 1286 | G11: 70498 | H11: 128413.05 | I11: =SUM(B11:H11) -> 216858.05 | K11: F | L11: F | M11: F | AA11: 1986 | AB11: =VLOOKUP(AA11,$A$4:$I$48,8,FALSE) -> 128413.05 | AC11: =RANK(AB11,$AB$4:$AB$48,0) -> 16
A12: 1987 | B12: -- | C12: 17983 | D12: 2421 | E12: 16547 | F12: 2353 | G12: 90917 | H12: 110771.71 | I12: =SUM(B12:H12) -> 240992.71 | K12: F | L12: F | M12: F | AA12: 1987 | AB12: =VLOOKUP(AA12,$A$4:$I$48,8,FALSE) -> 110771.71 | AC12: =RANK(AB12,$AB$4:$AB$48,0) -> 22
A13: 1988 | B13: -- | C13: 12337 | D13: 1937 | E13: 10618 | F13: 2931 | G13: 115994 | H13: 106003.12 | I13: =SUM(B13:H13) -> 249820.12 | K13: F | L13: F | M13: F | AA13: 1988 | AB13: =VLOOKUP(AA13,$A$4:$I$48,8,FALSE) -> 106003.12 | AC13: =RANK(AB13,$AB$4:$AB$48,0) -> 24
A14: 1989 | B14: -- | C14: 8324 | D14: 1986 | E14: 12019 | F14: 2004 | G14: 110613 | H14: 90031.089 | I14: =SUM(B14:H14) -> 224977.09 | K14: F | L14: F | M14: F | AA14: 1989 | AB14: =VLOOKUP(AA14,$A$4:$I$48,8,FALSE) -> 90031.089 | AC14: =RANK(AB14,$AB$4:$AB$48,0) -> 29
A15: 1985-89 Ave. | B15: -- | C15: =AVERAGE(C10:C14) -> 11176 | D15: =AVERAGE(D10:D14) -> 1551.8 | E15: =AVERAGE(E10:E14) -> 10311.8 | F15: =AVERAGE(F10:F14) -> 2004.6 | G15: =AVERAGE(G10:G14) -> 90803.2 | H15: =AVERAGE(H10:H14) -> 105500.59 | I15: =SUM(B15:H15) -> 221347.99 | P15: =H15/I15 -> 0.47662774 | Q15: =SUM(C15:F15) -> 25044.2 | R15: =(C15+D15+E15)/1000 -> 23.0396 | T15: =Q15 -> 25044.2 | U15: =Q15-F15 -> 23039.6 | W15: year | X15: TTL | Y15: Rank
A16: 1990 | B16: -- | C16: 7555 | D16: 1987 | E16: 9299 | F16: 3527 | G16: 127900 | H16: 105715.28 | I16: =SUM(B16:H16) -> 255983.28 | K16: F | L16: F | M16: F | P16: =H16/I16 -> 0.41297729 | Q16: =SUM(C16:F16) -> 22368 | R16: =(C16+D16+E16)/1000 -> 18.841 | T16: =Q16 -> 22368 | U16: =Q16-F16 -> 18841 | W16: 1990 | X16: =VLOOKUP(W16,$A$16:$I$48,9,FALSE) -> 255983.28 | Y16: =RANK(X16,$X$16:$X$48,0) -> 13 | AA16: 1990 | AB16: =VLOOKUP(AA16,$A$4:$I$48,8,FALSE) -> 105715.28 | AC16: =RANK(AB16,$AB$4:$AB$48,0) -> 25 | AD16: 1990
A17: 1991 | B17: -- | C17: 8945 | D17: 2613 | E17: 8334 | F17: 3652 | G17: 105530 | H17: 64478.652 | I17: =SUM(B17:H17) -> 193552.65 | K17: F | L17: F | M17: F | P17: =H17/I17 -> 0.33313236 | Q17: =SUM(C17:F17) -> 23544 | R17: =(C17+D17+E17)/1000 -> 19.892 | T17: =Q17 -> 23544 | U17: =Q17-F17 -> 19892 | W17: 1991 | X17: =VLOOKUP(W17,$A$16:$I$48,9,FALSE) -> 193552.65 | Y17: =RANK(X17,$X$16:$X$48,0) -> 20 | AA17: 1991 | AB17: =VLOOKUP(AA17,$A$4:$I$48,8,FALSE) -> 64478.652 | AC17: =RANK(AB17,$AB$4:$AB$48,0) -> 35 | AD17: 1991
A18: 1992 | B18: =AF18+AG18 -> 211 | C18: 10353 | D18: 2430 | E18: 6025 | F18: 8551 | G18: 72197 | H18: 95691.439 | I18: =SUM(B18:H18) -> 195458.44 | K18: F | L18: F | M18: F | P18: =H18/I18 -> 0.48957435 | Q18: =SUM(C18:F18) -> 27359 | R18: =(C18+D18+E18)/1000 -> 18.808 | T18: =Q18+B18 -> 27570 | U18: =Q18-F18 -> 18808 | W18: 1992 | X18: =VLOOKUP(W18,$A$16:$I$48,9,FALSE) -> 195458.44 | Y18: =RANK(X18,$X$16:$X$48,0) -> 19 | AA18: 1992 | AB18: =VLOOKUP(AA18,$A$4:$I$48,8,FALSE) -> 95691.439 | AC18: =RANK(AB18,$AB$4:$AB$48,0) -> 26 | AD18: 1992 | AF18: ='T31 SAFE Comp Manip'!B3 -> 211
A19: 1993 | B19: =AF19+AG19 -> 629 | C19: 9458 | D19: 2874 | E19: 8195 | F19: 6369 | G19: 62778 | H19: 119962.96 | I19: =SUM(B19:H19) -> 210265.96 | K19: F | L19: F | M19: F | P19: =H19/I19 -> 0.57052963 | Q19: =SUM(C19:F19) -> 26896 | R19: =(C19+D19+E19)/1000 -> 20.527 | T19: =Q19+B19 -> 27525 | U19: =Q19-F19 -> 20527 | W19: 1993 | X19: =VLOOKUP(W19,$A$16:$I$48,9,FALSE) -> 210265.96 | Y19: =RANK(X19,$X$16:$X$48,0) -> 18 | AA19: 1993 | AB19: =VLOOKUP(AA19,$A$4:$I$48,8,FALSE) -> 119962.96 | AC19: =RANK(AB19,$AB$4:$AB$48,0) -> 19 | AD19: 1993 | AF19: ='T31 SAFE Comp Manip'!B4 -> 629 | AG19: =T30Manip!H5 -> 0
A20: 1994 | B20: =AF20+AG20 -> 126 | C20: 3149 | D20: 1265 | E20: 3068 | F20: 3498 | G20: 48804 | H20: 24095.182 | I20: =SUM(B20:H20) -> 84005.182 | K20: F | L20: F | M20: F | P20: =H20/I20 -> 0.28682971 | Q20: =SUM(C20:F20) -> 10980 | R20: =(C20+D20+E20)/1000 -> 7.482 | T20: =Q20+B20 -> 11106 | U20: =Q20-F20 -> 7482 | W20: 1994 | X20: =VLOOKUP(W20,$A$16:$I$48,9,FALSE) -> 84005.182 | Y20: =RANK(X20,$X$16:$X$48,0) -> 32 | AA20: 1994 | AB20: =VLOOKUP(AA20,$A$4:$I$48,8,FALSE) -> 24095.182 | AC20: =RANK(AB20,$AB$4:$AB$48,0) -> 42 | AD20: 1994 | AF20: ='T31 SAFE Comp Manip'!B5 -> 126 | AG20: =T30Manip!H6 -> 0
A21: 1995 | B21: =AF21+AG21 -> 169 | C21: 2102 | D21: 697 | E21: 3726 | F21: 2529 | G21: 40854 | H21: 12792 | I21: =SUM(B21:H21) -> 62869 | K21: F | L21: F | M21: F | N21: F | P21: =H21/I21 -> 0.20347071 | Q21: =SUM(C21:F21) -> 9054 | R21: =(C21+D21+E21)/1000 -> 6.525 | T21: =Q21+B21 -> 9223 | U21: =Q21-F21 -> 6525 | W21: 1995 | X21: =VLOOKUP(W21,$A$16:$I$48,9,FALSE) -> 62869 | Y21: =RANK(X21,$X$16:$X$48,0) -> 33 | AA21: 1995 | AB21: =VLOOKUP(AA21,$A$4:$I$48,8,FALSE) -> 12792 | AC21: =RANK(AB21,$AB$4:$AB$48,0) -> 43 | AD21: 1995 | AF21: ='T31 SAFE Comp Manip'!B6 -> 169 | AG21: =T30Manip!H7 -> 0
A22: 1996 | B22: =AF22+AG22 -> 689 | C22: 1787 | D22: 627 | E22: 1730 | F22: 3801 | G22: 33358 | H22: 55551 | I22: =SUM(B22:H22) -> 97543 | K22: F | L22: F | M22: F | N22: F | P22: =H22/I22 -> 0.56950268 | Q22: =SUM(C22:F22) -> 7945 | R22: =(C22+D22+E22)/1000 -> 4.144 | T22: =Q22+B22 -> 8634 | U22: =Q22-F22 -> 4144 | W22: 1996 | X22: =VLOOKUP(W22,$A$16:$I$48,9,FALSE) -> 97543 | Y22: =RANK(X22,$X$16:$X$48,0) -> 30 | AA22: 1996 | AB22: =VLOOKUP(AA22,$A$4:$I$48,8,FALSE) -> 55551 | AC22: =RANK(AB22,$AB$4:$AB$48,0) -> 38 | AD22: 1996 | AF22: ='T31 SAFE Comp Manip'!B7 -> 689 | AG22: =T30Manip!H8 -> 0
A23: 1997 | B23: =AF23+AG23 -> 1583 | C23: 1877 | D23: 505 | E23: 2196 | F23: 4410 | G23: 34540 | H23: 124321 | I23: =SUM(B23:H23) -> 169432 | K23: F | L23: F | M23: F | N23: F | P23: =H23/I23 -> 0.73375159 | Q23: =SUM(C23:F23) -> 8988 | R23: =(C23+D23+E23)/1000 -> 4.578 | T23: =Q23+B23 -> 10571 | U23: =Q23-F23 -> 4578 | W23: 1997 | X23: =VLOOKUP(W23,$A$16:$I$48,9,FALSE) -> 169432 | Y23: =RANK(X23,$X$16:$X$48,0) -> 24 | AA23: 1997 | AB23: =VLOOKUP(AA23,$A$4:$I$48,8,FALSE) -> 124321 | AC23: =RANK(AB23,$AB$4:$AB$48,0) -> 17 | AD23: 1997 | AF23: ='T31 SAFE Comp Manip'!B8 -> 1583 | AG23: =T30Manip!H9 -> 0
A24: 1998 | B24: =AF24+AG24 -> 2034 | C24: 1055 | D24: 407 | E24: 1611 | F24: 3577 | G24: 43497 | H24: 44308 | I24: =SUM(B24:H24) -> 96489 | K24: F | L24: F | M24: F | N24: F | P24: =H24/I24 -> 0.4592026 | Q24: =SUM(C24:F24) -> 6650 | R24: =(C24+D24+E24)/1000 -> 3.073 | T24: =Q24+B24 -> 8684 | U24: =Q24-F24 -> 3073 | W24: 1998 | X24: =VLOOKUP(W24,$A$16:$I$48,9,FALSE) -> 96489 | Y24: =RANK(X24,$X$16:$X$48,0) -> 31 | AA24: 1998 | AB24: =VLOOKUP(AA24,$A$4:$I$48,8,FALSE) -> 44308 | AC24: =RANK(AB24,$AB$4:$AB$48,0) -> 40 | AD24: 1998 | AF24: ='T31 SAFE Comp Manip'!B9 -> 1979 | AG24: =T30Manip!H10 -> 55
A25: 1999 | B25: =AF25+AG25 -> 1337 | C25: 2069 | D25: 977 | E25: 1753 | F25: 3585 | G25: 52584 | H25: 43067.18 | I25: =SUM(B25:H25) -> 105372.18 | K25: F | L25: F | M25: F | N25: F | P25: =H25/I25 -> 0.4087149 | Q25: =SUM(C25:F25) -> 8384 | R25: =(C25+D25+E25)/1000 -> 4.799 | T25: =Q25+B25 -> 9721 | U25: =Q25-F25 -> 4799 | W25: 1999 | X25: =VLOOKUP(W25,$A$16:$I$48,9,FALSE) -> 105372.18 | Y25: =RANK(X25,$X$16:$X$48,0) -> 29 | AA25: 1999 | AB25: =VLOOKUP(AA25,$A$4:$I$48,8,FALSE) -> 43067.18 | AC25: =RANK(AB25,$AB$4:$AB$48,0) -> 41 | AD25: 1999 | AF25: ='T31 SAFE Comp Manip'!B10 -> 1312 | AG25: =T30Manip!H11 -> 25
A26: 2000 | B26: =AF26+AG26 -> 5585 | C26: 2199 | D26: 1418 | E26: 2515 | F26: 3641 | G26: 55740 | H26: 186715.2 | I26: =SUM(B26:H26) -> 257813.2 | K26: F | L26: F | M26: F | N26: F | P26: =H26/I26 -> 0.72422669 | Q26: =SUM(C26:F26) -> 9773 | R26: =(C26+D26+E26)/1000 -> 6.132 | T26: =Q26+B26 -> 15358 | U26: =Q26-F26 -> 6132 | W26: 2000 | X26: =VLOOKUP(W26,$A$16:$I$48,9,FALSE) -> 257813.2 | Y26: =RANK(X26,$X$16:$X$48,0) -> 12 | AA26: 2000 | AB26: =VLOOKUP(AA26,$A$4:$I$48,8,FALSE) -> 186715.2 | AC26: =RANK(AB26,$AB$4:$AB$48,0) -> 11 | AD26: 2000 | AF26: ='T31 SAFE Comp Manip'!B11 -> 5330 | AG26: =T30Manip!H12 -> 255
A27: 2001 | B27: =AF27+AG27 -> 8089 | C27: 1609 | D27: 1796 | E27: 3777 | F27: 5329 | G27: 78502 | H27: 439885 | I27: =SUM(B27:H27) -> 538987 | K27: F | L27: F | M27: F | N27: F | P27: =H27/I27 -> 0.81613286 | Q27: =SUM(C27:F27) -> 12511 | R27: =(C27+D27+E27)/1000 -> 7.182 | T27: =Q27+B27 -> 20600 | U27: =Q27-F27 -> 7182 | W27: 2001 | X27: =VLOOKUP(W27,$A$16:$I$48,9,FALSE) -> 538987 | Y27: =RANK(X27,$X$16:$X$48,0) -> 1 | AA27: 2001 | AB27: =VLOOKUP(AA27,$A$4:$I$48,8,FALSE) -> 439885 | AC27: =RANK(AB27,$AB$4:$AB$48,0) -> 1 | AD27: 2001 | AF27: ='T31 SAFE Comp Manip'!B12 -> 7589 | AG27: =T30Manip!H13 -> 500 | AJ27: =I27-H27-B27 -> 91013
A28: 2002 | B28: =AF28+AG28 -> 8661 | C28: 5129 | D28: 2912 | E28: 3514 | F28: 5905 | G28: 120161 | H28: 335306 | I28: =SUM(B28:H28) -> 481588 | K28: F | L28: F | M28: F | N28: F | P28: =H28/I28 -> 0.69625074 | Q28: =SUM(C28:F28) -> 17460 | R28: =(C28+D28+E28)/1000 -> 11.555 | T28: =Q28+B28 -> 26121 | U28: =Q28-F28 -> 11555 | W28: 2002 | X28: =VLOOKUP(W28,$A$16:$I$48,9,FALSE) -> 481588 | Y28: =RANK(X28,$X$16:$X$48,0) -> 2 | AA28: 2002 | AB28: =VLOOKUP(AA28,$A$4:$I$48,8,FALSE) -> 335306 | AC28: =RANK(AB28,$AB$4:$AB$48,0) -> 2 | AD28: 2002 | AF28: ='T31 SAFE Comp Manip'!B13 -> 8109 | AG28: =T30Manip!H14 -> 552 | AJ28: =I28-H28-B28 -> 137621
A29: 2003 | B29: =AF29+AG29 -> 6827 | C29: 15954 | D29: 4556 | E29: 5040 | F29: 5472 | G29: 123355 | H29: 242605.3 | I29: =SUM(B29:H29) -> 403809.3 | K29: F | L29: F | M29: F | N29: F | P29: =H29/I29 -> 0.60079176 | Q29: =SUM(C29:F29) -> 31022 | R29: =(C29+D29+E29)/1000 -> 25.55 | T29: =Q29+B29 -> 37849 | U29: =Q29-F29 -> 25550 | W29: 2003 | X29: =VLOOKUP(W29,$A$16:$I$48,9,FALSE) -> 403809.3 | Y29: =RANK(X29,$X$16:$X$48,0) -> 6 | AA29: 2003 | AB29: =VLOOKUP(AA29,$A$4:$I$48,8,FALSE) -> 242605.3 | AC29: =RANK(AB29,$AB$4:$AB$48,0) -> 6 | AD29: 2003 | AF29: ='T31 SAFE Comp Manip'!B14 -> 5833 | AG29: =T30Manip!H15 -> 994 | AJ29: =I29-H29-B29 -> 154377
A30: 2004 | B30: =AF30+AG30 -> 10162 | C30: 16530 | D30: 4286 | E30: 7475 | F30: 12680 | G30: 143240 | H30: 221675.28 | I30: =SUM(B30:H30) -> 416048.28 | K30: F | L30: F | M30: F | N30: F | P30: =H30/I30 -> 0.53281143 | Q30: =SUM(C30:F30) -> 40971 | R30: =(C30+D30+E30)/1000 -> 28.291 | T30: =Q30+B30 -> 51133 | U30: =Q30-F30 -> 28291 | W30: 2004 | X30: =VLOOKUP(W30,$A$16:$I$48,9,FALSE) -> 416048.28 | Y30: =RANK(X30,$X$16:$X$48,0) -> 5 | AA30: 2004 | AB30: =VLOOKUP(AA30,$A$4:$I$48,8,FALSE) -> 221675.28 | AC30: =RANK(AB30,$AB$4:$AB$48,0) -> 7 | AD30: 2004 | AF30: ='T31 SAFE Comp Manip'!B15 -> 9081 | AG30: =T30Manip!H16 -> 1081 | AJ30: =I30-H30-B30 -> 184211
A31: 2005 | B31: =AF31+AG31 -> 2366 | C31: 9398 | D31: 3367 | E31: 3512 | F31: 7665 | G31: 59471 | H31: 106909.65 | I31: =SUM(B31:H31) -> 192688.65 | K31: F | L31: F | M31: F | N31: F | P31: =H31/I31 -> 0.55483108 | Q31: =SUM(C31:F31) -> 23942 | R31: =(C31+D31+E31)/1000 -> 16.277 | T31: =Q31+B31 -> 26308 | U31: =Q31-F31 -> 16277 | W31: 2005 | X31: =VLOOKUP(W31,$A$16:$I$48,9,FALSE) -> 192688.65 | Y31: =RANK(X31,$X$16:$X$48,0) -> 21 | AA31: 2005 | AB31: =VLOOKUP(AA31,$A$4:$I$48,8,FALSE) -> 106909.65 | AC31: =RANK(AB31,$AB$4:$AB$48,0) -> 23 | AD31: 2005 | AF31: ='T31 SAFE Comp Manip'!B16 -> 2209 | AG31: =T30Manip!H17 -> 157 | AJ31: =I31-H31-B31 -> 83413
A32: 2006 | B32: =AF32+AG32 -> 6998 | C32: 7001 | D32: 5458 | E32: 7301 | F32: 4382 | G32: 59311 | H32: 132583.34 | I32: =SUM(B32:H32) -> 223034.34 | K32: F | L32: F | M32: F | N32: F | P32: =H32/I32 -> 0.59445259 | Q32: =SUM(C32:F32) -> 24142 | R32: =(C32+D32+E32)/1000 -> 19.76 | T32: =Q32+B32 -> 31140 | U32: =Q32-F32 -> 19760 | W32: 2006 | X32: =VLOOKUP(W32,$A$16:$I$48,9,FALSE) -> 223034.34 | Y32: =RANK(X32,$X$16:$X$48,0) -> 14 | AA32: 2006 | AB32: =VLOOKUP(AA32,$A$4:$I$48,8,FALSE) -> 132583.34 | AC32: =RANK(AB32,$AB$4:$AB$48,0) -> 15 | AD32: 2006 | AF32: ='T31 SAFE Comp Manip'!B17 -> 6662 | AG32: =T30Manip!H18 -> 336 | AJ32: =I32-H32-B32 -> 83453
A33: 2007 | B33: =AF33+AG33 -> 6356 | C33: 3961 | D33: 8030 | E33: 7596 | F33: 2841 | G33: 39963 | H33: 86246.565 | I33: =SUM(B33:H33) -> 154993.57 | K33: F | L33: F | M33: F | N33: F | P33: =H33/I33 -> 0.55645255 | Q33: =SUM(C33:F33) -> 22428 | R33: =(C33+D33+E33)/1000 -> 19.587 | T33: =Q33+B33 -> 28784 | U33: =Q33-F33 -> 19587 | W33: 2007 | X33: =VLOOKUP(W33,$A$16:$I$48,9,FALSE) -> 154993.57 | Y33: =RANK(X33,$X$16:$X$48,0) -> 25 | AA33: 2007 | AB33: =VLOOKUP(AA33,$A$4:$I$48,8,FALSE) -> 86246.565 | AC33: =RANK(AB33,$AB$4:$AB$48,0) -> 30 | AD33: 2007 | AF33: ='T31 SAFE Comp Manip'!B18 -> 6162 | AG33: =T30Manip!H19 -> 194 | AJ33: =I33-H33-B33 -> 62391
A34: 2008 | B34: =AF34+AG34 -> 3289 | C34: 2978 | D34: 1623 | E34: 2215 | F34: 5848 | G34: 26615 | H34: 178626.96 | I34: =SUM(B34:H34) -> 221194.96 | K34: F | L34: F | M34: F | N34: F | P34: =H34/I34 -> 0.80755438 | Q34: =SUM(C34:F34) -> 12664 | R34: =(C34+D34+E34)/1000 -> 6.816 | T34: =Q34+B34 -> 15953 | U34: =Q34-F34 -> 6816 | W34: 2008 | X34: =VLOOKUP(W34,$A$16:$I$48,9,FALSE) -> 221194.96 | Y34: =RANK(X34,$X$16:$X$48,0) -> 15 | AA34: 2008 | AB34: =VLOOKUP(AA34,$A$4:$I$48,8,FALSE) -> 178626.96 | AC34: =RANK(AB34,$AB$4:$AB$48,0) -> 13 | AD34: 2008 | AF34: ='T31 SAFE Comp Manip'!B19 -> 3057 | AG34: =T30Manip!H20 -> 232 | AJ34: =I34-H34-B34 -> 39279
A35: 2009 | B35: =AF35+AG35 -> 2830 | C35: 6054 | D35: 404 | E35: 1493 | F35: 2347 | G35: 35432 | H35: 169295.9 | I35: =SUM(B35:H35) -> 217855.9 | K35: F | L35: F | M35: F | N35: F | P35: =H35/I35 -> 0.77710037 | Q35: =SUM(C35:F35) -> 10298 | R35: =(C35+D35+E35)/1000 -> 7.951 | T35: =Q35+B35 -> 13128 | U35: =Q35-F35 -> 7951 | W35: 2009 | X35: =VLOOKUP(W35,$A$16:$I$48,9,FALSE) -> 217855.9 | Y35: =RANK(X35,$X$16:$X$48,0) -> 16 | AA35: 2009 | AB35: =VLOOKUP(AA35,$A$4:$I$48,8,FALSE) -> 169295.9 | AC35: =RANK(AB35,$AB$4:$AB$48,0) -> 14 | AD35: 2009 | AF35: ='T31 SAFE Comp Manip'!B20 -> 2556 | AG35: =T30Manip!H21 -> 274 | AJ35: =I35-H35-B35 -> 45730
A36: 2010 | B36: =AF36+AG36 -> 22955 | C36: 8615 | D36: 977 | E36: 2347 | F36: 7343 | G36: 107675 | H36: 315345.82 | I36: =SUM(B36:H36) -> 465257.82 | K36: F | L36: F | M36: F | N36: F | P36: =H36/I36 -> 0.67778726 | Q36: =SUM(C36:F36) -> 19282 | R36: =(C36+D36+E36)/1000 -> 11.939 | T36: =Q36+B36 -> 42237 | U36: =Q36-F36 -> 11939 | W36: 2010 | X36: =VLOOKUP(W36,$A$16:$I$48,9,FALSE) -> 465257.82 | Y36: =RANK(X36,$X$16:$X$48,0) -> 3 | AA36: 2010 | AB36: =VLOOKUP(AA36,$A$4:$I$48,8,FALSE) -> 315345.82 | AC36: =RANK(AB36,$AB$4:$AB$48,0) -> 3 | AD36: 2010 | AF36: ='T31 SAFE Comp Manip'!B21 -> 20956 | AG36: =T30Manip!H22 -> 1999 | AJ36: =I36-H36-B36 -> 126957
A37: 2011 | B37: =AF37+AG37 -> 8850 | C37: 5379 | D37: 776 | E37: 1310 | F37: 4702 | G37: 76549 | H37: 221157.83 | I37: =SUM(B37:H37) -> 318723.83 | K37: F | L37: F | M37: F | N37: F | P37: =H37/I37 -> 0.69388546 | Q37: =SUM(C37:F37) -> 12167 | R37: =(C37+D37+E37)/1000 -> 7.465 | T37: =Q37+B37 -> 21017 | U37: =Q37-F37 -> 7465 | W37: 2011 | X37: =VLOOKUP(W37,$A$16:$I$48,9,FALSE) -> 318723.83 | Y37: =RANK(X37,$X$16:$X$48,0) -> 7 | AA37: 2011 | AB37: =VLOOKUP(AA37,$A$4:$I$48,8,FALSE) -> 221157.83 | AC37: =RANK(AB37,$AB$4:$AB$48,0) -> 8 | AD37: 2011 | AF37: ='T31 SAFE Comp Manip'!B22 -> 8432 | AG37: =T30Manip!H23 -> 418 | AJ37: =I37-H37-B37 -> 88716
A38: 2012 | B38: =AF38+AG38 -> 8984 | C38: 12212.852 | D38: 889.0263 | E38: 1895 | F38: 4568 | G38: 63037 | H38: 203089.6 | I38: =SUM(B38:H38) -> 294675.48 | K38: F | L38: F | M38: F | N38: F | P38: =H38/I38 -> 0.68919749 | Q38: =SUM(C38:F38) -> 19564.878 | R38: =(C38+D38+E38)/1000 -> 14.996878 | T38: =Q38+B38 -> 28548.878 | U38: =Q38-F38 -> 14996.878 | W38: 2012 | X38: =VLOOKUP(W38,$A$16:$I$48,9,FALSE) -> 294675.48 | Y38: =RANK(X38,$X$16:$X$48,0) -> 9 | AA38: 2012 | AB38: =VLOOKUP(AA38,$A$4:$I$48,8,FALSE) -> 203089.6 | AC38: =RANK(AB38,$AB$4:$AB$48,0) -> 9 | AD38: 2012 | AF38: ='T31 SAFE Comp Manip'!B23 -> 8338 | AG38: =T30Manip!H24 -> 646 | AJ38: =I38-H38-B38 -> 82601.878
... A46: 2020 | B46: =AF46+AG46 -> 4003 | C46: 908 | D46: 1158 | E46: 1900 | F46: 7782 | G46: 45965 | H46: 81301 | I46: =SUM(B46:H46) -> 143017 | K46: NA | L46: NA | M46: NA | N46: NA | P46: =H46/I46 -> 0.56847088 | Q46: =SUM(C46:F46) -> 11748 | R46: =(C46+D46+E46)/1000 -> 3.966 | T46: =Q46+B46 -> 15751 | U46: =Q46-F46 -> 3966 | W46: 2020 | X46: =VLOOKUP(W46,$A$16:$I$48,9,FALSE) -> 143017 | Y46: =RANK(X46,$X$16:$X$48,0) -> 27 | AA46: 2020 | AB46: =VLOOKUP(AA46,$A$4:$I$48,8,FALSE) -> 81301 | AC46: =RANK(AB46,$AB$4:$AB$48,0) -> 31 | AD46: 2020 | AF46: ='T31 SAFE Comp Manip'!B31 -> 3714 | AG46: =T30Manip!H32 -> 289 | AJ46: =I46-H46-B46 -> 57713
A47: 2021 | B47: =AF47+AG47 -> 6897 | C47: 3700 | D47: 1857 | E47: 2938 | F47: 5676 | G47: 41308 | H47: 91756 | I47: =SUM(B47:H47) -> 154132 | K47: NA | L47: NA | M47: NA | N47: NA | P47: =H47/I47 -> 0.59530792 | Q47: =SUM(C47:F47) -> 14171 | T47: =Q47+B47 -> 21068 | U47: =Q47-F47 -> 8495 | W47: 2021 | X47: =VLOOKUP(W47,$A$16:$I$48,9,FALSE) -> 154132 | Y47: =RANK(X47,$X$16:$X$48,0) -> 26 | AA47: 2021 | AB47: =VLOOKUP(AA47,$A$4:$I$48,8,FALSE) -> 91756 | AC47: =RANK(AB47,$AB$4:$AB$48,0) -> 28 | AD47: 2021 | AF47: ='T31 SAFE Comp Manip'!B32 -> 5754 | AG47: =T30Manip!H33 -> 1143 | AJ47: =I47-H47-B47 -> 55479
A48: 2022 | B48: =AF48+AG48 -> 19186 | C48: 7146 | D48: 3148 | E48: 6875 | F48: 10289 | G48: 55391 | H48: 185379 | I48: =SUM(B48:H48) -> 287414 | K48: NA | L48: NA | M48: NA | N48: NA | P48: =H48/I48 -> 0.64498946 | Q48: =SUM(C48:F48) -> 27458 | T48: =Q48+B48 -> 46644 | U48: =Q48-F48 -> 17169 | W48: 2022 | X48: =VLOOKUP(W48,$A$16:$I$48,9,FALSE) -> 287414 | Y48: =RANK(X48,$X$16:$X$48,0) -> 10 | AA48: 2022 | AB48: =VLOOKUP(AA48,$A$4:$I$48,8,FALSE) -> 185379 | AC48: =RANK(AB48,$AB$4:$AB$48,0) -> 12 | AD48: 2022 | AF48: ='T31 SAFE Comp Manip'!B33 -> 16726 | AG48: =T30Manip!H34 -> 2460 | AJ48: =I48-H48-B48 -> 82849
A49: 2023 | B49: =AF49+AG49 -> 21468 | C49: 6217 | D49: 2525 | E49: 3191 | F49: 6312 | G49: 38373 | H49: 141179 | I49: =SUM(B49:H49) -> 219265 | P49: =H49/I49 -> 0.64387385 | Q49: =SUM(C49:F49) -> 18245 | T49: =Q49+B49 -> 39713 | U49: =Q49-F49 -> 11933 | W49: 2023 | X49: =VLOOKUP(W49,$A$16:$I$49,9,FALSE) -> 219265 | Y49: =RANK(X49,$X$16:$X$49,0) -> 16 | AA49: 2023 | AB49: =VLOOKUP(AA49,$A$4:$I$49,8,FALSE) -> 141179 | AC49: =RANK(AB49,$AB$4:$AB$49,0) -> 15 | AD49: 2023 | AF49: ='T31 SAFE Comp Manip'!B34 -> 18789 | AG49: =T30Manip!H35 -> 2679 | AJ49: =I49-H49-B49 -> 56618
A50: 2024 | B50: =AF50+AG50 -> 17424 | C50: 8983 | D50: 2474 | E50: 2722 | F50: 5358 | G50: 37737 | H50: 116332 | I50: =SUM(B50:H50) -> 191030 | P50: =H50/I50 -> 0.60897241 | Q50: =SUM(C50:F50) -> 19537 | T50: =Q50+B50 -> 36961 | U50: =Q50-F50 -> 14179 | W50: 2024 | X50: =VLOOKUP(W50,$A$16:$I$50,9,FALSE) -> 191030 | Y50: =RANK(X50,$X$16:$X$50,0) -> 23 | AA50: 2024 | AB50: =VLOOKUP(AA50,$A$4:$I$50,8,FALSE) -> 116332 | AC50: =RANK(AB50,$AB$4:$AB$50,0) -> 21 | AD50: 2024 | AF50: ='T31 SAFE Comp Manip'!B35 -> 15953 | AG50: =T30Manip!H36 -> 1471 | AJ50: =I50-H50-B50 -> 57274
A51: 2025 | B51: 19818 | C51: 11377 | D51: 4235 | E51: 4719 | F51: 7123 | G51: 50527 | H51: 154703 | I51: =SUM(B51:H51) -> 252502 | P51: =H51/I51 -> 0.6126803 | Q51: =SUM(C51:F51) -> 27454 | T51: =Q51+B51 -> 47272 | U51: =Q51-F51 -> 20331 | W51: 2025 | X51: =VLOOKUP(W51,$A$16:$I$51,9,FALSE) -> 252502 | Y51: =RANK(X51,$X$16:$X$51,0) -> 14 | AA51: 2025 | AB51: =VLOOKUP(AA51,$A$4:$I$51,8,FALSE) -> 154703 | AC51: =RANK(AB51,$AB$4:$AB$51,0) -> 15 | AD51: 2025 | AF51: ='T31 SAFE Comp Manip'!B36 -> 17726 | AG51: =T30Manip!H37 -> 2055 | AJ51: =I51-H51-B51 -> 77981
A53: 1980s Ave | C53: =AVERAGE(C4:C8,C10:C15) -> 16430.909 | D53: =AVERAGE(D4:D8,D10:D15) -> 2739.7091 | E53: =AVERAGE(E4:E8,E10:E15) -> 7367.1636 | F53: =AVERAGE(F4:F8, F10:F14) -> 2030.6 | G53: =AVERAGE(G4:G8, G10:G14) -> 76868.9 | H53: =AVERAGE(H4:H8, H10:H14) -> 84511.044 | I53: =AVERAGE(I4:I8,I10:I15) -> 193120.86 | P53: =AVERAGE(P9:P15) -> 0.43775555 | Q53: =AVERAGE(Q9:Q15) -> 28918.2 | R53: =AVERAGE(R9:R15) -> 26.8876 | S53: =AVERAGE(S9:S15) -> #DIV/0! | T53: =AVERAGE(T9:T15) -> 28918.2
A54: Min | H54: 52357
A55: Max | H55: 128314
A56: 1990s Ave | B56: =AVERAGE(B16:B25) -> 847.25 | C56: =AVERAGE(C16:C25) -> 4835 | D56: =AVERAGE(D16:D25) -> 1438.2 | E56: =AVERAGE(E16:E25) -> 4593.7 | F56: =AVERAGE(F16:F25) -> 4349.9 | G56: =AVERAGE(G16:G25) -> 62204.2 | H56: =AVERAGE(H16:H25) -> 68998.27 | I56: =AVERAGE(I16:I25) -> 147097.07 | P56: =AVERAGE(P16:P25) -> 0.44676858 | Q56: =AVERAGE(Q16:Q25) -> 15216.8 | R56: =AVERAGE(R16:R25) -> 10.8669 | S56: =AVERAGE(S16:S25) -> #DIV/0! | T56: =AVERAGE(T16:T25) -> 15894.6
A57: Min | B57: =MIN(B16:B25) -> 126 | C57: =MIN(C16:C25) -> 1055 | D57: =MIN(D16:D25) -> 407 | E57: =MIN(E16:E25) -> 1611 | F57: =MIN(F16:F25) -> 2529 | G57: =MIN(G16:G25) -> 33358 | H57: =MIN(H16:H25) -> 12792 | I57: =MIN(I16:I25) -> 62869 | P57: =MIN(P16:P25) -> 0.20347071 | Q57: =MIN(Q16:Q25) -> 6650 | R57: =MIN(R16:R25) -> 3.073 | S57: =MIN(S16:S25) -> 0 | T57: =MIN(T16:T25) -> 8634
A58: Max | B58: =MAX(B16:B25) -> 2034 | C58: =MAX(C16:C25) -> 10353 | D58: =MAX(D16:D25) -> 2874 | E58: =MAX(E16:E25) -> 9299 | F58: =MAX(F16:F25) -> 8551 | G58: =MAX(G16:G25) -> 127900 | H58: =MAX(H16:H25) -> 124321 | I58: =MAX(I16:I25) -> 255983.28 | P58: =MAX(P16:P25) -> 0.73375159 | Q58: =MAX(Q16:Q25) -> 27359 | R58: =MAX(R16:R25) -> 20.527 | S58: =MAX(S16:S25) -> 0 | T58: =MAX(T16:T25) -> 27570
A59: 2000s Ave | B59: =AVERAGE(B26:B35) -> 6116.3 | C59: =AVERAGE(C26:C35) -> 7081.3 | D59: =AVERAGE(D26:D35) -> 3385 | E59: =AVERAGE(E26:E35) -> 4443.8 | F59: =AVERAGE(F26:F35) -> 5611 | G59: =AVERAGE(G26:G35) -> 74179 | H59: =AVERAGE(H26:H35) -> 209984.92 | I59: =AVERAGE(I26:I35) -> 310801.32 | P59: =AVERAGE(P26:P35) -> 0.66606044 | Q59: =AVERAGE(Q26:Q35) -> 20521.1 | R59: =AVERAGE(R26:R35) -> 14.9101 | S59: =AVERAGE(S26:S35) -> #DIV/0! | T59: =AVERAGE(T26:T35) -> 26637.4
A60: Min | B60: =MIN(B26:B35) -> 2366 | C60: =MIN(C26:C35) -> 1609 | D60: =MIN(D26:D35) -> 404 | E60: =MIN(E26:E35) -> 1493 | F60: =MIN(F26:F35) -> 2347 | G60: =MIN(G26:G35) -> 26615 | H60: =MIN(H26:H35) -> 86246.565 | I60: =MIN(I26:I35) -> 154993.57 | P60: =MIN(P26:P35) -> 0.53281143 | Q60: =MIN(Q26:Q35) -> 9773 | R60: =MIN(R26:R35) -> 6.132 | S60: =MIN(S26:S35) -> 0 | T60: =MIN(T26:T35) -> 13128
A61: Max | B61: =MAX(B26:B35) -> 10162 | C61: =MAX(C26:C35) -> 16530 | D61: =MAX(D26:D35) -> 8030 | E61: =MAX(E26:E35) -> 7596 | F61: =MAX(F26:F35) -> 12680 | G61: =MAX(G26:G35) -> 143240 | H61: =MAX(H26:H35) -> 439885 | I61: =MAX(I26:I35) -> 538987 | P61: =MAX(P26:P35) -> 0.81613286 | Q61: =MAX(Q26:Q35) -> 40971 | R61: =MAX(R26:R35) -> 28.291 | S61: =MAX(S26:S35) -> 0 | T61: =MAX(T26:T35) -> 51133
A62: 2010s Ave | B62: =AVERAGE(B36:B45) -> 10223.7 | C62: =AVERAGE(C36:C45) -> 11407.785 | D62: =AVERAGE(D36:D45) -> 1857.1026 | E62: =AVERAGE(E36:E45) -> 1669.6 | F62: =AVERAGE(F36:F45) -> 4674.9 | G62: =AVERAGE(G36:G45) -> 58917 | H62: =AVERAGE(H36:H45) -> 188617.97 | I62: =AVERAGE(I36:I45) -> 277368.06 | P62: =AVERAGE(P36:P45) -> 0.67248781 | Q62: =AVERAGE(Q36:Q45) -> 19609.388 | R62: =AVERAGE(R36:R45) -> 14.934488 | S62: =AVERAGE(S36:S45) -> #DIV/0! | T62: =AVERAGE(T36:T45) -> 29833.088
A63: Min | B63: =MIN(B36:B45) -> 2479 | C63: =MIN(C36:C45) -> 1573 | D63: =MIN(D36:D45) -> 776 | E63: =MIN(E36:E45) -> 597 | F63: =MIN(F36:F45) -> 3106 | G63: =MIN(G36:G45) -> 27292 | H63: =MIN(H36:H45) -> 73105 | I63: =MIN(I36:I45) -> 109917 | P63: =MIN(P36:P45) -> 0.54766601 | Q63: =MIN(Q36:Q45) -> 6803 | R63: =MIN(R36:R45) -> 3.379 | S63: =MIN(S36:S45) -> 0 | T63: =MIN(T36:T45) -> 9520
A64: Max | B64: =MAX(B36:B45) -> 22955 | C64: =MAX(C36:C45) -> 26504 | D64: =MAX(D36:D45) -> 4462 | E64: =MAX(E36:E45) -> 3138 | F64: =MAX(F36:F45) -> 7607 | G64: =MAX(G36:G45) -> 107675 | H64: =MAX(H36:H45) -> 315345.82 | I64: =MAX(I36:I45) -> 465257.82 | P64: =MAX(P36:P45) -> 0.78602007 | Q64: =MAX(Q36:Q45) -> 34323 | R64: =MAX(R36:R45) -> 30.849 | S64: =MAX(S36:S45) -> 0 | T64: =MAX(T36:T45) -> 47885
A66: 10-yr ave(y-1) | B66: =AVERAGE(B41:B50) -> 12256.4 | C66: =AVERAGE(C41:C50) -> 9839.9 | D66: =AVERAGE(D41:D50) -> 2506.4 | E66: =AVERAGE(E41:E50) -> 2580.4 | F66: =AVERAGE(F41:F50) -> 5872.4 | G66: =AVERAGE(G41:G50) -> 46603.8 | H66: =AVERAGE(H41:H50) -> 139676.25 | I66: =AVERAGE(I41:I50) -> 219335.55 | J66: =H51/H66 -> 1.1075827 | P66: =AVERAGE(P41:P50) -> 0.62840584 | Q66: =AVERAGE(Q41:Q50) -> 20799.1 | R66: =AVERAGE(R41:R50) -> 16.2485 | S66: =AVERAGE(S41:S50) -> #DIV/0! | T66: =AVERAGE(T41:T50) -> 33055.5
A67: Min | B67: =MIN(B41:B50) -> 2717 | C67: =MIN(C41:C50) -> 908 | D67: =MIN(D41:D50) -> 809 | E67: =MIN(E41:E50) -> 597 | F67: =MIN(F41:F50) -> 3424 | G67: =MIN(G41:G50) -> 27292 | H67: =MIN(H41:H50) -> 73105 | I67: =MIN(I41:I50) -> 109917 | P67: =MIN(P41:P50) -> 0.54766601 | Q67: =MIN(Q41:Q50) -> 6803 | R67: =MIN(R41:R50) -> 3.379 | S67: =MIN(S41:S50) -> 0 | T67: =MIN(T41:T50) -> 9520
A68: Max | B68: =MAX(B41:B50) -> 21468 | C68: =MAX(C41:C50) -> 26504 | D68: =MAX(D41:D50) -> 4462 | E68: =MAX(E41:E50) -> 6875 | F68: =MAX(F41:F50) -> 10289 | G68: =MAX(G41:G50) -> 84532 | H68: =MAX(H41:H50) -> 288993 | I68: =MAX(I41:I50) -> 421410 | P68: =MAX(P41:P50) -> 0.68577632 | Q68: =MAX(Q41:Q50) -> 34323 | R68: =MAX(R41:R50) -> 30.849 | S68: =MAX(S41:S50) -> 0 | T68: =MAX(T41:T50) -> 47885
A70: 2026 Forecast | B70: 13700 | C70: 9300 | D70: 3300 | E70: 5000 | F70: XX | G70: 43700 | H70: 147300 | I70: =SUM(B70:H70) -> 222300 | Q70: =SUM(C70:F70) -> 17600 | R70: =MAX(R31:R40) -> 19.76 | S70: =MAX(S31:S40) -> 0 | T70: =Q70+B70 -> 31300
A71: 10X | B71: =AVERAGE(B42:B51) -> 12882 | C71: =AVERAGE(C42:C51) -> 8327.2 | D71: =AVERAGE(D42:D51) -> 2606.2 | E71: =AVERAGE(E42:E51) -> 2941.5 | F71: =AVERAGE(F42:F51) -> 6237.3 | G71: =AVERAGE(G42:G51) -> 43203.3 | H71: =AVERAGE(H42:H51) -> 126247.25 | I71: =AVERAGE(I41:I50) -> 219335.55 | Q71: =AVERAGE(Q41:Q50) -> 20799.1 | R71: =AVERAGE(R41:R50) -> 16.2485 | S71: =AVERAGE(S41:S50) -> #DIV/0! | T71: =AVERAGE(T41:T50) -> 33055.5
A72: Forecast is | B72: =B70/B71 -> 1.0634995 | C72: =C70/C71 -> 1.116822 | D72: =D70/D71 -> 1.2662113 | E72: =E70/E71 -> 1.699813 | F72: =F70/F71 -> #VALUE! | G72: =G70/G71 -> 1.0114968 | H72: =H70/H71 -> 1.1667581 | I72: =I70/I71 -> 1.0135156 | J72: of 10X | Q72: =Q70/Q71 -> 0.84619046 | R72: =R70/R71 -> 1.2161123 | S72: =S70/S71 -> #DIV/0! | T72: =T70/T71 -> 0.94689235
A73: Forecast is | B73: =B70/B50 -> 0.78627181 | C73: =C70/C50 -> 1.0352889 | D73: =D70/D50 -> 1.3338723 | E73: =E70/E50 -> 1.8368846 | F73: =F70/F50 -> #VALUE! | G73: =G70/G50 -> 1.1580147 | H73: =H70/H50 -> 1.2662036 | I73: =I70/I48 -> 0.77344875 | J73: of last year | Q73: =Q70/Q50 -> 0.90085479 | R73: =R70/R47 -> #DIV/0! | S73: =S70/S47 -> #DIV/0! | T73: =T70/T50 -> 0.84683856
B75: =B48/B66 -> 1.5653862

Sheet T1Static
A1: Table 1. Minimum adult spring Chinook run entering the Columbia River, 1990–2025.1
A3: Year | B3: Select Areas2 | C3: Cowlitz River | D3: Kalama River | E3: Lewis River | F3: Sandy River | G3: Willamette River3 | H3: Upriver Run4 | I3: Total
A4: 1980-84 Avg. | B4: =IF(T1Manip!B9="","",T1Manip!B9) -> -- | C4: =IF(T1Manip!C9="","",T1Manip!C9) -> 22736.8 | D4: =IF(T1Manip!D9="","",T1Manip!D9) -> 4165.2 | E4: =IF(T1Manip!E9="","",T1Manip!E9) -> 3833.6 | F4: =IF(T1Manip!F9="","",T1Manip!F9) -> 2056.6 | G4: =IF(T1Manip!G9="","",T1Manip!G9) -> 62934.6 | H4: =IF(T1Manip!H9="","",T1Manip!H9) -> 63521.494 | I4: =IF(T1Manip!I9="","",T1Manip!I9) -> 159248.29
A5: 1985-89 Avg. | B5: =IF(T1Manip!B15="","",T1Manip!B15) -> -- | C5: =IF(T1Manip!C15="","",T1Manip!C15) -> 11176 | D5: =IF(T1Manip!D15="","",T1Manip!D15) -> 1551.8 | E5: =IF(T1Manip!E15="","",T1Manip!E15) -> 10311.8 | F5: =IF(T1Manip!F15="","",T1Manip!F15) -> 2004.6 | G5: =IF(T1Manip!G15="","",T1Manip!G15) -> 90803.2 | H5: =IF(T1Manip!H15="","",T1Manip!H15) -> 105500.59 | I5: =IF(T1Manip!I15="","",T1Manip!I15) -> 221347.99
A6: 1990 | B6: =IF(T1Manip!B16="","",T1Manip!B16) -> -- | C6: =IF(T1Manip!C16="","",T1Manip!C16) -> 7555 | D6: =IF(T1Manip!D16="","",T1Manip!D16) -> 1987 | E6: =IF(T1Manip!E16="","",T1Manip!E16) -> 9299 | F6: =IF(T1Manip!F16="","",T1Manip!F16) -> 3527 | G6: =IF(T1Manip!G16="","",T1Manip!G16) -> 127900 | H6: =IF(T1Manip!H16="","",T1Manip!H16) -> 105715.28 | I6: =IF(T1Manip!I16="","",T1Manip!I16) -> 255983.28
A7: 1991 | B7: =IF(T1Manip!B17="","",T1Manip!B17) -> -- | C7: =IF(T1Manip!C17="","",T1Manip!C17) -> 8945 | D7: =IF(T1Manip!D17="","",T1Manip!D17) -> 2613 | E7: =IF(T1Manip!E17="","",T1Manip!E17) -> 8334 | F7: =IF(T1Manip!F17="","",T1Manip!F17) -> 3652 | G7: =IF(T1Manip!G17="","",T1Manip!G17) -> 105530 | H7: =IF(T1Manip!H17="","",T1Manip!H17) -> 64478.652 | I7: =IF(T1Manip!I17="","",T1Manip!I17) -> 193552.65
A8: 1992 | B8: =IF(T1Manip!B18="","",T1Manip!B18) -> 211 | C8: =IF(T1Manip!C18="","",T1Manip!C18) -> 10353 | D8: =IF(T1Manip!D18="","",T1Manip!D18) -> 2430 | E8: =IF(T1Manip!E18="","",T1Manip!E18) -> 6025 | F8: =IF(T1Manip!F18="","",T1Manip!F18) -> 8551 | G8: =IF(T1Manip!G18="","",T1Manip!G18) -> 72197 | H8: =IF(T1Manip!H18="","",T1Manip!H18) -> 95691.439 | I8: =IF(T1Manip!I18="","",T1Manip!I18) -> 195458.44
A9: 1993 | B9: =IF(T1Manip!B19="","",T1Manip!B19) -> 629 | C9: =IF(T1Manip!C19="","",T1Manip!C19) -> 9458 | D9: =IF(T1Manip!D19="","",T1Manip!D19) -> 2874 | E9: =IF(T1Manip!E19="","",T1Manip!E19) -> 8195 | F9: =IF(T1Manip!F19="","",T1Manip!F19) -> 6369 | G9: =IF(T1Manip!G19="","",T1Manip!G19) -> 62778 | H9: =IF(T1Manip!H19="","",T1Manip!H19) -> 119962.96 | I9: =IF(T1Manip!I19="","",T1Manip!I19) -> 210265.96
A10: 1994 | B10: =IF(T1Manip!B20="","",T1Manip!B20) -> 126 | C10: =IF(T1Manip!C20="","",T1Manip!C20) -> 3149 | D10: =IF(T1Manip!D20="","",T1Manip!D20) -> 1265 | E10: =IF(T1Manip!E20="","",T1Manip!E20) -> 3068 | F10: =IF(T1Manip!F20="","",T1Manip!F20) -> 3498 | G10: =IF(T1Manip!G20="","",T1Manip!G20) -> 48804 | H10: =IF(T1Manip!H20="","",T1Manip!H20) -> 24095.182 | I10: =IF(T1Manip!I20="","",T1Manip!I20) -> 84005.182
A11: 1990-94 Avg. | B11: =AVERAGE(B6:B10) -> 322 | C11: =AVERAGE(C6:C10) -> 7892 | D11: =AVERAGE(D6:D10) -> 2233.8 | E11: =AVERAGE(E6:E10) -> 6984.2 | F11: =AVERAGE(F6:F10) -> 5119.4 | G11: =AVERAGE(G6:G10) -> 83441.8 | H11: =AVERAGE(H6:H10) -> 81988.704 | I11: =AVERAGE(I6:I10) -> 187853.1
A12: 1995 | B12: =IF(T1Manip!B21="","",T1Manip!B21) -> 169 | C12: =IF(T1Manip!C21="","",T1Manip!C21) -> 2102 | D12: =IF(T1Manip!D21="","",T1Manip!D21) -> 697 | E12: =IF(T1Manip!E21="","",T1Manip!E21) -> 3726 | F12: =IF(T1Manip!F21="","",T1Manip!F21) -> 2529 | G12: =IF(T1Manip!G21="","",T1Manip!G21) -> 40854 | H12: =IF(T1Manip!H21="","",T1Manip!H21) -> 12792 | I12: =IF(T1Manip!I21="","",T1Manip!I21) -> 62869
A13: 1996 | B13: =IF(T1Manip!B22="","",T1Manip!B22) -> 689 | C13: =IF(T1Manip!C22="","",T1Manip!C22) -> 1787 | D13: =IF(T1Manip!D22="","",T1Manip!D22) -> 627 | E13: =IF(T1Manip!E22="","",T1Manip!E22) -> 1730 | F13: =IF(T1Manip!F22="","",T1Manip!F22) -> 3801 | G13: =IF(T1Manip!G22="","",T1Manip!G22) -> 33358 | H13: =IF(T1Manip!H22="","",T1Manip!H22) -> 55551 | I13: =IF(T1Manip!I22="","",T1Manip!I22) -> 97543
A14: 1997 | B14: =IF(T1Manip!B23="","",T1Manip!B23) -> 1583 | C14: =IF(T1Manip!C23="","",T1Manip!C23) -> 1877 | D14: =IF(T1Manip!D23="","",T1Manip!D23) -> 505 | E14: =IF(T1Manip!E23="","",T1Manip!E23) -> 2196 | F14: =IF(T1Manip!F23="","",T1Manip!F23) -> 4410 | G14: =IF(T1Manip!G23="","",T1Manip!G23) -> 34540 | H14: =IF(T1Manip!H23="","",T1Manip!H23) -> 124321 | I14: =IF(T1Manip!I23="","",T1Manip!I23) -> 169432
A15: 1998 | B15: =IF(T1Manip!B24="","",T1Manip!B24) -> 2034 | C15: =IF(T1Manip!C24="","",T1Manip!C24) -> 1055 | D15: =IF(T1Manip!D24="","",T1Manip!D24) -> 407 | E15: =IF(T1Manip!E24="","",T1Manip!E24) -> 1611 | F15: =IF(T1Manip!F24="","",T1Manip!F24) -> 3577 | G15: =IF(T1Manip!G24="","",T1Manip!G24) -> 43497 | H15: =IF(T1Manip!H24="","",T1Manip!H24) -> 44308 | I15: =IF(T1Manip!I24="","",T1Manip!I24) -> 96489
A16: 1999 | B16: =IF(T1Manip!B25="","",T1Manip!B25) -> 1337 | C16: =IF(T1Manip!C25="","",T1Manip!C25) -> 2069 | D16: =IF(T1Manip!D25="","",T1Manip!D25) -> 977 | E16: =IF(T1Manip!E25="","",T1Manip!E25) -> 1753 | F16: =IF(T1Manip!F25="","",T1Manip!F25) -> 3585 | G16: =IF(T1Manip!G25="","",T1Manip!G25) -> 52584 | H16: =IF(T1Manip!H25="","",T1Manip!H25) -> 43067.18 | I16: =IF(T1Manip!I25="","",T1Manip!I25) -> 105372.18
A17: 1995-99 Avg. | B17: =AVERAGE(B12:B16) -> 1162.4 | C17: =AVERAGE(C12:C16) -> 1778 | D17: =AVERAGE(D12:D16) -> 642.6 | E17: =AVERAGE(E12:E16) -> 2203.2 | F17: =AVERAGE(F12:F16) -> 3580.4 | G17: =AVERAGE(G12:G16) -> 40966.6 | H17: =AVERAGE(H12:H16) -> 56007.836 | I17: =AVERAGE(I12:I16) -> 106341.04
A18: 2000 | B18: =IF(T1Manip!B26="","",T1Manip!B26) -> 5585 | C18: =IF(T1Manip!C26="","",T1Manip!C26) -> 2199 | D18: =IF(T1Manip!D26="","",T1Manip!D26) -> 1418 | E18: =IF(T1Manip!E26="","",T1Manip!E26) -> 2515 | F18: =IF(T1Manip!F26="","",T1Manip!F26) -> 3641 | G18: =IF(T1Manip!G26="","",T1Manip!G26) -> 55740 | H18: =IF(T1Manip!H26="","",T1Manip!H26) -> 186715.2 | I18: =IF(T1Manip!I26="","",T1Manip!I26) -> 257813.2
A19: 2001 | B19: =IF(T1Manip!B27="","",T1Manip!B27) -> 8089 | C19: =IF(T1Manip!C27="","",T1Manip!C27) -> 1609 | D19: =IF(T1Manip!D27="","",T1Manip!D27) -> 1796 | E19: =IF(T1Manip!E27="","",T1Manip!E27) -> 3777 | F19: =IF(T1Manip!F27="","",T1Manip!F27) -> 5329 | G19: =IF(T1Manip!G27="","",T1Manip!G27) -> 78502 | H19: =IF(T1Manip!H27="","",T1Manip!H27) -> 439885 | I19: =IF(T1Manip!I27="","",T1Manip!I27) -> 538987
A20: 2002 | B20: =IF(T1Manip!B28="","",T1Manip!B28) -> 8661 | C20: =IF(T1Manip!C28="","",T1Manip!C28) -> 5129 | D20: =IF(T1Manip!D28="","",T1Manip!D28) -> 2912 | E20: =IF(T1Manip!E28="","",T1Manip!E28) -> 3514 | F20: =IF(T1Manip!F28="","",T1Manip!F28) -> 5905 | G20: =IF(T1Manip!G28="","",T1Manip!G28) -> 120161 | H20: =IF(T1Manip!H28="","",T1Manip!H28) -> 335306 | I20: =IF(T1Manip!I28="","",T1Manip!I28) -> 481588
A21: 2003 | B21: =IF(T1Manip!B29="","",T1Manip!B29) -> 6827 | C21: =IF(T1Manip!C29="","",T1Manip!C29) -> 15954 | D21: =IF(T1Manip!D29="","",T1Manip!D29) -> 4556 | E21: =IF(T1Manip!E29="","",T1Manip!E29) -> 5040 | F21: =IF(T1Manip!F29="","",T1Manip!F29) -> 5472 | G21: =IF(T1Manip!G29="","",T1Manip!G29) -> 123355 | H21: =IF(T1Manip!H29="","",T1Manip!H29) -> 242605.3 | I21: =IF(T1Manip!I29="","",T1Manip!I29) -> 403809.3
A22: 2004 | B22: =IF(T1Manip!B30="","",T1Manip!B30) -> 10162 | C22: =IF(T1Manip!C30="","",T1Manip!C30) -> 16530 | D22: =IF(T1Manip!D30="","",T1Manip!D30) -> 4286 | E22: =IF(T1Manip!E30="","",T1Manip!E30) -> 7475 | F22: =IF(T1Manip!F30="","",T1Manip!F30) -> 12680 | G22: =IF(T1Manip!G30="","",T1Manip!G30) -> 143240 | H22: =IF(T1Manip!H30="","",T1Manip!H30) -> 221675.28 | I22: =IF(T1Manip!I30="","",T1Manip!I30) -> 416048.28
A23: 2000-04 Avg. | B23: =AVERAGE(B18:B22) -> 7864.8 | C23: =AVERAGE(C18:C22) -> 8284.2 | D23: =AVERAGE(D18:D22) -> 2993.6 | E23: =AVERAGE(E18:E22) -> 4464.2 | F23: =AVERAGE(F18:F22) -> 6605.4 | G23: =AVERAGE(G18:G22) -> 104199.6 | H23: =AVERAGE(H18:H22) -> 285237.36 | I23: =AVERAGE(I18:I22) -> 419649.16
A24: 2005 | B24: =IF(T1Manip!B31="","",T1Manip!B31) -> 2366 | C24: =IF(T1Manip!C31="","",T1Manip!C31) -> 9398 | D24: =IF(T1Manip!D31="","",T1Manip!D31) -> 3367 | E24: =IF(T1Manip!E31="","",T1Manip!E31) -> 3512 | F24: =IF(T1Manip!F31="","",T1Manip!F31) -> 7665 | G24: =IF(T1Manip!G31="","",T1Manip!G31) -> 59471 | H24: =IF(T1Manip!H31="","",T1Manip!H31) -> 106909.65 | I24: =IF(T1Manip!I31="","",T1Manip!I31) -> 192688.65
A25: 2006 | B25: =IF(T1Manip!B32="","",T1Manip!B32) -> 6998 | C25: =IF(T1Manip!C32="","",T1Manip!C32) -> 7001 | D25: =IF(T1Manip!D32="","",T1Manip!D32) -> 5458 | E25: =IF(T1Manip!E32="","",T1Manip!E32) -> 7301 | F25: =IF(T1Manip!F32="","",T1Manip!F32) -> 4382 | G25: =IF(T1Manip!G32="","",T1Manip!G32) -> 59311 | H25: =IF(T1Manip!H32="","",T1Manip!H32) -> 132583.34 | I25: =IF(T1Manip!I32="","",T1Manip!I32) -> 223034.34
A26: 2007 | B26: =IF(T1Manip!B33="","",T1Manip!B33) -> 6356 | C26: =IF(T1Manip!C33="","",T1Manip!C33) -> 3961 | D26: =IF(T1Manip!D33="","",T1Manip!D33) -> 8030 | E26: =IF(T1Manip!E33="","",T1Manip!E33) -> 7596 | F26: =IF(T1Manip!F33="","",T1Manip!F33) -> 2841 | G26: =IF(T1Manip!G33="","",T1Manip!G33) -> 39963 | H26: =IF(T1Manip!H33="","",T1Manip!H33) -> 86246.565 | I26: =IF(T1Manip!I33="","",T1Manip!I33) -> 154993.57
A27: 2008 | B27: =IF(T1Manip!B34="","",T1Manip!B34) -> 3289 | C27: =IF(T1Manip!C34="","",T1Manip!C34) -> 2978 | D27: =IF(T1Manip!D34="","",T1Manip!D34) -> 1623 | E27: =IF(T1Manip!E34="","",T1Manip!E34) -> 2215 | F27: =IF(T1Manip!F34="","",T1Manip!F34) -> 5848 | G27: =IF(T1Manip!G34="","",T1Manip!G34) -> 26615 | H27: =IF(T1Manip!H34="","",T1Manip!H34) -> 178626.96 | I27: =IF(T1Manip!I34="","",T1Manip!I34) -> 221194.96
A28: 2009 | B28: =IF(T1Manip!B35="","",T1Manip!B35) -> 2830 | C28: =IF(T1Manip!C35="","",T1Manip!C35) -> 6054 | D28: =IF(T1Manip!D35="","",T1Manip!D35) -> 404 | E28: =IF(T1Manip!E35="","",T1Manip!E35) -> 1493 | F28: =IF(T1Manip!F35="","",T1Manip!F35) -> 2347 | G28: =IF(T1Manip!G35="","",T1Manip!G35) -> 35432 | H28: =IF(T1Manip!H35="","",T1Manip!H35) -> 169295.9 | I28: =IF(T1Manip!I35="","",T1Manip!I35) -> 217855.9
A29: 2005-09 Avg. | B29: =AVERAGE(B24:B28) -> 4367.8 | C29: =AVERAGE(C24:C28) -> 5878.4 | D29: =AVERAGE(D24:D28) -> 3776.4 | E29: =AVERAGE(E24:E28) -> 4423.4 | F29: =AVERAGE(F24:F28) -> 4616.6 | G29: =AVERAGE(G24:G28) -> 44158.4 | H29: =AVERAGE(H24:H28) -> 134732.48 | I29: =AVERAGE(I24:I28) -> 201953.48
A30: 2010 | B30: =IF(T1Manip!B36="","",T1Manip!B36) -> 22955 | C30: =IF(T1Manip!C36="","",T1Manip!C36) -> 8615 | D30: =IF(T1Manip!D36="","",T1Manip!D36) -> 977 | E30: =IF(T1Manip!E36="","",T1Manip!E36) -> 2347 | F30: =IF(T1Manip!F36="","",T1Manip!F36) -> 7343 | G30: =IF(T1Manip!G36="","",T1Manip!G36) -> 107675 | H30: =IF(T1Manip!H36="","",T1Manip!H36) -> 315345.82 | I30: =IF(T1Manip!I36="","",T1Manip!I36) -> 465257.82
A31: 2011 | B31: =IF(T1Manip!B37="","",T1Manip!B37) -> 8850 | C31: =IF(T1Manip!C37="","",T1Manip!C37) -> 5379 | D31: =IF(T1Manip!D37="","",T1Manip!D37) -> 776 | E31: =IF(T1Manip!E37="","",T1Manip!E37) -> 1310 | F31: =IF(T1Manip!F37="","",T1Manip!F37) -> 4702 | G31: =IF(T1Manip!G37="","",T1Manip!G37) -> 76549 | H31: =IF(T1Manip!H37="","",T1Manip!H37) -> 221157.83 | I31: =IF(T1Manip!I37="","",T1Manip!I37) -> 318723.83
A32: 2012 | B32: =IF(T1Manip!B38="","",T1Manip!B38) -> 8984 | C32: =IF(T1Manip!C38="","",T1Manip!C38) -> 12212.852 | D32: =IF(T1Manip!D38="","",T1Manip!D38) -> 889.0263 | E32: =IF(T1Manip!E38="","",T1Manip!E38) -> 1895 | F32: =IF(T1Manip!F38="","",T1Manip!F38) -> 4568 | G32: =IF(T1Manip!G38="","",T1Manip!G38) -> 63037 | H32: =IF(T1Manip!H38="","",T1Manip!H38) -> 203089.6 | I32: =IF(T1Manip!I38="","",T1Manip!I38) -> 294675.48
A33: 2013 | B33: =IF(T1Manip!B39="","",T1Manip!B39) -> 5383 | C33: =IF(T1Manip!C39="","",T1Manip!C39) -> 8132 | D33: =IF(T1Manip!D39="","",T1Manip!D39) -> 1014 | E33: =IF(T1Manip!E39="","",T1Manip!E39) -> 1570 | F33: =IF(T1Manip!F39="","",T1Manip!F39) -> 3723 | G33: =IF(T1Manip!G39="","",T1Manip!G39) -> 44880 | H33: =IF(T1Manip!H39="","",T1Manip!H39) -> 123136.15 | I33: =IF(T1Manip!I39="","",T1Manip!I39) -> 187838.15
A34: 2014 | B34: =IF(T1Manip!B40="","",T1Manip!B40) -> 2479 | C34: =IF(T1Manip!C40="","",T1Manip!C40) -> 8294 | D34: =IF(T1Manip!D40="","",T1Manip!D40) -> 1013 | E34: =IF(T1Manip!E40="","",T1Manip!E40) -> 1396 | F34: =IF(T1Manip!F40="","",T1Manip!F40) -> 3106 | G34: =IF(T1Manip!G40="","",T1Manip!G40) -> 49765 | H34: =IF(T1Manip!H40="","",T1Manip!H40) -> 242634.83 | I34: =IF(T1Manip!I40="","",T1Manip!I40) -> 308687.83
A35: 2010-14 Avg. | B35: =AVERAGE(B30:B34) -> 9730.2 | C35: =AVERAGE(C30:C34) -> 8526.5704 | D35: =AVERAGE(D30:D34) -> 933.80526 | E35: =AVERAGE(E30:E34) -> 1703.6 | F35: =AVERAGE(F30:F34) -> 4688.4 | G35: =AVERAGE(G30:G34) -> 68381.2 | H35: =AVERAGE(H30:H34) -> 221072.85 | I35: =AVERAGE(I30:I34) -> 315036.62
A36: 2015 | B36: =IF(T1Manip!B41="","",T1Manip!B41) -> 13562 | C36: =IF(T1Manip!C41="","",T1Manip!C41) -> 26504 | D36: =IF(T1Manip!D41="","",T1Manip!D41) -> 3237 | E36: =IF(T1Manip!E41="","",T1Manip!E41) -> 1108 | F36: =IF(T1Manip!F41="","",T1Manip!F41) -> 3474 | G36: =IF(T1Manip!G41="","",T1Manip!G41) -> 84532 | H36: =IF(T1Manip!H41="","",T1Manip!H41) -> 288993 | I36: =IF(T1Manip!I41="","",T1Manip!I41) -> 421410
A37: 2016 | B37: =IF(T1Manip!B42="","",T1Manip!B42) -> 9920 | C37: =IF(T1Manip!C42="","",T1Manip!C42) -> 24554 | D37: =IF(T1Manip!D42="","",T1Manip!D42) -> 4462 | E37: =IF(T1Manip!E42="","",T1Manip!E42) -> 597 | F37: =IF(T1Manip!F42="","",T1Manip!F42) -> 3964 | G37: =IF(T1Manip!G42="","",T1Manip!G42) -> 47225 | H37: =IF(T1Manip!H42="","",T1Manip!H42) -> 187815.8 | I37: =IF(T1Manip!I42="","",T1Manip!I42) -> 278537.8
A38: 2017 | B38: =IF(T1Manip!B43="","",T1Manip!B43) -> 16818 | C38: =IF(T1Manip!C43="","",T1Manip!C43) -> 14618 | D38: =IF(T1Manip!D43="","",T1Manip!D43) -> 3505 | E38: =IF(T1Manip!E43="","",T1Manip!E43) -> 2338 | F38: =IF(T1Manip!F43="","",T1Manip!F43) -> 7607 | G38: =IF(T1Manip!G43="","",T1Manip!G43) -> 50774 | H38: =IF(T1Manip!H43="","",T1Manip!H43) -> 115820.9 | I38: =IF(T1Manip!I43="","",T1Manip!I43) -> 211480.9
A39: 2018 | B39: =IF(T1Manip!B44="","",T1Manip!B44) -> 10569 | C39: =IF(T1Manip!C44="","",T1Manip!C44) -> 4196 | D39: =IF(T1Manip!D44="","",T1Manip!D44) -> 1889 | E39: =IF(T1Manip!E44="","",T1Manip!E44) -> 3138 | F39: =IF(T1Manip!F44="","",T1Manip!F44) -> 4838 | G39: =IF(T1Manip!G44="","",T1Manip!G44) -> 37441 | H39: =IF(T1Manip!H44="","",T1Manip!H44) -> 115080.8 | I39: =IF(T1Manip!I44="","",T1Manip!I44) -> 177151.8
A40: 2019 | B40: =IF(T1Manip!B45="","",T1Manip!B45) -> 2717 | C40: =IF(T1Manip!C45="","",T1Manip!C45) -> 1573 | D40: =IF(T1Manip!D45="","",T1Manip!D45) -> 809 | E40: =IF(T1Manip!E45="","",T1Manip!E45) -> 997 | F40: =IF(T1Manip!F45="","",T1Manip!F45) -> 3424 | G40: =IF(T1Manip!G45="","",T1Manip!G45) -> 27292 | H40: =IF(T1Manip!H45="","",T1Manip!H45) -> 73105 | I40: =IF(T1Manip!I45="","",T1Manip!I45) -> 109917
A41: 2015-19 Avg. | B41: =AVERAGE(B36:B40) -> 10717.2 | C41: =AVERAGE(C36:C40) -> 14289 | D41: =AVERAGE(D36:D40) -> 2780.4 | E41: =AVERAGE(E36:E40) -> 1635.6 | F41: =AVERAGE(F36:F40) -> 4661.4 | G41: =AVERAGE(G36:G40) -> 49452.8 | H41: =AVERAGE(H36:H40) -> 156163.1 | I41: =AVERAGE(I36:I40) -> 239699.5
A42: 2020 | B42: =IF(T1Manip!B46="","",T1Manip!B46) -> 4003 | C42: =IF(T1Manip!C46="","",T1Manip!C46) -> 908 | D42: =IF(T1Manip!D46="","",T1Manip!D46) -> 1158 | E42: =IF(T1Manip!E46="","",T1Manip!E46) -> 1900 | F42: =IF(T1Manip!F46="","",T1Manip!F46) -> 7782 | G42: =IF(T1Manip!G46="","",T1Manip!G46) -> 45965 | H42: =IF(T1Manip!H46="","",T1Manip!H46) -> 81301 | I42: =IF(T1Manip!I46="","",T1Manip!I46) -> 143017
A43: 2021 | B43: =IF(T1Manip!B47="","",T1Manip!B47) -> 6897 | C43: =IF(T1Manip!C47="","",T1Manip!C47) -> 3700 | D43: =IF(T1Manip!D47="","",T1Manip!D47) -> 1857 | E43: =IF(T1Manip!E47="","",T1Manip!E47) -> 2938 | F43: =IF(T1Manip!F47="","",T1Manip!F47) -> 5676 | G43: =IF(T1Manip!G47="","",T1Manip!G47) -> 41308 | H43: =IF(T1Manip!H47="","",T1Manip!H47) -> 91756 | I43: =IF(T1Manip!I47="","",T1Manip!I47) -> 154132
A44: 2022 | B44: =IF(T1Manip!B48="","",T1Manip!B48) -> 19186 | C44: =IF(T1Manip!C48="","",T1Manip!C48) -> 7146 | D44: =IF(T1Manip!D48="","",T1Manip!D48) -> 3148 | E44: =IF(T1Manip!E48="","",T1Manip!E48) -> 6875 | F44: =IF(T1Manip!F48="","",T1Manip!F48) -> 10289 | G44: =IF(T1Manip!G48="","",T1Manip!G48) -> 55391 | H44: =IF(T1Manip!H48="","",T1Manip!H48) -> 185379 | I44: =IF(T1Manip!I48="","",T1Manip!I48) -> 287414
A45: 2023 | B45: =IF(T1Manip!B48="","",T1Manip!B49) -> 21468 | C45: =IF(T1Manip!C48="","",T1Manip!C49) -> 6217 | D45: =IF(T1Manip!D48="","",T1Manip!D49) -> 2525 | E45: =IF(T1Manip!E48="","",T1Manip!E49) -> 3191 | F45: =IF(T1Manip!F48="","",T1Manip!F49) -> 6312 | G45: =IF(T1Manip!G48="","",T1Manip!G49) -> 38373 | H45: =IF(T1Manip!H48="","",T1Manip!H49) -> 141179 | I45: =IF(T1Manip!I48="","",T1Manip!I49) -> 219265
A46: 2024 | B46: =IF(T1Manip!B49="","",T1Manip!B50) -> 17424 | C46: =IF(T1Manip!C49="","",T1Manip!C50) -> 8983 | D46: =IF(T1Manip!D49="","",T1Manip!D50) -> 2474 | E46: =IF(T1Manip!E49="","",T1Manip!E50) -> 2722 | F46: =IF(T1Manip!F49="","",T1Manip!F50) -> 5358 | G46: =IF(T1Manip!G49="","",T1Manip!G50) -> 37737 | H46: =IF(T1Manip!H49="","",T1Manip!H50) -> 116332 | I46: =IF(T1Manip!I49="","",T1Manip!I50) -> 191030
A47: 2025 | B47: =IF(T1Manip!B50="","",T1Manip!B51) -> 19818 | C47: =IF(T1Manip!C50="","",T1Manip!C51) -> 11377 | D47: =IF(T1Manip!D50="","",T1Manip!D51) -> 4235 | E47: =IF(T1Manip!E50="","",T1Manip!E51) -> 4719 | F47: =IF(T1Manip!F50="","",T1Manip!F51) -> 7123 | G47: =IF(T1Manip!G50="","",T1Manip!G51) -> 50527 | H47: =IF(T1Manip!H50="","",T1Manip!H51) -> 154703 | I47: =IF(T1Manip!I50="","",T1Manip!I51) -> 252502
A48: 1Tributary run sizes prior to 2018 are to the tributary mouth only and include hatchery returns or dam counts, recreational catch estimates, and estimates of natural spawning populations. Willamette return is to the Columbia River mouth.
A49: 2Minimum run size for Select Area spring Chinook is based on harvest of returning Select Area-origin adults in Select Area commercial and recreational fisheries. Estimates of escapement are not available.
A50: 3Includes Clackamas River return.
A51: 4Upriver counts prior to 2005 are adjusted for current spring management period. Counts include Snake River summer Chinook and continue through June 15 at Bonneville Dam. Adjustments may result in data being inconsistent with data found elsewhere in this document.
A53: Comments:

Sheet T2Manip
A1: Table 2. Predicted and Actual Spring Chinook Entering the Columbia River, and Projections.
B2: Willamette River (All Age Classes) | E2: Sandy River (Adults) | H2: Cowlitz, Kalama, & Lewis Rivers Combined (Adults) | K2: Upriver (Adults)
A3: Year | B3: PreseasonForecast | C3: Actual Return | D3: PercOfPredicted | E3: PreseasonForecast | F3: Actual Return | G3: PercOfPredicted | H3: Preseason Forecast | I3: Actual Return | J3: PercOfPredicted | K3: Preseason Forecast | L3: Actual Return | M3: PercOfPredicted
A4: 1985 | B4: =70*1000 -> 70000 | C4: 68090 | D4: =C4/B4*100 -> 97.271429 | E4: — | F4: =T1Manip!F10 -> 1449 | G4: — | H4: — | I4: 14400 | J4: — | K4: 52600 | L4: =84.7*1000 -> 84700 | M4: =L4/K4*100 -> 161.02662
A5: 1986 | B5: =65*1000 -> 65000 | C5: 73552 | D5: =C5/B5*100 -> 113.15692 | E5: — | F5: =T1Manip!F11 -> 1286 | G5: — | H5: — | I5: 16700 | J5: — | K5: 115000 | L5: =120.6*1000 -> 120600 | M5: =L5/K5*100 -> 104.86957
A6: 1987 | B6: =78*1000 -> 78000 | C6: 93593 | D6: =C6/B6*100 -> 119.99103 | E6: — | F6: =T1Manip!F12 -> 2353 | G6: — | H6: — | I6: 37000 | J6: — | K6: 79700 | L6: =99.8*1000 -> 99800 | M6: =L6/K6*100 -> 125.21957
A7: 1988 | B7: =97*1000 -> 97000 | C7: 118112 | D7: =C7/B7*100 -> 121.76495 | E7: — | F7: =T1Manip!F13 -> 2931 | G7: — | H7: 32000 | I7: 24900 | J7: =I7/H7*100 -> 77.8125 | K7: 53400 | L7: =97*1000 -> 97000 | M7: =L7/K7*100 -> 181.64794
A8: 1989 | B8: =102*1000 -> 102000 | C8: 114929 | D8: =C8/B8*100 -> 112.67549 | E8: — | F8: =T1Manip!F14 -> 2004 | G8: — | H8: 16100 | I8: 22300 | J8: =I8/H8*100 -> 138.50932 | K8: 92700 | L8: =82.6*1000 -> 82600 | M8: =L8/K8*100 -> 89.104639
A9: 1990 | B9: =128*1000 -> 128000 | C9: 130588 | D9: =C9/B9*100 -> 102.02187 | E9: — | F9: =T1Manip!F16 -> 3527 | G9: — | H9: 18600 | I9: =T1Manip!C16+T1Manip!D16+T1Manip!E16 -> 18841 | J9: =I9/H9*100 -> 101.2957 | K9: 120800 | L9: =99.1*1000 -> 99100 | M9: =L9/K9*100 -> 82.036424
A10: 1991 | B10: =110*1000 -> 110000 | C10: 109929 | D10: =C10/B10*100 -> 99.935455 | E10: — | F10: =T1Manip!F17 -> 3652 | G10: — | H10: 19700 | I10: =T1Manip!C17+T1Manip!D17+T1Manip!E17 -> 19892 | J10: =I10/H10*100 -> 100.97462 | K10: 61900 | L10: =59.2*1000 -> 59200 | M10: =L10/K10*100 -> 95.638126
A11: 1992 | B11: =106*1000 -> 106000 | C11: 75008 | D11: =C11/B11*100 -> 70.762264 | E11: — | F11: =T1Manip!F18 -> 8551 | G11: — | H11: 26600 | I11: =T1Manip!C18+T1Manip!D18+T1Manip!E18 -> 18808 | J11: =I11/H11*100 -> 70.706767 | K11: 71400 | L11: =89.8*1000 -> 89800 | M11: =L11/K11*100 -> 125.77031
A12: 1993 | B12: =70*1000 -> 70000 | C12: 65934 | D12: =C12/B12*100 -> 94.191429 | E12: — | F12: =T1Manip!F19 -> 6369 | G12: — | H12: 21300 | I12: =T1Manip!C19+T1Manip!D19+T1Manip!E19 -> 20527 | J12: =I12/H12*100 -> 96.370892 | K12: 76200 | L12: =111*1000 -> 111000 | M12: =L12/K12*100 -> 145.66929
A13: 1994 | B13: =75*1000 -> 75000 | C13: 49580 | D13: =C13/B13*100 -> 66.106667 | E13: — | F13: =T1Manip!F20 -> 3498 | G13: — | H13: 12300 | I13: =T1Manip!C20+T1Manip!D20+T1Manip!E20 -> 7482 | J13: =I13/H13*100 -> 60.829268 | K13: 49000 | L13: =20.8*1000 -> 20800 | M13: =L13/K13*100 -> 42.44898
A14: 1995 | B14: =49*1000 -> 49000 | C14: 42563 | D14: =C14/B14*100 -> 86.863265 | E14: — | F14: =T1Manip!F21 -> 2529 | G14: — | H14: 4600 | I14: =T1Manip!C21+T1Manip!D21+T1Manip!E21 -> 6525 | J14: =I14/H14*100 -> 141.84783 | K14: 12000 | L14: =9.8*1000 -> 9800 | M14: =L14/K14*100 -> 81.666667
A15: 1996 | B15: =41*1000 -> 41000 | C15: 34765 | D15: =C15/B15*100 -> 84.792683 | E15: — | F15: =T1Manip!F22 -> 3801 | G15: — | H15: 4400 | I15: =T1Manip!C22+T1Manip!D22+T1Manip!E22 -> 4144 | J15: =I15/H15*100 -> 94.181818 | K15: 37200 | L15: =51.5*1000 -> 51500 | M15: =L15/K15*100 -> 138.44086
A16: 1997 | B16: =30*1000 -> 30000 | C16: 35303 | D16: =C16/B16*100 -> 117.67667 | E16: — | F16: =T1Manip!F23 -> 4410 | G16: — | H16: 4500 | I16: =T1Manip!C23+T1Manip!D23+T1Manip!E23 -> 4578 | J16: =I16/H16*100 -> 101.73333 | K16: 67800 | L16: =114*1000 -> 114000 | M16: =L16/K16*100 -> 168.14159
A17: 1998 | B17: =33.7*1000 -> 33700 | C17: 45139 | D17: =C17/B17*100 -> 133.94362 | E17: — | F17: =T1Manip!F24 -> 3577 | G17: — | H17: 2900 | I17: =T1Manip!C24+T1Manip!D24+T1Manip!E24 -> 3073 | J17: =I17/H17*100 -> 105.96552 | K17: 36200 | L17: =38.3*1000 -> 38300 | M17: =L17/K17*100 -> 105.8011
A18: 1999 | B18: 46500 | C18: 54202 | D18: =C18/B18*100 -> 116.56344 | E18: 4300 | F18: =T1Manip!F25 -> 3585 | G18: =F18/E18*100 -> 83.372093 | H18: 3900 | I18: =T1Manip!C25+T1Manip!D25+T1Manip!E25 -> 4799 | J18: =I18/H18*100 -> 123.05128 | K18: 24600 | L18: =38.7*1000 -> 38700 | M18: =L18/K18*100 -> 157.31707
A19: 2000 | B19: 59900 | C19: 57454 | D19: =C19/B19*100 -> 95.916528 | E19: 3800 | F19: =T1Manip!F26 -> 3641 | G19: =F19/E19*100 -> 95.815789 | H19: 6000 | I19: =T1Manip!C26+T1Manip!D26+T1Manip!E26 -> 6132 | J19: =I19/H19*100 -> 102.2 | K19: 134000 | L19: =178.6*1000 -> 178600 | M19: =L19/K19*100 -> 133.28358
A20: 2001 | B20: 61000 | C20: 80366 | D20: =C20/B20*100 -> 131.74754 | E20: 4000 | F20: =T1Manip!F27 -> 5329 | G20: =F20/E20*100 -> 133.225 | H20: 4800 | I20: =T1Manip!C27+T1Manip!D27+T1Manip!E27 -> 7182 | J20: =I20/H20*100 -> 149.625 | K20: 364600 | L20: =416.5*1000 -> 416500 | M20: =L20/K20*100 -> 114.23478
A21: 2002 | B21: 73800 | C21: 121711 | D21: =C21/B21*100 -> 164.92005 | E21: 4300 | F21: =T1Manip!F28 -> 5905 | G21: =F21/E21*100 -> 137.32558 | H21: 6700 | I21: =T1Manip!C28+T1Manip!D28+T1Manip!E28 -> 11555 | J21: =I21/H21*100 -> 172.46269 | K21: 333700 | L21: =295.1*1000 -> 295100 | M21: =L21/K21*100 -> 88.432724
A22: 2003 | B22: 109800 | C22: 126580 | D22: =C22/B22*100 -> 115.28233 | E22: 4800 | F22: =T1Manip!F29 -> 5472 | G22: =F22/E22*100 -> 114 | H22: 11600 | I22: =T1Manip!C29+T1Manip!D29+T1Manip!E29 -> 25550 | J22: =I22/H22*100 -> 220.25862 | K22: 145400 | L22: =208.9*1000 -> 208900 | M22: =L22/K22*100 -> 143.67263
A23: 2004 | B23: 109400 | C23: 144448 | D23: =C23/B23*100 -> 132.03656 | E23: 5200 | F23: =T1Manip!F30 -> 12680 | G23: =F23/E23*100 -> 243.84615 | H23: 27300 | I23: =T1Manip!C30+T1Manip!D30+T1Manip!E30 -> 28291 | J23: =I23/H23*100 -> 103.63004 | K23: 360700 | L23: =193.4*1000 -> 193400 | M23: =L23/K23*100 -> 53.617965
A24: 2005 | B24: 116900 | C24: 60976 | D24: =C24/B24*100 -> 52.160821 | E24: 7400 | F24: =T1Manip!F31 -> 7665 | G24: =F24/E24*100 -> 103.58108 | H24: 24800 | I24: =T1Manip!C31+T1Manip!D31+T1Manip!E31 -> 16277 | J24: =I24/H24*100 -> 65.633065 | K24: 254100 | L24: =T1Manip!H31 -> 106909.65 | M24: =L24/K24*100 -> 42.073851
A25: 2006 | B25: 46500 | C25: 59662 | D25: =C25/B25*100 -> 128.30538 | E25: 8200 | F25: =T1Manip!F32 -> 4382 | G25: =F25/E25*100 -> 53.439024 | H25: 15200 | I25: =T1Manip!C32+T1Manip!D32+T1Manip!E32 -> 19760 | J25: =I25/H25*100 -> 130 | K25: 88400 | L25: =T1Manip!H32 -> 132583.34 | M25: =L25/K25*100 -> 149.98115
A26: 2007 | B26: 52000 | C26: 40489 | D26: =C26/B26*100 -> 77.863462 | E26: 7900 | F26: =T1Manip!F33 -> 2841 | G26: =F26/E26*100 -> 35.962025 | H26: 15900 | I26: =T1Manip!C33+T1Manip!D33+T1Manip!E33 -> 19587 | J26: =I26/H26*100 -> 123.18868 | K26: 78500 | L26: =T1Manip!H33 -> 86246.565 | M26: =L26/K26*100 -> 109.86824
A27: 2008 | B27: 34050 | C27: 27356 | D27: =C27/B27*100 -> 80.340675 | E27: 6800 | F27: =T1Manip!F34 -> 5848 | G27: =F27/E27*100 -> 86 | H27: 12400 | I27: =T1Manip!C34+T1Manip!D34+T1Manip!E34 -> 6816 | J27: =I27/H27*100 -> 54.967742 | K27: 269300 | L27: =T1Manip!H34 -> 178626.96 | M27: =L27/K27*100 -> 66.330099
A28: 2009 | B28: 37614 | C28: 39410 | D28: =C28/B28*100 -> 104.77482 | E28: 5200 | F28: =T1Manip!F35 -> 2347 | G28: =F28/E28*100 -> 45.134615 | H28: 7200 | I28: =T1Manip!C35+T1Manip!D35+T1Manip!E35 -> 7951 | J28: =I28/H28*100 -> 110.43056 | K28: 298900 | L28: =T1Manip!H35 -> 169295.9 | M28: =L28/K28*100 -> 56.639645
A29: 2010 | B29: 62662 | C29: 110536 | D29: =C29/B29*100 -> 176.40037 | E29: 3700 | F29: =T1Manip!F36 -> 7343 | G29: =F29/E29*100 -> 198.45946 | H29: 19400 | I29: =T1Manip!C36+T1Manip!D36+T1Manip!E36 -> 11939 | J29: =I29/H29*100 -> 61.541237 | K29: 470000 | L29: =T1Manip!H36 -> 315345.82 | M29: =L29/K29*100 -> 67.094856
A30: 2011 | B30: 104067 | C30: 80254 | D30: =C30/B30*100 -> 77.117626 | E30: 5500 | F30: =T1Manip!F37 -> 4702 | G30: =F30/E30*100 -> 85.490909 | H30: 10600 | I30: =T1Manip!C37+T1Manip!D37+T1Manip!E37 -> 7465 | J30: =I30/H30*100 -> 70.424528 | K30: 198400 | L30: =T1Manip!H37 -> 221157.83 | M30: =L30/K30*100 -> 111.47068
A31: 2012 | B31: 83402 | C31: 65115 | D31: =C31/B31*100 -> 78.073667 | E31: 4800 | F31: =T1Manip!F38 -> 4568 | G31: =F31/E31*100 -> 95.166667 | H31: 12100 | I31: =T1Manip!C38+T1Manip!D38+T1Manip!E38 -> 14996.878 | J31: =I31/H31*100 -> 123.94114 | K31: 314200 | L31: =T1Manip!H38 -> 203089.6 | M31: =L31/K31*100 -> 64.637046
A32: 2013 | B32: 59845 | C32: 47311 | D32: =C32/B32*100 -> 79.055894 | E32: 6100 | F32: =T1Manip!F39 -> 3723 | G32: =F32/E32*100 -> 61.032787 | H32: 7800 | I32: =T1Manip!C39+T1Manip!D39+T1Manip!E39 -> 10716 | J32: =I32/H32*100 -> 137.38462 | K32: 141400 | L32: =T1Manip!H39 -> 123136.15 | M32: =L32/K32*100 -> 87.083554
A33: 2014 | B33: 58690 | C33: 51794 | D33: =C33/B33*100 -> 88.250128 | E33: 5500 | F33: =T1Manip!F40 -> 3106 | G33: =F33/E33*100 -> 56.472727 | H33: 13800 | I33: =T1Manip!C40+T1Manip!D40+T1Manip!E40 -> 10703 | J33: =I33/H33*100 -> 77.557971 | K33: 227000 | L33: =T1Manip!H40 -> 242634.83 | M33: =L33/K33*100 -> 106.88759
A34: 2015 | B34: 55440 | C34: 87071 | D34: =C34/B34*100 -> 157.05447 | E34: 5500 | F34: =T1Manip!F41 -> 3474 | G34: =F34/E34*100 -> 63.163636 | H34: 14200 | I34: =T1Manip!C41+T1Manip!D41+T1Manip!E41 -> 30849 | J34: =I34/H34*100 -> 217.24648 | K34: 232500 | L34: =T1Manip!H41 -> 288993 | M34: =L34/K34*100 -> 124.29806
A35: 2016 | B35: 70100 | C35: 49768 | D35: =C35/B35*100 -> 70.99572 | E35: — | F35: =T1Manip!F42 -> 3964 | G35: — | H35: 31100 | I35: =T1Manip!C42+T1Manip!D42+T1Manip!E42 -> 29613 | J35: =I35/H35*100 -> 95.21865 | K35: 188800 | L35: =T1Manip!H42 -> 187815.8 | M35: =L35/K35*100 -> 99.478706
A36: 2017 | B36: 40190 | C36: 53653 | D36: =C36/B36*100 -> 133.49838 | E36: 3600 | F36: =T1Manip!F43 -> 7607 | G36: =F36/E36*100 -> 211.30556 | H36: 20900 | I36: =T1Manip!C43+T1Manip!D43+T1Manip!E43 -> 20461 | J36: =I36/H36*100 -> 97.899522 | K36: 160400 | L36: =T1Manip!H43 -> 115820.9 | M36: =L36/K36*100 -> 72.207544
A37: 2018 | B37: 55950 | C37: 39660 | D37: =C37/B37*100 -> 70.884718 | E37: 5400 | F37: =T1Manip!F44 -> 4838 | G37: =F37/E37*100 -> 89.592593 | H37: =5150+1450+3700 -> 10300 | I37: =T1Manip!C44+T1Manip!D44+T1Manip!E44 -> 9223 | J37: =I37/H37*100 -> 89.543689 | K37: 166700 | L37: =T1Manip!H44 -> 115080.8 | M37: =L37/K37*100 -> 69.034673
A38: 2019 | B38: 42490 | C38: 29314 | D38: =C38/B38*100 -> 68.990351 | E38: 5500 | F38: =T1Manip!F45 -> 3424 | G38: =F38/E38*100 -> 62.254545 | H38: =1300+1400+1600 -> 4300 | I38: =T1Manip!C45+T1Manip!D45+T1Manip!E45 -> 3379 | J38: =I38/H38*100 -> 78.581395 | K38: 99300 | L38: =T1Manip!H45 -> 73105 | M38: =L38/K38*100 -> 73.620342
A39: 2020 | B39: 43430 | C39: 47327 | D39: =C39/B39*100 -> 108.97306 | E39: 5200 | F39: =T1Manip!F46 -> 7782 | G39: =F39/E39*100 -> 149.65385 | H39: 3840 | I39: =T1Manip!C46+T1Manip!D46+T1Manip!E46 -> 3966 | J39: =I39/H39*100 -> 103.28125 | K39: 81700 | L39: =T1Manip!H46 -> 81301 | M39: =L39/K39*100 -> 99.511628
A40: 2021 | B40: 52400 | C40: 43148 | D40: =C40/B40*100 -> 82.343511 | E40: 5300 | F40: =T1Manip!F47 -> 5676 | G40: =F40/E40*100 -> 107.09434 | H40: =1800+2200+2400 -> 6400 | I40: =T1Manip!C47+T1Manip!D47+T1Manip!E47 -> 8495 | J40: =I40/H40*100 -> 132.73438 | K40: 75200 | L40: =T1Manip!H47 -> 91756 | M40: =L40/K40*100 -> 122.01596
A41: 2022 | B41: 52900 | C41: 57317 | D41: =C41/B41*100 -> 108.34972 | E41: 5600 | F41: =T1Manip!F48 -> 10289 | G41: =F41/E41*100 -> 183.73214 | H41: =4100+2000+2400 -> 8500 | I41: =T1Manip!C48+T1Manip!D48+T1Manip!E48 -> 17169 | J41: =I41/H41*100 -> 201.98824 | K41: 122900 | L41: =T1Manip!H48 -> 185379 | M41: =L41/K41*100 -> 150.83727
A42: 2023 | B42: 73000 | C42: 39537 | D42: =C42/B42*100 -> 54.160274 | E42: 7800 | F42: 6312 | G42: =F42/E42*100 -> 80.923077 | H42: =T1Manip!$C$70+T1Manip!$D$70+T1Manip!$E$70 -> 17600 | I42: 11933 | J42: =I42/H42*100 -> 67.801136 | K42: =T1Manip!$H$70 -> 147300 | L42: 141179 | M42: =L42/K42*100 -> 95.844535
A43: 2024 | B43: 50400 | C43: 38898 | D43: =C43/B43*100 -> 77.178571 | E43: 7700 | F43: 5358 | G43: =F43/E43*100 -> 69.584416 | H43: 10000 | I43: 14179 | J43: =I43/H43*100 -> 141.79 | K43: 121000 | L43: 116332 | M43: =L43/K43*100 -> 96.142149
A44: 2025 | B44: 53000 | C44: 52067 | D44: =C44/B44*100 -> 98.239623 | E44: 7300 | F44: 7123 | G44: =F44/E44*100 -> 97.575342 | H44: 19900 | I44: 19537 | J44: =I44/H44*100 -> 98.175879 | K44: 122500 | L44: 154703 | M44: =L44/K44*100 -> 126.28816
A45: 2026 | B45: 32900 | E45: 6400 | H45: 17600 | K45: 147300
A47: late 1980s Ave | B47: =AVERAGE(B4:B8) -> 82400 | C47: =AVERAGE(C4:C8) -> 93655.2 | D47: =AVERAGE(D4:D8) -> 112.97196 | H47: =AVERAGE(H4:H8) -> 24050 | I47: =AVERAGE(I4:I8) -> 23060 | J47: =AVERAGE(J4:J8) -> 108.16091 | K47: =AVERAGE(K4:K8) -> 78680 | L47: =AVERAGE(L4:L8) -> 96940 | M47: =AVERAGE(M4:M8) -> 132.37367
A48: Min | B48: =MIN(B4:B8) -> 65000 | C48: =MIN(C4:C8) -> 68090 | D48: =MIN(D4:D8) -> 97.271429 | H48: =MIN(H4:H8) -> 16100 | I48: =MIN(I4:I8) -> 14400 | J48: =MIN(J4:J8) -> 77.8125 | K48: =MIN(K4:K8) -> 52600 | L48: =MIN(L4:L8) -> 82600 | M48: =MIN(M4:M8) -> 89.104639
A49: Max | B49: =MAX(B4:B8) -> 102000 | C49: =MAX(C4:C8) -> 118112 | D49: =MAX(D4:D8) -> 121.76495 | H49: =MAX(H4:H8) -> 32000 | I49: =MAX(I4:I8) -> 37000 | J49: =MAX(J4:J8) -> 138.50932 | K49: =MAX(K4:K8) -> 115000 | L49: =MAX(L4:L8) -> 120600 | M49: =MAX(M4:M8) -> 181.64794
A50: 1990s Ave | B50: =AVERAGE(B9:B18) -> 68920 | C50: =AVERAGE(C9:C18) -> 64301.1 | D50: =AVERAGE(D9:D18) -> 97.285736 | H50: =AVERAGE(H9:H18) -> 11880 | I50: =AVERAGE(I9:I18) -> 10866.9 | J50: =AVERAGE(J9:J18) -> 99.695702 | K50: =AVERAGE(K9:K18) -> 55710 | L50: =AVERAGE(L9:L18) -> 63220 | M50: =AVERAGE(M9:M18) -> 114.29304
A51: Min | B51: =MIN(B9:B18) -> 30000 | C51: =MIN(C9:C18) -> 34765 | D51: =MIN(D9:D18) -> 66.106667 | H51: =MIN(H9:H18) -> 2900 | I51: =MIN(I9:I18) -> 3073 | J51: =MIN(J9:J18) -> 60.829268 | K51: =MIN(K9:K18) -> 12000 | L51: =MIN(L9:L18) -> 9800 | M51: =MIN(M9:M18) -> 42.44898
A52: Max | B52: =MAX(B9:B18) -> 128000 | C52: =MAX(C9:C18) -> 130588 | D52: =MAX(D9:D18) -> 133.94362 | H52: =MAX(H9:H18) -> 26600 | I52: =MAX(I9:I18) -> 20527 | J52: =MAX(J9:J18) -> 141.84783 | K52: =MAX(K9:K18) -> 120800 | L52: =MAX(L9:L18) -> 114000 | M52: =MAX(M9:M18) -> 168.14159
A53: 2000s Ave | B53: =AVERAGE(B19:B28) -> 70096.4 | C53: =AVERAGE(C19:C28) -> 75845.2 | D53: =AVERAGE(D19:D28) -> 108.33482 | H53: =AVERAGE(H19:H28) -> 13190 | I53: =AVERAGE(I19:I28) -> 14910.1 | J53: =AVERAGE(J19:J28) -> 123.23964 | K53: =AVERAGE(K19:K28) -> 232760 | L53: =AVERAGE(L19:L28) -> 196616.24 | M53: =AVERAGE(M19:M28) -> 95.813466
A54: Min | B54: =MIN(B19:B28) -> 34050 | C54: =MIN(C19:C28) -> 27356 | D54: =MIN(D19:D28) -> 52.160821 | H54: =MIN(H19:H28) -> 4800 | I54: =MIN(I19:I28) -> 6132 | J54: =MIN(J19:J28) -> 54.967742 | K54: =MIN(K19:K28) -> 78500 | L54: =MIN(L19:L28) -> 86246.565 | M54: =MIN(M19:M28) -> 42.073851
A55: Max | B55: =MAX(B19:B28) -> 116900 | C55: =MAX(C19:C28) -> 144448 | D55: =MAX(D19:D28) -> 164.92005 | H55: =MAX(H19:H28) -> 27300 | I55: =MAX(I19:I28) -> 28291 | J55: =MAX(J19:J28) -> 220.25862 | K55: =MAX(K19:K28) -> 364600 | L55: =MAX(L19:L28) -> 416500 | M55: =MAX(M19:M28) -> 149.98115
A56: 2010s Ave | B56: =AVERAGE(B29:B38) -> 63283.6 | C56: =AVERAGE(C29:C38) -> 61447.6 | D56: =AVERAGE(D29:D38) -> 100.03213 | H56: =AVERAGE(H29:H38) -> 14450 | I56: =AVERAGE(I29:I38) -> 14934.488 | J56: =AVERAGE(J29:J38) -> 104.93392 | K56: =AVERAGE(K29:K38) -> 219870 | L56: =AVERAGE(L29:L38) -> 188617.97 | M56: =AVERAGE(M29:M38) -> 87.581306
A57: Min | B57: =MIN(B29:B38) -> 40190 | C57: =MIN(C29:C38) -> 29314 | D57: =MIN(D29:D38) -> 68.990351 | H57: =MIN(H29:H38) -> 4300 | I57: =MIN(I29:I38) -> 3379 | J57: =MIN(J29:J38) -> 61.541237 | K57: =MIN(K29:K38) -> 99300 | L57: =MIN(L29:L38) -> 73105 | M57: =MIN(M29:M38) -> 64.637046
A58: Max | B58: =MAX(B29:B38) -> 104067 | C58: =MAX(C29:C38) -> 110536 | D58: =MAX(D29:D38) -> 176.40037 | H58: =MAX(H29:H38) -> 31100 | I58: =MAX(I29:I38) -> 30849 | J58: =MAX(J29:J38) -> 217.24648 | K58: =MAX(K29:K38) -> 470000 | L58: =MAX(L29:L38) -> 315345.82 | M58: =MAX(M29:M38) -> 124.29806
A60: current year return is | C60: =C41/C40 -> 1.3283814 | I60: =I41/I40 -> 2.0210712 | L60: =L41/L40 -> 2.0203474 | M60: of prior year
A62: 10-yr ave(y-1) | B62: =AVERAGE(B34:B43) -> 53630 | C62: =AVERAGE(C34:C43) -> 48569.3 | D62: =AVERAGE(D34:D43) -> 93.242878 | E62: =AVERAGE(E34:E43) -> 5733.3333 | F62: =AVERAGE(F34:F43) -> 5872.4 | G62: =AVERAGE(G34:G43) -> 113.03379 | H62: =AVERAGE(H34:H43) -> 12714 | I62: =AVERAGE(I34:I43) -> 14926.7 | ... M62: =AVERAGE(M34:M43) -> 100.29909
L63: =L41/L62 -> 1.3272049
A64: 5-yr ave | C64: =AVERAGE(C40:C44) -> 46193.4 | D64: =AVERAGE(D40:D44) -> 84.054339 | E64: =AVERAGE(E40:E44) -> 6740 | F64: =AVERAGE(F40:F44) -> 6951.6 | G64: =AVERAGE(G40:G44) -> 107.78186 | H64: =AVERAGE(H40:H44) -> 12480 | I64: =AVERAGE(I40:I44) -> 14262.6 | J64: =AVERAGE(J40:J44) -> 128.49793 | ... M64: =AVERAGE(M40:M44) -> 118.22561
A65: 10-yr ave | C65: =AVERAGE(C35:C44) -> 45068.9 | D65: =AVERAGE(D35:D44) -> 87.361393 | E65: =AVERAGE(E35:E44) -> 5933.3333 | F65: =AVERAGE(F35:F44) -> 6237.3 | G65: =AVERAGE(G35:G44) -> 116.85732 | H65: =AVERAGE(H35:H44) -> 13284 | I65: =AVERAGE(I35:I44) -> 13795.5 | J65: =AVERAGE(J35:J44) -> 110.70141 | ... M65: =AVERAGE(M35:M44) -> 100.4981
A66: forecast is | B66: =B45/C65 -> 0.72999341 | E66: =E45/F65 -> 1.026085 | H66: =H45/I65 -> 1.2757783 | K66: =K45/L65 -> 1.1667581 | M66: of 10-yr ave
A67: forecast is | B67: =B45/C44 -> 0.63187816 | E67: =E45/F44 -> 0.89849782 | H67: =H45/I44 -> 0.90085479 | K67: =K45/L44 -> 0.95214702 | M67: of last year

Sheet T2Static
A1: Table 2. Forecasted and actual abundance of spring Chinook entering the Columbia River, 1985–2025 and 2026 forecasts.
B3: Willamette River (All Age Classes) | F3: Sandy River (Adults) | J3: Cowlitz, Kalama, & Lewis Rivers Combined (Adults)1 | N3: Upriver (Adults)2
A5: Year | B5: Preseason Forecast | C5: Actual Return | D5: % of Forecast | F5: Preseason Forecast | G5: Actual Return | H5: % of Forecast | J5: Preseason Forecast | K5: Actual Return | L5: % of Forecast | N5: Preseason Forecast | O5: Actual Return | P5: % of Forecast
A8: 1985 | B8: =IF(T2Manip!B4="","",T2Manip!B4/1000) -> 70 | C8: =IF(T2Manip!C4="","",T2Manip!C4/1000) -> 68.09 | D8: =IF(T2Manip!D4="","",T2Manip!D4) -> 97.271429 | F8: =IF(T2Manip!E4="","",T2Manip!E4) -> — | G8: =IF(T2Manip!F4="","",T2Manip!F4/1000) -> 1.449 | H8: =IF(T2Manip!G4="","",T2Manip!G4) -> — | J8: =IF(T2Manip!H4="","",T2Manip!H4) -> — | K8: =IF(T2Manip!I4="","",T2Manip!I4/1000) -> 14.4 | L8: =IF(T2Manip!J4="","",T2Manip!J4) -> — | N8: =IF(T2Manip!K4="","",T2Manip!K4/1000) -> 52.6 | O8: =IF(T2Manip!L4="","",T2Manip!L4/1000) -> 84.7 | P8: =IF(T2Manip!M4="","",T2Manip!M4) -> 161.02662
A9: 1986 | B9: =IF(T2Manip!B5="","",T2Manip!B5/1000) -> 65 | C9: =IF(T2Manip!C5="","",T2Manip!C5/1000) -> 73.552 | D9: =IF(T2Manip!D5="","",T2Manip!D5) -> 113.15692 | F9: =IF(T2Manip!E5="","",T2Manip!E5) -> — | G9: =IF(T2Manip!F5="","",T2Manip!F5/1000) -> 1.286 | H9: =IF(T2Manip!G5="","",T2Manip!G5) -> — | J9: =IF(T2Manip!H5="","",T2Manip!H5) -> — | K9: =IF(T2Manip!I5="","",T2Manip!I5/1000) -> 16.7 | L9: =IF(T2Manip!J5="","",T2Manip!J5) -> — | N9: =IF(T2Manip!K5="","",T2Manip!K5/1000) -> 115 | O9: =IF(T2Manip!L5="","",T2Manip!L5/1000) -> 120.6 | P9: =IF(T2Manip!M5="","",T2Manip!M5) -> 104.86957
A10: 1987 | B10: =IF(T2Manip!B6="","",T2Manip!B6/1000) -> 78 | C10: =IF(T2Manip!C6="","",T2Manip!C6/1000) -> 93.593 | D10: =IF(T2Manip!D6="","",T2Manip!D6) -> 119.99103 | F10: =IF(T2Manip!E6="","",T2Manip!E6) -> — | G10: =IF(T2Manip!F6="","",T2Manip!F6/1000) -> 2.353 | H10: =IF(T2Manip!G6="","",T2Manip!G6) -> — | J10: =IF(T2Manip!H6="","",T2Manip!H6) -> — | K10: =IF(T2Manip!I6="","",T2Manip!I6/1000) -> 37 | L10: =IF(T2Manip!J6="","",T2Manip!J6) -> — | N10: =IF(T2Manip!K6="","",T2Manip!K6/1000) -> 79.7 | O10: =IF(T2Manip!L6="","",T2Manip!L6/1000) -> 99.8 | P10: =IF(T2Manip!M6="","",T2Manip!M6) -> 125.21957
A11: 1988 | B11: =IF(T2Manip!B7="","",T2Manip!B7/1000) -> 97 | C11: =IF(T2Manip!C7="","",T2Manip!C7/1000) -> 118.112 | D11: =IF(T2Manip!D7="","",T2Manip!D7) -> 121.76495 | F11: =IF(T2Manip!E7="","",T2Manip!E7) -> — | G11: =IF(T2Manip!F7="","",T2Manip!F7/1000) -> 2.931 | H11: =IF(T2Manip!G7="","",T2Manip!G7) -> — | J11: =IF(T2Manip!H7="","",T2Manip!H7/1000) -> 32 | K11: =IF(T2Manip!I7="","",T2Manip!I7/1000) -> 24.9 | L11: =IF(T2Manip!J7="","",T2Manip!J7) -> 77.8125 | N11: =IF(T2Manip!K7="","",T2Manip!K7/1000) -> 53.4 | O11: =IF(T2Manip!L7="","",T2Manip!L7/1000) -> 97 | P11: =IF(T2Manip!M7="","",T2Manip!M7) -> 181.64794
A12: 1989 | B12: =IF(T2Manip!B8="","",T2Manip!B8/1000) -> 102 | C12: =IF(T2Manip!C8="","",T2Manip!C8/1000) -> 114.929 | D12: =IF(T2Manip!D8="","",T2Manip!D8) -> 112.67549 | F12: =IF(T2Manip!E8="","",T2Manip!E8) -> — | G12: =IF(T2Manip!F8="","",T2Manip!F8/1000) -> 2.004 | H12: =IF(T2Manip!G8="","",T2Manip!G8) -> — | J12: =IF(T2Manip!H8="","",T2Manip!H8/1000) -> 16.1 | K12: =IF(T2Manip!I8="","",T2Manip!I8/1000) -> 22.3 | L12: =IF(T2Manip!J8="","",T2Manip!J8) -> 138.50932 | N12: =IF(T2Manip!K8="","",T2Manip!K8/1000) -> 92.7 | O12: =IF(T2Manip!L8="","",T2Manip!L8/1000) -> 82.6 | P12: =IF(T2Manip!M8="","",T2Manip!M8) -> 89.104639
A13: 1990 | B13: =IF(T2Manip!B9="","",T2Manip!B9/1000) -> 128 | C13: =IF(T2Manip!C9="","",T2Manip!C9/1000) -> 130.588 | D13: =IF(T2Manip!D9="","",T2Manip!D9) -> 102.02187 | F13: =IF(T2Manip!E9="","",T2Manip!E9) -> — | G13: =IF(T2Manip!F9="","",T2Manip!F9/1000) -> 3.527 | H13: =IF(T2Manip!G9="","",T2Manip!G9) -> — | J13: =IF(T2Manip!H9="","",T2Manip!H9/1000) -> 18.6 | K13: =IF(T2Manip!I9="","",T2Manip!I9/1000) -> 18.841 | L13: =IF(T2Manip!J9="","",T2Manip!J9) -> 101.2957 | N13: =IF(T2Manip!K9="","",T2Manip!K9/1000) -> 120.8 | O13: =IF(T2Manip!L9="","",T2Manip!L9/1000) -> 99.1 | P13: =IF(T2Manip!M9="","",T2Manip!M9) -> 82.036424
A14: 1991 | B14: =IF(T2Manip!B10="","",T2Manip!B10/1000) -> 110 | C14: =IF(T2Manip!C10="","",T2Manip!C10/1000) -> 109.929 | D14: =IF(T2Manip!D10="","",T2Manip!D10) -> 99.935455 | F14: =IF(T2Manip!E10="","",T2Manip!E10) -> — | G14: =IF(T2Manip!F10="","",T2Manip!F10/1000) -> 3.652 | H14: =IF(T2Manip!G10="","",T2Manip!G10) -> — | J14: =IF(T2Manip!H10="","",T2Manip!H10/1000) -> 19.7 | K14: =IF(T2Manip!I10="","",T2Manip!I10/1000) -> 19.892 | L14: =IF(T2Manip!J10="","",T2Manip!J10) -> 100.97462 | N14: =IF(T2Manip!K10="","",T2Manip!K10/1000) -> 61.9 | O14: =IF(T2Manip!L10="","",T2Manip!L10/1000) -> 59.2 | P14: =IF(T2Manip!M10="","",T2Manip!M10) -> 95.638126
A15: 1992 | B15: =IF(T2Manip!B11="","",T2Manip!B11/1000) -> 106 | C15: =IF(T2Manip!C11="","",T2Manip!C11/1000) -> 75.008 | D15: =IF(T2Manip!D11="","",T2Manip!D11) -> 70.762264 | F15: =IF(T2Manip!E11="","",T2Manip!E11) -> — | G15: =IF(T2Manip!F11="","",T2Manip!F11/1000) -> 8.551 | H15: =IF(T2Manip!G11="","",T2Manip!G11) -> — | J15: =IF(T2Manip!H11="","",T2Manip!H11/1000) -> 26.6 | K15: =IF(T2Manip!I11="","",T2Manip!I11/1000) -> 18.808 | L15: =IF(T2Manip!J11="","",T2Manip!J11) -> 70.706767 | N15: =IF(T2Manip!K11="","",T2Manip!K11/1000) -> 71.4 | O15: =IF(T2Manip!L11="","",T2Manip!L11/1000) -> 89.8 | P15: =IF(T2Manip!M11="","",T2Manip!M11) -> 125.77031
A16: 1993 | B16: =IF(T2Manip!B12="","",T2Manip!B12/1000) -> 70 | C16: =IF(T2Manip!C12="","",T2Manip!C12/1000) -> 65.934 | D16: =IF(T2Manip!D12="","",T2Manip!D12) -> 94.191429 | F16: =IF(T2Manip!E12="","",T2Manip!E12) -> — | G16: =IF(T2Manip!F12="","",T2Manip!F12/1000) -> 6.369 | H16: =IF(T2Manip!G12="","",T2Manip!G12) -> — | J16: =IF(T2Manip!H12="","",T2Manip!H12/1000) -> 21.3 | K16: =IF(T2Manip!I12="","",T2Manip!I12/1000) -> 20.527 | L16: =IF(T2Manip!J12="","",T2Manip!J12) -> 96.370892 | N16: =IF(T2Manip!K12="","",T2Manip!K12/1000) -> 76.2 | O16: =IF(T2Manip!L12="","",T2Manip!L12/1000) -> 111 | P16: =IF(T2Manip!M12="","",T2Manip!M12) -> 145.66929
A17: 1994 | B17: =IF(T2Manip!B13="","",T2Manip!B13/1000) -> 75 | C17: =IF(T2Manip!C13="","",T2Manip!C13/1000) -> 49.58 | D17: =IF(T2Manip!D13="","",T2Manip!D13) -> 66.106667 | F17: =IF(T2Manip!E13="","",T2Manip!E13) -> — | G17: =IF(T2Manip!F13="","",T2Manip!F13/1000) -> 3.498 | H17: =IF(T2Manip!G13="","",T2Manip!G13) -> — | J17: =IF(T2Manip!H13="","",T2Manip!H13/1000) -> 12.3 | K17: =IF(T2Manip!I13="","",T2Manip!I13/1000) -> 7.482 | L17: =IF(T2Manip!J13="","",T2Manip!J13) -> 60.829268 | N17: =IF(T2Manip!K13="","",T2Manip!K13/1000) -> 49 | O17: =IF(T2Manip!L13="","",T2Manip!L13/1000) -> 20.8 | P17: =IF(T2Manip!M13="","",T2Manip!M13) -> 42.44898
A18: 1995 | B18: =IF(T2Manip!B14="","",T2Manip!B14/1000) -> 49 | C18: =IF(T2Manip!C14="","",T2Manip!C14/1000) -> 42.563 | D18: =IF(T2Manip!D14="","",T2Manip!D14) -> 86.863265 | F18: =IF(T2Manip!E14="","",T2Manip!E14) -> — | G18: =IF(T2Manip!F14="","",T2Manip!F14/1000) -> 2.529 | H18: =IF(T2Manip!G14="","",T2Manip!G14) -> — | J18: =IF(T2Manip!H14="","",T2Manip!H14/1000) -> 4.6 | K18: =IF(T2Manip!I14="","",T2Manip!I14/1000) -> 6.525 | L18: =IF(T2Manip!J14="","",T2Manip!J14) -> 141.84783 | N18: =IF(T2Manip!K14="","",T2Manip!K14/1000) -> 12 | O18: =IF(T2Manip!L14="","",T2Manip!L14/1000) -> 9.8 | P18: =IF(T2Manip!M14="","",T2Manip!M14) -> 81.666667
A19: 1996 | B19: =IF(T2Manip!B15="","",T2Manip!B15/1000) -> 41 | C19: =IF(T2Manip!C15="","",T2Manip!C15/1000) -> 34.765 | D19: =IF(T2Manip!D15="","",T2Manip!D15) -> 84.792683 | F19: =IF(T2Manip!E15="","",T2Manip!E15) -> — | G19: =IF(T2Manip!F15="","",T2Manip!F15/1000) -> 3.801 | H19: =IF(T2Manip!G15="","",T2Manip!G15) -> — | J19: =IF(T2Manip!H15="","",T2Manip!H15/1000) -> 4.4 | K19: =IF(T2Manip!I15="","",T2Manip!I15/1000) -> 4.144 | L19: =IF(T2Manip!J15="","",T2Manip!J15) -> 94.181818 | N19: =IF(T2Manip!K15="","",T2Manip!K15/1000) -> 37.2 | O19: =IF(T2Manip!L15="","",T2Manip!L15/1000) -> 51.5 | P19: =IF(T2Manip!M15="","",T2Manip!M15) -> 138.44086
A20: 1997 | B20: =IF(T2Manip!B16="","",T2Manip!B16/1000) -> 30 | C20: =IF(T2Manip!C16="","",T2Manip!C16/1000) -> 35.303 | D20: =IF(T2Manip!D16="","",T2Manip!D16) -> 117.67667 | F20: =IF(T2Manip!E16="","",T2Manip!E16) -> — | G20: =IF(T2Manip!F16="","",T2Manip!F16/1000) -> 4.41 | H20: =IF(T2Manip!G16="","",T2Manip!G16) -> — | J20: =IF(T2Manip!H16="","",T2Manip!H16/1000) -> 4.5 | K20: =IF(T2Manip!I16="","",T2Manip!I16/1000) -> 4.578 | L20: =IF(T2Manip!J16="","",T2Manip!J16) -> 101.73333 | N20: =IF(T2Manip!K16="","",T2Manip!K16/1000) -> 67.8 | O20: =IF(T2Manip!L16="","",T2Manip!L16/1000) -> 114 | P20: =IF(T2Manip!M16="","",T2Manip!M16) -> 168.14159
A21: 1998 | B21: =IF(T2Manip!B17="","",T2Manip!B17/1000) -> 33.7 | C21: =IF(T2Manip!C17="","",T2Manip!C17/1000) -> 45.139 | D21: =IF(T2Manip!D17="","",T2Manip!D17) -> 133.94362 | F21: =IF(T2Manip!E17="","",T2Manip!E17) -> — | G21: =IF(T2Manip!F17="","",T2Manip!F17/1000) -> 3.577 | H21: =IF(T2Manip!G17="","",T2Manip!G17) -> — | J21: =IF(T2Manip!H17="","",T2Manip!H17/1000) -> 2.9 | K21: =IF(T2Manip!I17="","",T2Manip!I17/1000) -> 3.073 | L21: =IF(T2Manip!J17="","",T2Manip!J17) -> 105.96552 | N21: =IF(T2Manip!K17="","",T2Manip!K17/1000) -> 36.2 | O21: =IF(T2Manip!L17="","",T2Manip!L17/1000) -> 38.3 | P21: =IF(T2Manip!M17="","",T2Manip!M17) -> 105.8011
A22: 1999 | B22: =IF(T2Manip!B18="","",T2Manip!B18/1000) -> 46.5 | C22: =IF(T2Manip!C18="","",T2Manip!C18/1000) -> 54.202 | D22: =IF(T2Manip!D18="","",T2Manip!D18) -> 116.56344 | F22: =IF(T2Manip!E18="","",T2Manip!E18/1000) -> 4.3 | G22: =IF(T2Manip!F18="","",T2Manip!F18/1000) -> 3.585 | H22: =IF(T2Manip!G18="","",T2Manip!G18) -> 83.372093 | J22: =IF(T2Manip!H18="","",T2Manip!H18/1000) -> 3.9 | K22: =IF(T2Manip!I18="","",T2Manip!I18/1000) -> 4.799 | L22: =IF(T2Manip!J18="","",T2Manip!J18) -> 123.05128 | N22: =IF(T2Manip!K18="","",T2Manip!K18/1000) -> 24.6 | O22: =IF(T2Manip!L18="","",T2Manip!L18/1000) -> 38.7 | P22: =IF(T2Manip!M18="","",T2Manip!M18) -> 157.31707
A23: 2000 | B23: =IF(T2Manip!B19="","",T2Manip!B19/1000) -> 59.9 | C23: =IF(T2Manip!C19="","",T2Manip!C19/1000) -> 57.454 | D23: =IF(T2Manip!D19="","",T2Manip!D19) -> 95.916528 | F23: =IF(T2Manip!E19="","",T2Manip!E19/1000) -> 3.8 | G23: =IF(T2Manip!F19="","",T2Manip!F19/1000) -> 3.641 | H23: =IF(T2Manip!G19="","",T2Manip!G19) -> 95.815789 | J23: =IF(T2Manip!H19="","",T2Manip!H19/1000) -> 6 | K23: =IF(T2Manip!I19="","",T2Manip!I19/1000) -> 6.132 | L23: =IF(T2Manip!J19="","",T2Manip!J19) -> 102.2 | N23: =IF(T2Manip!K19="","",T2Manip!K19/1000) -> 134 | O23: =IF(T2Manip!L19="","",T2Manip!L19/1000) -> 178.6 | P23: =IF(T2Manip!M19="","",T2Manip!M19) -> 133.28358
A24: 2001 | B24: =IF(T2Manip!B20="","",T2Manip!B20/1000) -> 61 | C24: =IF(T2Manip!C20="","",T2Manip!C20/1000) -> 80.366 | D24: =IF(T2Manip!D20="","",T2Manip!D20) -> 131.74754 | F24: =IF(T2Manip!E20="","",T2Manip!E20/1000) -> 4 | G24: =IF(T2Manip!F20="","",T2Manip!F20/1000) -> 5.329 | H24: =IF(T2Manip!G20="","",T2Manip!G20) -> 133.225 | J24: =IF(T2Manip!H20="","",T2Manip!H20/1000) -> 4.8 | K24: =IF(T2Manip!I20="","",T2Manip!I20/1000) -> 7.182 | L24: =IF(T2Manip!J20="","",T2Manip!J20) -> 149.625 | N24: =IF(T2Manip!K20="","",T2Manip!K20/1000) -> 364.6 | O24: =IF(T2Manip!L20="","",T2Manip!L20/1000) -> 416.5 | P24: =IF(T2Manip!M20="","",T2Manip!M20) -> 114.23478
A25: 2002 | B25: =IF(T2Manip!B21="","",T2Manip!B21/1000) -> 73.8 | C25: =IF(T2Manip!C21="","",T2Manip!C21/1000) -> 121.711 | D25: =IF(T2Manip!D21="","",T2Manip!D21) -> 164.92005 | F25: =IF(T2Manip!E21="","",T2Manip!E21/1000) -> 4.3 | G25: =IF(T2Manip!F21="","",T2Manip!F21/1000) -> 5.905 | H25: =IF(T2Manip!G21="","",T2Manip!G21) -> 137.32558 | J25: =IF(T2Manip!H21="","",T2Manip!H21/1000) -> 6.7 | K25: =IF(T2Manip!I21="","",T2Manip!I21/1000) -> 11.555 | L25: =IF(T2Manip!J21="","",T2Manip!J21) -> 172.46269 | N25: =IF(T2Manip!K21="","",T2Manip!K21/1000) -> 333.7 | O25: =IF(T2Manip!L21="","",T2Manip!L21/1000) -> 295.1 | P25: =IF(T2Manip!M21="","",T2Manip!M21) -> 88.432724
A26: 2003 | B26: =IF(T2Manip!B22="","",T2Manip!B22/1000) -> 109.8 | C26: =IF(T2Manip!C22="","",T2Manip!C22/1000) -> 126.58 | D26: =IF(T2Manip!D22="","",T2Manip!D22) -> 115.28233 | F26: =IF(T2Manip!E22="","",T2Manip!E22/1000) -> 4.8 | G26: =IF(T2Manip!F22="","",T2Manip!F22/1000) -> 5.472 | H26: =IF(T2Manip!G22="","",T2Manip!G22) -> 114 | J26: =IF(T2Manip!H22="","",T2Manip!H22/1000) -> 11.6 | K26: =IF(T2Manip!I22="","",T2Manip!I22/1000) -> 25.55 | L26: =IF(T2Manip!J22="","",T2Manip!J22) -> 220.25862 | N26: =IF(T2Manip!K22="","",T2Manip!K22/1000) -> 145.4 | O26: =IF(T2Manip!L22="","",T2Manip!L22/1000) -> 208.9 | P26: =IF(T2Manip!M22="","",T2Manip!M22) -> 143.67263
A27: 2004 | B27: =IF(T2Manip!B23="","",T2Manip!B23/1000) -> 109.4 | C27: =IF(T2Manip!C23="","",T2Manip!C23/1000) -> 144.448 | D27: =IF(T2Manip!D23="","",T2Manip!D23) -> 132.03656 | F27: =IF(T2Manip!E23="","",T2Manip!E23/1000) -> 5.2 | G27: =IF(T2Manip!F23="","",T2Manip!F23/1000) -> 12.68 | H27: =IF(T2Manip!G23="","",T2Manip!G23) -> 243.84615 | J27: =IF(T2Manip!H23="","",T2Manip!H23/1000) -> 27.3 | K27: =IF(T2Manip!I23="","",T2Manip!I23/1000) -> 28.291 | L27: =IF(T2Manip!J23="","",T2Manip!J23) -> 103.63004 | N27: =IF(T2Manip!K23="","",T2Manip!K23/1000) -> 360.7 | O27: =IF(T2Manip!L23="","",T2Manip!L23/1000) -> 193.4 | P27: =IF(T2Manip!M23="","",T2Manip!M23) -> 53.617965
A28: 2005 | B28: =IF(T2Manip!B24="","",T2Manip!B24/1000) -> 116.9 | C28: =IF(T2Manip!C24="","",T2Manip!C24/1000) -> 60.976 | D28: =IF(T2Manip!D24="","",T2Manip!D24) -> 52.160821 | F28: =IF(T2Manip!E24="","",T2Manip!E24/1000) -> 7.4 | G28: =IF(T2Manip!F24="","",T2Manip!F24/1000) -> 7.665 | H28: =IF(T2Manip!G24="","",T2Manip!G24) -> 103.58108 | J28: =IF(T2Manip!H24="","",T2Manip!H24/1000) -> 24.8 | K28: =IF(T2Manip!I24="","",T2Manip!I24/1000) -> 16.277 | L28: =IF(T2Manip!J24="","",T2Manip!J24) -> 65.633065 | N28: =IF(T2Manip!K24="","",T2Manip!K24/1000) -> 254.1 | O28: =IF(T2Manip!L24="","",T2Manip!L24/1000) -> 106.90966 | P28: =IF(T2Manip!M24="","",T2Manip!M24) -> 42.073851
A29: 2006 | B29: =IF(T2Manip!B25="","",T2Manip!B25/1000) -> 46.5 | C29: =IF(T2Manip!C25="","",T2Manip!C25/1000) -> 59.662 | D29: =IF(T2Manip!D25="","",T2Manip!D25) -> 128.30538 | F29: =IF(T2Manip!E25="","",T2Manip!E25/1000) -> 8.2 | G29: =IF(T2Manip!F25="","",T2Manip!F25/1000) -> 4.382 | H29: =IF(T2Manip!G25="","",T2Manip!G25) -> 53.439024 | J29: =IF(T2Manip!H25="","",T2Manip!H25/1000) -> 15.2 | K29: =IF(T2Manip!I25="","",T2Manip!I25/1000) -> 19.76 | L29: =IF(T2Manip!J25="","",T2Manip!J25) -> 130 | N29: =IF(T2Manip!K25="","",T2Manip!K25/1000) -> 88.4 | O29: =IF(T2Manip!L25="","",T2Manip!L25/1000) -> 132.58334 | P29: =IF(T2Manip!M25="","",T2Manip!M25) -> 149.98115
A30: 2007 | B30: =IF(T2Manip!B26="","",T2Manip!B26/1000) -> 52 | C30: =IF(T2Manip!C26="","",T2Manip!C26/1000) -> 40.489 | D30: =IF(T2Manip!D26="","",T2Manip!D26) -> 77.863462 | F30: =IF(T2Manip!E26="","",T2Manip!E26/1000) -> 7.9 | G30: =IF(T2Manip!F26="","",T2Manip!F26/1000) -> 2.841 | H30: =IF(T2Manip!G26="","",T2Manip!G26) -> 35.962025 | J30: =IF(T2Manip!H26="","",T2Manip!H26/1000) -> 15.9 | K30: =IF(T2Manip!I26="","",T2Manip!I26/1000) -> 19.587 | L30: =IF(T2Manip!J26="","",T2Manip!J26) -> 123.18868 | N30: =IF(T2Manip!K26="","",T2Manip!K26/1000) -> 78.5 | O30: =IF(T2Manip!L26="","",T2Manip!L26/1000) -> 86.246565 | P30: =IF(T2Manip!M26="","",T2Manip!M26) -> 109.86824
A31: 2008 | B31: =IF(T2Manip!B27="","",T2Manip!B27/1000) -> 34.05 | C31: =IF(T2Manip!C27="","",T2Manip!C27/1000) -> 27.356 | D31: =IF(T2Manip!D27="","",T2Manip!D27) -> 80.340675 | F31: =IF(T2Manip!E27="","",T2Manip!E27/1000) -> 6.8 | G31: =IF(T2Manip!F27="","",T2Manip!F27/1000) -> 5.848 | H31: =IF(T2Manip!G27="","",T2Manip!G27) -> 86 | J31: =IF(T2Manip!H27="","",T2Manip!H27/1000) -> 12.4 | K31: =IF(T2Manip!I27="","",T2Manip!I27/1000) -> 6.816 | L31: =IF(T2Manip!J27="","",T2Manip!J27) -> 54.967742 | N31: =IF(T2Manip!K27="","",T2Manip!K27/1000) -> 269.3 | O31: =IF(T2Manip!L27="","",T2Manip!L27/1000) -> 178.62696 | P31: =IF(T2Manip!M27="","",T2Manip!M27) -> 66.330099
A32: 2009 | B32: =IF(T2Manip!B28="","",T2Manip!B28/1000) -> 37.614 | C32: =IF(T2Manip!C28="","",T2Manip!C28/1000) -> 39.41 | D32: =IF(T2Manip!D28="","",T2Manip!D28) -> 104.77482 | F32: =IF(T2Manip!E28="","",T2Manip!E28/1000) -> 5.2 | G32: =IF(T2Manip!F28="","",T2Manip!F28/1000) -> 2.347 | H32: =IF(T2Manip!G28="","",T2Manip!G28) -> 45.134615 | J32: =IF(T2Manip!H28="","",T2Manip!H28/1000) -> 7.2 | K32: =IF(T2Manip!I28="","",T2Manip!I28/1000) -> 7.951 | L32: =IF(T2Manip!J28="","",T2Manip!J28) -> 110.43056 | N32: =IF(T2Manip!K28="","",T2Manip!K28/1000) -> 298.9 | O32: =IF(T2Manip!L28="","",T2Manip!L28/1000) -> 169.2959 | P32: =IF(T2Manip!M28="","",T2Manip!M28) -> 56.639645
A33: 2010 | B33: =IF(T2Manip!B29="","",T2Manip!B29/1000) -> 62.662 | C33: =IF(T2Manip!C29="","",T2Manip!C29/1000) -> 110.536 | D33: =IF(T2Manip!D29="","",T2Manip!D29) -> 176.40037 | F33: =IF(T2Manip!E29="","",T2Manip!E29/1000) -> 3.7 | G33: =IF(T2Manip!F29="","",T2Manip!F29/1000) -> 7.343 | H33: =IF(T2Manip!G29="","",T2Manip!G29) -> 198.45946 | J33: =IF(T2Manip!H29="","",T2Manip!H29/1000) -> 19.4 | K33: =IF(T2Manip!I29="","",T2Manip!I29/1000) -> 11.939 | L33: =IF(T2Manip!J29="","",T2Manip!J29) -> 61.541237 | N33: =IF(T2Manip!K29="","",T2Manip!K29/1000) -> 470 | O33: =IF(T2Manip!L29="","",T2Manip!L29/1000) -> 315.34582 | P33: =IF(T2Manip!M29="","",T2Manip!M29) -> 67.094856
... A38: 2015 | B38: =IF(T2Manip!B34="","",T2Manip!B34/1000) -> 55.44 | C38: =IF(T2Manip!C34="","",T2Manip!C34/1000) -> 87.071 | D38: =IF(T2Manip!D34="","",T2Manip!D34) -> 157.05447 | F38: =IF(T2Manip!E34="","",T2Manip!E34/1000) -> 5.5 | G38: =IF(T2Manip!F34="","",T2Manip!F34/1000) -> 3.474 | H38: =IF(T2Manip!G34="","",T2Manip!G34) -> 63.163636 | J38: =IF(T2Manip!H34="","",T2Manip!H34/1000) -> 14.2 | K38: =IF(T2Manip!I34="","",T2Manip!I34/1000) -> 30.849 | L38: =IF(T2Manip!J34="","",T2Manip!J34) -> 217.24648 | N38: =IF(T2Manip!K34="","",T2Manip!K34/1000) -> 232.5 | O38: =IF(T2Manip!L34="","",T2Manip!L34/1000) -> 288.993 | P38: =IF(T2Manip!M34="","",T2Manip!M34) -> 124.29806
A39: 2016 | B39: =IF(T2Manip!B35="","",T2Manip!B35/1000) -> 70.1 | C39: =IF(T2Manip!C35="","",T2Manip!C35/1000) -> 49.768 | D39: =IF(T2Manip!D35="","",T2Manip!D35) -> 70.99572 | F39: =IF(T2Manip!E35="","",T2Manip!E35) -> — | G39: =IF(T2Manip!F35="","",T2Manip!F35/1000) -> 3.964 | H39: =IF(T2Manip!G35="","",T2Manip!G35) -> — | J39: =IF(T2Manip!H35="","",T2Manip!H35/1000) -> 31.1 | K39: =IF(T2Manip!I35="","",T2Manip!I35/1000) -> 29.613 | L39: =IF(T2Manip!J35="","",T2Manip!J35) -> 95.21865 | N39: =IF(T2Manip!K35="","",T2Manip!K35/1000) -> 188.8 | O39: =IF(T2Manip!L35="","",T2Manip!L35/1000) -> 187.8158 | P39: =IF(T2Manip!M35="","",T2Manip!M35) -> 99.478706
A40: 2017 | B40: =IF(T2Manip!B36="","",T2Manip!B36/1000) -> 40.19 | C40: =IF(T2Manip!C36="","",T2Manip!C36/1000) -> 53.653 | D40: =IF(T2Manip!D36="","",T2Manip!D36) -> 133.49838 | F40: =IF(T2Manip!E36="","",T2Manip!E36/1000) -> 3.6 | G40: =IF(T2Manip!F36="","",T2Manip!F36/1000) -> 7.607 | H40: =IF(T2Manip!G36="","",T2Manip!G36) -> 211.30556 | J40: =IF(T2Manip!H36="","",T2Manip!H36/1000) -> 20.9 | K40: =IF(T2Manip!I36="","",T2Manip!I36/1000) -> 20.461 | L40: =IF(T2Manip!J36="","",T2Manip!J36) -> 97.899522 | N40: =IF(T2Manip!K36="","",T2Manip!K36/1000) -> 160.4 | O40: =IF(T2Manip!L36="","",T2Manip!L36/1000) -> 115.8209 | P40: =IF(T2Manip!M36="","",T2Manip!M36) -> 72.207544
A41: 2018 | B41: =IF(T2Manip!B37="","",T2Manip!B37/1000) -> 55.95 | C41: =IF(T2Manip!C37="","",T2Manip!C37/1000) -> 39.66 | D41: =IF(T2Manip!D37="","",T2Manip!D37) -> 70.884718 | F41: =IF(T2Manip!E37="","",T2Manip!E37/1000) -> 5.4 | G41: =IF(T2Manip!F37="","",T2Manip!F37/1000) -> 4.838 | H41: =IF(T2Manip!G37="","",T2Manip!G37) -> 89.592593 | J41: =IF(T2Manip!H37="","",T2Manip!H37/1000) -> 10.3 | K41: =IF(T2Manip!I37="","",T2Manip!I37/1000) -> 9.223 | L41: =IF(T2Manip!J37="","",T2Manip!J37) -> 89.543689 | N41: =IF(T2Manip!K37="","",T2Manip!K37/1000) -> 166.7 | O41: =IF(T2Manip!L37="","",T2Manip!L37/1000) -> 115.0808 | P41: =IF(T2Manip!M37="","",T2Manip!M37) -> 69.034673
A42: 2019 | B42: =IF(T2Manip!B38="","",T2Manip!B38/1000) -> 42.49 | C42: =IF(T2Manip!C38="","",T2Manip!C38/1000) -> 29.314 | D42: =IF(T2Manip!D38="","",T2Manip!D38) -> 68.990351 | F42: =IF(T2Manip!E38="","",T2Manip!E38/1000) -> 5.5 | G42: =IF(T2Manip!F38="","",T2Manip!F38/1000) -> 3.424 | H42: =IF(T2Manip!G38="","",T2Manip!G38) -> 62.254545 | J42: =IF(T2Manip!H38="","",T2Manip!H38/1000) -> 4.3 | K42: =IF(T2Manip!I38="","",T2Manip!I38/1000) -> 3.379 | L42: =IF(T2Manip!J38="","",T2Manip!J38) -> 78.581395 | N42: =IF(T2Manip!K38="","",T2Manip!K38/1000) -> 99.3 | O42: =IF(T2Manip!L38="","",T2Manip!L38/1000) -> 73.105 | P42: =IF(T2Manip!M38="","",T2Manip!M38) -> 73.620342
A43: 2020 | B43: =IF(T2Manip!B39="","",T2Manip!B39/1000) -> 43.43 | C43: =IF(T2Manip!C39="","",T2Manip!C39/1000) -> 47.327 | D43: =IF(T2Manip!D39="","",T2Manip!D39) -> 108.97306 | F43: =IF(T2Manip!E39="","",T2Manip!E39/1000) -> 5.2 | G43: =IF(T2Manip!F39="","",T2Manip!F39/1000) -> 7.782 | H43: =IF(T2Manip!G39="","",T2Manip!G39) -> 149.65385 | J43: =IF(T2Manip!H39="","",T2Manip!H39/1000) -> 3.84 | K43: =IF(T2Manip!I39="","",T2Manip!I39/1000) -> 3.966 | L43: =IF(T2Manip!J39="","",T2Manip!J39) -> 103.28125 | N43: =IF(T2Manip!K39="","",T2Manip!K39/1000) -> 81.7 | O43: =IF(T2Manip!L39="","",T2Manip!L39/1000) -> 81.301 | P43: =IF(T2Manip!M39="","",T2Manip!M39) -> 99.511628
A44: 2021 | B44: =IF(T2Manip!B40="","",T2Manip!B40/1000) -> 52.4 | C44: =IF(T2Manip!C40="","",T2Manip!C40/1000) -> 43.148 | D44: =IF(T2Manip!D40="","",T2Manip!D40) -> 82.343511 | F44: =IF(T2Manip!E40="","",T2Manip!E40/1000) -> 5.3 | G44: =IF(T2Manip!F40="","",T2Manip!F40/1000) -> 5.676 | H44: =IF(T2Manip!G40="","",T2Manip!G40) -> 107.09434 | J44: =IF(T2Manip!H40="","",T2Manip!H40/1000) -> 6.4 | K44: =IF(T2Manip!I40="","",T2Manip!I40/1000) -> 8.495 | L44: =IF(T2Manip!J40="","",T2Manip!J40) -> 132.73438 | N44: =IF(T2Manip!K40="","",T2Manip!K40/1000) -> 75.2 | O44: =IF(T2Manip!L40="","",T2Manip!L40/1000) -> 91.756 | P44: =IF(T2Manip!M40="","",T2Manip!M40) -> 122.01596
A45: 2022 | B45: =IF(T2Manip!B41="","",T2Manip!B41/1000) -> 52.9 | C45: =IF(T2Manip!C41="","",T2Manip!C41/1000) -> 57.317 | D45: =IF(T2Manip!D41="","",T2Manip!D41) -> 108.34972 | F45: =IF(T2Manip!E41="","",T2Manip!E41/1000) -> 5.6 | G45: =IF(T2Manip!F41="","",T2Manip!F41/1000) -> 10.289 | H45: =IF(T2Manip!G41="","",T2Manip!G41) -> 183.73214 | J45: =IF(T2Manip!H41="","",T2Manip!H41/1000) -> 8.5 | K45: =IF(T2Manip!I41="","",T2Manip!I41/1000) -> 17.169 | L45: =IF(T2Manip!J41="","",T2Manip!J41) -> 201.98824 | N45: =IF(T2Manip!K41="","",T2Manip!K41/1000) -> 122.9 | O45: =IF(T2Manip!L41="","",T2Manip!L41/1000) -> 185.379 | P45: =IF(T2Manip!M41="","",T2Manip!M41) -> 150.83727
A46: 2023 | B46: =IF(T2Manip!B42="","",T2Manip!B42/1000) -> 73 | C46: =IF(T2Manip!C42="","",T2Manip!C42/1000) -> 39.537 | D46: =IF(T2Manip!D42="","",T2Manip!D42) -> 54.160274 | F46: =IF(T2Manip!E42="","",T2Manip!E42/1000) -> 7.8 | G46: =IF(T2Manip!F42="","",T2Manip!F42/1000) -> 6.312 | H46: =IF(T2Manip!G42="","",T2Manip!G42) -> 80.923077 | J46: =IF(T2Manip!H42="","",T2Manip!H42/1000) -> 17.6 | K46: =IF(T2Manip!I42="","",T2Manip!I42/1000) -> 11.933 | L46: =IF(T2Manip!J42="","",T2Manip!J42) -> 67.801136 | N46: =IF(T2Manip!K42="","",T2Manip!K42/1000) -> 147.3 | O46: =IF(T2Manip!L42="","",T2Manip!L42/1000) -> 141.179 | P46: =IF(T2Manip!M42="","",T2Manip!M42) -> 95.844535
A47: 2024 | B47: =IF(T2Manip!B43="","",T2Manip!B43/1000) -> 50.4 | C47: =IF(T2Manip!C43="","",T2Manip!C43/1000) -> 38.898 | D47: =IF(T2Manip!D43="","",T2Manip!D43) -> 77.178571 | F47: =IF(T2Manip!E43="","",T2Manip!E43/1000) -> 7.7 | G47: =IF(T2Manip!F43="","",T2Manip!F43/1000) -> 5.358 | H47: =IF(T2Manip!G43="","",T2Manip!G43) -> 69.584416 | J47: =IF(T2Manip!H43="","",T2Manip!H43/1000) -> 10 | K47: =IF(T2Manip!I43="","",T2Manip!I43/1000) -> 14.179 | L47: =IF(T2Manip!J43="","",T2Manip!J43) -> 141.79 | N47: =IF(T2Manip!K43="","",T2Manip!K43/1000) -> 121 | O47: =IF(T2Manip!L43="","",T2Manip!L43/1000) -> 116.332 | P47: =IF(T2Manip!M43="","",T2Manip!M43) -> 96.142149
A48: 2025 | B48: =IF(T2Manip!B44="","",T2Manip!B44/1000) -> 53 | C48: =IF(T2Manip!C44="","",T2Manip!C44/1000) -> 52.067 | D48: =IF(T2Manip!D44="","",T2Manip!D44) -> 98.239623 | F48: =IF(T2Manip!E44="","",T2Manip!E44/1000) -> 7.3 | G48: =IF(T2Manip!F44="","",T2Manip!F44/1000) -> 7.123 | H48: =IF(T2Manip!G44="","",T2Manip!G44) -> 97.575342 | J48: =IF(T2Manip!H44="","",T2Manip!H44/1000) -> 19.9 | K48: =IF(T2Manip!I44="","",T2Manip!I44/1000) -> 19.537 | L48: =IF(T2Manip!J44="","",T2Manip!J44) -> 98.175879 | N48: =IF(T2Manip!K44="","",T2Manip!K44/1000) -> 122.5 | O48: =IF(T2Manip!L44="","",T2Manip!L44/1000) -> 154.703 | P48: =IF(T2Manip!M44="","",T2Manip!M44) -> 126.28816
A49: 2026 | B49: =IF(T2Manip!B45="","",T2Manip!B45/1000) -> 32.9 | C49: =IF(T2Manip!C45="","",T2Manip!C45/1000) | D49: =IF(T2Manip!D45="","",T2Manip!D45) | F49: =IF(T2Manip!E45="","",T2Manip!E45/1000) -> 6.4 | G49: =IF(T2Manip!F45="","",T2Manip!F45/1000) | H49: =IF(T2Manip!G45="","",T2Manip!G45) | J49: =IF(T2Manip!H45="","",T2Manip!H45/1000) -> 17.6 | K49: =IF(T2Manip!I45="","",T2Manip!I45/1000) | L49: =IF(T2Manip!J45="","",T2Manip!J45) | N49: =IF(T2Manip!K45="","",T2Manip!K45/1000) -> 147.3 | O49: =IF(T2Manip!L45="","",T2Manip!L45/1000) | P49: =IF(T2Manip!M45="","",T2Manip!M45)
A50: 1Forecasts and return estimates are for return to the tributary mouth for years prior to 2018.
A51: 2Includes Snake River summer Chinook since 2005 and reflects current spring management period of Jan 1–Jun 15. Data prior to 2005 have not been adjusted. Adjustments may result in data being inconsistent with data found elsewhere in this document.
A53: Comments:

Sheet T3Manip
B1: Minimum Run | D1: Mainstem | F1: Run | G1: Lower | J1: Willamette | K1: Run Entering
B2: Entering | D2: Columbia River | F2: Entering | G2: Willamette River
G3: Recreational Catch3
A4: Year | B4: Columbia River | D4: Comm.1 | E4: Sport2 | F4: Willamette River | G4: Number4 | H4: % of Run | J4: Falls Count | K4: Clackamas River
A5: 1971 | B5: 80911 | D5: 9400 | E5: 4100 | F5: 67411 | G5: 19842 | H5: =(G5/F5)*100 -> 29.434365 | J5: 44569 | K5: 2200 | N5: =IF(OR(G5="",F5=""),"",(G5/F5)) -> 0.29434365
A6: 1972 | B6: 58362 | D6: 11100 | E6: 200 | F6: 47062 | G6: 18508 | H6: =(G6/F6)*100 -> 39.326845 | J6: 26154 | K6: 2200 | N6: =IF(OR(G6="",F6=""),"",(G6/F6)) -> 0.39326845
A7: 1973 | B7: 70685 | D7: 12000 | E7: 4200 | F7: 54485 | G7: 10025 | H7: =(G7/F7)*100 -> 18.39956 | J7: 41960 | K7: 2200 | N7: =IF(OR(G7="",F7=""),"",(G7/F7)) -> 0.1839956
A8: 1974 | B8: 82430 | D8: 9300 | E8: 1300 | F8: 71830 | G8: 25000 | H8: =(G8/F8)*100 -> 34.804399 | J8: 44530 | K8: 2200 | N8: =IF(OR(G8="",F8=""),"",(G8/F8)) -> 0.34804399
N9: =IF(OR(G9="",F9=""),"",(G9/F9))
A10: 1971-1974 | N10: =IF(OR(G10="",F10=""),"",(G10/F10))
A11: Average | B11: =AVERAGE(B5:B8) -> 73097 | D11: =AVERAGE(D5:D8) -> 10450 | E11: =AVERAGE(E5:E8) -> 2450 | F11: =AVERAGE(F5:F8) -> 60197 | G11: =AVERAGE(G5:G8) -> 18343.75 | H11: =G11/F11*100 -> 30.472864 | J11: =AVERAGE(J5:J8) -> 39303.25 | K11: =AVERAGE(K5:K8) -> 2200 | N11: =IF(OR(G11="",F11=""),"",(G11/F11)) -> 0.30472864
N12: =IF(OR(G12="",F12=""),"",(G12/F12))
A13: 1975 | B13: 40775 | D13: 6400 | E13: 1600 | F13: 32775 | G13: 12496 | H13: =(G13/F13)*100 -> 38.126621 | J13: 19079 | K13: 1100 | N13: =IF(OR(G13="",F13=""),"",(G13/F13)) -> 0.38126621
A14: 1976 | B14: 45109 | D14: 2500 | E14: 1800 | F14: 40809 | G14: 16355 | H14: =(G14/F14)*100 -> 40.076944 | J14: 22154 | K14: 2200 | N14: =IF(OR(G14="",F14=""),"",(G14/F14)) -> 0.40076944
A15: 1977 | B15: 64399 | D15: 4800 | E15: 1500 | F15: 58099 | G15: 13987 | H15: =(G15/F15)*100 -> 24.074425 | J15: 40012 | K15: 4000 | N15: =IF(OR(G15="",F15=""),"",(G15/F15)) -> 0.24074425
A16: 1978 | B16: 83300 | D16: 9500 | E16: 2400 | F16: 71400 | G16: 19788 | H16: =(G16/F16)*100 -> 27.714286 | J16: 47512 | K16: 4000 | N16: =IF(OR(G16="",F16=""),"",(G16/F16)) -> 0.27714286
A17: 1979 | B17: 49198 | D17: 3900 | E17: 700 | F17: 44598 | G17: 12849 | H17: =(G17/F17)*100 -> 28.810709 | J17: 26623 | K17: 5026 | N17: =IF(OR(G17="",F17=""),"",(G17/F17)) -> 0.28810709
N18: =IF(OR(G18="",F18=""),"",(G18/F18))
A19: 1975-1979 | N19: =IF(OR(G19="",F19=""),"",(G19/F19))
A20: Average | B20: =AVERAGE(B13:B17) -> 56556.2 | D20: =AVERAGE(D13:D17) -> 5420 | E20: =AVERAGE(E13:E17) -> 1600 | F20: =AVERAGE(F13:F17) -> 49536.2 | G20: =AVERAGE(G13:G17) -> 15095 | H20: =G20/F20*100 -> 30.472664 | J20: =AVERAGE(J13:J17) -> 31076 | K20: =AVERAGE(K13:K17) -> 3265.2 | N20: =IF(OR(G20="",F20=""),"",(G20/F20)) -> 0.30472664
N21: =IF(OR(G21="",F21=""),"",(G21/F21))
A22: 1980 | B22: 43333 | D22: 300 | E22: 600 | F22: 42433 | G22: 6995 | H22: =(G22/F22)*100 -> 16.484811 | J22: 26973 | K22: 8465 | N22: =IF(OR(G22="",F22=""),"",(G22/F22)) -> 0.16484811
A23: 1981 | B23: 56271 | D23: 4800 | E23: 2900 | F23: 48571 | G23: 10480 | H23: =(G23/F23)*100 -> 21.576661 | J23: 30057 | K23: 8034 | N23: =IF(OR(G23="",F23=""),"",(G23/F23)) -> 0.21576661
A24: 1982 | B24: 77964 | D24: 3600 | E24: 1900 | F24: 72464 | G24: 18906 | H24: =(G24/F24)*100 -> 26.090197 | J24: 46195 | K24: 7263 | N24: =IF(OR(G24="",F24=""),"",(G24/F24)) -> 0.26090197
A25: 1983 | B25: 62249 | D25: 5300 | E25: 1800 | F25: 55149 | G25: 13828 | H25: =(G25/F25)*100 -> 25.073891 | J25: 30589 | K25: 10432 | N25: =IF(OR(G25="",F25=""),"",(G25/F25)) -> 0.25073891
A26: 1984 | B26: 84240 | D26: 8200 | E26: 1500 | F26: 74540 | G26: 19400 | H26: =(G26/F26)*100 -> 26.026295 | J26: 43452 | K26: 11288 | N26: =IF(OR(G26="",F26=""),"",(G26/F26)) -> 0.26026295
N27: =IF(OR(G27="",F27=""),"",(G27/F27))
A28: 1980-1984 | N28: =IF(OR(G28="",F28=""),"",(G28/F28))
A29: Average | B29: =AVERAGE(B22:B26) -> 64811.4 | D29: =AVERAGE(D22:D26) -> 4440 | E29: =AVERAGE(E22:E26) -> 1740 | F29: =AVERAGE(F22:F26) -> 58631.4 | G29: =AVERAGE(G22:G26) -> 13921.8 | H29: =G29/F29*100 -> 23.744615 | J29: =AVERAGE(J22:J26) -> 35453.2 | K29: =AVERAGE(K22:K26) -> 9096.4 | N29: =IF(OR(G29="",F29=""),"",(G29/F29)) -> 0.23744615
N30: =IF(OR(G30="",F30=""),"",(G30/F30))
A31: 1985 | B31: 68090 | D31: 10000 | E31: 1000 | F31: 57090 | G31: 15540 | H31: =(G31/F31)*100 -> 27.220179 | J31: 34533 | K31: 6617 | N31: =IF(OR(G31="",F31=""),"",(G31/F31)) -> 0.27220179
A32: 1986 | B32: 73552 | D32: 8000 | E32: 3100 | F32: 62452 | G32: 15000 | H32: =(G32/F32)*100 -> 24.018446 | J32: 39155 | K32: 7897 | N32: =IF(OR(G32="",F32=""),"",(G32/F32)) -> 0.24018446
A33: 1987 | B33: 93593 | D33: 8800 | E33: 1935 | F33: 82858 | G33: 18837 | H33: =(G33/F33)*100 -> 22.734075 | J33: 54832 | K33: 8689 | N33: =IF(OR(G33="",F33=""),"",(G33/F33)) -> 0.22734075
A34: 1988 | B34: 118112 | D34: 11261 | E34: 2869 | F34: 103982 | G34: 24644 | H34: =(G34/F34)*100 -> 23.700256 | J34: 70451 | K34: 8687 | N34: =IF(OR(G34="",F34=""),"",(G34/F34)) -> 0.23700256
A35: 1989 | B35: 114929 | D35: 10904 | E35: 2005 | F35: 102020 | G35: 24200 | H35: =(G35/F35)*100 -> 23.720839 | J35: 69180 | K35: 8440 | N35: =IF(OR(G35="",F35=""),"",(G35/F35)) -> 0.23720839
N36: =IF(OR(G36="",F36=""),"",(G36/F36))
A37: 1985-1989 | N37: =IF(OR(G37="",F37=""),"",(G37/F37))
A38: Average | B38: =AVERAGE(B31:B35) -> 93655.2 | D38: =AVERAGE(D31:D35) -> 9793 | E38: =AVERAGE(E31:E35) -> 2181.8 | F38: =AVERAGE(F31:F35) -> 81680.4 | G38: =AVERAGE(G31:G35) -> 19644.2 | H38: =G38/F38*100 -> 24.050078 | J38: =AVERAGE(J31:J35) -> 53630.2 | K38: =AVERAGE(K31:K35) -> 8066 | N38: =IF(OR(G38="",F38=""),"",(G38/F38)) -> 0.24050078
N39: =IF(OR(G39="",F39=""),"",(G39/F39))
A40: 1990 | B40: 130588 | D40: 15504 | E40: 8761 | F40: 106323 | G40: 22980 | H40: =(G40/F40)*100 -> 21.613386 | J40: 71273 | K40: 11470 | N40: =IF(OR(G40="",F40=""),"",(G40/F40)) -> 0.21613386
A41: 1991 | B41: 109929 | D41: 11183 | E41: 3474 | F41: 95272 | G41: 30499 | H41: =(G41/F41)*100 -> 32.012554 | J41: 52516 | K41: 11857 | N41: =IF(OR(G41="",F41=""),"",(G41/F41)) -> 0.32012554
A42: 1992 | B42: 75008 | D42: 3866 | E42: 3096 | F42: 68046 | G42: 13508 | H42: =(G42/F42)*100 -> 19.851277 | J42: 42004 | K42: 11534 | N42: =IF(OR(G42="",F42=""),"",(G42/F42)) -> 0.19851277
A43: 1993 | B43: 65934 | D43: =833+220 -> 1053 | E43: 958 | F43: 63923 | G43: 20743 | H43: =(G43/F43)*100 -> 32.449979 | J43: 31966 | K43: 10814 | N43: =IF(OR(G43="",F43=""),"",(G43/F43)) -> 0.32449979
A44: 1994 | B44: 49580 | D44: =1044+56 -> 1100 | E44: 1271 | F44: 47209 | G44: =11458+759 -> 12217 | H44: =(G44/F44)*100 -> 25.87854 | J44: 26102 | K44: 7490 | N44: =IF(OR(G44="",F44=""),"",(G44/F44)) -> 0.2587854
N45: =IF(OR(G45="",F45=""),"",(G45/F45))
A46: 1990-1994 | N46: =IF(OR(G46="",F46=""),"",(G46/F46))
A47: Average | B47: =AVERAGE(B40:B44) -> 86207.8 | D47: =AVERAGE(D40:D44) -> 6541.2 | E47: =AVERAGE(E40:E44) -> 3512 | F47: =AVERAGE(F40:F44) -> 76154.6 | G47: =AVERAGE(G40:G44) -> 19989.4 | H47: =G47/F47*100 -> 26.248447 | J47: =AVERAGE(J40:J44) -> 44772.2 | K47: =AVERAGE(K40:K44) -> 10633 | N47: =IF(OR(G47="",F47=""),"",(G47/F47)) -> 0.26248447
N48: =IF(OR(G48="",F48=""),"",(G48/F48))
A49: 1995 | B49: 40854 | D49: 14 | E49: 0 | F49: 40840 | G49: =14446+29 -> 14475 | H49: =(G49/F49)*100 -> 35.443193 | J49: 19343 | K49: 6437 | N49: =IF(OR(G49="",F49=""),"",(G49/F49)) -> 0.35443193
A50: 1996 | B50: 34765 | D50: =91+33 -> 124 | E50: 0 | F50: 34641 | G50: =6056+12 -> 6068 | H50: =(G50/F50)*100 -> 17.516815 | J50: 21605 | K50: 5918 | N50: =IF(OR(G50="",F50=""),"",(G50/F50)) -> 0.17516815
A51: 1997 | B51: 35303 | D51: =83+189 -> 272 | E51: 0 | F51: 35031 | G51: 1886 | H51: =(G51/F51)*100 -> 5.3838029 | J51: 26885 | K51: 5819 | N51: =IF(OR(G51="",F51=""),"",(G51/F51)) -> 0.053838029
A52: 1998 | B52: 45139 | D52: =12+117 -> 129 | E52: 47 | F52: 44963 | G52: 2818 | H52: =(G52/F52)*100 -> 6.2673754 | J52: 34461 | K52: 7364 | N52: =IF(OR(G52="",F52=""),"",(G52/F52)) -> 0.062673754
A53: 1999 | B53: 54202 | D53: =13+247 -> 260 | E53: 0 | F53: 53942 | G53: 5507 | H53: =(G53/F53)*100 -> 10.209113 | J53: 40410 | K53: 7444 | N53: =IF(OR(G53="",F53=""),"",(G53/F53)) -> 0.10209113
N54: =IF(OR(G54="",F54=""),"",(G54/F54))
A55: 1995-1999 | N55: =IF(OR(G55="",F55=""),"",(G55/F55))
A56: Average | B56: =AVERAGE(B49:B53) -> 42052.6 | D56: =AVERAGE(D49:D53) -> 159.8 | E56: =AVERAGE(E49:E53) -> 9.4 | F56: =AVERAGE(F49:F53) -> 41883.4 | G56: =AVERAGE(G49:G53) -> 6150.8 | H56: =G56/F56*100 -> 14.685532 | J56: =AVERAGE(J49:J53) -> 28540.8 | K56: =AVERAGE(K49:K53) -> 6596.4 | N56: =IF(OR(G56="",F56=""),"",(G56/F56)) -> 0.14685532
N57: =IF(OR(G57="",F57=""),"",(G57/F57))
A58: 2000 | B58: 57454 | D58: =373+751 -> 1124 | E58: 201 | F58: 56129 | G58: =7664+1048+299+0 -> 9011 | H58: =(G58/F58)*100 -> 16.05409 | J58: 39073 | K58: 7699 | N58: =IF(OR(G58="",F58=""),"",(G58/F58)) -> 0.1605409
A59: 2001 | B59: 80366 | D59: =2790+536+193 -> 3519 | E59: =3649+179 -> 3828 | F59: 73019 | G59: =6969+706+0 -> 7675 | H59: =(G59/F59)*100 -> 10.510963 | J59: 53973 | K59: 10810 | N59: =IF(OR(G59="",F59=""),"",(G59/F59)) -> 0.10510963
A60: 2002 | B60: 121711 | D60: =5357+98+1942 -> 7397 | E60: =5069+135 -> 5204 | F60: 109110 | G60: =10457+388+0 -> 10845 | H60: =(G60/F60)*100 -> 9.9395106 | J60: 83136 | K60: 14358 | N60: =IF(OR(G60="",F60=""),"",(G60/F60)) -> 0.099395106
A61: 2003 | B61: 126580 | D61: =109+14+650+39+1011 -> 1823 | E61: =7006+184 -> 7190 | F61: 117567 | G61: =13146+373+0 -> 13519 | H61: =(G61/F61)*100 -> 11.498975 | J61: 87749 | K61: 15410 | N61: =IF(OR(G61="",F61=""),"",(G61/F61)) -> 0.11498975
A62: 2004 | B62: 144448 | D62: =2119+289+3589+651+595 -> 7243 | E62: =5811+128 -> 5939 | F62: 131266 | G62: =11639+327+0 -> 11966 | H62: =(G62/F62)*100 -> 9.1158411 | J62: 96724 | K62: 21934 | N62: =IF(OR(G62="",F62=""),"",(G62/F62)) -> 0.091158411
N63: =IF(OR(G63="",F63=""),"",(G63/F63))
A64: 2000-2004 | N64: =IF(OR(G64="",F64=""),"",(G64/F64))
A65: Average | B65: =AVERAGE(B58:B62) -> 106111.8 | D65: =AVERAGE(D58:D62) -> 4221.2 | E65: =AVERAGE(E58:E62) -> 4472.4 | F65: =AVERAGE(F58:F62) -> 97418.2 | G65: =AVERAGE(G58:G62) -> 10603.2 | H65: =G65/F65*100 -> 10.884208 | J65: =AVERAGE(J58:J62) -> 72131 | K65: =AVERAGE(K58:K62) -> 14042.2 | N65: =IF(OR(G65="",F65=""),"",(G65/F65)) -> 0.10884208
N66: =IF(OR(G66="",F66=""),"",(G66/F66))
A67: 2005 | B67: 60976 | D67: =1280+45+784+71+143 -> 2323 | E67: =2796+48 -> 2844 | F67: 55809 | G67: =5572+231+0 -> 5803 | H67: =(G67/F67)*100 -> 10.397964 | J67: 36633 | K67: 12657 | N67: =IF(OR(G67="",F67=""),"",(G67/F67)) -> 0.10397964
A68: 2006 | B68: 59662 | D68: =2097+318+271 -> 2686 | E68: =1984+35 -> 2019 | F68: 54957 | G68: =7027+203+0 -> 7230 | H68: =(G68/F68)*100 -> 13.15574 | J68: 37041 | K68: 10425 | N68: =IF(OR(G68="",F68=""),"",(G68/F68)) -> 0.1315574
A69: 2007 | B69: 40489 | D69: =887+77+317 -> 1281 | E69: =1572+47 -> 1619 | F69: 37589 | G69: =5439+244+0 -> 5683 | H69: =(G69/F69)*100 -> 15.118785 | J69: 23098 | K69: 8644 | N69: =IF(OR(G69="",F69=""),"",(G69/F69)) -> 0.15118785
A70: 2008 | B70: 27356 | D70: =1+0+100 -> 101 | E70: =195+8 -> 203 | F70: 27052 | G70: =4369+233 -> 4602 | H70: =(G70/F70)*100 -> 17.011681 | J70: 14672 | K70: 7556 | N70: =IF(OR(G70="",F70=""),"",(G70/F70)) -> 0.17011681 | P70: =(K59+K60+K61+K62+K63+K68+K69+K70)/8 -> 11142.125
A71: 2009 | B71: 39410 | D71: =38+2+283 -> 323 | E71: =1383+27 -> 1410 | F71: 37677 | G71: =4229+128+140+6 -> 4503 | H71: =(G71/F71)*100 -> 11.951589 | J71: 28514 | K71: 4312 | N71: =IF(OR(G71="",F71=""),"",(G71/F71)) -> 0.11951589 | P71: =(K60+K61+K62+K63+K64+K69+K70+K71)/8 -> 9026.75
N72: =IF(OR(G72="",F72=""),"",(G72/F72))
A73: 2005-2009 | N73: =IF(OR(G73="",F73=""),"",(G73/F73))
A74: Average | B74: =AVERAGE(B67:B71) -> 45578.6 | D74: =AVERAGE(D67:D71) -> 1342.8 | E74: =AVERAGE(E67:E71) -> 1619 | F74: =AVERAGE(F67:F71) -> 42616.8 | G74: =AVERAGE(G67:G71) -> 5564.2 | H74: =G74/F74*100 -> 13.056353 | J74: =AVERAGE(J67:J71) -> 27991.6 | K74: =AVERAGE(K67:K71) -> 8718.8 | N74: =IF(OR(G74="",F74=""),"",(G74/F74)) -> 0.13056353
N75: =IF(OR(G75="",F75=""),"",(G75/F75))
A76: 2010 | B76: 110536 | D76: =1540+55+1660 -> 3255 | E76: =5338+99 -> 5437 | F76: 101844 | G76: =22329+382 -> 22711 | H76: =(G76/F76)*100 -> 22.299792 | J76: 67059 | K76: 10973 | N76: =IF(OR(G76="",F76=""),"",(G76/F76)) -> 0.22299792
A77: 2011 | B77: 80254 | D77: =1129+121+1041 -> 2291 | E77: =2058+46 -> 2104 | F77: 75859 | G77: =22364+472 -> 22836 | H77: =(G77/F77)*100 -> 30.103218 | J77: 45147 | K77: 6775 | N77: =IF(OR(G77="",F77=""),"",(G77/F77)) -> 0.30103218
A78: 2012 | B78: 65115 | D78: =1562+49+706 -> 2317 | E78: =3133+70 -> 3203 | F78: 59595 | G78: =15514+319 -> 15833 | H78: =(G78/F78)*100 -> 26.567665 | J78: 37213 | K78: 5799 | N78: =IF(OR(G78="",F78=""),"",(G78/F78)) -> 0.26567665
A79: 2013 | B79: 47311 | D79: =549+40+1234 -> 1823 | E79: =1665+27 -> 1692 | F79: 43796 | G79: =7214+164 -> 7378 | H79: =(G79/F79)*100 -> 16.846287 | J79: 29561 | K79: 6153 | N79: =IF(OR(G79="",F79=""),"",(G79/F79)) -> 0.16846287
A80: 2014 | B80: 51794 | D80: =579+31+655 -> 1265 | E80: =2263+38 -> 2301 | F80: 48228 | G80: =7919+171 -> 8090 | H80: =(G80/F80)*100 -> 16.774488 | J80: 31669 | K80: 5612 | N80: =IF(OR(G80="",F80=""),"",(G80/F80)) -> 0.16774488
N81: =IF(OR(G81="",F81=""),"",(G81/F81))
A82: 2010-2014 | N82: =IF(OR(G82="",F82=""),"",(G82/F82))
A83: Average | B83: =AVERAGE(B76:B80) -> 71002 | D83: =AVERAGE(D76:D80) -> 2190.2 | E83: =AVERAGE(E76:E80) -> 2947.4 | F83: =AVERAGE(F76:F80) -> 65864.4 | G83: =AVERAGE(G76:G80) -> 15369.6 | H83: =G83/F83*100 -> 23.335216 | J83: =AVERAGE(J76:J80) -> 42129.8 | K83: =AVERAGE(K76:K80) -> 7062.4 | N83: =IF(OR(G83="",F83=""),"",(G83/F83)) -> 0.23335216
N84: =IF(OR(G84="",F84=""),"",(G84/F84))
A85: 2015 | B85: 87071 | D85: =1262+48+1255 -> 2565 | E85: =1427+39 -> 1466 | F85: 81040 | G85: =13324+228 -> 13552 | H85: =(G85/F85)*100 -> 16.722606 | J85: 53088 | K85: 8446 | N85: =IF(OR(G85="",F85=""),"",(G85/F85)) -> 0.16722606
A86: 2016 | B86: 49768 | D86: =361+24+561 -> 946 | E86: =1389+19 -> 1408 | F86: 47414 | G86: =5846+144 -> 5990 | H86: =(G86/F86)*100 -> 12.633399 | J86: 32478 | K86: 5789 | N86: =IF(OR(G86="",F86=""),"",(G86/F86)) -> 0.12633399
A87: 2017 | B87: 53653 | D87: 1314 | E87: 1268 | F87: 51071 | G87: 7420 | H87: =(G87/F87)*100 -> 14.528793 | J87: 36628 | K87: 4527 | N87: =IF(OR(G87="",F87=""),"",(G87/F87)) -> 0.14528793
A88: 2018 | B88: 39660 | D88: 457 | E88: 1260 | F88: 37943 | G88: 6222 | H88: =(G88/F88)*100 -> 16.398282 | J88: 26542 | K88: 2657 | N88: =IF(OR(G88="",F88=""),"",(G88/F88)) -> 0.16398282
A89: 2019 | B89: 29594 | D89: 329 | E89: 213 | F89: 29052 | G89: 4672 | H89: =(G89/F89)*100 -> 16.081509 | J89: 20617 | K89: 2692 | N89: =IF(OR(G89="",F89=""),"",(G89/F89)) -> 0.16081509
N90: =IF(OR(G90="",F90=""),"",(G90/F90))
A91: 2015-2019 | N91: =IF(OR(G91="",F91=""),"",(G91/F91))
A92: Average | B92: =AVERAGE(B85:B89) -> 51949.2 | D92: =AVERAGE(D85:D89) -> 1122.2 | E92: =AVERAGE(E85:E89) -> 1123 | F92: =AVERAGE(F85:F89) -> 49304 | G92: =AVERAGE(G85:G89) -> 7571.2 | H92: =G92/F92*100 -> 15.356158 | J92: =AVERAGE(J85:J89) -> 33870.6 | K92: =AVERAGE(K85:K89) -> 4822.2 | N92: =IF(OR(G92="",F92=""),"",(G92/F92)) -> 0.15356158
N93: =IF(OR(G93="",F93=""),"",(G93/F93))
A94: 2020 | B94: 47458 | D94: 312 | E94: 144 | F94: 47002 | G94: 6078 | H94: =G94/F94*100 -> 12.931365 | J94: 35012 | K94: 5033 | N94: =IF(OR(G94="",F94=""),"",(G94/F94)) -> 0.12931365
A95: 2021 | B95: 43148 | D95: 262 | E95: 1102 | F95: 41784 | G95: 6473 | H95: 15.491576 | J95: 30025 | K95: 3733 | N95: =IF(OR(G95="",F95=""),"",(G95/F95)) -> 0.15491576
A96: 2022 | B96: 57317.362 | D96: 849 | E96: 1816 | F96: 54652.362 | G96: 9028 | H96: 16.518957 | J96: 38629 | K96: 6432 | N96: =IF(OR(G96="",F96=""),"",(G96/F96)) -> 0.16518957
A97: 2023 | B97: 39537 | D97: 596 | E97: 717 | F97: 38224 | G97: 6425 | H97: 16.8 | J97: 24089 | K97: 7249 | N97: =IF(OR(G97="",F97=""),"",(G97/F97)) -> 0.16808811
A98: 2024 | B98: 38898 | D98: 449 | E98: 1079 | F98: 37358 | G98: 5144 | H98: =G98/F98*100 -> 13.769474 | J98: 22592 | K98: 8971 | N98: =IF(OR(G98="",F98=""),"",(G98/F98)) -> 0.13769474
N99: =IF(OR(G99="",F99=""),"",(G99/F99))
A100: 2020-2024 | N100: =IF(OR(G100="",F100=""),"",(G100/F100))
...

Sheet T3Static
A1: Caption:
A2: Table 3. Components (in thousands) of the minimum Willamette River spring Chinook run and percentage caught in lower Willamette recreational fishery, 1971–2025. Includes jacks.
A4: Year | B4: Minimum Run Entering Columbia River | D4: Mainstem Columbia River | F4: Run Entering Willamette River | G4: Lower Willamette River Recreational Catch3 | J4: Willamette Falls Count | K4: Run Entering Clackamas River
D7: Comm.1 | E7: Sport2 | G7: Number4 | H7: % of Run
A8: =IF(T3Manip!A10="","",T3Manip!A10) -> 1971-1974 | B8: =IF(T3Manip!B10="","",T3Manip!B10/1000) | C8: =IF(T3Manip!C10="","",T3Manip!C10) | D8: =IF(T3Manip!D10="","",T3Manip!D10/1000) | E8: =IF(T3Manip!E10="","",T3Manip!E10/1000) | F8: =IF(T3Manip!F10="","",T3Manip!F10/1000) | G8: =IF(T3Manip!G10="","",T3Manip!G10/1000) | H8: =IF(T3Manip!H10="","",T3Manip!H10) | I8: =IF(T3Manip!I10="","",T3Manip!I10) | J8: =IF(T3Manip!J10="","",T3Manip!J10/1000) | K8: =IF(T3Manip!K10="","",T3Manip!K10/1000)
A9: =IF(T3Manip!A11="","",T3Manip!A11) -> Average | B9: =IF(T3Manip!B11="","",T3Manip!B11/1000) -> 73.097 | C9: =IF(T3Manip!C11="","",T3Manip!C11) | D9: =IF(T3Manip!D11="","",T3Manip!D11/1000) -> 10.45 | E9: =IF(T3Manip!E11="","",T3Manip!E11/1000) -> 2.45 | F9: =IF(T3Manip!F11="","",T3Manip!F11/1000) -> 60.197 | G9: =IF(T3Manip!G11="","",T3Manip!G11/1000) -> 18.34375 | H9: =IF(T3Manip!H11="","",T3Manip!H11) -> 30.472864 | I9: =IF(T3Manip!I11="","",T3Manip!I11) | J9: =IF(T3Manip!J11="","",T3Manip!J11/1000) -> 39.30325 | K9: =IF(T3Manip!K11="","",T3Manip!K11/1000) -> 2.2
A10: =IF(T3Manip!A12="","",T3Manip!A12) | B10: =IF(T3Manip!B12="","",T3Manip!B12/1000) | C10: =IF(T3Manip!C12="","",T3Manip!C12) | D10: =IF(T3Manip!D12="","",T3Manip!D12/1000) | E10: =IF(T3Manip!E12="","",T3Manip!E12/1000) | F10: =IF(T3Manip!F12="","",T3Manip!F12/1000) | G10: =IF(T3Manip!G12="","",T3Manip!G12/1000) | H10: =IF(T3Manip!H12="","",T3Manip!H12) | I10: =IF(T3Manip!I12="","",T3Manip!I12) | J10: =IF(T3Manip!J12="","",T3Manip!J12/1000) | K10: =IF(T3Manip!K12="","",T3Manip!K12/1000)
A11: =IF(T3Manip!A19="","",T3Manip!A19) -> 1975-1979 | B11: =IF(T3Manip!B19="","",T3Manip!B19/1000) | C11: =IF(T3Manip!C37="","",T3Manip!C37) | D11: =IF(T3Manip!D19="","",T3Manip!D19/1000) | E11: =IF(T3Manip!E19="","",T3Manip!E19/1000) | F11: =IF(T3Manip!F19="","",T3Manip!F19/1000) | G11: =IF(T3Manip!G19="","",T3Manip!G19/1000) | H11: =IF(T3Manip!H19="","",T3Manip!H19) | I11: =IF(T3Manip!I19="","",T3Manip!I19) | J11: =IF(T3Manip!J19="","",T3Manip!J19/1000) | K11: =IF(T3Manip!K19="","",T3Manip!K19/1000)
A12: =IF(T3Manip!A20="","",T3Manip!A20) -> Average | B12: =IF(T3Manip!B20="","",T3Manip!B20/1000) -> 56.5562 | C12: =IF(T3Manip!C38="","",T3Manip!C38) | D12: =IF(T3Manip!D20="","",T3Manip!D20/1000) -> 5.42 | E12: =IF(T3Manip!E20="","",T3Manip!E20/1000) -> 1.6 | F12: =IF(T3Manip!F20="","",T3Manip!F20/1000) -> 49.5362 | G12: =IF(T3Manip!G20="","",T3Manip!G20/1000) -> 15.095 | H12: =IF(T3Manip!H20="","",T3Manip!H20) -> 30.472664 | I12: =IF(T3Manip!I20="","",T3Manip!I20) | J12: =IF(T3Manip!J20="","",T3Manip!J20/1000) -> 31.076 | K12: =IF(T3Manip!K20="","",T3Manip!K20/1000) -> 3.2652
A13: =IF(T3Manip!A21="","",T3Manip!A21) | B13: =IF(T3Manip!B21="","",T3Manip!B21/1000) | C13: =IF(T3Manip!C39="","",T3Manip!C39) | D13: =IF(T3Manip!D21="","",T3Manip!D21/1000) | E13: =IF(T3Manip!E21="","",T3Manip!E21/1000) | F13: =IF(T3Manip!F21="","",T3Manip!F21/1000) | G13: =IF(T3Manip!G21="","",T3Manip!G21/1000) | H13: =IF(T3Manip!H21="","",T3Manip!H21) | I13: =IF(T3Manip!I21="","",T3Manip!I21) | J13: =IF(T3Manip!J21="","",T3Manip!J21/1000) | K13: =IF(T3Manip!K21="","",T3Manip!K21/1000)
A14: =IF(T3Manip!A28="","",T3Manip!A28) -> 1980-1984 | B14: =IF(T3Manip!B28="","",T3Manip!B28/1000) | C14: =IF(T3Manip!C46="","",T3Manip!C46) | D14: =IF(T3Manip!D28="","",T3Manip!D28/1000) | E14: =IF(T3Manip!E28="","",T3Manip!E28/1000) | F14: =IF(T3Manip!F28="","",T3Manip!F28/1000) | G14: =IF(T3Manip!G28="","",T3Manip!G28/1000) | H14: =IF(T3Manip!H28="","",T3Manip!H28) | I14: =IF(T3Manip!I28="","",T3Manip!I28) | J14: =IF(T3Manip!J28="","",T3Manip!J28/1000) | K14: =IF(T3Manip!K28="","",T3Manip!K28/1000)
A15: =IF(T3Manip!A29="","",T3Manip!A29) -> Average | B15: =IF(T3Manip!B29="","",T3Manip!B29/1000) -> 64.8114 | C15: =IF(T3Manip!C47="","",T3Manip!C47) | D15: =IF(T3Manip!D29="","",T3Manip!D29/1000) -> 4.44 | E15: =IF(T3Manip!E29="","",T3Manip!E29/1000) -> 1.74 | F15: =IF(T3Manip!F29="","",T3Manip!F29/1000) -> 58.6314 | G15: =IF(T3Manip!G29="","",T3Manip!G29/1000) -> 13.9218 | H15: =IF(T3Manip!H29="","",T3Manip!H29) -> 23.744615 | I15: =IF(T3Manip!I29="","",T3Manip!I29) | J15: =IF(T3Manip!J29="","",T3Manip!J29/1000) -> 35.4532 | K15: =IF(T3Manip!K29="","",T3Manip!K29/1000) -> 9.0964
A16: =IF(T3Manip!A30="","",T3Manip!A30) | B16: =IF(T3Manip!B30="","",T3Manip!B30/1000) | C16: =IF(T3Manip!C48="","",T3Manip!C48) | D16: =IF(T3Manip!D30="","",T3Manip!D30/1000) | E16: =IF(T3Manip!E30="","",T3Manip!E30/1000) | F16: =IF(T3Manip!F30="","",T3Manip!F30/1000) | G16: =IF(T3Manip!G30="","",T3Manip!G30/1000) | H16: =IF(T3Manip!H30="","",T3Manip!H30) | I16: =IF(T3Manip!I30="","",T3Manip!I30) | J16: =IF(T3Manip!J30="","",T3Manip!J30/1000) | K16: =IF(T3Manip!K30="","",T3Manip!K30/1000)
A17: =IF(T3Manip!A37="","",T3Manip!A37) -> 1985-1989 | B17: =IF(T3Manip!B37="","",T3Manip!B37/1000) | C17: =IF(T3Manip!C55="","",T3Manip!C55) | D17: =IF(T3Manip!D37="","",T3Manip!D37/1000) | E17: =IF(T3Manip!E37="","",T3Manip!E37/1000) | F17: =IF(T3Manip!F37="","",T3Manip!F37/1000) | G17: =IF(T3Manip!G37="","",T3Manip!G37/1000) | H17: =IF(T3Manip!H37="","",T3Manip!H37) | I17: =IF(T3Manip!I37="","",T3Manip!I37) | J17: =IF(T3Manip!J37="","",T3Manip!J37/1000) | K17: =IF(T3Manip!K37="","",T3Manip!K37/1000)
A18: =IF(T3Manip!A38="","",T3Manip!A38) -> Average | B18: =IF(T3Manip!B38="","",T3Manip!B38/1000) -> 93.6552 | C18: =IF(T3Manip!C56="","",T3Manip!C56) | D18: =IF(T3Manip!D38="","",T3Manip!D38/1000) -> 9.793 | E18: =IF(T3Manip!E38="","",T3Manip!E38/1000) -> 2.1818 | F18: =IF(T3Manip!F38="","",T3Manip!F38/1000) -> 81.6804 | G18: =IF(T3Manip!G38="","",T3Manip!G38/1000) -> 19.6442 | H18: =IF(T3Manip!H38="","",T3Manip!H38) -> 24.050078 | I18: =IF(T3Manip!I38="","",T3Manip!I38) | J18: =IF(T3Manip!J38="","",T3Manip!J38/1000) -> 53.6302 | K18: =IF(T3Manip!K38="","",T3Manip!K38/1000) -> 8.066
A19: =IF(T3Manip!A39="","",T3Manip!A39) | B19: =IF(T3Manip!B39="","",T3Manip!B39/1000) | C19: =IF(T3Manip!C57="","",T3Manip!C57) | D19: =IF(T3Manip!D39="","",T3Manip!D39/1000) | E19: =IF(T3Manip!E39="","",T3Manip!E39/1000) | F19: =IF(T3Manip!F39="","",T3Manip!F39/1000) | G19: =IF(T3Manip!G39="","",T3Manip!G39/1000) | H19: =IF(T3Manip!H39="","",T3Manip!H39) | I19: =IF(T3Manip!I39="","",T3Manip!I39) | J19: =IF(T3Manip!J39="","",T3Manip!J39/1000) | K19: =IF(T3Manip!K39="","",T3Manip!K39/1000)
A20: =IF(T3Manip!A46="","",T3Manip!A46) -> 1990-1994 | B20: =IF(T3Manip!B46="","",T3Manip!B46/1000) | C20: =IF(T3Manip!C64="","",T3Manip!C64) | D20: =IF(T3Manip!D46="","",T3Manip!D46/1000) | E20: =IF(T3Manip!E46="","",T3Manip!E46/1000) | F20: =IF(T3Manip!F46="","",T3Manip!F46/1000) | G20: =IF(T3Manip!G46="","",T3Manip!G46/1000) | H20: =IF(T3Manip!H46="","",T3Manip!H46) | I20: =IF(T3Manip!I46="","",T3Manip!I46) | J20: =IF(T3Manip!J46="","",T3Manip!J46/1000) | K20: =IF(T3Manip!K46="","",T3Manip!K46/1000)
A21: =IF(T3Manip!A47="","",T3Manip!A47) -> Average | B21: =IF(T3Manip!B47="","",T3Manip!B47/1000) -> 86.2078 | C21: =IF(T3Manip!C65="","",T3Manip!C65) | D21: =IF(T3Manip!D47="","",T3Manip!D47/1000) -> 6.5412 | E21: =IF(T3Manip!E47="","",T3Manip!E47/1000) -> 3.512 | F21: =IF(T3Manip!F47="","",T3Manip!F47/1000) -> 76.1546 | G21: =IF(T3Manip!G47="","",T3Manip!G47/1000) -> 19.9894 | H21: =IF(T3Manip!H47="","",T3Manip!H47) -> 26.248447 | I21: =IF(T3Manip!I47="","",T3Manip!I47) | J21: =IF(T3Manip!J47="","",T3Manip!J47/1000) -> 44.7722 | K21: =IF(T3Manip!K47="","",T3Manip!K47/1000) -> 10.633
A22: =IF(T3Manip!A48="","",T3Manip!A48) | B22: =IF(T3Manip!B48="","",T3Manip!B48/1000) | C22: =IF(T3Manip!C66="","",T3Manip!C66) | D22: =IF(T3Manip!D48="","",T3Manip!D48/1000) | E22: =IF(T3Manip!E48="","",T3Manip!E48/1000) | F22: =IF(T3Manip!F48="","",T3Manip!F48/1000) | G22: =IF(T3Manip!G48="","",T3Manip!G48/1000) | H22: =IF(T3Manip!H48="","",T3Manip!H48) | I22: =IF(T3Manip!I48="","",T3Manip!I48) | J22: =IF(T3Manip!J48="","",T3Manip!J48/1000) | K22: =IF(T3Manip!K48="","",T3Manip!K48/1000)
A23: =IF(T3Manip!A55="","",T3Manip!A55) -> 1995-1999 | B23: =IF(T3Manip!B55="","",T3Manip!B55/1000) | D23: =IF(T3Manip!D55="","",T3Manip!D55/1000) | E23: =IF(T3Manip!E55="","",T3Manip!E55/1000) | F23: =IF(T3Manip!F55="","",T3Manip!F55/1000) | G23: =IF(T3Manip!G55="","",T3Manip!G55/1000) | H23: =IF(T3Manip!H55="","",T3Manip!H55) | J23: =IF(T3Manip!J55="","",T3Manip!J55/1000) | K23: =IF(T3Manip!K55="","",T3Manip!K55/1000)
A24: =IF(T3Manip!A56="","",T3Manip!A56) -> Average | B24: =IF(T3Manip!B56="","",T3Manip!B56/1000) -> 42.0526 | D24: =IF(T3Manip!D56="","",T3Manip!D56/1000) -> 0.1598 | E24: =IF(T3Manip!E56="","",T3Manip!E56/1000) -> 0.0094 | F24: =IF(T3Manip!F56="","",T3Manip!F56/1000) -> 41.8834 | G24: =IF(T3Manip!G56="","",T3Manip!G56/1000) -> 6.1508 | H24: =IF(T3Manip!H56="","",T3Manip!H56) -> 14.685532 | J24: =IF(T3Manip!J56="","",T3Manip!J56/1000) -> 28.5408 | K24: =IF(T3Manip!K56="","",T3Manip!K56/1000) -> 6.5964
A25: =IF(T3Manip!A57="","",T3Manip!A57) | B25: =IF(T3Manip!B57="","",T3Manip!B57/1000) | D25: =IF(T3Manip!D57="","",T3Manip!D57/1000) | E25: =IF(T3Manip!E57="","",T3Manip!E57/1000) | F25: =IF(T3Manip!F57="","",T3Manip!F57/1000) | G25: =IF(T3Manip!G57="","",T3Manip!G57/1000) | H25: =IF(T3Manip!H57="","",T3Manip!H57) | J25: =IF(T3Manip!J57="","",T3Manip!J57/1000) | K25: =IF(T3Manip!K57="","",T3Manip!K57/1000)
A26: =IF(T3Manip!A58="","",T3Manip!A58) -> 2000 | B26: =IF(T3Manip!B58="","",T3Manip!B58/1000) -> 57.454 | D26: =IF(T3Manip!D58="","",T3Manip!D58/1000) -> 1.124 | E26: =IF(T3Manip!E58="","",T3Manip!E58/1000) -> 0.201 | F26: =IF(T3Manip!F58="","",T3Manip!F58/1000) -> 56.129 | G26: =IF(T3Manip!G58="","",T3Manip!G58/1000) -> 9.011 | H26: =IF(T3Manip!H58="","",T3Manip!H58) -> 16.05409 | J26: =IF(T3Manip!J58="","",T3Manip!J58/1000) -> 39.073 | K26: =IF(T3Manip!K58="","",T3Manip!K58/1000) -> 7.699
A27: =IF(T3Manip!A59="","",T3Manip!A59) -> 2001 | B27: =IF(T3Manip!B59="","",T3Manip!B59/1000) -> 80.366 | D27: =IF(T3Manip!D59="","",T3Manip!D59/1000) -> 3.519 | E27: =IF(T3Manip!E59="","",T3Manip!E59/1000) -> 3.828 | F27: =IF(T3Manip!F59="","",T3Manip!F59/1000) -> 73.019 | G27: =IF(T3Manip!G59="","",T3Manip!G59/1000) -> 7.675 | H27: =IF(T3Manip!H59="","",T3Manip!H59) -> 10.510963 | J27: =IF(T3Manip!J59="","",T3Manip!J59/1000) -> 53.973 | K27: =IF(T3Manip!K59="","",T3Manip!K59/1000) -> 10.81
A28: =IF(T3Manip!A60="","",T3Manip!A60) -> 2002 | B28: =IF(T3Manip!B60="","",T3Manip!B60/1000) -> 121.711 | D28: =IF(T3Manip!D60="","",T3Manip!D60/1000) -> 7.397 | E28: =IF(T3Manip!E60="","",T3Manip!E60/1000) -> 5.204 | F28: =IF(T3Manip!F60="","",T3Manip!F60/1000) -> 109.11 | G28: =IF(T3Manip!G60="","",T3Manip!G60/1000) -> 10.845 | H28: =IF(T3Manip!H60="","",T3Manip!H60) -> 9.9395106 | J28: =IF(T3Manip!J60="","",T3Manip!J60/1000) -> 83.136 | K28: =IF(T3Manip!K60="","",T3Manip!K60/1000) -> 14.358
A29: =IF(T3Manip!A61="","",T3Manip!A61) -> 2003 | B29: =IF(T3Manip!B61="","",T3Manip!B61/1000) -> 126.58 | D29: =IF(T3Manip!D61="","",T3Manip!D61/1000) -> 1.823 | E29: =IF(T3Manip!E61="","",T3Manip!E61/1000) -> 7.19 | F29: =IF(T3Manip!F61="","",T3Manip!F61/1000) -> 117.567 | G29: =IF(T3Manip!G61="","",T3Manip!G61/1000) -> 13.519 | H29: =IF(T3Manip!H61="","",T3Manip!H61) -> 11.498975 | J29: =IF(T3Manip!J61="","",T3Manip!J61/1000) -> 87.749 | K29: =IF(T3Manip!K61="","",T3Manip!K61/1000) -> 15.41
A30: =IF(T3Manip!A62="","",T3Manip!A62) -> 2004 | B30: =IF(T3Manip!B62="","",T3Manip!B62/1000) -> 144.448 | D30: =IF(T3Manip!D62="","",T3Manip!D62/1000) -> 7.243 | E30: =IF(T3Manip!E62="","",T3Manip!E62/1000) -> 5.939 | F30: =IF(T3Manip!F62="","",T3Manip!F62/1000) -> 131.266 | G30: =IF(T3Manip!G62="","",T3Manip!G62/1000) -> 11.966 | H30: =IF(T3Manip!H62="","",T3Manip!H62) -> 9.1158411 | J30: =IF(T3Manip!J62="","",T3Manip!J62/1000) -> 96.724 | K30: =IF(T3Manip!K62="","",T3Manip!K62/1000) -> 21.934
A31: =IF(T3Manip!A63="","",T3Manip!A63) | B31: =IF(T3Manip!B63="","",T3Manip!B63/1000) | D31: =IF(T3Manip!D63="","",T3Manip!D63/1000) | E31: =IF(T3Manip!E63="","",T3Manip!E63/1000) | F31: =IF(T3Manip!F63="","",T3Manip!F63/1000) | G31: =IF(T3Manip!G63="","",T3Manip!G63/1000) | H31: =IF(T3Manip!H63="","",T3Manip!H63) | J31: =IF(T3Manip!J63="","",T3Manip!J63/1000) | K31: =IF(T3Manip!K63="","",T3Manip!K63/1000)
A32: =IF(T3Manip!A64="","",T3Manip!A64) -> 2000-2004 | B32: =IF(T3Manip!B64="","",T3Manip!B64/1000) | D32: =IF(T3Manip!D64="","",T3Manip!D64/1000) | E32: =IF(T3Manip!E64="","",T3Manip!E64/1000) | F32: =IF(T3Manip!F64="","",T3Manip!F64/1000) | G32: =IF(T3Manip!G64="","",T3Manip!G64/1000) | H32: =IF(T3Manip!H64="","",T3Manip!H64) | J32: =IF(T3Manip!J64="","",T3Manip!J64/1000) | K32: =IF(T3Manip!K64="","",T3Manip!K64/1000)
A33: =IF(T3Manip!A65="","",T3Manip!A65) -> Average | B33: =IF(T3Manip!B65="","",T3Manip!B65/1000) -> 106.1118 | D33: =IF(T3Manip!D65="","",T3Manip!D65/1000) -> 4.2212 | E33: =IF(T3Manip!E65="","",T3Manip!E65/1000) -> 4.4724 | F33: =IF(T3Manip!F65="","",T3Manip!F65/1000) -> 97.4182 | G33: =IF(T3Manip!G65="","",T3Manip!G65/1000) -> 10.6032 | H33: =IF(T3Manip!H65="","",T3Manip!H65) -> 10.884208 | J33: =IF(T3Manip!J65="","",T3Manip!J65/1000) -> 72.131 | K33: =IF(T3Manip!K65="","",T3Manip!K65/1000) -> 14.0422
A34: =IF(T3Manip!A66="","",T3Manip!A66) | B34: =IF(T3Manip!B66="","",T3Manip!B66/1000) | D34: =IF(T3Manip!D66="","",T3Manip!D66/1000) | E34: =IF(T3Manip!E66="","",T3Manip!E66/1000) | F34: =IF(T3Manip!F66="","",T3Manip!F66/1000) | G34: =IF(T3Manip!G66="","",T3Manip!G66/1000) | H34: =IF(T3Manip!H66="","",T3Manip!H66) | J34: =IF(T3Manip!J66="","",T3Manip!J66/1000) | K34: =IF(T3Manip!K66="","",T3Manip!K66/1000)
... A63: =IF(T3Manip!A95="","",T3Manip!A95) -> 2021 | B63: =IF(T3Manip!B95="","",T3Manip!B95/1000) -> 43.148 | D63: =IF(T3Manip!D95="","",T3Manip!D95/1000) -> 0.262 | E63: =IF(T3Manip!E95="","",T3Manip!E95/1000) -> 1.102 | F63: =IF(T3Manip!F95="","",T3Manip!F95/1000) -> 41.784 | G63: =IF(T3Manip!G95="","",T3Manip!G95/1000) -> 6.473 | H63: =IF(T3Manip!H95="","",T3Manip!H95) -> 15.491576 | J63: =IF(T3Manip!J95="","",T3Manip!J95/1000) -> 30.025 | K63: =IF(T3Manip!K95="","",T3Manip!K95/1000) -> 3.733
A64: 2022 | B64: =IF(T3Manip!B96="","",T3Manip!B96/1000) -> 57.317362 | D64: =IF(T3Manip!D96="","",T3Manip!D96/1000) -> 0.849 | E64: =IF(T3Manip!E96="","",T3Manip!E96/1000) -> 1.816 | F64: =IF(T3Manip!F96="","",T3Manip!F96/1000) -> 54.652362 | G64: =IF(T3Manip!G96="","",T3Manip!G96/1000) -> 9.028 | H64: =IF(T3Manip!H96="","",T3Manip!H96) -> 16.518957 | J64: =IF(T3Manip!J96="","",T3Manip!J96/1000) -> 38.629 | K64: =IF(T3Manip!K96="","",T3Manip!K96/1000) -> 6.432
A65: 2023 | B65: =IF(T3Manip!B97="","",T3Manip!B97/1000) -> 39.537 | D65: =IF(T3Manip!D97="","",T3Manip!D97/1000) -> 0.596 | E65: =IF(T3Manip!E97="","",T3Manip!E97/1000) -> 0.717 | F65: =IF(T3Manip!F97="","",T3Manip!F97/1000) -> 38.224 | G65: =IF(T3Manip!G97="","",T3Manip!G97/1000) -> 6.425 | H65: =IF(T3Manip!H97="","",T3Manip!H97) -> 16.8 | J65: =IF(T3Manip!J97="","",T3Manip!J97/1000) -> 24.089 | K65: =IF(T3Manip!K97="","",T3Manip!K97/1000) -> 7.249
A66: 2024 | B66: =IF(T3Manip!B98="","",T3Manip!B98/1000) -> 38.898 | D66: =IF(T3Manip!D98="","",T3Manip!D98/1000) -> 0.449 | E66: =IF(T3Manip!E98="","",T3Manip!E98/1000) -> 1.079 | F66: =IF(T3Manip!F98="","",T3Manip!F98/1000) -> 37.358 | G66: =IF(T3Manip!G98="","",T3Manip!G98/1000) -> 5.144 | H66: =IF(T3Manip!H98="","",T3Manip!H98) -> 13.769474 | J66: =IF(T3Manip!J98="","",T3Manip!J98/1000) -> 22.592 | K66: =IF(T3Manip!K98="","",T3Manip!K98/1000) -> 8.971
A68: =IF(T3Manip!A100="","",T3Manip!A100) -> 2020-2024 | B68: =IF(T3Manip!B100="","",T3Manip!B100/1000) | D68: =IF(T3Manip!D100="","",T3Manip!D100/1000) | E68: =IF(T3Manip!E100="","",T3Manip!E100/1000) | F68: =IF(T3Manip!F100="","",T3Manip!F100/1000) | G68: =IF(T3Manip!G100="","",T3Manip!G100/1000) | H68: =IF(T3Manip!H100="","",T3Manip!H100) | J68: =IF(T3Manip!J100="","",T3Manip!J100/1000) | K68: =IF(T3Manip!K100="","",T3Manip!K100/1000)
A69: =IF(T3Manip!A101="","",T3Manip!A101) -> Average | B69: =IF(T3Manip!B101="","",T3Manip!B101/1000) -> 45.271672 | D69: =IF(T3Manip!D101="","",T3Manip!D101/1000) -> 0.4936 | E69: =IF(T3Manip!E101="","",T3Manip!E101/1000) -> 0.9716 | F69: =IF(T3Manip!F101="","",T3Manip!F101/1000) -> 43.804072 | G69: =IF(T3Manip!G101="","",T3Manip!G101/1000) -> 6.6296 | H69: =IF(T3Manip!H101="","",T3Manip!H101) -> 15.134666 | J69: =IF(T3Manip!J101="","",T3Manip!J101/1000) -> 30.0694 | K69: =IF(T3Manip!K101="","",T3Manip!K101/1000) -> 6.2836
A71: 2025 | B71: =IF(T3Manip!B103="","",T3Manip!B103/1000) -> 52.067 | D71: =IF(T3Manip!D103="","",T3Manip!D103/1000) -> 0.649 | E71: =IF(T3Manip!E103="","",T3Manip!E103/1000) -> 1.443 | F71: =IF(T3Manip!F103="","",T3Manip!F103/1000) -> 49.971 | G71: =IF(T3Manip!G103="","",T3Manip!G103/1000) -> 7.762 | H71: =IF(T3Manip!H103="","",T3Manip!H103) -> 15.533009 | J71: =IF(T3Manip!J103="","",T3Manip!J103/1000) -> 32.716 | K71: =IF(T3Manip!K103="","",T3Manip!K103/1000) -> 8.804
A72: 1Includes spring Chinook destined for the Willamette River landed in Select Area commercial fisheries of Youngs Bay (since 1992), Tongue Point (since 1998), and Blind Slough (since 1998). Also, includes estimated release mortalities from Lower Columbia mainstem commercial selective fisheries since 2001.
A73: 2Includes spring Chinook destined for the Willamette River landed in Columbia River boat and/or bank fisheries. Also includes estimated hook and release mortalities in the Lower Columbia mainstem selective recreational fishery since 2001.
A74: 3Lower Willamette recreational fishery managed for quotas in 1996, 1997, 1998, 1999, and 2000. 2009 season was set based on a closure date of April 30 and 3 days per week fishing allowed from March 19–April 30.
A75: 4Includes estimated hook and release mortalities in the Lower Willamette selective recreational fishery since 2000.
A77: Comments:

Sheet T4Manip
C1: Upper Willamette | E1: Upper Willamette
C2: Recreational Catch | E2: Hatchery Return
A3: Year | B3: Willamette Falls Count1 | C3: Number | D3: % of Will. Falls Count | E3: Number | F3: % of Will. Falls Count | G3: Clackamas Hatchery Return2 | H3: Received by Columbia River Tribes3
A5: 1980 | B5: 26973 | C5: 1954 | D5: =IF(OR(B5="",C5=""),"",ROUND((C5/B5)*100,0)) -> 7 | E5: 10340 | F5: =IF(OR(B5="",E5=""),"",ROUND((E5/B5)*100,0)) -> 38 | G5: 1024 | H5: 0 | I5: =E5/B5 -> 0.38334631
A6: 1981 | B6: 30057 | C6: 2241 | D6: =IF(OR(B6="",C6=""),"",ROUND((C6/B6)*100,0)) -> 7 | E6: 10246 | F6: =IF(OR(B6="",E6=""),"",ROUND((E6/B6)*100,0)) -> 34 | G6: 1065 | H6: 0 | I6: =E6/B6 -> 0.34088565
A7: 1982 | B7: 46195 | C7: 3687 | D7: =IF(OR(B7="",C7=""),"",ROUND((C7/B7)*100,0)) -> 8 | E7: 15998 | F7: =IF(OR(B7="",E7=""),"",ROUND((E7/B7)*100,0)) -> 35 | G7: 573 | H7: 0 | I7: =E7/B7 -> 0.34631454
A8: 1983 | B8: 30589 | C8: 1877 | D8: =IF(OR(B8="",C8=""),"",ROUND((C8/B8)*100,0)) -> 6 | E8: 11888 | F8: =IF(OR(B8="",E8=""),"",ROUND((E8/B8)*100,0)) -> 39 | G8: 1923 | H8: 0 | I8: =E8/B8 -> 0.38863644
A9: 1984 | B9: 43452 | C9: 3123 | D9: =IF(OR(B9="",C9=""),"",ROUND((C9/B9)*100,0)) -> 7 | E9: 16616 | F9: =IF(OR(B9="",E9=""),"",ROUND((E9/B9)*100,0)) -> 38 | G9: 2521 | H9: 0 | I9: =E9/B9 -> 0.38239897
A10: 1985 | B10: 34533 | C10: 2510 | D10: =IF(OR(B10="",C10=""),"",ROUND((C10/B10)*100,0)) -> 7 | E10: 11614 | F10: =IF(OR(B10="",E10=""),"",ROUND((E10/B10)*100,0)) -> 34 | G10: 944 | H10: 0 | I10: =E10/B10 -> 0.33631599
A11: 1986 | B11: 39155 | C11: 2708 | D11: =IF(OR(B11="",C11=""),"",ROUND((C11/B11)*100,0)) -> 7 | E11: 14653 | F11: =IF(OR(B11="",E11=""),"",ROUND((E11/B11)*100,0)) -> 37 | G11: 776 | H11: 0 | I11: =E11/B11 -> 0.37423062
A12: 1987 | B12: 54832 | C12: 6442 | D12: =IF(OR(B12="",C12=""),"",ROUND((C12/B12)*100,0)) -> 12 | E12: 19514 | F12: =IF(OR(B12="",E12=""),"",ROUND((E12/B12)*100,0)) -> 36 | G12: 1005 | H12: 0 | I12: =E12/B12 -> 0.35588707
A13: 1988 | B13: 70451 | C13: 8536 | D13: =IF(OR(B13="",C13=""),"",ROUND((C13/B13)*100,0)) -> 12 | E13: 29396 | F13: =IF(OR(B13="",E13=""),"",ROUND((E13/B13)*100,0)) -> 42 | G13: 1253 | H13: 3700 | I13: =E13/B13 -> 0.41725455
A14: 1989 | B14: 69180 | C14: 9375 | D14: =IF(OR(B14="",C14=""),"",ROUND((C14/B14)*100,0)) -> 14 | E14: 31574 | F14: =IF(OR(B14="",E14=""),"",ROUND((E14/B14)*100,0)) -> 46 | G14: 865 | H14: 2520 | I14: =E14/B14 -> 0.45640358
D15: =IF(OR(B15="",C15=""),"",ROUND((C15/B15)*100,0)) | F15: =IF(OR(B15="",E15=""),"",ROUND((E15/B15)*100,0))
A16: 1990 | B16: 71273 | C16: 10856 | D16: =IF(OR(B16="",C16=""),"",ROUND((C16/B16)*100,0)) -> 15 | E16: 36904 | F16: =IF(OR(B16="",E16=""),"",ROUND((E16/B16)*100,0)) -> 52 | G16: 1847 | H16: 1425 | I16: =E16/B16 -> 0.51778373
A17: 1991 | B17: 52516 | C17: 8323 | D17: =IF(OR(B17="",C17=""),"",ROUND((C17/B17)*100,0)) -> 16 | E17: 25044 | F17: =IF(OR(B17="",E17=""),"",ROUND((E17/B17)*100,0)) -> 48 | G17: 2776 | H17: 2992 | I17: =E17/B17 -> 0.47688324
A18: 1992 | B18: 42004 | C18: 7424 | D18: =IF(OR(B18="",C18=""),"",ROUND((C18/B18)*100,0)) -> 18 | E18: 19589 | F18: =IF(OR(B18="",E18=""),"",ROUND((E18/B18)*100,0)) -> 47 | G18: 4535 | H18: 2206 | I18: =E18/B18 -> 0.46636035
A19: 1993 | B19: 31966 | C19: 8161 | D19: =IF(OR(B19="",C19=""),"",ROUND((C19/B19)*100,0)) -> 26 | E19: 18173 | F19: =IF(OR(B19="",E19=""),"",ROUND((E19/B19)*100,0)) -> 57 | G19: 4635 | H19: 1386 | I19: =E19/B19 -> 0.56851029
A20: 1994 | B20: 26102 | C20: 4273 | D20: =IF(OR(B20="",C20=""),"",ROUND((C20/B20)*100,0)) -> 16 | E20: 11321 | F20: =IF(OR(B20="",E20=""),"",ROUND((E20/B20)*100,0)) -> 43 | G20: 3675 | H20: 3193 | I20: =E20/B20 -> 0.43372155
A21: 1995 | B21: 20592 | C21: 3380 | D21: =IF(OR(B21="",C21=""),"",ROUND((C21/B21)*100,0)) -> 16 | E21: 10379 | F21: =IF(OR(B21="",E21=""),"",ROUND((E21/B21)*100,0)) -> 50 | G21: 3112 | H21: 1504 | I21: =E21/B21 -> 0.50403069
A22: 1996 | B22: 21605 | C22: 5041 | D22: =IF(OR(B22="",C22=""),"",ROUND((C22/B22)*100,0)) -> 23 | E22: 11501 | F22: =IF(OR(B22="",E22=""),"",ROUND((E22/B22)*100,0)) -> 53 | G22: 3044 | H22: 4386 | I22: =E22/B22 -> 0.53233048
A23: 1997 | B23: 26885 | C23: 4022 | D23: =IF(OR(B23="",C23=""),"",ROUND((C23/B23)*100,0)) -> 15 | E23: 15928 | F23: =IF(OR(B23="",E23=""),"",ROUND((E23/B23)*100,0)) -> 59 | G23: 2670 | H23: 539 | I23: =E23/B23 -> 0.59244932
A24: 1998 | B24: 34461 | C24: 6125 | D24: =IF(OR(B24="",C24=""),"",ROUND((C24/B24)*100,0)) -> 18 | E24: 18288 | F24: =IF(OR(B24="",E24=""),"",ROUND((E24/B24)*100,0)) -> 53 | G24: 4530 | H24: 7590 | I24: =E24/B24 -> 0.53068686
A25: 1999 | B25: 40410 | C25: 6367 | D25: =IF(OR(B25="",C25=""),"",ROUND((C25/B25)*100,0)) -> 16 | E25: 20636 | F25: =IF(OR(B25="",E25=""),"",ROUND((E25/B25)*100,0)) -> 51 | G25: 4562 | H25: 7689 | I25: =E25/B25 -> 0.51066568
D26: =IF(OR(B26="",C26=""),"",ROUND((C26/B26)*100,0)) | F26: =IF(OR(B26="",E26=""),"",ROUND((E26/B26)*100,0))
A27: 2000 | B27: 39073 | C27: 5119 | D27: =IF(OR(B27="",C27=""),"",ROUND((C27/B27)*100,0)) -> 13 | E27: 16548 | F27: =IF(OR(B27="",E27=""),"",ROUND((E27/B27)*100,0)) -> 42 | G27: 4296 | H27: 0 | I27: =E27/B27 -> 0.42351496
A28: 2001 | B28: 53973 | C28: 5538 | D28: =IF(OR(B28="",C28=""),"",ROUND((C28/B28)*100,0)) -> 10 | E28: 21247 | F28: =IF(OR(B28="",E28=""),"",ROUND((E28/B28)*100,0)) -> 39 | G28: 6155 | H28: 0 | I28: =E28/B28 -> 0.39365979
A29: 2002 | B29: 83136 | C29: 12262 | D29: =IF(OR(B29="",C29=""),"",ROUND((C29/B29)*100,0)) -> 15 | E29: 31358 | F29: =IF(OR(B29="",E29=""),"",ROUND((E29/B29)*100,0)) -> 38 | G29: 6219 | H29: 0 | I29: =E29/B29 -> 0.37718918
A30: 2003 | B30: 87749 | C30: 10786 | D30: =IF(OR(B30="",C30=""),"",ROUND((C30/B30)*100,0)) -> 12 | E30: 28315 | F30: =IF(OR(B30="",E30=""),"",ROUND((E30/B30)*100,0)) -> 32 | G30: 5336 | H30: 0 | I30: =E30/B30 -> 0.32268174
A31: 2004 | B31: 95970 | C31: 13026 | D31: =IF(OR(B31="",C31=""),"",ROUND((C31/B31)*100,0)) -> 14 | E31: 36947 | F31: =IF(OR(B31="",E31=""),"",ROUND((E31/B31)*100,0)) -> 38 | G31: 11231 | H31: 0 | I31: =E31/B31 -> 0.38498489
A32: 2005 | B32: 36633 | C32: 4386 | D32: =IF(OR(B32="",C32=""),"",ROUND((C32/B32)*100,0)) -> 12 | E32: 15821 | F32: =IF(OR(B32="",E32=""),"",ROUND((E32/B32)*100,0)) -> 43 | G32: 6792 | H32: 0 | I32: =E32/B32 -> 0.43187836
A33: 2006 | B33: 37041 | C33: 5523 | D33: =IF(OR(B33="",C33=""),"",ROUND((C33/B33)*100,0)) -> 15 | E33: 17036 | F33: =IF(OR(B33="",E33=""),"",ROUND((E33/B33)*100,0)) -> 46 | G33: 7359 | H33: 0 | I33: =E33/B33 -> 0.45992279
A34: 2007 | B34: 23098 | C34: 2130 | D34: =IF(OR(B34="",C34=""),"",ROUND((C34/B34)*100,0)) -> 9 | E34: 10248 | F34: =IF(OR(B34="",E34=""),"",ROUND((E34/B34)*100,0)) -> 44 | G34: 6106 | H34: 0 | I34: =E34/B34 -> 0.44367478
A35: 2008 | B35: 14672 | C35: 279 | D35: =IF(OR(B35="",C35=""),"",ROUND((C35/B35)*100,0)) -> 2 | E35: 8392 | F35: =IF(OR(B35="",E35=""),"",ROUND((E35/B35)*100,0)) -> 57 | G35: 5223 | H35: 0 | I35: =E35/B35 -> 0.57197383
A36: 2009 | B36: 28514 | C36: 3110 | D36: =IF(OR(B36="",C36=""),"",ROUND((C36/B36)*100,0)) -> 11 | E36: 14936 | F36: =IF(OR(B36="",E36=""),"",ROUND((E36/B36)*100,0)) -> 52 | G36: 2853 | H36: 0 | I36: =E36/B36 -> 0.52381286
D37: =IF(OR(B37="",C37=""),"",ROUND((C37/B37)*100,0)) | F37: =IF(OR(B37="",E37=""),"",ROUND((E37/B37)*100,0))
A38: 2010 | B38: 67059 | C38: 9844 | D38: =IF(OR(B38="",C38=""),"",ROUND((C38/B38)*100,0)) -> 15 | E38: 27820 | F38: =IF(OR(B38="",E38=""),"",ROUND((E38/B38)*100,0)) -> 41 | G38: 8239 | H38: 0 | I38: =E38/B38 -> 0.41485856
A39: 2011 | B39: 45147 | C39: 5043 | D39: =IF(OR(B39="",C39=""),"",ROUND((C39/B39)*100,0)) -> 11 | E39: 23335 | F39: =IF(OR(B39="",E39=""),"",ROUND((E39/B39)*100,0)) -> 52 | G39: 3908 | H39: 0 | I39: =E39/B39 -> 0.51686712
A40: 2012 | B40: 37213 | C40: 5132 | D40: =IF(OR(B40="",C40=""),"",ROUND((C40/B40)*100,0)) -> 14 | E40: 21539 | F40: =IF(OR(B40="",E40=""),"",ROUND((E40/B40)*100,0)) -> 58 | G40: 2954 | H40: 0 | I40: =E40/B40 -> 0.57880311
A41: 2013 | B41: 29561 | C41: 2409 | D41: =IF(OR(B41="",C41=""),"",ROUND((C41/B41)*100,0)) -> 8 | E41: 18762 | F41: =IF(OR(B41="",E41=""),"",ROUND((E41/B41)*100,0)) -> 63 | G41: 2888 | H41: 0 | I41: =E41/B41 -> 0.6346876
A42: 2014 | B42: 31669 | C42: 3527 | D42: =IF(OR(B42="",C42=""),"",ROUND((C42/B42)*100,0)) -> 11 | E42: 17638 | F42: =IF(OR(B42="",E42=""),"",ROUND((E42/B42)*100,0)) -> 56 | G42: 4136 | H42: 0 | I42: =E42/B42 -> 0.55694844
A43: 2015 | B43: 53088 | C43: 6283 | D43: =IF(OR(B43="",C43=""),"",ROUND((C43/B43)*100,0)) -> 12 | E43: 26360 | F43: =IF(OR(B43="",E43=""),"",ROUND((E43/B43)*100,0)) -> 50 | G43: 5354 | H43: 0 | I43: =E43/B43 -> 0.49653406
A44: 2016 | B44: 32478 | C44: 4217 | D44: =IF(OR(B44="",C44=""),"",ROUND((C44/B44)*100,0)) -> 13 | E44: 12794 | F44: =IF(OR(B44="",E44=""),"",ROUND((E44/B44)*100,0)) -> 39 | G44: 1696 | H44: 0 | I44: =E44/B44 -> 0.3939282
A45: 2017 | B45: 36628 | C45: 5163 | D45: =IF(OR(B45="",C45=""),"",ROUND((C45/B45)*100,0)) -> 14 | E45: 20036 | F45: =IF(OR(B45="",E45=""),"",ROUND((E45/B45)*100,0)) -> 55 | G45: 529 | H45: 0 | I45: =E45/B45 -> 0.54701321
A46: 2018 | B46: 26542 | C46: 2360 | D46: =IF(OR(B46="",C46=""),"",ROUND((C46/B46)*100,0)) -> 9 | E46: 12880 | F46: =IF(OR(B46="",E46=""),"",ROUND((E46/B46)*100,0)) -> 49 | G46: 152 | H46: 0 | I46: =E46/B46 -> 0.48526863
A47: 2019 | B47: 20617 | C47: 2367 | D47: =IF(OR(B47="",C47=""),"",ROUND((C47/B47)*100,0)) -> 11 | E47: 8386 | F47: =IF(OR(B47="",E47=""),"",ROUND((E47/B47)*100,0)) -> 41 | G47: 208 | H47: 0 | I47: =E47/B47 -> 0.40675171
D48: =IF(OR(B48="",C48=""),"",ROUND((C48/B48)*100,0)) | F48: =IF(OR(B48="",E48=""),"",ROUND((E48/B48)*100,0))
A49: 2020 | B49: 35012 | C49: 2621 | D49: =IF(OR(B49="",C49=""),"",ROUND((C49/B49)*100,0)) -> 7 | E49: 16026 | F49: =IF(OR(B49="",E49=""),"",ROUND((E49/B49)*100,0)) -> 46 | G49: 329 | H49: 0 | I49: =E49/B49 -> 0.45772878
A50: 2021 | B50: 30025 | C50: 3387 | D50: =IF(OR(B50="",C50=""),"",ROUND((C50/B50)*100,0)) -> 11 | E50: 12793 | F50: 43 | G50: 657 | H50: 0 | I50: =E50/B50 -> 0.42607827
A51: 2022 | B51: 38629 | C51: 3393 | D51: =IF(OR(B51="",C51=""),"",ROUND((C51/B51)*100,0)) -> 9 | E51: 18788 | F51: =IF(OR(B51="",E51=""),"",ROUND((E51/B51)*100,0)) -> 49 | G51: 2762 | H51: 0 | I51: =E51/B51 -> 0.48637034
A52: 2023 | B52: 24089 | C52: 1785 | D52: =IF(OR(B52="",C52=""),"",ROUND((C52/B52)*100,0)) -> 7 | E52: 11085 | F52: =IF(OR(B52="",E52=""),"",ROUND((E52/B52)*100,0)) -> 46 | G52: 2107 | H52: 0 | I52: =E52/B52 -> 0.46016854
A53: 2024 | B53: 22592 | C53: 1945 | D53: =IF(OR(B53="",C53=""),"",ROUND((C53/B53)*100,0)) -> 9 | E53: 10180 | F53: =IF(OR(B53="",E53=""),"",ROUND((E53/B53)*100,0)) -> 45 | G53: 3918 | H53: 0 | I53: =E53/B53 -> 0.45060198
A54: 2025 | B54: 32716 | C54: 3857 | D54: =IF(OR(B54="",C54=""),"",ROUND((C54/B54)*100,0)) -> 12 | E54: 11835 | F54: =IF(OR(B54="",E54=""),"",ROUND((E54/B54)*100,0)) -> 36 | G54: 4246 | H54: 0 | I54: =E54/B54 -> 0.3617496
A56: min falls count | B56: =MIN(B5:B54) -> 14672
A57: max falls count | B57: =MAX(B5:B54) -> 95970
A58: 10-yr ave(y-1) | B58: =AVERAGE(B43:B54) -> 32037.818

Sheet T4Static
A1: Caption:
A2: Table 4. Willamette Falls spring Chinook escapement, upper Willamette recreational catch, number returning to hatcheries, and tribal use, 1980–2025. Includes jacks.
C4: Upper Willamette Recreational Catch | F4: Upper Willamette Hatchery Return
A6: Year | B6: Willamette Falls Count | C6: Number | D6: % of Will. Falls Count | F6: Number | G6: % of Will. Falls Count | H6: Clackamas Hatchery Return1 | I6: Received by Columbia River Tribes2
A7: =IF(T4Manip!A5="","",T4Manip!A5) -> 1980 | B7: =IF(T4Manip!B5="","",T4Manip!B5) -> 26973 | C7: =IF(T4Manip!C5="","",T4Manip!C5) -> 1954 | D7: =IF(T4Manip!D5="","",T4Manip!D5) -> 7 | F7: =IF(T4Manip!E5="","",T4Manip!E5) -> 10340 | G7: =IF(T4Manip!F5="","",T4Manip!F5) -> 38 | H7: =IF(T4Manip!G5="","",T4Manip!G5) -> 1024 | I7: =IF(T4Manip!H5="","",T4Manip!H5) -> 0
A8: =IF(T4Manip!A6="","",T4Manip!A6) -> 1981 | B8: =IF(T4Manip!B6="","",T4Manip!B6) -> 30057 | C8: =IF(T4Manip!C6="","",T4Manip!C6) -> 2241 | D8: =IF(T4Manip!D6="","",T4Manip!D6) -> 7 | F8: =IF(T4Manip!E6="","",T4Manip!E6) -> 10246 | G8: =IF(T4Manip!F6="","",T4Manip!F6) -> 34 | H8: =IF(T4Manip!G6="","",T4Manip!G6) -> 1065 | I8: =IF(T4Manip!H6="","",T4Manip!H6) -> 0
A9: =IF(T4Manip!A7="","",T4Manip!A7) -> 1982 | B9: =IF(T4Manip!B7="","",T4Manip!B7) -> 46195 | C9: =IF(T4Manip!C7="","",T4Manip!C7) -> 3687 | D9: =IF(T4Manip!D7="","",T4Manip!D7) -> 8 | F9: =IF(T4Manip!E7="","",T4Manip!E7) -> 15998 | G9: =IF(T4Manip!F7="","",T4Manip!F7) -> 35 | H9: =IF(T4Manip!G7="","",T4Manip!G7) -> 573 | I9: =IF(T4Manip!H7="","",T4Manip!H7) -> 0
A10: =IF(T4Manip!A8="","",T4Manip!A8) -> 1983 | B10: =IF(T4Manip!B8="","",T4Manip!B8) -> 30589 | C10: =IF(T4Manip!C8="","",T4Manip!C8) -> 1877 | D10: =IF(T4Manip!D8="","",T4Manip!D8) -> 6 | F10: =IF(T4Manip!E8="","",T4Manip!E8) -> 11888 | G10: =IF(T4Manip!F8="","",T4Manip!F8) -> 39 | H10: =IF(T4Manip!G8="","",T4Manip!G8) -> 1923 | I10: =IF(T4Manip!H8="","",T4Manip!H8) -> 0
A11: =IF(T4Manip!A9="","",T4Manip!A9) -> 1984 | B11: =IF(T4Manip!B9="","",T4Manip!B9) -> 43452 | C11: =IF(T4Manip!C9="","",T4Manip!C9) -> 3123 | D11: =IF(T4Manip!D9="","",T4Manip!D9) -> 7 | F11: =IF(T4Manip!E9="","",T4Manip!E9) -> 16616 | G11: =IF(T4Manip!F9="","",T4Manip!F9) -> 38 | H11: =IF(T4Manip!G9="","",T4Manip!G9) -> 2521 | I11: =IF(T4Manip!H9="","",T4Manip!H9) -> 0
A12: =IF(T4Manip!A10="","",T4Manip!A10) -> 1985 | B12: =IF(T4Manip!B10="","",T4Manip!B10) -> 34533 | C12: =IF(T4Manip!C10="","",T4Manip!C10) -> 2510 | D12: =IF(T4Manip!D10="","",T4Manip!D10) -> 7 | F12: =IF(T4Manip!E10="","",T4Manip!E10) -> 11614 | G12: =IF(T4Manip!F10="","",T4Manip!F10) -> 34 | H12: =IF(T4Manip!G10="","",T4Manip!G10) -> 944 | I12: =IF(T4Manip!H10="","",T4Manip!H10) -> 0
A13: =IF(T4Manip!A11="","",T4Manip!A11) -> 1986 | B13: =IF(T4Manip!B11="","",T4Manip!B11) -> 39155 | C13: =IF(T4Manip!C11="","",T4Manip!C11) -> 2708 | D13: =IF(T4Manip!D11="","",T4Manip!D11) -> 7 | F13: =IF(T4Manip!E11="","",T4Manip!E11) -> 14653 | G13: =IF(T4Manip!F11="","",T4Manip!F11) -> 37 | H13: =IF(T4Manip!G11="","",T4Manip!G11) -> 776 | I13: =IF(T4Manip!H11="","",T4Manip!H11) -> 0
A14: =IF(T4Manip!A12="","",T4Manip!A12) -> 1987 | B14: =IF(T4Manip!B12="","",T4Manip!B12) -> 54832 | C14: =IF(T4Manip!C12="","",T4Manip!C12) -> 6442 | D14: =IF(T4Manip!D12="","",T4Manip!D12) -> 12 | F14: =IF(T4Manip!E12="","",T4Manip!E12) -> 19514 | G14: =IF(T4Manip!F12="","",T4Manip!F12) -> 36 | H14: =IF(T4Manip!G12="","",T4Manip!G12) -> 1005 | I14: =IF(T4Manip!H12="","",T4Manip!H12) -> 0
A15: =IF(T4Manip!A13="","",T4Manip!A13) -> 1988 | B15: =IF(T4Manip!B13="","",T4Manip!B13) -> 70451 | C15: =IF(T4Manip!C13="","",T4Manip!C13) -> 8536 | D15: =IF(T4Manip!D13="","",T4Manip!D13) -> 12 | F15: =IF(T4Manip!E13="","",T4Manip!E13) -> 29396 | G15: =IF(T4Manip!F13="","",T4Manip!F13) -> 42 | H15: =IF(T4Manip!G13="","",T4Manip!G13) -> 1253 | I15: =IF(T4Manip!H13="","",T4Manip!H13) -> 3700
A16: =IF(T4Manip!A14="","",T4Manip!A14) -> 1989 | B16: =IF(T4Manip!B14="","",T4Manip!B14) -> 69180 | C16: =IF(T4Manip!C14="","",T4Manip!C14) -> 9375 | D16: =IF(T4Manip!D14="","",T4Manip!D14) -> 14 | F16: =IF(T4Manip!E14="","",T4Manip!E14) -> 31574 | G16: =IF(T4Manip!F14="","",T4Manip!F14) -> 46 | H16: =IF(T4Manip!G14="","",T4Manip!G14) -> 865 | I16: =IF(T4Manip!H14="","",T4Manip!H14) -> 2520
A17: =IF(T4Manip!A15="","",T4Manip!A15) | B17: =IF(T4Manip!B15="","",T4Manip!B15) | C17: =IF(T4Manip!C15="","",T4Manip!C15) | D17: =IF(T4Manip!D15="","",T4Manip!D15) | F17: =IF(T4Manip!E15="","",T4Manip!E15) | G17: =IF(T4Manip!F15="","",T4Manip!F15) | H17: =IF(T4Manip!G15="","",T4Manip!G15) | I17: =IF(T4Manip!H15="","",T4Manip!H15)
A18: =IF(T4Manip!A16="","",T4Manip!A16) -> 1990 | B18: =IF(T4Manip!B16="","",T4Manip!B16) -> 71273 | C18: =IF(T4Manip!C16="","",T4Manip!C16) -> 10856 | D18: =IF(T4Manip!D16="","",T4Manip!D16) -> 15 | F18: =IF(T4Manip!E16="","",T4Manip!E16) -> 36904 | G18: =IF(T4Manip!F16="","",T4Manip!F16) -> 52 | H18: =IF(T4Manip!G16="","",T4Manip!G16) -> 1847 | I18: =IF(T4Manip!H16="","",T4Manip!H16) -> 1425
... A21: =IF(T4Manip!A19="","",T4Manip!A19) -> 1993 | B21: =IF(T4Manip!B19="","",T4Manip!B19) -> 31966 | C21: =IF(T4Manip!C19="","",T4Manip!C19) -> 8161 | D21: =IF(T4Manip!D19="","",T4Manip!D19) -> 26 | F21: =IF(T4Manip!E19="","",T4Manip!E19) -> 18173 | G21: =IF(T4Manip!F19="","",T4Manip!F19) -> 57 | H21: =IF(T4Manip!G19="","",T4Manip!G19) -> 4635 | I21: =IF(T4Manip!H19="","",T4Manip!H19) -> 1386
A22: =IF(T4Manip!A20="","",T4Manip!A20) -> 1994 | B22: =IF(T4Manip!B20="","",T4Manip!B20) -> 26102 | C22: =IF(T4Manip!C20="","",T4Manip!C20) -> 4273 | D22: =IF(T4Manip!D20="","",T4Manip!D20) -> 16 | F22: =IF(T4Manip!E20="","",T4Manip!E20) -> 11321 | G22: =IF(T4Manip!F20="","",T4Manip!F20) -> 43 | H22: =IF(T4Manip!G20="","",T4Manip!G20) -> 3675 | I22: =IF(T4Manip!H20="","",T4Manip!H20) -> 3193 | J22: 3
A23: =IF(T4Manip!A21="","",T4Manip!A21) -> 1995 | B23: =IF(T4Manip!B21="","",T4Manip!B21) -> 20592 | C23: =IF(T4Manip!C21="","",T4Manip!C21) -> 3380 | D23: =IF(T4Manip!D21="","",T4Manip!D21) -> 16 | F23: =IF(T4Manip!E21="","",T4Manip!E21) -> 10379 | G23: =IF(T4Manip!F21="","",T4Manip!F21) -> 50 | H23: =IF(T4Manip!G21="","",T4Manip!G21) -> 3112 | I23: =IF(T4Manip!H21="","",T4Manip!H21) -> 1504 | J23: 4
A24: =IF(T4Manip!A22="","",T4Manip!A22) -> 1996 | B24: =IF(T4Manip!B22="","",T4Manip!B22) -> 21605 | C24: =IF(T4Manip!C22="","",T4Manip!C22) -> 5041 | D24: =IF(T4Manip!D22="","",T4Manip!D22) -> 23 | F24: =IF(T4Manip!E22="","",T4Manip!E22) -> 11501 | G24: =IF(T4Manip!F22="","",T4Manip!F22) -> 53 | H24: =IF(T4Manip!G22="","",T4Manip!G22) -> 3044 | I24: =IF(T4Manip!H22="","",T4Manip!H22) -> 4386 | J24: 5
A25: =IF(T4Manip!A23="","",T4Manip!A23) -> 1997 | B25: =IF(T4Manip!B23="","",T4Manip!B23) -> 26885 | C25: =IF(T4Manip!C23="","",T4Manip!C23) -> 4022 | D25: =IF(T4Manip!D23="","",T4Manip!D23) -> 15 | F25: =IF(T4Manip!E23="","",T4Manip!E23) -> 15928 | G25: =IF(T4Manip!F23="","",T4Manip!F23) -> 59 | H25: =IF(T4Manip!G23="","",T4Manip!G23) -> 2670 | I25: =IF(T4Manip!H23="","",T4Manip!H23) -> 539
A26: =IF(T4Manip!A24="","",T4Manip!A24) -> 1998 | B26: =IF(T4Manip!B24="","",T4Manip!B24) -> 34461 | C26: =IF(T4Manip!C24="","",T4Manip!C24) -> 6125 | D26: =IF(T4Manip!D24="","",T4Manip!D24) -> 18 | F26: =IF(T4Manip!E24="","",T4Manip!E24) -> 18288 | G26: =IF(T4Manip!F24="","",T4Manip!F24) -> 53 | H26: =IF(T4Manip!G24="","",T4Manip!G24) -> 4530 | I26: =IF(T4Manip!H24="","",T4Manip!H24) -> 7590
A27: =IF(T4Manip!A25="","",T4Manip!A25) -> 1999 | B27: =IF(T4Manip!B25="","",T4Manip!B25) -> 40410 | C27: =IF(T4Manip!C25="","",T4Manip!C25) -> 6367 | D27: =IF(T4Manip!D25="","",T4Manip!D25) -> 16 | F27: =IF(T4Manip!E25="","",T4Manip!E25) -> 20636 | G27: =IF(T4Manip!F25="","",T4Manip!F25) -> 51 | H27: =IF(T4Manip!G25="","",T4Manip!G25) -> 4562 | I27: =IF(T4Manip!H25="","",T4Manip!H25) -> 7689
A28: =IF(T4Manip!A26="","",T4Manip!A26) | B28: =IF(T4Manip!B26="","",T4Manip!B26) | C28: =IF(T4Manip!C26="","",T4Manip!C26) | D28: =IF(T4Manip!D26="","",T4Manip!D26) | F28: =IF(T4Manip!E26="","",T4Manip!E26) | G28: =IF(T4Manip!F26="","",T4Manip!F26) | H28: =IF(T4Manip!G26="","",T4Manip!G26) | I28: =IF(T4Manip!H26="","",T4Manip!H26)
A29: =IF(T4Manip!A27="","",T4Manip!A27) -> 2000 | B29: =IF(T4Manip!B27="","",T4Manip!B27) -> 39073 | C29: =IF(T4Manip!C27="","",T4Manip!C27) -> 5119 | D29: =IF(T4Manip!D27="","",T4Manip!D27) -> 13 | F29: =IF(T4Manip!E27="","",T4Manip!E27) -> 16548 | G29: =IF(T4Manip!F27="","",T4Manip!F27) -> 42 | H29: =IF(T4Manip!G27="","",T4Manip!G27) -> 4296 | I29: =IF(T4Manip!H27="","",T4Manip!H27) -> 0
A30: =IF(T4Manip!A28="","",T4Manip!A28) -> 2001 | B30: =IF(T4Manip!B28="","",T4Manip!B28) -> 53973 | C30: =IF(T4Manip!C28="","",T4Manip!C28) -> 5538 | D30: =IF(T4Manip!D28="","",T4Manip!D28) -> 10 | F30: =IF(T4Manip!E28="","",T4Manip!E28) -> 21247 | G30: =IF(T4Manip!F28="","",T4Manip!F28) -> 39 | H30: =IF(T4Manip!G28="","",T4Manip!G28) -> 6155 | I30: =IF(T4Manip!H28="","",T4Manip!H28) -> 0
A31: =IF(T4Manip!A29="","",T4Manip!A29) -> 2002 | B31: =IF(T4Manip!B29="","",T4Manip!B29) -> 83136 | C31: =IF(T4Manip!C29="","",T4Manip!C29) -> 12262 | D31: =IF(T4Manip!D29="","",T4Manip!D29) -> 15 | F31: =IF(T4Manip!E29="","",T4Manip!E29) -> 31358 | G31: =IF(T4Manip!F29="","",T4Manip!F29) -> 38 | H31: =IF(T4Manip!G29="","",T4Manip!G29) -> 6219 | I31: =IF(T4Manip!H29="","",T4Manip!H29) -> 0
A32: =IF(T4Manip!A30="","",T4Manip!A30) -> 2003 | B32: =IF(T4Manip!B30="","",T4Manip!B30) -> 87749 | C32: =IF(T4Manip!C30="","",T4Manip!C30) -> 10786 | D32: =IF(T4Manip!D30="","",T4Manip!D30) -> 12 | F32: =IF(T4Manip!E30="","",T4Manip!E30) -> 28315 | G32: =IF(T4Manip!F30="","",T4Manip!F30) -> 32 | H32: =IF(T4Manip!G30="","",T4Manip!G30) -> 5336 | I32: =IF(T4Manip!H30="","",T4Manip!H30) -> 0
A33: =IF(T4Manip!A31="","",T4Manip!A31) -> 2004 | B33: =IF(T4Manip!B31="","",T4Manip!B31) -> 95970 | C33: =IF(T4Manip!C31="","",T4Manip!C31) -> 13026 | D33: =IF(T4Manip!D31="","",T4Manip!D31) -> 14 | F33: =IF(T4Manip!E31="","",T4Manip!E31) -> 36947 | G33: =IF(T4Manip!F31="","",T4Manip!F31) -> 38 | H33: =IF(T4Manip!G31="","",T4Manip!G31) -> 11231 | I33: =IF(T4Manip!H31="","",T4Manip!H31) -> 0
A34: =IF(T4Manip!A32="","",T4Manip!A32) -> 2005 | B34: =IF(T4Manip!B32="","",T4Manip!B32) -> 36633 | C34: =IF(T4Manip!C32="","",T4Manip!C32) -> 4386 | D34: =IF(T4Manip!D32="","",T4Manip!D32) -> 12 | F34: =IF(T4Manip!E32="","",T4Manip!E32) -> 15821 | G34: =IF(T4Manip!F32="","",T4Manip!F32) -> 43 | H34: =IF(T4Manip!G32="","",T4Manip!G32) -> 6792 | I34: =IF(T4Manip!H32="","",T4Manip!H32) -> 0
A35: =IF(T4Manip!A33="","",T4Manip!A33) -> 2006 | B35: =IF(T4Manip!B33="","",T4Manip!B33) -> 37041 | C35: =IF(T4Manip!C33="","",T4Manip!C33) -> 5523 | D35: =IF(T4Manip!D33="","",T4Manip!D33) -> 15 | F35: =IF(T4Manip!E33="","",T4Manip!E33) -> 17036 | G35: =IF(T4Manip!F33="","",T4Manip!F33) -> 46 | H35: =IF(T4Manip!G33="","",T4Manip!G33) -> 7359 | I35: =IF(T4Manip!H33="","",T4Manip!H33) -> 0
A36: =IF(T4Manip!A34="","",T4Manip!A34) -> 2007 | B36: =IF(T4Manip!B34="","",T4Manip!B34) -> 23098 | C36: =IF(T4Manip!C34="","",T4Manip!C34) -> 2130 | D36: =IF(T4Manip!D34="","",T4Manip!D34) -> 9 | F36: =IF(T4Manip!E34="","",T4Manip!E34) -> 10248 | G36: =IF(T4Manip!F34="","",T4Manip!F34) -> 44 | H36: =IF(T4Manip!G34="","",T4Manip!G34) -> 6106 | I36: =IF(T4Manip!H34="","",T4Manip!H34) -> 0
... A52: =IF(T4Manip!A50="","",T4Manip!A50) -> 2021 | B52: =IF(T4Manip!B50="","",T4Manip!B50) -> 30025 | C52: =IF(T4Manip!C50="","",T4Manip!C50) -> 3387 | D52: =IF(T4Manip!D50="","",T4Manip!D50) -> 11 | F52: =IF(T4Manip!E50="","",T4Manip!E50) -> 12793 | G52: =IF(T4Manip!F50="","",T4Manip!F50) -> 43 | H52: =IF(T4Manip!G50="","",T4Manip!G50) -> 657 | I52: =IF(T4Manip!H50="","",T4Manip!H50) -> 0
A53: 2022 | B53: =IF(T4Manip!B51="","",T4Manip!B51) -> 38629 | C53: =IF(T4Manip!C51="","",T4Manip!C51) -> 3393 | D53: =IF(T4Manip!D51="","",T4Manip!D51) -> 9 | F53: =IF(T4Manip!E51="","",T4Manip!E51) -> 18788 | G53: =IF(T4Manip!F51="","",T4Manip!F51) -> 49 | H53: =IF(T4Manip!G51="","",T4Manip!G51) -> 2762 | I53: =IF(T4Manip!H51="","",T4Manip!H51) -> 0
A54: 2023 | B54: =IF(T4Manip!B52="","",T4Manip!B52) -> 24089 | C54: =IF(T4Manip!C52="","",T4Manip!C52) -> 1785 | D54: =IF(T4Manip!D52="","",T4Manip!D52) -> 7 | F54: =IF(T4Manip!E52="","",T4Manip!E52) -> 11085 | G54: =IF(T4Manip!F52="","",T4Manip!F52) -> 46 | H54: =IF(T4Manip!G52="","",T4Manip!G52) -> 2107 | I54: =IF(T4Manip!H52="","",T4Manip!H52) -> 0
A55: 2024 | B55: =IF(T4Manip!B53="","",T4Manip!B53) -> 22592 | C55: =IF(T4Manip!C53="","",T4Manip!C53) -> 1945 | D55: =IF(T4Manip!D53="","",T4Manip!D53) -> 9 | F55: =IF(T4Manip!E53="","",T4Manip!E53) -> 10180 | G55: =IF(T4Manip!F53="","",T4Manip!F53) -> 45 | H55: =IF(T4Manip!G53="","",T4Manip!G53) -> 3918 | I55: =IF(T4Manip!H53="","",T4Manip!H53) -> 0
A56: 2025 | B56: =IF(T4Manip!B54="","",T4Manip!B54) -> 32716 | C56: =IF(T4Manip!C54="","",T4Manip!C54) -> 3857 | D56: =IF(T4Manip!D54="","",T4Manip!D54) -> 12 | F56: =IF(T4Manip!E54="","",T4Manip!E54) -> 11835 | G56: =IF(T4Manip!F54="","",T4Manip!F54) -> 36 | H56: =IF(T4Manip!G54="","",T4Manip!G54) -> 4246 | I56: =IF(T4Manip!H54="","",T4Manip!H54) -> 0
A57: 1Includes fish transferred from North Fork trap.
A58: 2Given toward the treaty tribes' minimum ceremonial and subsistence entitlement per the Columbia River Fish Management Plan or U.S. v. OR Management Agreement.
A59: 3Columbia River treaty tribes also harvested 759 Chinook and 396 marked summer steelhead at Willamette Falls.
A60: 4Columbia River treaty tribes also harvested 29 Chinook June 12–17 and 112 summer steelhead at Willamette Falls.
A61: 5Columbia River treaty tribes also harvested 12 Chinook at Willamette Falls.

Sheet T5Manip
R1: from TAC's BA table T1
B2: Upriver | C2: Zones 1-5 Non-Indian a_/ | F2: Treaty | G2: Below | H2: BON | J2: Zone 6 Treaty Indian b_/ | M2: Zone 6 | O2: Z6 Harvest | R2: updated using standard BA file dated 11/30/22
F3: Below | G3: BON | H3: DAM | I3: Zone 6 | J3: Winter | K3: Comm. | L3: Ceremonial | M3: Total | O3: Escapement
A4: Year | B4: Run | C4: Comm. | D4: Sport c_/ | E4: Misc. d_/ | F4: Bonn | G4: Harvest | H4: Count e_/ | I4: Sport | J4: Gillnet | K4: Gillnet | L4: & platform f_/ | M4: Harvest | O4: No. g_/ | P4: % of Run
A5: 1979 | B5: 58483 | C5: 156 | D5: 0 | E5: 93 | G5: 249 | H5: 58234 | I5: 0 | J5: 489 | K5: 0 | L5: 1601 | M5: 2090 | O5: 56144 | P5: 0.96
A6: 1980 | B6: 57692 | C6: 18 | D6: 0 | E6: 104 | G6: 122 | H6: 57570 | I6: 0 | J6: 29 | K6: 0 | L6: 1826 | M6: 1855 | O6: 55715 | P6: 0.966
A7: 1981 | B7: 67401 | C7: 623 | D7: 207 | E7: 118 | G7: 948 | H7: 66453 | I7: 0 | J7: 1595 | K7: 0 | L7: 1803 | M7: 3398 | O7: 63055 | P7: 0.936
A8: 1982 | B8: 77246 | C8: 693 | D8: 559 | E8: 106 | G8: 1358 | H8: 75888 | I8: 0 | J8: 3308 | K8: 0 | L8: 2000 | M8: 5308 | O8: 70580 | P8: 0.914
A9: 1983 | B9: 62912 | C9: 2371 | D9: 548 | E9: 102 | G9: 3021 | H9: 59891 | I9: 0 | J9: 31 | K9: 0 | L9: 2500 | M9: 2531 | O9: 57360 | P9: 0.912
A10: 1984 | B10: 52357 | C10: 1432 | D10: 285 | E10: 96 | G10: 1813 | H10: 50544 | I10: 0 | J10: 75 | K10: 0 | L10: 3400 | M10: 3475 | O10: 47069 | P10: 0.899
A11: 1985 | B11: 92284 | C11: 2867 | D11: 364 | E11: 121 | G11: 3352 | H11: 88932 | I11: 0 | J11: 111 | K11: 0 | L11: 3024 | M11: 3135 | O11: 85797 | P11: 0.93
A12: 1986 | B12: 128413 | C12: 1216 | D12: 1288 | E12: 150 | G12: 2654 | H12: 125759 | I12: 0 | J12: 359 | K12: 0 | L12: 7078 | M12: 7437 | O12: 118322 | P12: 0.921
A13: 1987 | B13: 110772 | C13: 1211 | D13: 395 | E13: 127 | G13: 1733 | H13: 109039 | I13: 0 | J13: 279 | K13: 0 | L13: 6410 | M13: 6689 | O13: 102350 | P13: 0.924
A14: 1988 | B14: 106003 | C14: 5262 | D14: 1434 | E14: 90 | G14: 6786 | H14: 99217 | I14: 0 | J14: 204 | K14: 0 | L14: 6696 | M14: 6900 | O14: 92317 | P14: 0.871
A15: 1989 | B15: 90031 | C15: 1524 | D15: 544 | E15: 79 | G15: 2147 | H15: 87884 | I15: 0 | J15: 86 | K15: 0 | L15: 6658 | M15: 6744 | O15: 81140 | P15: 0.901
A16: 1990 | B16: 105715 | C16: 2108 | D16: 3117 | E16: 124 | G16: 5349 | H16: 100366 | I16: 0 | J16: 4 | K16: 0 | L16: 6819 | M16: 6823 | O16: 93543 | P16: 0.885
... A33: 2007 | B33: 86247 | C33: 1483 | D33: 3927 | E33: 7 | G33: 5418 | H33: 80829 | I33: 1445 | J33: 3 | K33: 0 | L33: 5942 | M33: 7390 | O33: 73439 | P33: 0.852
A34: 2008 | B34: 178627 | C34: 6134 | D34: 19612 | E34: 158 | F34: 830 | G34: 26734 | H34: 151893 | I34: 2068 | J34: 0 | K34: 12314 | L34: 8247 | M34: 22629 | O34: 129265 | P34: 0.724
A35: 2009 | B35: 169296 | C35: 4310 | D35: 15246 | E35: 233 | F35: 2018 | G35: 21807 | H35: 147489 | I35: 644 | J35: 0 | K35: 0 | L35: 11083 | M35: 11727 | O35: 135762 | P35: 0.802
A36: 2010 | B36: 315346 | C36: 8933 | D36: 23535 | E36: 349 | F36: 5139 | G36: 37956 | H36: 277390 | I36: 3692 | J36: 0 | K36: 25008 | L36: 12807 | M36: 41507 | O36: 235883 | P36: 0.748
A37: 2011 | B37: 221158 | C37: 3706 | D37: 9506 | E37: 224 | F37: 2291 | G37: 15727 | H37: 205431 | I37: 2564 | J37: 7 | K37: 0 | L37: 13235 | M37: 15806 | O37: 189626 | P37: 0.857
A38: 2012 | B38: 203090 | C38: 4596 | D38: 10422 | E38: 225 | F38: 1399 | G38: 16642 | H38: 186448 | I38: 1282 | J38: 2 | K38: 818 | L38: 15475 | M38: 17577 | O38: 168872 | P38: 0.832
A39: 2013 | B39: 123136 | C39: 1756 | D39: 5343 | E39: 96 | F39: 3007 | G39: 10202 | H39: 112934 | I39: 1093 | J39: 0 | K39: 0 | L39: 6735 | M39: 7828 | O39: 105106 | P39: 0.854
A40: 2014 | B40: 242635 | C40: 3623 | D40: 13572 | E40: 475 | F40: 19 | G40: 17689 | H40: 224946 | I40: 4208 | J40: 0 | K40: 13807 | L40: 10688 | M40: 28703 | O40: 196243 | P40: 0.809
A41: 2015 | B41: 288993 | C41: 6528 | D41: 15689 | E41: 288 | F41: 929 | G41: 23435 | H41: 265558 | I41: 1647 | J41: 7 | K41: 20320 | L41: 9845 | M41: 31819 | O41: 233740 | P41: 0.809
A42: 2016 | B42: 187816 | C42: 3285 | D42: 10167 | E42: 223 | F42: 1527 | G42: 15202 | H42: 172614 | I42: 1480 | J42: 0 | K42: 1993 | L42: 12942 | M42: 16415 | O42: 156200 | P42: 0.832
A43: 2017 | B43: 115821 | C43: 463 | D43: 7198 | E43: 620 | F43: 16 | G43: 8297 | H43: 107524 | I43: 18 | J43: 0 | K43: 0 | L43: 8126 | M43: 8144 | O43: 99380 | P43: 0.858
A44: 2018 | B44: 115081 | C44: 311 | D44: 5868 | E44: 381 | F44: 476 | G44: 7036 | H44: 108045 | I44: 611 | J44: 0 | K44: 0 | L44: 10451 | M44: 11062 | O44: 96983 | P44: 0.843
A45: 2019 | B45: 73105 | C45: 203 | D45: 1478 | E45: 101 | F45: 88 | G45: 1870 | H45: 71235 | I45: 282 | J45: 0 | K45: 0 | L45: 4629 | M45: 4911 | O45: 66324 | P45: 0.907
... A51: 2025 | B51: 154703 | C51: 484 | D51: 7411 | E51: 227 | F51: 520 | G51: 8642 | H51: 146061 | I51: 935 | J51: 0 | K51: 0 | L51: 9649 | M51: 10584 | O51: 135478 | P51: 0.876

Sheet T5Static
A1: Caption:
A2: Table 5. Estimated numbers of adult upriver spring Chinook entering the Columbia River, 1980–2025.
C4: Harvest impact downstream of Bonneville Dam (Zones 1–5) | I4: Harvest impact from Bonneville Dam upstream to McNary Dam (Zone 6)
C5: Non-Treaty Harvest1 | H5: Bonneville Dam Count | J5: Treaty Harvest2 | N5: Escapement past Zone 6 fisheries
A6: Return Year | B6: Upriver Run3 | C6: Comm. | D6: Sport | E6: Misc.4 | F6: Treaty | G6: Grand Total | I6: Non-Treaty Sport | J6: Winter Gillnet | K6: Comm. Gillnet | L6: C&S & Platform | M6: Zone 6 Total
N7: Total5 | O7: %Run
A8: 80–84 | B8: =AVERAGE(T5Manip!B6:B10) -> 63521.6 | C8: =ROUND(AVERAGE(T5Manip!C6:C10),0) -> 1027 | D8: =ROUND(AVERAGE(T5Manip!D6:D10),0) -> 320 | E8: =ROUND(AVERAGE(T5Manip!E6:E10),0) -> 105 | G8: =ROUND(AVERAGE(T5Manip!G6:G10),0) -> 1452 | H8: =ROUND(AVERAGE(T5Manip!H6:H10),0) -> 62069 | I8: =ROUND(AVERAGE(T5Manip!I6:I10),0) -> 0 | J8: =ROUND(AVERAGE(T5Manip!J6:J10),0) -> 1008 | K8: =ROUND(AVERAGE(T5Manip!K6:K10),0) -> 0 | L8: =ROUND(AVERAGE(T5Manip!L6:L10),0) -> 2306 | M8: =ROUND(AVERAGE(T5Manip!M6:M10),0) -> 3313 | N8: =ROUND(AVERAGE(T5Manip!O6:O10),0) -> 58756 | O8: =ROUND(AVERAGE(T5Manip!P6:P10),3) -> 0.925
A9: 85–89 | B9: =AVERAGE(T5Manip!B11:B15) -> 105500.6 | C9: =ROUND(AVERAGE(T5Manip!C11:C15),0) -> 2416 | D9: =ROUND(AVERAGE(T5Manip!D11:D15),0) -> 805 | E9: =ROUND(AVERAGE(T5Manip!E11:E15),0) -> 113 | G9: =ROUND(AVERAGE(T5Manip!G11:G15),0) -> 3334 | H9: =ROUND(AVERAGE(T5Manip!H11:H15),0) -> 102166 | I9: =ROUND(AVERAGE(T5Manip!I11:I15),0) -> 0 | J9: =ROUND(AVERAGE(T5Manip!J11:J15),0) -> 208 | K9: =ROUND(AVERAGE(T5Manip!K11:K15),0) -> 0 | L9: =ROUND(AVERAGE(T5Manip!L11:L15),0) -> 5973 | M9: =ROUND(AVERAGE(T5Manip!M11:M15),0) -> 6181 | N9: =ROUND(AVERAGE(T5Manip!O11:O15),0) -> 95985 | O9: =ROUND(AVERAGE(T5Manip!P11:P15),3) -> 0.909
A10: 90–94 | B10: =AVERAGE(T5Manip!B16:B20) -> 81988.6 | C10: =ROUND(AVERAGE(T5Manip!C16:C20),0) -> 861 | D10: =ROUND(AVERAGE(T5Manip!D16:D20),0) -> 1332 | E10: =ROUND(AVERAGE(T5Manip!E16:E20),0) -> 95 | G10: =ROUND(AVERAGE(T5Manip!G16:G20),0) -> 2289 | H10: =ROUND(AVERAGE(T5Manip!H16:H20),0) -> 79700 | I10: =ROUND(AVERAGE(T5Manip!I16:I20),0) -> 0 | J10: =ROUND(AVERAGE(T5Manip!J16:J20),0) -> 13 | K10: =ROUND(AVERAGE(T5Manip!K16:K20),0) -> 0 | L10: =ROUND(AVERAGE(T5Manip!L16:L20),0) -> 4979 | M10: =ROUND(AVERAGE(T5Manip!M16:M20),0) -> 4992 | N10: =ROUND(AVERAGE(T5Manip!O16:O20),0) -> 74708 | O10: =ROUND(AVERAGE(T5Manip!P16:P20),3) -> 0.911
A11: 1995 | B11: =IF(T5Manip!B21="","",T5Manip!B21) -> 12792 | C11: =ROUND(IF(T5Manip!C21="","",T5Manip!C21),0) -> 1 | D11: =ROUND(IF(T5Manip!D21="","",T5Manip!D21),0) -> 9 | E11: =ROUND(IF(T5Manip!E21="","",T5Manip!E21),0) -> 1 | G11: =ROUND(IF(T5Manip!G21="","",T5Manip!G21),0) -> 11 | H11: =ROUND(IF(T5Manip!H21="","",T5Manip!H21),0) -> 12781 | I11: =ROUND(IF(T5Manip!I21="","",T5Manip!I21),0) -> 0 | J11: =ROUND(IF(T5Manip!J21="","",T5Manip!J21),0) -> 13 | K11: =ROUND(IF(T5Manip!K21="","",T5Manip!K21),0) -> 0 | L11: =ROUND(IF(T5Manip!L21="","",T5Manip!L21),0) -> 620 | M11: =ROUND(IF(T5Manip!M21="","",T5Manip!M21),0) -> 633 | N11: =ROUND(IF(T5Manip!O21="","",T5Manip!O21),0) -> 12148 | O11: =ROUND(IF(T5Manip!P21="","",T5Manip!P21),3) -> 0.95
A12: 1996 | B12: =IF(T5Manip!B22="","",T5Manip!B22) -> 55551 | C12: =ROUND(IF(T5Manip!C22="","",T5Manip!C22),0) -> 34 | D12: =ROUND(IF(T5Manip!D22="","",T5Manip!D22),0) -> 10 | E12: =ROUND(IF(T5Manip!E22="","",T5Manip!E22),0) -> 12 | G12: =ROUND(IF(T5Manip!G22="","",T5Manip!G22),0) -> 56 | H12: =ROUND(IF(T5Manip!H22="","",T5Manip!H22),0) -> 55495 | I12: =ROUND(IF(T5Manip!I22="","",T5Manip!I22),0) -> 0 | J12: =ROUND(IF(T5Manip!J22="","",T5Manip!J22),0) -> 0 | K12: =ROUND(IF(T5Manip!K22="","",T5Manip!K22),0) -> 0 | L12: =ROUND(IF(T5Manip!L22="","",T5Manip!L22),0) -> 2911 | M12: =ROUND(IF(T5Manip!M22="","",T5Manip!M22),0) -> 2911 | N12: =ROUND(IF(T5Manip!O22="","",T5Manip!O22),0) -> 52584 | O12: =ROUND(IF(T5Manip!P22="","",T5Manip!P22),3) -> 0.947
A13: 1997 | B13: =IF(T5Manip!B23="","",T5Manip!B23) -> 124321 | C13: =ROUND(IF(T5Manip!C23="","",T5Manip!C23),0) -> 34 | D13: =ROUND(IF(T5Manip!D23="","",T5Manip!D23),0) -> 16 | E13: =ROUND(IF(T5Manip!E23="","",T5Manip!E23),0) -> 19 | G13: =ROUND(IF(T5Manip!G23="","",T5Manip!G23),0) -> 69 | H13: =ROUND(IF(T5Manip!H23="","",T5Manip!H23),0) -> 124252 | I13: =ROUND(IF(T5Manip!I23="","",T5Manip!I23),0) -> 0 | J13: =ROUND(IF(T5Manip!J23="","",T5Manip!J23),0) -> 14 | K13: =ROUND(IF(T5Manip!K23="","",T5Manip!K23),0) -> 0 | L13: =ROUND(IF(T5Manip!L23="","",T5Manip!L23),0) -> 8309 | M13: =ROUND(IF(T5Manip!M23="","",T5Manip!M23),0) -> 8323 | N13: =ROUND(IF(T5Manip!O23="","",T5Manip!O23),0) -> 115929 | O13: =ROUND(IF(T5Manip!P23="","",T5Manip!P23),3) -> 0.932
A14: 1998 | B14: =IF(T5Manip!B24="","",T5Manip!B24) -> 44308 | C14: =ROUND(IF(T5Manip!C24="","",T5Manip!C24),0) -> 27 | D14: =ROUND(IF(T5Manip!D24="","",T5Manip!D24),0) -> 14 | E14: =ROUND(IF(T5Manip!E24="","",T5Manip!E24),0) -> 0 | G14: =ROUND(IF(T5Manip!G24="","",T5Manip!G24),0) -> 41 | H14: =ROUND(IF(T5Manip!H24="","",T5Manip!H24),0) -> 44267 | I14: =ROUND(IF(T5Manip!I24="","",T5Manip!I24),0) -> 0 | J14: =ROUND(IF(T5Manip!J24="","",T5Manip!J24),0) -> 1 | K14: =ROUND(IF(T5Manip!K24="","",T5Manip!K24),0) -> 0 | L14: =ROUND(IF(T5Manip!L24="","",T5Manip!L24),0) -> 2202 | M14: =ROUND(IF(T5Manip!M24="","",T5Manip!M24),0) -> 2203 | N14: =ROUND(IF(T5Manip!O24="","",T5Manip!O24),0) -> 42064 | O14: =ROUND(IF(T5Manip!P24="","",T5Manip!P24),3) -> 0.949
A15: 1999 | B15: =IF(T5Manip!B25="","",T5Manip!B25) -> 43067 | C15: =ROUND(IF(T5Manip!C25="","",T5Manip!C25),0) -> 28 | D15: =ROUND(IF(T5Manip!D25="","",T5Manip!D25),0) -> 16 | E15: =ROUND(IF(T5Manip!E25="","",T5Manip!E25),0) -> 0 | G15: =ROUND(IF(T5Manip!G25="","",T5Manip!G25),0) -> 44 | H15: =ROUND(IF(T5Manip!H25="","",T5Manip!H25),0) -> 43023 | I15: =ROUND(IF(T5Manip!I25="","",T5Manip!I25),0) -> 0 | J15: =ROUND(IF(T5Manip!J25="","",T5Manip!J25),0) -> 1 | K15: =ROUND(IF(T5Manip!K25="","",T5Manip!K25),0) -> 0 | L15: =ROUND(IF(T5Manip!L25="","",T5Manip!L25),0) -> 2044 | M15: =ROUND(IF(T5Manip!M25="","",T5Manip!M25),0) -> 2045 | N15: =ROUND(IF(T5Manip!O25="","",T5Manip!O25),0) -> 40978 | O15: =ROUND(IF(T5Manip!P25="","",T5Manip!P25),3) -> 0.951
A16: 2000 | B16: =IF(T5Manip!B26="","",T5Manip!B26) -> 186715 | C16: =ROUND(IF(T5Manip!C26="","",T5Manip!C26),0) -> 245 | D16: =ROUND(IF(T5Manip!D26="","",T5Manip!D26),0) -> 124 | E16: =ROUND(IF(T5Manip!E26="","",T5Manip!E26),0) -> 6 | G16: =ROUND(IF(T5Manip!G26="","",T5Manip!G26),0) -> 375 | H16: =ROUND(IF(T5Manip!H26="","",T5Manip!H26),0) -> 186340 | I16: =ROUND(IF(T5Manip!I26="","",T5Manip!I26),0) -> 0 | J16: =ROUND(IF(T5Manip!J26="","",T5Manip!J26),0) -> 31 | K16: =ROUND(IF(T5Manip!K26="","",T5Manip!K26),0) -> 1348 | L16: =ROUND(IF(T5Manip!L26="","",T5Manip!L26),0) -> 10158 | M16: =ROUND(IF(T5Manip!M26="","",T5Manip!M26),0) -> 11537 | N16: =ROUND(IF(T5Manip!O26="","",T5Manip!O26),0) -> 174803 | O16: =ROUND(IF(T5Manip!P26="","",T5Manip!P26),3) -> 0.936
A17: 2001 | B17: =IF(T5Manip!B27="","",T5Manip!B27) -> 439885 | C17: =ROUND(IF(T5Manip!C27="","",T5Manip!C27),0) -> 2054 | D17: =ROUND(IF(T5Manip!D27="","",T5Manip!D27),0) -> 22719 | E17: =ROUND(IF(T5Manip!E27="","",T5Manip!E27),0) -> 484 | G17: =ROUND(IF(T5Manip!G27="","",T5Manip!G27),0) -> 25257 | H17: =ROUND(IF(T5Manip!H27="","",T5Manip!H27),0) -> 414628 | I17: =ROUND(IF(T5Manip!I27="","",T5Manip!I27),0) -> 168 | J17: =ROUND(IF(T5Manip!J27="","",T5Manip!J27),0) -> 160 | K17: =ROUND(IF(T5Manip!K27="","",T5Manip!K27),0) -> 43630 | L17: =ROUND(IF(T5Manip!L27="","",T5Manip!L27),0) -> 10426 | M17: =ROUND(IF(T5Manip!M27="","",T5Manip!M27),0) -> 54384 | N17: =ROUND(IF(T5Manip!O27="","",T5Manip!O27),0) -> 360245 | O17: =ROUND(IF(T5Manip!P27="","",T5Manip!P27),3) -> 0.819
A18: 2002 | B18: =IF(T5Manip!B28="","",T5Manip!B28) -> 335306 | C18: =ROUND(IF(T5Manip!C28="","",T5Manip!C28),0) -> 10070 | D18: =ROUND(IF(T5Manip!D28="","",T5Manip!D28),0) -> 16268 | E18: =ROUND(IF(T5Manip!E28="","",T5Manip!E28),0) -> 81 | G18: =ROUND(IF(T5Manip!G28="","",T5Manip!G28),0) -> 26419 | H18: =ROUND(IF(T5Manip!H28="","",T5Manip!H28),0) -> 308887 | I18: =ROUND(IF(T5Manip!I28="","",T5Manip!I28),0) -> 1716 | J18: =ROUND(IF(T5Manip!J28="","",T5Manip!J28),0) -> 48 | K18: =ROUND(IF(T5Manip!K28="","",T5Manip!K28),0) -> 24209 | L18: =ROUND(IF(T5Manip!L28="","",T5Manip!L28),0) -> 9707 | M18: =ROUND(IF(T5Manip!M28="","",T5Manip!M28),0) -> 35680 | N18: =ROUND(IF(T5Manip!O28="","",T5Manip!O28),0) -> 273207 | O18: =ROUND(IF(T5Manip!P28="","",T5Manip!P28),3) -> 0.815
A19: 2003 | B19: =IF(T5Manip!B29="","",T5Manip!B29) -> 242605 | C19: =ROUND(IF(T5Manip!C29="","",T5Manip!C29),0) -> 3161 | D19: =ROUND(IF(T5Manip!D29="","",T5Manip!D29),0) -> 9611 | E19: =ROUND(IF(T5Manip!E29="","",T5Manip!E29),0) -> 332 | G19: =ROUND(IF(T5Manip!G29="","",T5Manip!G29),0) -> 13104 | H19: =ROUND(IF(T5Manip!H29="","",T5Manip!H29),0) -> 229501 | I19: =ROUND(IF(T5Manip!I29="","",T5Manip!I29),0) -> 1860 | J19: =ROUND(IF(T5Manip!J29="","",T5Manip!J29),0) -> 857 | K19: =ROUND(IF(T5Manip!K29="","",T5Manip!K29),0) -> 8348 | L19: =ROUND(IF(T5Manip!L29="","",T5Manip!L29),0) -> 9075 | M19: =ROUND(IF(T5Manip!M29="","",T5Manip!M29),0) -> 20140 | N19: =ROUND(IF(T5Manip!O29="","",T5Manip!O29),0) -> 209361 | O19: =ROUND(IF(T5Manip!P29="","",T5Manip!P29),3) -> 0.863
A20: 2004 | B20: =IF(T5Manip!B30="","",T5Manip!B30) -> 221675 | C20: =ROUND(IF(T5Manip!C30="","",T5Manip!C30),0) -> 6223 | D20: =ROUND(IF(T5Manip!D30="","",T5Manip!D30),0) -> 17146 | E20: =ROUND(IF(T5Manip!E30="","",T5Manip!E30),0) -> 9 | G20: =ROUND(IF(T5Manip!G30="","",T5Manip!G30),0) -> 23379 | H20: =ROUND(IF(T5Manip!H30="","",T5Manip!H30),0) -> 198296 | I20: =ROUND(IF(T5Manip!I30="","",T5Manip!I30),0) -> 1596 | J20: =ROUND(IF(T5Manip!J30="","",T5Manip!J30),0) -> 2 | K20: =ROUND(IF(T5Manip!K30="","",T5Manip!K30),0) -> 8368 | L20: =ROUND(IF(T5Manip!L30="","",T5Manip!L30),0) -> 9112 | M20: =ROUND(IF(T5Manip!M30="","",T5Manip!M30),0) -> 19078 | N20: =ROUND(IF(T5Manip!O30="","",T5Manip!O30),0) -> 179218 | O20: =ROUND(IF(T5Manip!P30="","",T5Manip!P30),3) -> 0.808
A21: 2005 | B21: =IF(T5Manip!B31="","",T5Manip!B31) -> 106910 | C21: =ROUND(IF(T5Manip!C31="","",T5Manip!C31),0) -> 2267 | D21: =ROUND(IF(T5Manip!D31="","",T5Manip!D31),0) -> 7224 | E21: =ROUND(IF(T5Manip!E31="","",T5Manip!E31),0) -> 22 | G21: =ROUND(IF(T5Manip!G31="","",T5Manip!G31),0) -> 9513 | H21: =ROUND(IF(T5Manip!H31="","",T5Manip!H31),0) -> 97397 | I21: =ROUND(IF(T5Manip!I31="","",T5Manip!I31),0) -> 464 | J21: =ROUND(IF(T5Manip!J31="","",T5Manip!J31),0) -> 1 | K21: =ROUND(IF(T5Manip!K31="","",T5Manip!K31),0) -> 0 | L21: =ROUND(IF(T5Manip!L31="","",T5Manip!L31),0) -> 6072 | M21: =ROUND(IF(T5Manip!M31="","",T5Manip!M31),0) -> 6537 | N21: =ROUND(IF(T5Manip!O31="","",T5Manip!O31),0) -> 90860 | O21: =ROUND(IF(T5Manip!P31="","",T5Manip!P31),3) -> 0.85
A22: 2006 | B22: =IF(T5Manip!B32="","",T5Manip!B32) -> 132583 | C22: =ROUND(IF(T5Manip!C32="","",T5Manip!C32),0) -> 2222 | D22: =ROUND(IF(T5Manip!D32="","",T5Manip!D32),0) -> 4187 | E22: =ROUND(IF(T5Manip!E32="","",T5Manip!E32),0) -> 17 | G22: =ROUND(IF(T5Manip!G32="","",T5Manip!G32),0) -> 6425 | H22: =ROUND(IF(T5Manip!H32="","",T5Manip!H32),0) -> 126158 | I22: =ROUND(IF(T5Manip!I32="","",T5Manip!I32),0) -> 1362 | J22: =ROUND(IF(T5Manip!J32="","",T5Manip!J32),0) -> 0 | K22: =ROUND(IF(T5Manip!K32="","",T5Manip!K32),0) -> 0 | L22: =ROUND(IF(T5Manip!L32="","",T5Manip!L32),0) -> 7967 | M22: =ROUND(IF(T5Manip!M32="","",T5Manip!M32),0) -> 9329 | N22: =ROUND(IF(T5Manip!O32="","",T5Manip!O32),0) -> 116829 | O22: =ROUND(IF(T5Manip!P32="","",T5Manip!P32),3) -> 0.881
A23: 2007 | B23: =IF(T5Manip!B33="","",T5Manip!B33) -> 86247 | C23: =ROUND(IF(T5Manip!C33="","",T5Manip!C33),0) -> 1483 | D23: =ROUND(IF(T5Manip!D33="","",T5Manip!D33),0) -> 3927 | E23: =ROUND(IF(T5Manip!E33="","",T5Manip!E33),0) -> 7 | G23: =ROUND(IF(T5Manip!G33="","",T5Manip!G33),0) -> 5418 | H23: =ROUND(IF(T5Manip!H33="","",T5Manip!H33),0) -> 80829 | I23: =ROUND(IF(T5Manip!I33="","",T5Manip!I33),0) -> 1445 | J23: =ROUND(IF(T5Manip!J33="","",T5Manip!J33),0) -> 3 | K23: =ROUND(IF(T5Manip!K33="","",T5Manip!K33),0) -> 0 | L23: =ROUND(IF(T5Manip!L33="","",T5Manip!L33),0) -> 5942 | M23: =ROUND(IF(T5Manip!M33="","",T5Manip!M33),0) -> 7390 | N23: =ROUND(IF(T5Manip!O33="","",T5Manip!O33),0) -> 73439 | O23: =ROUND(IF(T5Manip!P33="","",T5Manip!P33),3) -> 0.852
A24: 2008 | B24: =IF(T5Manip!B34="","",T5Manip!B34) -> 178627 | C24: =ROUND(IF(T5Manip!C34="","",T5Manip!C34),0) -> 6134 | D24: =ROUND(IF(T5Manip!D34="","",T5Manip!D34),0) -> 19612 | E24: =ROUND(IF(T5Manip!E34="","",T5Manip!E34),0) -> 158 | F24: =ROUND(IF(T5Manip!F34="","",T5Manip!F34),0) -> 830 | G24: =ROUND(IF(T5Manip!G34="","",T5Manip!G34),0) -> 26734 | H24: =ROUND(IF(T5Manip!H34="","",T5Manip!H34),0) -> 151893 | I24: =ROUND(IF(T5Manip!I34="","",T5Manip!I34),0) -> 2068 | J24: =ROUND(IF(T5Manip!J34="","",T5Manip!J34),0) -> 0 | ... M24: =ROUND(IF(T5Manip!M34="","",T5Manip!M34),0) -> 22629 | N24: =ROUND(IF(T5Manip!O34="","",T5Manip!O34),0) -> 129265 | O24: =ROUND(IF(T5Manip!P34="","",T5Manip!P34),3) -> 0.724
A25: 2009 | B25: =IF(T5Manip!B35="","",T5Manip!B35) -> 169296 | C25: =ROUND(IF(T5Manip!C35="","",T5Manip!C35),0) -> 4310 | D25: =ROUND(IF(T5Manip!D35="","",T5Manip!D35),0) -> 15246 | E25: =ROUND(IF(T5Manip!E35="","",T5Manip!E35),0) -> 233 | F25: =ROUND(IF(T5Manip!F35="","",T5Manip!F35),0) -> 2018 | G25: =ROUND(IF(T5Manip!G35="","",T5Manip!G35),0) -> 21807 | H25: =ROUND(IF(T5Manip!H35="","",T5Manip!H35),0) -> 147489 | I25: =ROUND(IF(T5Manip!I35="","",T5Manip!I35),0) -> 644 | J25: =ROUND(IF(T5Manip!J35="","",T5Manip!J35),0) -> 0 | ... M25: =ROUND(IF(T5Manip!M35="","",T5Manip!M35),0) -> 11727 | N25: =ROUND(IF(T5Manip!O35="","",T5Manip!O35),0) -> 135762 | O25: =ROUND(IF(T5Manip!P35="","",T5Manip!P35),3) -> 0.802
A26: 2010 | B26: =IF(T5Manip!B36="","",T5Manip!B36) -> 315346 | C26: =ROUND(IF(T5Manip!C36="","",T5Manip!C36),0) -> 8933 | D26: =ROUND(IF(T5Manip!D36="","",T5Manip!D36),0) -> 23535 | E26: =ROUND(IF(T5Manip!E36="","",T5Manip!E36),0) -> 349 | F26: =ROUND(IF(T5Manip!F36="","",T5Manip!F36),0) -> 5139 | G26: =ROUND(IF(T5Manip!G36="","",T5Manip!G36),0) -> 37956 | H26: =ROUND(IF(T5Manip!H36="","",T5Manip!H36),0) -> 277390 | I26: =ROUND(IF(T5Manip!I36="","",T5Manip!I36),0) -> 3692 | J26: =ROUND(IF(T5Manip!J36="","",T5Manip!J36),0) -> 0 | ... M26: =ROUND(IF(T5Manip!M36="","",T5Manip!M36),0) -> 41507 | N26: =ROUND(IF(T5Manip!O36="","",T5Manip!O36),0) -> 235883 | O26: =ROUND(IF(T5Manip!P36="","",T5Manip!P36),3) -> 0.748
A27: 2011 | B27: =IF(T5Manip!B37="","",T5Manip!B37) -> 221158 | C27: =ROUND(IF(T5Manip!C37="","",T5Manip!C37),0) -> 3706 | D27: =ROUND(IF(T5Manip!D37="","",T5Manip!D37),0) -> 9506 | E27: =ROUND(IF(T5Manip!E37="","",T5Manip!E37),0) -> 224 | F27: =ROUND(IF(T5Manip!F37="","",T5Manip!F37),0) -> 2291 | G27: =ROUND(IF(T5Manip!G37="","",T5Manip!G37),0) -> 15727 | H27: =ROUND(IF(T5Manip!H37="","",T5Manip!H37),0) -> 205431 | I27: =ROUND(IF(T5Manip!I37="","",T5Manip!I37),0) -> 2564 | J27: =ROUND(IF(T5Manip!J37="","",T5Manip!J37),0) -> 7 | ... M27: =ROUND(IF(T5Manip!M37="","",T5Manip!M37),0) -> 15806 | N27: =ROUND(IF(T5Manip!O37="","",T5Manip!O37),0) -> 189626 | O27: =ROUND(IF(T5Manip!P37="","",T5Manip!P37),3) -> 0.857
A28: 2012 | B28: =IF(T5Manip!B38="","",T5Manip!B38) -> 203090 | C28: =ROUND(IF(T5Manip!C38="","",T5Manip!C38),0) -> 4596 | D28: =ROUND(IF(T5Manip!D38="","",T5Manip!D38),0) -> 10422 | E28: =ROUND(IF(T5Manip!E38="","",T5Manip!E38),0) -> 225 | F28: =ROUND(IF(T5Manip!F38="","",T5Manip!F38),0) -> 1399 | G28: =ROUND(IF(T5Manip!G38="","",T5Manip!G38),0) -> 16642 | H28: =ROUND(IF(T5Manip!H38="","",T5Manip!H38),0) -> 186448 | I28: =ROUND(IF(T5Manip!I38="","",T5Manip!I38),0) -> 1282 | J28: =ROUND(IF(T5Manip!J38="","",T5Manip!J38),0) -> 2 | ... M28: =ROUND(IF(T5Manip!M38="","",T5Manip!M38),0) -> 17577 | N28: =ROUND(IF(T5Manip!O38="","",T5Manip!O38),0) -> 168872 | O28: =ROUND(IF(T5Manip!P38="","",T5Manip!P38),3) -> 0.832
A29: 2013 | B29: =IF(T5Manip!B39="","",T5Manip!B39) -> 123136 | C29: =ROUND(IF(T5Manip!C39="","",T5Manip!C39),0) -> 1756 | D29: =ROUND(IF(T5Manip!D39="","",T5Manip!D39),0) -> 5343 | E29: =ROUND(IF(T5Manip!E39="","",T5Manip!E39),0) -> 96 | F29: =ROUND(IF(T5Manip!F39="","",T5Manip!F39),0) -> 3007 | G29: =ROUND(IF(T5Manip!G39="","",T5Manip!G39),0) -> 10202 | H29: =ROUND(IF(T5Manip!H39="","",T5Manip!H39),0) -> 112934 | I29: =ROUND(IF(T5Manip!I39="","",T5Manip!I39),0) -> 1093 | J29: =ROUND(IF(T5Manip!J39="","",T5Manip!J39),0) -> 0 | ... M29: =ROUND(IF(T5Manip!M39="","",T5Manip!M39),0) -> 7828 | N29: =ROUND(IF(T5Manip!O39="","",T5Manip!O39),0) -> 105106 | O29: =ROUND(IF(T5Manip!P39="","",T5Manip!P39),3) -> 0.854
A30: 2014 | B30: =IF(T5Manip!B40="","",T5Manip!B40) -> 242635 | C30: =ROUND(IF(T5Manip!C40="","",T5Manip!C40),0) -> 3623 | D30: =ROUND(IF(T5Manip!D40="","",T5Manip!D40),0) -> 13572 | E30: =ROUND(IF(T5Manip!E40="","",T5Manip!E40),0) -> 475 | F30: =ROUND(IF(T5Manip!F40="","",T5Manip!F40),0) -> 19 | G30: =ROUND(IF(T5Manip!G40="","",T5Manip!G40),0) -> 17689 | H30: =ROUND(IF(T5Manip!H40="","",T5Manip!H40),0) -> 224946 | I30: =ROUND(IF(T5Manip!I40="","",T5Manip!I40),0) -> 4208 | J30: =ROUND(IF(T5Manip!J40="","",T5Manip!J40),0) -> 0 | ... M30: =ROUND(IF(T5Manip!M40="","",T5Manip!M40),0) -> 28703 | N30: =ROUND(IF(T5Manip!O40="","",T5Manip!O40),0) -> 196243 | O30: =ROUND(IF(T5Manip!P40="","",T5Manip!P40),3) -> 0.809
A31: 2015 | B31: =IF(T5Manip!B41="","",T5Manip!B41) -> 288993 | C31: =ROUND(IF(T5Manip!C41="","",T5Manip!C41),0) -> 6528 | D31: =ROUND(IF(T5Manip!D41="","",T5Manip!D41),0) -> 15689 | E31: =ROUND(IF(T5Manip!E41="","",T5Manip!E41),0) -> 288 | F31: =ROUND(IF(T5Manip!F41="","",T5Manip!F41),0) -> 929 | G31: =ROUND(IF(T5Manip!G41="","",T5Manip!G41),0) -> 23435 | H31: =ROUND(IF(T5Manip!H41="","",T5Manip!H41),0) -> 265558 | I31: =ROUND(IF(T5Manip!I41="","",T5Manip!I41),0) -> 1647 | J31: =ROUND(IF(T5Manip!J41="","",T5Manip!J41),0) -> 7 | ... M31: =ROUND(IF(T5Manip!M41="","",T5Manip!M41),0) -> 31819 | N31: =ROUND(IF(T5Manip!O41="","",T5Manip!O41),0) -> 233740 | O31: =ROUND(IF(T5Manip!P41="","",T5Manip!P41),3) -> 0.809
A32: 2016 | B32: =IF(T5Manip!B42="","",T5Manip!B42) -> 187816 | C32: =ROUND(IF(T5Manip!C42="","",T5Manip!C42),0) -> 3285 | D32: =ROUND(IF(T5Manip!D42="","",T5Manip!D42),0) -> 10167 | E32: =ROUND(IF(T5Manip!E42="","",T5Manip!E42),0) -> 223 | F32: =ROUND(IF(T5Manip!F42="","",T5Manip!F42),0) -> 1527 | G32: =ROUND(IF(T5Manip!G42="","",T5Manip!G42),0) -> 15202 | H32: =ROUND(IF(T5Manip!H42="","",T5Manip!H42),0) -> 172614 | I32: =ROUND(IF(T5Manip!I42="","",T5Manip!I42),0) -> 1480 | J32: =ROUND(IF(T5Manip!J42="","",T5Manip!J42),0) -> 0 | ... M32: =ROUND(IF(T5Manip!M42="","",T5Manip!M42),0) -> 16415 | N32: =ROUND(IF(T5Manip!O42="","",T5Manip!O42),0) -> 156200 | O32: =ROUND(IF(T5Manip!P42="","",T5Manip!P42),3) -> 0.832
A33: 2017 | B33: =IF(T5Manip!B43="","",T5Manip!B43) -> 115821 | C33: =ROUND(IF(T5Manip!C43="","",T5Manip!C43),0) -> 463 | D33: =ROUND(IF(T5Manip!D43="","",T5Manip!D43),0) -> 7198 | E33: =ROUND(IF(T5Manip!E43="","",T5Manip!E43),0) -> 620 | F33: =ROUND(IF(T5Manip!F43="","",T5Manip!F43),0) -> 16 | G33: =ROUND(IF(T5Manip!G43="","",T5Manip!G43),0) -> 8297 | H33: =ROUND(IF(T5Manip!H43="","",T5Manip!H43),0) -> 107524 | I33: =ROUND(IF(T5Manip!I43="","",T5Manip!I43),0) -> 18 | J33: =ROUND(IF(T5Manip!J43="","",T5Manip!J43),0) -> 0 | ... M33: =ROUND(IF(T5Manip!M43="","",T5Manip!M43),0) -> 8144 | N33: =ROUND(IF(T5Manip!O43="","",T5Manip!O43),0) -> 99380 | O33: =ROUND(IF(T5Manip!P43="","",T5Manip!P43),3) -> 0.858
A34: 2018 | B34: =IF(T5Manip!B44="","",T5Manip!B44) -> 115081 | C34: =ROUND(IF(T5Manip!C44="","",T5Manip!C44),0) -> 311 | D34: =ROUND(IF(T5Manip!D44="","",T5Manip!D44),0) -> 5868 | E34: =ROUND(IF(T5Manip!E44="","",T5Manip!E44),0) -> 381 | F34: =ROUND(IF(T5Manip!F44="","",T5Manip!F44),0) -> 476 | G34: =ROUND(IF(T5Manip!G44="","",T5Manip!G44),0) -> 7036 | H34: =ROUND(IF(T5Manip!H44="","",T5Manip!H44),0) -> 108045 | I34: =ROUND(IF(T5Manip!I44="","",T5Manip!I44),0) -> 611 | J34: =ROUND(IF(T5Manip!J44="","",T5Manip!J44),0) -> 0 | ... M34: =ROUND(IF(T5Manip!M44="","",T5Manip!M44),0) -> 11062 | N34: =ROUND(IF(T5Manip!O44="","",T5Manip!O44),0) -> 96983 | O34: =ROUND(IF(T5Manip!P44="","",T5Manip!P44),3) -> 0.843
A35: 2019 | B35: =IF(T5Manip!B45="","",T5Manip!B45) -> 73105 | C35: =ROUND(IF(T5Manip!C45="","",T5Manip!C45),0) -> 203 | D35: =ROUND(IF(T5Manip!D45="","",T5Manip!D45),0) -> 1478 | E35: =ROUND(IF(T5Manip!E45="","",T5Manip!E45),0) -> 101 | F35: =ROUND(IF(T5Manip!F45="","",T5Manip!F45),0) -> 88 | G35: =ROUND(IF(T5Manip!G45="","",T5Manip!G45),0) -> 1870 | H35: =ROUND(IF(T5Manip!H45="","",T5Manip!H45),0) -> 71235 | I35: =ROUND(IF(T5Manip!I45="","",T5Manip!I45),0) -> 282 | J35: =ROUND(IF(T5Manip!J45="","",T5Manip!J45),0) -> 0 | ... M35: =ROUND(IF(T5Manip!M45="","",T5Manip!M45),0) -> 4911 | N35: =ROUND(IF(T5Manip!O45="","",T5Manip!O45),0) -> 66324 | O35: =ROUND(IF(T5Manip!P45="","",T5Manip!P45),3) -> 0.907
... A41: 2025 | B41: =IF(T5Manip!B51="","",T5Manip!B51) -> 154703 | C41: =ROUND(IF(T5Manip!C51="","",T5Manip!C51),0) -> 484 | D41: =ROUND(IF(T5Manip!D51="","",T5Manip!D51),0) -> 7411 | E41: =ROUND(IF(T5Manip!E51="","",T5Manip!E51),0) -> 227 | F41: =ROUND(IF(T5Manip!F51="","",T5Manip!F51),0) -> 520 | G41: =ROUND(IF(T5Manip!G51="","",T5Manip!G51),0) -> 8642 | H41: =ROUND(IF(T5Manip!H51="","",T5Manip!H51),0) -> 146061 | I41: =ROUND(IF(T5Manip!I51="","",T5Manip!I51),0) -> 935 | J41: =ROUND(IF(T5Manip!J51="","",T5Manip!J51),0) -> 0 | ... M41: =ROUND(IF(T5Manip!M51="","",T5Manip!M51),0) -> 10584 | N41: =ROUND(IF(T5Manip!O51="","",T5Manip!O51),0) -> 135478 | O41: =ROUND(IF(T5Manip!P51="","",T5Manip!P51),3) -> 0.876
A42: 1Includes kept catch plus release mortalities.
A43: 2Ceremonial and subsistence includes catch by gillnet, dipnet, and hook-and-line since 1982.
A44: 3Run sizes adjusted to reflect the counting period from January 1- June 15. Run includes upriver spring Chinook and Snake River summer Chinook.
A45: 4Includes mortalities from mainstem test fishing and research activities occuring downstream of Bonneville Dam.
A46: 5Bonneville count minus Zone 6 harvest.
A48: Comments:

Sheet T5addnl
A1: data for calculations. DOES NOT GET INSERTED INTO JSR
A2: from TAC's BA tables: T3, T2
A3: updated using standard BA file dated 11/30/22 (…sp_ch_Reconstruction_tables_...)
A4: Year | B4: Upriver Run | C4: Upper Col Spring | D4: Upper Col Wild | E4: Snake R | F4: Snake R Wild | G4: Prop Upper C | H4: Prop Snake R | I4: SRW Prop of SR | J4: UCWPropOfUC | L4: Year | M4: Upriver Run | N4: Up. Col. Run | O4: Snake R. Run
A5: 1979 | B5: 58483 | C5: 17248 | D5: 8618 | E5: 28307 | F5: 17543 | G5: =C5/B5 -> 0.29492331 | H5: =E5/B5 -> 0.484021 | I5: =F5/E5 -> 0.6197407 | J5: =D5/C5 -> 0.49965213 | L5: 1979 | M5: =VLOOKUP(L5,$A$5:$I$48,2,FALSE) -> 58483 | N5: =VLOOKUP(L5,$A$5:$I$48,3,FALSE) -> 17248 | O5: =VLOOKUP(L5,$A$5:$I$48,5,FALSE) -> 28307
A6: 1980 | B6: 57692 | C6: 16954 | D6: 7419 | E6: 27339 | F6: 20979 | G6: =C6/B6 -> 0.2938709 | H6: =E6/B6 -> 0.47387853 | I6: =F6/E6 -> 0.7673653 | J6: =D6/C6 -> 0.43759585 | L6: 1980 | M6: =VLOOKUP(L6,$A$5:$I$48,2,FALSE) -> 57692 | N6: =VLOOKUP(L6,$A$5:$I$48,3,FALSE) -> 16954 | O6: =VLOOKUP(L6,$A$5:$I$48,5,FALSE) -> 27339
A7: 1981 | B7: 67401 | C7: 14157 | D7: 5734 | E7: 35175 | F7: 24784 | G7: =C7/B7 -> 0.21004139 | H7: =E7/B7 -> 0.52187653 | I7: =F7/E7 -> 0.70459133 | J7: =D7/C7 -> 0.40502931 | L7: 1981 | M7: =VLOOKUP(L7,$A$5:$I$48,2,FALSE) -> 67401 | N7: =VLOOKUP(L7,$A$5:$I$48,3,FALSE) -> 14157 | O7: =VLOOKUP(L7,$A$5:$I$48,5,FALSE) -> 35175
A8: 1982 | B8: 77246 | C8: 15840 | D8: 6578 | E8: 39954 | F8: 27633 | G8: =C8/B8 -> 0.20505916 | H8: =E8/B8 -> 0.51723067 | I8: =F8/E8 -> 0.69162036 | J8: =D8/C8 -> 0.41527778 | L8: 1982 | M8: =VLOOKUP(L8,$A$5:$I$48,2,FALSE) -> 77246 | N8: =VLOOKUP(L8,$A$5:$I$48,3,FALSE) -> 15840 | O8: =VLOOKUP(L8,$A$5:$I$48,5,FALSE) -> 39954
A9: 1983 | B9: 62912 | C9: 16108 | D9: 7340 | E9: 28216 | F9: 21023 | G9: =C9/B9 -> 0.25604018 | H9: =E9/B9 -> 0.44849949 | I9: =F9/E9 -> 0.74507372 | J9: =D9/C9 -> 0.4556742 | L9: 1983 | M9: =VLOOKUP(L9,$A$5:$I$48,2,FALSE) -> 62912 | N9: =VLOOKUP(L9,$A$5:$I$48,3,FALSE) -> 16108 | O9: =VLOOKUP(L9,$A$5:$I$48,5,FALSE) -> 28216
A10: 1984 | B10: 52357 | C10: 16816 | D10: 6663 | E10: 20995 | F10: 14136 | G10: =C10/B10 -> 0.32117959 | H10: =E10/B10 -> 0.400997 | I10: =F10/E10 -> 0.67330317 | J10: =D10/C10 -> 0.39622978 | L10: 1984 | M10: =VLOOKUP(L10,$A$5:$I$48,2,FALSE) -> 52357 | N10: =VLOOKUP(L10,$A$5:$I$48,3,FALSE) -> 16816 | O10: =VLOOKUP(L10,$A$5:$I$48,5,FALSE) -> 20995
A11: 1985 | B11: 92284 | C11: 28994 | D11: 10467 | E11: 40760 | F11: 14889 | G11: =C11/B11 -> 0.31418231 | H11: =E11/B11 -> 0.44168003 | I11: =F11/E11 -> 0.36528459 | J11: =D11/C11 -> 0.36100573 | L11: 1985 | M11: =VLOOKUP(L11,$A$5:$I$48,2,FALSE) -> 92284 | N11: =VLOOKUP(L11,$A$5:$I$48,3,FALSE) -> 28994 | O11: =VLOOKUP(L11,$A$5:$I$48,5,FALSE) -> 40760
A12: 1986 | B12: 128413 | C12: 29506 | D12: 8389 | E12: 64732 | F12: 20154 | G12: =C12/B12 -> 0.22977424 | H12: =E12/B12 -> 0.50409226 | I12: =F12/E12 -> 0.31134524 | J12: =D12/C12 -> 0.28431505 | L12: 1986 | M12: =VLOOKUP(L12,$A$5:$I$48,2,FALSE) -> 128413 | N12: =VLOOKUP(L12,$A$5:$I$48,3,FALSE) -> 29506 | O12: =VLOOKUP(L12,$A$5:$I$48,5,FALSE) -> 64732
A13: 1987 | B13: 110772 | C13: 25544 | D13: 8774 | E13: 52470 | F13: 15927 | G13: =C13/B13 -> 0.23059979 | H13: =E13/B13 -> 0.47367566 | I13: =F13/E13 -> 0.30354488 | J13: =D13/C13 -> 0.34348575 | L13: 1987 | M13: =VLOOKUP(L13,$A$5:$I$48,2,FALSE) -> 110772 | N13: =VLOOKUP(L13,$A$5:$I$48,3,FALSE) -> 25544 | O13: =VLOOKUP(L13,$A$5:$I$48,5,FALSE) -> 52470
A14: 1988 | B14: 106003 | C14: 21098 | D14: 7546 | E14: 54126 | F14: 17385 | G14: =C14/B14 -> 0.1990321 | H14: =E14/B14 -> 0.51060819 | I14: =F14/E14 -> 0.32119499 | J14: =D14/C14 -> 0.35766423 | L14: 1988 | M14: =VLOOKUP(L14,$A$5:$I$48,2,FALSE) -> 106003 | N14: =VLOOKUP(L14,$A$5:$I$48,3,FALSE) -> 21098 | O14: =VLOOKUP(L14,$A$5:$I$48,5,FALSE) -> 54126
A15: 1989 | B15: 90031 | C15: 18745 | D15: 7400 | E15: 35599 | F15: 14757 | G15: =C15/B15 -> 0.20820606 | H15: =E15/B15 -> 0.39540825 | I15: =F15/E15 -> 0.41453412 | J15: =D15/C15 -> 0.39477194 | L15: 1989 | M15: =VLOOKUP(L15,$A$5:$I$48,2,FALSE) -> 90031 | N15: =VLOOKUP(L15,$A$5:$I$48,3,FALSE) -> 18745 | O15: =VLOOKUP(L15,$A$5:$I$48,5,FALSE) -> 35599
A16: 1990 | B16: 105715 | C16: 12052 | D16: 4342 | E16: 41439 | F16: 17638 | G16: =C16/B16 -> 0.11400464 | H16: =E16/B16 -> 0.39198789 | I16: =F16/E16 -> 0.42563768 | J16: =D16/C16 -> 0.36027215 | L16: 1990 | M16: =VLOOKUP(L16,$A$5:$I$48,2,FALSE) -> 105715 | N16: =VLOOKUP(L16,$A$5:$I$48,3,FALSE) -> 12052 | O16: =VLOOKUP(L16,$A$5:$I$48,5,FALSE) -> 41439
... A48: 2022 | B48: 185379 | C48: 29298 | D48: 5209 | E48: 102130 | F48: 22127 | G48: =C48/B48 -> 0.15804379 | H48: =E48/B48 -> 0.5509254 | I48: =F48/E48 -> 0.21665524 | J48: =D48/C48 -> 0.17779371 | L48: 2022 | M48: =VLOOKUP(L48,$A$5:$I$48,2,FALSE) -> 185379 | N48: =VLOOKUP(L48,$A$5:$I$48,3,FALSE) -> 29298 | O48: =VLOOKUP(L48,$A$5:$I$48,5,FALSE) -> 102130
A49: 2023 | B49: 141179 | C49: 24462 | D49: 2785 | E49: 80928 | F49: 10629 | G49: =C49/B49 -> 0.1732694 | H49: =E49/B49 -> 0.57322973 | I49: =F49/E49 -> 0.13133897 | J49: =D49/C49 -> 0.11385005 | L49: 2023 | M49: =VLOOKUP(L49,$A$5:$I$49,2,FALSE) -> 141179 | N49: =VLOOKUP(L49,$A$5:$I$451,3,FALSE) -> 24462 | O49: =VLOOKUP(L49,$A$5:$I$49,5,FALSE) -> 80928
A50: 2024 | B50: 116332 | C50: 17663 | D50: 1990 | E50: 68564 | F50: 10190 | G50: =C50/B50 -> 0.15183269 | H50: =E50/B50 -> 0.58938211 | I50: =F50/E50 -> 0.14862027 | J50: =D50/C50 -> 0.11266489 | L50: 2024 | M50: =VLOOKUP(L50,$A$5:$I$50,2,FALSE) -> 116332 | N50: =VLOOKUP(L50,$A$5:$I$451,3,FALSE) -> 17663 | O50: =VLOOKUP(L50,$A$5:$I$50,5,FALSE) -> 68564
A51: 2025 | B51: 154703 | C51: 22193 | D51: 4002 | E51: 82973 | F51: 12864 | G51: =C51/B51 -> 0.14345552 | H51: =E51/B51 -> 0.53633737 | I51: =F51/E51 -> 0.15503839 | J51: =D51/C51 -> 0.18032713 | L51: 2025 | M51: =VLOOKUP(L51,$A$5:$I$51,2,FALSE) -> 154703 | N51: =VLOOKUP(L51,$A$5:$I$51,3,FALSE) -> 22193 | O51: =VLOOKUP(L51,$A$5:$I$51,5,FALSE) -> 82973
A53: 1980s Ave | B53: =AVERAGE(B6:B15) -> 84511.1 | C53: =AVERAGE(C6:C15) -> 20376.2 | D53: =AVERAGE(D6:D15) -> 7631 | E53: =AVERAGE(E6:E15) -> 39936.6 | F53: =AVERAGE(F6:F15) -> 19166.7 | G53: =AVERAGE(G6:G15) -> 0.24679857 | H53: =AVERAGE(H6:H15) -> 0.46879466 | I53: =AVERAGE(I6:I15) -> 0.52978577 | J53: =AVERAGE(J6:J15) -> 0.38510496 | L53: 2026 | M53: =T1Manip!$H$70 -> 147300 | N53: 16300 | O53: 61600 | P53: forecasts
A54: Min | B54: =MIN(B6:B15) -> 52357 | C54: =MIN(C6:C15) -> 14157 | D54: =MIN(D6:D15) -> 5734 | E54: =MIN(E6:E15) -> 20995 | F54: =MIN(F6:F15) -> 14136 | G54: =MIN(G6:G15) -> 0.1990321 | H54: =MIN(H6:H15) -> 0.39540825 | I54: =MIN(I6:I15) -> 0.30354488 | J54: =MIN(J6:J15) -> 0.28431505 | M54: =RANK(M53,M6:M53) -> 16 | P54: "would-be" rank since 1980
A55: Max | B55: =MAX(B6:B15) -> 128413 | C55: =MAX(C6:C15) -> 29506 | D55: =MAX(D6:D15) -> 10467 | E55: =MAX(E6:E15) -> 64732 | F55: =MAX(F6:F15) -> 27633 | G55: =MAX(G6:G15) -> 0.32117959 | H55: =MAX(H6:H15) -> 0.52187653 | I55: =MAX(I6:I15) -> 0.7673653 | J55: =MAX(J6:J15) -> 0.4556742 | M55: =RANK(M53,M26:M53) -> 16 | P55: "would-be" rank since 2000
A56: 1990s Ave | B56: =AVERAGE(B16:B25) -> 68998.2 | C56: =AVERAGE(C16:C25) -> 9533 | D56: =AVERAGE(D16:D25) -> 1900 | E56: =AVERAGE(E16:E25) -> 30015.6 | F56: =AVERAGE(F16:F25) -> 11369.1 | G56: =AVERAGE(G16:G25) -> 0.13140433 | H56: =AVERAGE(H16:H25) -> 0.41622128 | I56: =AVERAGE(I16:I25) -> 0.46290652 | J56: =AVERAGE(J16:J25) -> 0.19254553
A57: Min | B57: =MIN(B16:B25) -> 12792 | C57: =MIN(C16:C25) -> 1657 | D57: =MIN(D16:D25) -> 226 | E57: =MIN(E16:E25) -> 5292 | F57: =MIN(F16:F25) -> 3415 | G57: =MIN(G16:G25) -> 0.063455203 | H57: =MIN(H16:H25) -> 0.31106551 | I57: =MIN(I16:I25) -> 0.10495792 | J57: =MIN(J16:J25) -> 0.088128039
A58: Max | B58: =MAX(B16:B25) -> 124321 | C58: =MAX(C16:C25) -> 26056 | D58: =MAX(D16:D25) -> 4342 | E58: =MAX(E16:E25) -> 82938 | F58: =MAX(F16:F25) -> 20647 | G58: =MAX(G16:G25) -> 0.2172003 | H58: =MAX(H16:H25) -> 0.66712784 | I58: =MAX(I16:I25) -> 0.64531368 | J58: =MAX(J16:J25) -> 0.36027215
A59: 2000s | B59: =AVERAGE(B26:B35) -> 209984.9 | C59: =AVERAGE(C26:C35) -> 21683.8 | D59: =AVERAGE(D26:D35) -> 2204.5 | E59: =AVERAGE(E26:E35) -> 110728.8 | F59: =AVERAGE(F26:F35) -> 30268 | G59: =AVERAGE(G26:G35) -> 0.10198097 | H59: =AVERAGE(H26:H35) -> 0.51107943 | I59: =AVERAGE(I26:I35) -> 0.27136039 | J59: =AVERAGE(J26:J35) -> 0.10162286
A60: Min | B60: =MIN(B26:B35) -> 86247 | C60: =MIN(C26:C35) -> 6355 | D60: =MIN(D26:D35) -> 549 | E60: =MIN(E26:E35) -> 45478 | F60: =MIN(F26:F35) -> 10492 | G60: =MIN(G26:G35) -> 0.069150784 | H60: =MIN(H26:H35) -> 0.34652813 | I60: =MIN(I26:I35) -> 0.21688665 | J60: =MIN(J26:J35) -> 0.064839692
A61: Max | B61: =MAX(B26:B35) -> 439885 | C61: =MAX(C26:C35) -> 52029 | D61: =MAX(D26:D35) -> 6245 | E61: =MAX(E26:E35) -> 262212 | F61: =MAX(F26:F35) -> 63626 | G61: =MAX(G26:G35) -> 0.15554204 | H61: =MAX(H26:H35) -> 0.59609216 | I61: =MAX(I26:I35) -> 0.3677798 | J61: =MAX(J26:J35) -> 0.15832735
A62: 2010s | B62: =AVERAGE(B36:B45) -> 188618.1 | C62: =AVERAGE(C36:C45) -> 23562.7 | D62: =AVERAGE(D36:D45) -> 2606.1 | E62: =AVERAGE(E36:E45) -> 106056 | F62: =AVERAGE(F36:F45) -> 25026.4 | G62: =AVERAGE(G36:G45) -> 0.13004624 | H62: =AVERAGE(H36:H45) -> 0.56508527 | I62: =AVERAGE(I36:I45) -> 0.22882877 | J62: =AVERAGE(J36:J45) -> 0.1130611
A63: Min | B63: =MIN(B36:B45) -> 73105 | C63: =MIN(C36:C45) -> 12907 | D63: =MIN(D36:D45) -> 1176 | E63: =MIN(E36:E45) -> 43189 | F63: =MIN(F36:F45) -> 7242 | G63: =MIN(G36:G45) -> 0.072658461 | H63: =MIN(H36:H45) -> 0.5184552 | I63: =MIN(I36:I45) -> 0.12060352 | J63: =MIN(J36:J45) -> 0.078493441
A64: Max | B64: =MAX(B36:B45) -> 315346 | C64: =MAX(C36:C45) -> 38243 | D64: =MAX(D36:D45) -> 3923 | E64: =MAX(E36:E45) -> 166291 | F64: =MAX(F36:F45) -> 46015 | G64: =MAX(G36:G45) -> 0.20094385 | H64: =MAX(H36:H45) -> 0.59518079 | I64: =MAX(I36:I45) -> 0.33378065 | J64: =MAX(J36:J45) -> 0.13914992
A66: 10-yr X (x-1) | B66: =AVERAGE(B41:B50) -> 139676.3 | C66: =AVERAGE(C41:C50) -> 20554.8 | D66: =AVERAGE(D41:D50) -> 2653.3 | E66: =AVERAGE(E41:E50) -> 80351 | F66: =AVERAGE(F41:F50) -> 14750.4 | G66: =AVERAGE(G41:G50) -> 0.15188822 | H66: =AVERAGE(H41:H50) -> 0.57759807 | I66: =AVERAGE(I41:I50) -> 0.18213873 | J66: =AVERAGE(J41:J50) -> 0.12869962
A67: 2025 prop of 10-yr | B67: =B51/B66 -> 1.1075823 | C67: =C51/C66 -> 1.0796991 | D67: =D51/D66 -> 1.5083104 | E67: =E51/E66 -> 1.0326318 | F67: =F51/F66 -> 0.87211194
A70: 2026 Forecast | B70: =M53 -> 147300 | C70: =N53 -> 16300 | D70: 2400 | E70: =O53 -> 61600 | F70: 12500 | G70: =C70/B70 -> 0.11065852 | H70: =E70/B70 -> 0.41819416 | I70: =F70/E70 -> 0.20292208 | J70: =D70/C70 -> 0.14723926
A71: 10X | B71: =AVERAGE(B42:B51) -> 126247.3 | C71: =AVERAGE(C42:C51) -> 18949.8 | D71: =AVERAGE(D42:D51) -> 2661.2 | E71: =AVERAGE(E42:E51) -> 72040.7 | F71: =AVERAGE(F42:F51) -> 12974.7 | G71: =AVERAGE(G42:G51) -> 0.15300058 | H71: =AVERAGE(H42:H51) -> 0.57376467 | I71: =AVERAGE(I42:I51) -> 0.17920463 | J71: =AVERAGE(J42:J51) -> 0.13647424
A72: Forecast is | B72: =B70/B71 -> 1.1667576 | C72: =C70/C71 -> 0.86016739 | D72: =D70/D71 -> 0.90184879 | E72: =E70/E71 -> 0.8550722 | F72: =F70/F71 -> 0.96341341 | G72: of 10X
A73: Forecast is | B73: =B70/B51 -> 0.95214702 | C73: =C70/C51 -> 0.73446582 | D73: =D70/D51 -> 0.59970015 | E73: =E70/E51 -> 0.74241018 | F73: =F70/F51 -> 0.97170398 | G73: of prior year
A74: Prior yr return is | B74: =B51/B70 -> 1.050258 | C74: =C51/C70 -> 1.3615337 | D74: =D51/D70 -> 1.6675 | E74: =E51/E70 -> 1.3469643 | F74: =F51/F70 -> 1.02912 | G74: of forecast

Sheet T6_UCCHSpManip
A1: from TAC's BA tables: T3, T3a
A2: updated using standard BA file dated 11/30/22 (…sp_ch_Reconstruction_tables_...)
A3: Estimated Numbers of Adult Upper Columbia Wild Spring Chinook Entering the Columbia River.
B4: Return to Col R | D4: Non-treatyWild Catch | F4: Treaty Wild Catch | H4: Total Wild Catch | J4: Wild Passage Loss | L4: Wild Escapement
A5: Year | B5: Total | C5: Wild | D5: No. | E5: % of Run | F5: No. | G5: % of Run | H5: No. | I5: % of Run | J5: No. | K5: % of Run | L5: No. | M5: % of Run | O5: PropWild | P5: Aggregate | Q5: Prop upCR of Agg | R5: PropWildOfAgg | S5: Year | T5: RankOfTotal
A6: 1979 | B6: =T5addnl!C5 -> 17248 | C6: =T5addnl!D5 -> 8618 | D6: 34 | E6: =(D6/C6)*100 -> 0.39452309 | F6: 308 | G6: =F6/C6*100 -> 3.5739151 | H6: =D6+F6 -> 342 | I6: =H6/C6*100 -> 3.9684382 | J6: 5171 | K6: =J6/C6*100 -> 60.002321 | L6: 3105 | M6: =L6/C6*100 -> 36.029241 | O6: =C6/B6 -> 0.49965213 | P6: =T5addnl!B5 -> 58483 | Q6: =B6/P6 -> 0.29492331 | R6: =ROUND(C6/P6,2) -> 0.15 | S6: 1979 | T6: --
A7: 1980 | B7: =T5addnl!C6 -> 16954 | C7: =T5addnl!D6 -> 7419 | D7: 12 | E7: =(D7/C7)*100 -> 0.16174687 | F7: 239 | G7: =F7/C7*100 -> 3.2214584 | H7: =D7+F7 -> 251 | I7: =H7/C7*100 -> 3.3832053 | J7: 4284 | K7: =J7/C7*100 -> 57.743631 | L7: 2884 | M7: =L7/C7*100 -> 38.873163 | O7: =C7/B7 -> 0.43759585 | P7: =T5addnl!B6 -> 57692 | Q7: =B7/P7 -> 0.2938709 | R7: =ROUND(C7/P7,2) -> 0.13 | S7: 1980 | T7: =RANK(B7,$B$7:$B$49,0) -> 19
A8: 1981 | B8: =T5addnl!C7 -> 14157 | C8: =T5addnl!D7 -> 5734 | D8: 78 | E8: =(D8/C8)*100 -> 1.3603069 | F8: 289 | G8: =F8/C8*100 -> 5.0401116 | H8: =D8+F8 -> 367 | I8: =H8/C8*100 -> 6.4004186 | J8: 2285 | K8: =J8/C8*100 -> 39.850017 | L8: 3082 | M8: =L8/C8*100 -> 53.749564 | O8: =C8/B8 -> 0.40502931 | P8: =T5addnl!B7 -> 67401 | Q8: =B8/P8 -> 0.21004139 | R8: =ROUND(C8/P8,2) -> 0.09 | S8: 1981 | T8: =RANK(B8,$B$7:$B$49,0) -> 30
A9: 1982 | B9: =T5addnl!C8 -> 15840 | C9: =T5addnl!D8 -> 6578 | D9: 114 | E9: =(D9/C9)*100 -> 1.7330496 | F9: 452 | G9: =F9/C9*100 -> 6.8713895 | H9: =D9+F9 -> 566 | I9: =H9/C9*100 -> 8.604439 | J9: 2869 | K9: =J9/C9*100 -> 43.615081 | L9: 3143 | M9: =L9/C9*100 -> 47.78048 | O9: =C9/B9 -> 0.41527778 | P9: =T5addnl!B8 -> 77246 | Q9: =B9/P9 -> 0.20505916 | R9: =ROUND(C9/P9,2) -> 0.09 | S9: 1982 | T9: =RANK(B9,$B$7:$B$49,0) -> 25
A10: 1983 | B10: =T5addnl!C9 -> 16108 | C10: =T5addnl!D9 -> 7340 | D10: 352 | E10: =(D10/C10)*100 -> 4.7956403 | F10: 295 | G10: =F10/C10*100 -> 4.0190736 | H10: =D10+F10 -> 647 | I10: =H10/C10*100 -> 8.8147139 | J10: 2364 | K10: =J10/C10*100 -> 32.207084 | L10: 4328 | M10: =L10/C10*100 -> 58.964578 | O10: =C10/B10 -> 0.4556742 | P10: =T5addnl!B9 -> 62912 | Q10: =B10/P10 -> 0.25604018 | R10: =ROUND(C10/P10,2) -> 0.12 | S10: 1983 | T10: =RANK(B10,$B$7:$B$49,0) -> 23
A11: 1984 | B11: =T5addnl!C10 -> 16816 | C11: =T5addnl!D10 -> 6663 | D11: 229 | E11: =(D11/C11)*100 -> 3.4368903 | F11: 442 | G11: =F11/C11*100 -> 6.6336485 | H11: =D11+F11 -> 671 | I11: =H11/C11*100 -> 10.070539 | J11: 1424 | K11: =J11/C11*100 -> 21.371754 | L11: 4568 | M11: =L11/C11*100 -> 68.557707 | O11: =C11/B11 -> 0.39622978 | P11: =T5addnl!B10 -> 52357 | Q11: =B11/P11 -> 0.32117959 | R11: =ROUND(C11/P11,2) -> 0.13 | S11: 1984 | T11: =RANK(B11,$B$7:$B$49,0) -> 21
A12: 1985 | B12: =T5addnl!C11 -> 28994 | C12: =T5addnl!D11 -> 10467 | D12: 378 | E12: =(D12/C12)*100 -> 3.61135 | F12: 356 | G12: =F12/C12*100 -> 3.4011656 | H12: =D12+F12 -> 734 | I12: =H12/C12*100 -> 7.0125155 | J12: 653 | K12: =J12/C12*100 -> 6.2386548 | L12: 9081 | M12: =L12/C12*100 -> 86.758383 | O12: =C12/B12 -> 0.36100573 | P12: =T5addnl!B11 -> 92284 | Q12: =B12/P12 -> 0.31418231 | R12: =ROUND(C12/P12,2) -> 0.11 | S12: 1985 | T12: =RANK(B12,$B$7:$B$49,0) -> 8
A13: 1986 | B13: =T5addnl!C12 -> 29506 | C13: =T5addnl!D12 -> 8389 | D13: 171 | E13: =(D13/C13)*100 -> 2.0383836 | F13: 486 | G13: =F13/C13*100 -> 5.7933008 | H13: =D13+F13 -> 657 | I13: =H13/C13*100 -> 7.8316843 | J13: 1893 | K13: =J13/C13*100 -> 22.565264 | L13: 5839 | M13: =L13/C13*100 -> 69.603052 | O13: =C13/B13 -> 0.28431505 | P13: =T5addnl!B12 -> 128413 | Q13: =B13/P13 -> 0.22977424 | R13: =ROUND(C13/P13,2) -> 0.07 | S13: 1986 | T13: =RANK(B13,$B$7:$B$49,0) -> 6
A14: 1987 | B14: =T5addnl!C13 -> 25544 | C14: =T5addnl!D13 -> 8774 | D14: 135 | E14: =(D14/C14)*100 -> 1.5386369 | F14: 530 | G14: =F14/C14*100 -> 6.0405744 | H14: =D14+F14 -> 665 | I14: =H14/C14*100 -> 7.5792113 | J14: 1775 | K14: =J14/C14*100 -> 20.230226 | L14: 6335 | M14: =L14/C14*100 -> 72.20196 | O14: =C14/B14 -> 0.34348575 | P14: =T5addnl!B13 -> 110772 | Q14: =B14/P14 -> 0.23059979 | R14: =ROUND(C14/P14,2) -> 0.08 | S14: 1987 | T14: =RANK(B14,$B$7:$B$49,0) -> 11
A15: 1988 | B15: =T5addnl!C14 -> 21098 | C15: =T5addnl!D14 -> 7546 | D15: 481 | E15: =(D15/C15)*100 -> 6.374238 | F15: 491 | G15: =F15/C15*100 -> 6.5067585 | H15: =D15+F15 -> 972 | I15: =H15/C15*100 -> 12.880997 | J15: 898 | K15: =J15/C15*100 -> 11.900345 | L15: 5675 | M15: =L15/C15*100 -> 75.205407 | O15: =C15/B15 -> 0.35766423 | P15: =T5addnl!B14 -> 106003 | Q15: =B15/P15 -> 0.1990321 | R15: =ROUND(C15/P15,2) -> 0.07 | S15: 1988 | T15: =RANK(B15,$B$7:$B$49,0) -> 15
A16: 1989 | B16: =T5addnl!C15 -> 18745 | C16: =T5addnl!D15 -> 7400 | D16: 175 | E16: =(D16/C16)*100 -> 2.3648649 | F16: 554 | G16: =F16/C16*100 -> 7.4864865 | H16: =D16+F16 -> 729 | I16: =H16/C16*100 -> 9.8513514 | J16: 2585 | K16: =J16/C16*100 -> 34.932432 | L16: 4086 | M16: =L16/C16*100 -> 55.216216 | O16: =C16/B16 -> 0.39477194 | P16: =T5addnl!B15 -> 90031 | Q16: =B16/P16 -> 0.20820606 | R16: =ROUND(C16/P16,2) -> 0.08 | S16: 1989 | T16: =RANK(B16,$B$7:$B$49,0) -> 17
A17: 1990 | B17: =T5addnl!C16 -> 12052 | C17: =T5addnl!D16 -> 4342 | D17: 218 | E17: =(D17/C17)*100 -> 5.0207278 | F17: 280 | G17: =F17/C17*100 -> 6.4486412 | H17: =D17+F17 -> 498 | I17: =H17/C17*100 -> 11.469369 | J17: 1105 | K17: =J17/C17*100 -> 25.449102 | L17: 2739 | M17: =L17/C17*100 -> 63.081529 | O17: =C17/B17 -> 0.36027215 | P17: =T5addnl!B16 -> 105715 | Q17: =B17/P17 -> 0.11400464 | R17: =ROUND(C17/P17,2) -> 0.04 | S17: 1990 | T17: =RANK(B17,$B$7:$B$49,0) -> 35
A18: 1991 | B18: =T5addnl!C17 -> 8698 | C18: =T5addnl!D17 -> 2478 | D18: 97 | E18: =(D18/C18)*100 -> 3.9144471 | F18: 148 | G18: =F18/C18*100 -> 5.9725585 | H18: =D18+F18 -> 245 | I18: =H18/C18*100 -> 9.8870056 | J18: 680 | K18: =J18/C18*100 -> 27.441485 | L18: 1553 | M18: =L18/C18*100 -> 62.671509 | O18: =C18/B18 -> 0.28489308 | P18: =T5addnl!B17 -> 64479 | Q18: =B18/P18 -> 0.13489663 | R18: =ROUND(C18/P18,2) -> 0.04 | S18: 1991 | T18: =RANK(B18,$B$7:$B$49,0) -> 37
... A35: 2008 | B35: =T5addnl!C34 -> 15415 | C35: =T5addnl!D34 -> 1234 | D35: 27 | E35: =(D35/C35)*100 -> 2.1880065 | F35: 169 | G35: =F35/C35*100 -> 13.6953 | H35: =D35+F35 -> 196 | I35: =H35/C35*100 -> 15.883306 | J35: 39 | K35: =J35/C35*100 -> 3.1604538 | L35: 1000 | M35: =L35/C35*100 -> 81.037277 | O35: =C35/B35 -> 0.080051898 | P35: =T5addnl!B34 -> 178627 | Q35: =B35/P35 -> 0.086297144 | R35: =ROUND(C35/P35,2) -> 0.01 | S35: 2008 | T35: =RANK(B35,$B$7:$B$49,0) -> 26
A36: 2009 | B36: =T5addnl!C35 -> 12612 | C36: =T5addnl!D35 -> 1382 | D36: 25 | E36: =(D36/C36)*100 -> 1.8089725 | F36: 117 | G36: =F36/C36*100 -> 8.4659913 | H36: =D36+F36 -> 142 | I36: =H36/C36*100 -> 10.274964 | L36: 1384 | M36: =L36/C36*100 -> 100.14472 | O36: =C36/B36 -> 0.10957818 | P36: =T5addnl!B35 -> 169296 | Q36: =B36/P36 -> 0.074496739 | R36: =ROUND(C36/P36,2) -> 0.01 | S36: 2009 | T36: =RANK(B36,$B$7:$B$49,0) -> 34
